{
    "1": 4585.687242691101,
    "2": 4218.234899490482,
    "3": 6007.122438289482,
    "4": 2967.70488207912,
    "5": 1710.9690619379428,
    "6": 9054.569377323996,
    "7": 7159.333853985221,
    "8": 2535.3294352617836,
    "9": 5416.0547785798635,
    "10": 3563.5698453697246,
    "11": 7120.337482035034,
    "12": 1315.481685931532,
    "13": 2840.8657584302573,
    "14": 1739.9329251561305,
    "15": 4506.301570496305,
    "16": 3279.82788750916,
    "17": 5203.252305537658,
    "18": 1880.754714119204,
    "19": 2888.6093629230336,
    "20": 10704.303615787021,
    "21": 5439.735235900379,
    "22": 1766.7874805033955,
    "23": 3536.054694867952,
    "24": 3076.0804582047185,
    "25": 5007.3193439379675,
    "26": 4006.394942038398,
    "27": 3440.6967956088833,
    "28": 4056.0262506184954,
    "29": 6872.825640676448,
    "30": 8528.963217986924,
    "31": 5375.746465476703,
    "32": 1940.731219065001,
    "33": 4647.066281711755,
    "34": 2866.6264794102112,
    "35": 3433.2422248228304,
    "36": 1784.8009707811618,
    "37": 3364.978757014168,
    "38": 7184.217631289794,
    "39": 2074.6469458620877,
    "40": 5815.712457393647,
    "41": 5333.352602205795,
    "42": 1219.3492165237737,
    "43": 1344.2826614485778,
    "44": 6062.651819195397,
    "45": 2261.9381061270055,
    "46": 8118.261608237466,
    "47": 4354.324109055051,
    "48": 1993.123322801015,
    "49": 3773.019402547698,
    "50": 3342.1795659892077,
    "51": 7531.628001390024,
    "52": 5460.330512225013,
    "53": 3308.063776761357,
    "54": 3555.1154991628823,
    "55": 6976.778615504588,
    "56": 4807.597790742378,
    "57": 2233.10678354848,
    "58": 2834.490836081412,
    "59": 3570.315686638237,
    "60": 1937.68844521542,
    "61": 3638.479873297138,
    "62": 2647.5031640040124,
    "63": 2283.6384678169416,
    "64": 5835.268986947496,
    "65": 1913.3983252344033,
    "66": 2446.6464214504335,
    "67": 2260.081280280366,
    "68": 2265.780038085306,
    "69": 1701.0593004231687,
    "70": 6097.209452373265,
    "71": 3674.91746608143,
    "72": 3369.4854207006156,
    "73": 1724.5888115965986,
    "74": 5243.582533180039,
    "75": 2082.792434085445,
    "76": 6446.630556176717,
    "77": 2535.435049813744,
    "78": 188.43130542298513,
    "79": 2946.1121742859027,
    "80": 3959.673580935452,
    "81": 2083.003727094678,
    "82": 2854.857698016405,
    "83": 4240.944066289605,
    "84": 3791.086803834286,
    "85": 2735.065882238481,
    "86": 1767.806005862597,
    "87": 3021.4697369072396,
    "88": 2987.9577713352996,
    "89": 3709.0831152912715,
    "90": 1550.5969525119863,
    "91": 8900.223139290218,
    "92": 1421.2884159431885,
    "93": 2793.985078574559,
    "94": 8774.297420405648,
    "95": 8404.817221596271,
    "96": 7194.771370540449,
    "97": 2626.3044071705863,
    "98": 3972.870082501647,
    "99": 4060.8263962843566,
    "100": 1605.9723118665206,
    "101": 1086.3486440595075,
    "102": 4645.5250801043185,
    "103": 4203.901826774986,
    "104": 3816.5947256684417,
    "105": 5419.551611675147,
    "106": 2286.361992492532,
    "107": 2844.4021707864804,
    "108": 1958.6274717327913,
    "109": 1138.1174486063312,
    "110": 1270.8901042134573,
    "111": 7074.830897213057,
    "112": 1836.1142419142443,
    "113": 5812.275539211381,
    "114": 2947.784832293513,
    "115": 3764.7704386040255,
    "116": 3988.954536552821,
    "117": 3207.550765537201,
    "118": 2447.077938647422,
    "119": 6221.724277782678,
    "120": 5249.719834973983,
    "121": 4394.700406560023,
    "122": 3690.3064382571506,
    "123": 5791.727971837177,
    "124": 2383.194863082389,
    "125": 3007.6323093677506,
    "126": 6214.6197717731475,
    "127": 9531.057874588756,
    "128": 1922.183105856104,
    "129": 2525.736829669401,
    "130": 6248.217962766324,
    "131": 3220.634729013827,
    "132": 4029.409828875467,
    "133": 7233.204171168291,
    "134": 4159.342215288732,
    "135": 7402.0264019006545,
    "136": 7299.146333330972,
    "137": 7384.723947467695,
    "138": 7280.753621053508,
    "139": 6768.06162655409,
    "140": 6301.843752050668,
    "141": 8192.019935546557,
    "142": 1718.1380705633364,
    "143": 6325.3680790207,
    "144": 8273.42946107367,
    "145": 1427.636973652775,
    "146": 6998.988286336602,
    "147": 3725.4353590719984,
    "148": 7518.847646044412,
    "149": 8674.195691204593,
    "150": 2330.840089230659,
    "151": 2874.7417267777914,
    "152": 1779.0130262213543,
    "153": 7173.281781673423,
    "154": 2426.8333976126564,
    "155": 3738.648001725742,
    "156": 5324.681547061633,
    "157": 3030.5467038852644,
    "158": 773.903709762164,
    "159": 2236.1996681779674,
    "160": 6120.7232879062085,
    "161": 2540.2478026931954,
    "162": 4080.4634788598896,
    "163": 1902.912220890592,
    "164": 3888.1964944405295,
    "165": 4703.250811522127,
    "166": 1606.8861027699984,
    "167": 3729.3356473301747,
    "168": 4478.786657981332,
    "169": 1919.124735839774,
    "170": 3284.6195752201816,
    "171": 4874.648621027243,
    "172": 4895.340888646871,
    "173": 2895.881368561638,
    "174": 2247.715468823056,
    "175": 7445.630150928452,
    "176": 4550.431576098054,
    "177": 5711.785465298213,
    "178": 2756.7035334963907,
    "179": 5240.805334977547,
    "180": 3492.4712167009448,
    "181": 3729.7812651962645,
    "182": 3036.227880391977,
    "183": 2606.508578411799,
    "184": 3994.2308245988365,
    "185": 2069.442673403349,
    "186": 8634.767325414818,
    "187": 4663.024982160285,
    "188": 7151.241360568585,
    "189": 2073.0562017418806,
    "190": 3235.820338708424,
    "191": 7869.737668903612,
    "192": 1819.6641523872966,
    "193": 454.7582254901875,
    "194": 1290.2501185933738,
    "195": 2099.1992766173476,
    "196": 3346.992843746554,
    "197": 3834.324431905154,
    "198": 3861.9741248151686,
    "199": 3341.285512851598,
    "200": 9394.435972034255,
    "201": 8681.578427068804,
    "202": 1814.5640598763962,
    "203": 8853.149426757183,
    "204": 4044.889450046247,
    "205": 10263.836462802265,
    "206": 2535.003837967966,
    "207": 2103.2587166074245,
    "208": 1737.4904816175485,
    "209": 4270.8742330658815,
    "210": 7460.248492815234,
    "211": 2690.4537969305134,
    "212": 6267.72201580362,
    "213": 4081.3704916198863,
    "214": 8409.881149026178,
    "215": 2559.7551226715905,
    "216": 2956.447030693974,
    "217": 3989.3789662283275,
    "218": 1934.4676011068402,
    "219": 7055.9480877554615,
    "220": 4268.033893839523,
    "221": 2894.577186757692,
    "222": 2556.8714813670267,
    "223": 4154.6824872654315,
    "224": 2737.214389420984,
    "225": 1865.6772069455199,
    "226": 6851.582624392031,
    "227": 3847.9983516319194,
    "228": 2641.8985845566826,
    "229": 1758.4095848076972,
    "230": 2059.0068023617237,
    "231": 5237.911647702659,
    "232": 3851.8587688516823,
    "233": 1298.2553308745116,
    "234": 5039.678706517367,
    "235": 1838.0353703896064,
    "236": 6109.801887738461,
    "237": 6436.741365484283,
    "238": 5783.523084305584,
    "239": 6101.715863955046,
    "240": 6127.964678623694,
    "241": 6230.505338494573,
    "242": 8958.119950003633,
    "243": 2617.154819713891,
    "244": 1259.9386556602844,
    "245": 4330.727796135433,
    "246": 4526.801900396949,
    "247": 3498.1489767008484,
    "248": 3023.065661428921,
    "249": 2366.3490021776693,
    "250": 7212.0130783386685,
    "251": 1223.286148230216,
    "252": 5526.649154315483,
    "253": 6110.632351845636,
    "254": 3104.5639609163127,
    "255": 3435.55079138634,
    "256": 4955.310408981761,
    "257": 2876.594423078761,
    "258": 4151.13546925614,
    "259": 1807.0589960056307,
    "260": 5066.583456987969,
    "261": 1496.6029616617097,
    "262": 7400.023203620748,
    "263": 7505.709789394398,
    "264": 2124.527812887017,
    "265": 2895.62581216964,
    "266": 3826.387970920561,
    "267": 7096.55327127912,