{
    "1": 3182.735285025756,
    "2": 5226.385078583276,
    "3": 1700.1470178435477,
    "4": 3768.9700665634136,
    "5": 3252.5312841890727,
    "6": 7775.3346895181785,
    "7": 2745.241233580542,
    "8": 5482.5016408866395,
    "9": 1764.1324313824543,
    "10": 8874.500877798053,
    "11": 1408.7847555103033,
    "12": 4594.745488563849,
    "13": 2800.509080199975,
    "14": 1360.1309581629662,
    "15": 3179.938653036132,
    "16": 654.33661063369,
    "17": 7340.896581375627,
    "18": 8920.932455837818,
    "19": 6272.8642880961115,
    "20": 6952.230514316484,
    "21": 3524.1461873666153,
    "22": 1859.2755995837588,
    "23": 5448.188901690102,
    "24": 2770.084410015339,
    "25": 3299.3190263260944,
    "26": 6990.800381465602,
    "27": 9278.156100249222,
    "28": 2771.812893197282,
    "29": 5919.596241289836,
    "30": 3333.265880513443,
    "31": 3269.8314501554632,
    "32": 4020.466756141961,
    "33": 4588.559843040179,
    "34": 2886.9183975947635,
    "35": 2732.838106773422,
    "36": 1566.2702090367989,
    "37": 5338.186987054567,
    "38": 3533.2425669463173,
    "39": 11103.081212496043,
    "40": 4879.231258449736,
    "41": 3668.5194368892826,
    "42": 3572.11816416054,
    "43": 10723.31385808072,
    "44": 2081.322410618007,
    "45": 1556.7890331291142,
    "46": 1113.474636059359,
    "47": 5250.536435699179,
    "48": 3933.161486961016,
    "49": 1221.260764991277,
    "50": 2201.174177911802,
    "51": 5748.414509874142,
    "52": 1751.3716980637312,
    "53": 1963.7432113173234,
    "54": 1119.4229844309948,
    "55": 1315.3718281700526,
    "56": 974.0833984476374,
    "57": 1116.0312646914272,
    "58": 4879.003200422397,
    "59": 2602.435754772151,
    "60": 5987.339186237633,
    "61": 987.0535830865957,
    "62": 5907.237329271753,
    "63": 3439.8483026712493,
    "64": 3309.9746269493153,
    "65": 4419.952353065778,
    "66": 5606.372245258635,
    "67": 2138.140058466658,
    "68": 3392.1145335801207,
    "69": 7785.389790798425,
    "70": 6188.564465467676,
    "71": 1179.5911165977072,
    "72": 4112.051895169381,
    "73": 1746.3897914997383,
    "74": 1375.534807708561,
    "75": 7211.573210180814,
    "76": 4183.098826819528,
    "77": 7261.362585278113,
    "78": 5230.918431880624,
    "79": 7896.330610977088,
    "80": 3994.911123272423,
    "81": 4772.1811273297,
    "82": 4352.069667518194,
    "83": 3133.819842399912,
    "84": 4838.291253792048,
    "85": 2975.510816448236,
    "86": 495.60667872908164,
    "87": 5421.329275326762,
    "88": 7687.721456699628,
    "89": 2568.7836934770453,
    "90": 2477.558796104565,
    "91": 4701.017642476586,
    "92": 3499.160684068194,
    "93": 1671.5509905004026,
    "94": 4130.490731819259,
    "95": 2318.9498390387516,
    "96": 1740.6143622327447,
    "97": 5434.61793288701,
    "98": 8915.213702023653,
    "99": 5103.163736806477,
    "100": 5395.76781194552,
    "101": 5031.343943284507,
    "102": 4351.554871413749,
    "103": 10524.606713581325,
    "104": 3342.2147758696037,
    "105": 3885.3836484647295,
    "106": 2868.5160788058865,
    "107": 4246.652566186619,
    "108": 2282.8996904447717,
    "109": 10944.168083350576,
    "110": 4986.617481043006,
    "111": 2730.526935674128,
    "112": 3130.7611736087943,
    "113": 3109.153412146674,
    "114": 4532.751726309478,
    "115": 1058.4837500794595,
    "116": 1820.48676335431,
    "117": 9692.350715557619,
    "118": 6122.006084545995,
    "119": 2441.1907772300606,
    "120": 3229.7807066891396,
    "121": 4521.8455590702,
    "122": 1956.2188068878284,
    "123": 2108.9975516226805,
    "124": 4788.713678179212,
    "125": 2722.853532993439,
    "126": 4935.28936131959,
    "127": 2396.1925254331495,
    "128": 7684.803465772318,
    "129": 5198.073334296709,
    "130": 2961.1127466098505,
    "131": 2516.4119111895448,
    "132": 5711.298391373772,
    "133": 1554.033342440626,
    "134": 2877.488570297114,
    "135": 6463.009116655894,
    "136": 1609.050379511064,
    "137": 2851.8672529646324,
    "138": 4401.548177311063,
    "139": 6270.298709911804,
    "140": 7568.623237161461,
    "141": 1299.4487905731546,
    "142": 4108.226724198033,
    "143": 8577.620856713487,
    "144": 2836.6195884773438,
    "145": 8497.729624745785,
    "146": 2138.7091659730727,
    "147": 2472.8719517402574,
    "148": 7584.325368644666,
    "149": 4039.8964805470505,
    "150": 2588.945021217485,
    "151": 6042.9136071932835,
    "152": 8064.250939630253,
    "153": 2406.4644721608543,
    "154": 2190.2892474695855,
    "155": 4717.949766924655,
    "156": 10608.231410704086,
    "157": 6802.114397925935,
    "158": 3368.599962664979,
    "159": 1967.096782152463,
    "160": 6143.858743968311,
    "161": 3792.704201594334,
    "162": 2062.3605158903415,
    "163": 1686.7843960202451,
    "164": 4412.943113997844,
    "165": 3906.450804026678,
    "166": 8841.864196446293,
    "167": 7114.544724155015,
    "168": 2667.1646118961007,
    "169": 8205.042376984638,
    "170": 1111.4802960704799,
    "171": 4729.829945060975,
    "172": 3662.6452795592304,
    "173": 5044.988666635779,
    "174": 2892.366477977177,
    "175": 3490.9990061282356,
    "176": 3153.936157301627,
    "177": 1853.1169703063167,
    "178": 2715.186130986323,
    "179": 2440.5960621008894,
    "180": 5788.077901602886,
    "181": 6812.494808100283,
    "182": 2632.2504668629163,
    "183": 2481.762099833532,
    "184": 5796.245184855211,
    "185": 10801.78167678783,
    "186": 4269.682114306348,
    "187": 2337.27914300499,
    "188": 4567.06904428873,
    "189": 7539.556146579774,
    "190": 1360.9525444445867,
    "191": 1539.6387114100057,
    "192": 3593.0540081601853,
    "193": 5595.850460996016,
    "194": 4639.1942028732055,
    "195": 7461.645335002928,
    "196": 6230.471692307646,
    "197": 2563.3289587327936,
    "198": 6373.985439090277,
    "199": 4106.765399808464,
    "200": 2579.8740857982025,
    "201": 1445.0234965424147,
    "202": 6588.337804848878,
    "203": 4473.826597057828,
    "204": 4080.991606401593,
    "205": 3802.0170026102514,
    "206": 1419.634624241062,
    "207": 9028.463801800483,
    "208": 4352.44458692499,
    "209": 2123.504942448104,
    "210": 1044.2223878383058,
    "211": 7588.250188285955,
    "212": 5247.386136613574,
    "213": 3030.554844622687,
    "214": 3094.9696109810498,
    "215": 7404.141128560002,
    "216": 4778.534046764521,
    "217": 6629.6230321609,
    "218": 2599.4630253731048,
    "219": 11439.512602754121,
    "220": 3777.208957061947,
    "221": 8168.093111158387,
    "222": 4075.1702184119627,
    "223": 4454.876697660228,
    "224": 1310.8895615237159,
    "225": 3635.4420546528104,
    "226": 3521.700649646096,
    "227": 4442.877008845179,
    "228": 2561.299845983079,
    "229": 4565.189068063483,
    "230": 5252.60526168791,
    "231": 2138.709059384875,
    "232": 3032.8327607465285,
    "233": 2512.420059207262,
    "234": 6596.647681576157,
    "235": 6381.933680615018,
    "236": 1841.6576752120698,
    "237": 2208.2088112415313,
    "238": 3196.658669762723,
    "239": 3898.5764291847,
    "240": 7607.691380524511,
    "241": 1794.0649068842004,
    "242": 2454.6074426619275,
    "243": 7257.0302187052075,
    "244": 1557.547746926339,
    "245": 5740.491723678483,
    "246": 8399.012304747235,
    "247": 1444.4451144541856,
    "248": 1977.9342921733753,
    "249": 2380.7559561076564,
    "250": 6786.652617546398,
    "251": 2148.177586918304,
    "252": 3090.041795961853,
    "253": 11791.130891293964,
    "254": 1050.6525845071315,
    "255": 5522.817054346232,
    "256": 6318.9548422027765,
    "257": 1935.5001855861592,
    "258": 2670.197104817257,
    "259": 4393.529361264852,
    "260": 2810.9661463521934,
    "261": 2704.892248814302,
    "262": 5448.520994109349,
    "263": 7712.177434274732,
    "264": 3016.4432626104935,
    "265": 2714.5332013214347,
    "266": 5518.000823179563,
    "267": 3052.650266603881,