{
    "1": 1796.3137780828322,
    "2": 529.7094634990935,
    "3": 3461.375795123745,
    "4": 2358.963843070223,
    "5": 5109.81952096758,
    "6": 7379.311892105185,
    "7": 4316.7219091722945,
    "8": 1182.3652269370496,
    "9": 1453.7944318937105,
    "10": 1729.1874330270716,
    "11": 4857.427587899509,
    "12": 4012.242100715648,
    "13": 1460.1514768526215,
    "14": 3651.1286713616223,
    "15": 1572.4797638058078,
    "16": 1340.855121480851,
    "17": 7154.905902167224,
    "18": 3691.118497877402,
    "19": 4108.8560829667185,
    "20": 4950.7611336088485,
    "21": 7613.1314276921785,
    "22": 1062.260834340581,
    "23": 4527.517317659453,
    "24": 6955.632912241169,
    "25": 1189.6902537634032,
    "26": 920.1107588099678,
    "27": 7942.888956359041,
    "28": 3148.0724398739753,
    "29": 7031.846488801537,
    "30": 6798.997767206325,
    "31": 2425.7901859680787,
    "32": 2880.266502423797,
    "33": 1551.436841970883,
    "34": 3567.6604654135554,
    "35": 8492.97227768445,
    "36": 3056.491208855633,
    "37": 2778.5754205428248,
    "38": 6655.7624027064185,
    "39": 1348.6158101956364,
    "40": 2061.292018529636,
    "41": 5914.978613045273,
    "42": 1456.315468940196,
    "43": 6722.5845347348295,
    "44": 1287.923281107159,
    "45": 5708.544928268511,
    "46": 1900.6669837941915,
    "47": 4518.5699489092995,
    "48": 4121.625860871249,
    "49": 3433.995258908623,
    "50": 4239.262904726231,
    "51": 5828.226027516384,
    "52": 5417.939455824008,
    "53": 6405.273936484602,
    "54": 6686.595519633528,
    "55": 1505.357015818219,
    "56": 7010.621668903946,
    "57": 9580.817516917958,
    "58": 3087.803189214945,
    "59": 2670.0193098033633,
    "60": 7202.300028370477,
    "61": 2928.8076760998365,
    "62": 947.9082524513404,
    "63": 2495.839768038244,
    "64": 5970.599667011846,
    "65": 3678.862882031973,
    "66": 10438.9567566442,
    "67": 5182.436029208732,
    "68": 9902.204545251889,
    "69": 6817.234665682221,
    "70": 4268.944521834975,
    "71": 3770.126863717795,
    "72": 3401.0585429799726,
    "73": 3323.827974260691,
    "74": 3136.031468665419,
    "75": 1582.1157743617098,
    "76": 9706.211337122197,
    "77": 3065.5522314737404,
    "78": 3011.6916916304112,
    "79": 3843.2012555685374,
    "80": 839.8299248077241,
    "81": 7902.51294583127,
    "82": 5264.742393951497,
    "83": 2663.51303223374,
    "84": 6808.490966834816,
    "85": 2160.5408476128996,
    "86": 7528.6344328086925,
    "87": 6481.651399945365,
    "88": 4565.732155967869,
    "89": 3754.9928645393284,
    "90": 6843.202804061818,
    "91": 2972.2014148105823,
    "92": 4777.753280498268,
    "93": 5196.779253751323,
    "94": 3478.136399530005,
    "95": 3590.320505660892,
    "96": 1311.4011387343487,
    "97": 6601.935545095412,
    "98": 3202.8073105845906,
    "99": 4195.273952790601,
    "100": 5807.387598634315,
    "101": 1955.4044547644255,
    "102": 1135.8555791572762,
    "103": 10266.863106222136,
    "104": 3784.3970697700934,
    "105": 4256.762257736183,
    "106": 2564.8295436533804,
    "107": 6973.386425036345,
    "108": 4658.790845984262,
    "109": 3236.935108880834,
    "110": 7766.014670446117,
    "111": 5277.816318347489,
    "112": 4663.255479030512,
    "113": 2716.3811248223165,
    "114": 4196.485133629316,
    "115": 8910.928712338506,
    "116": 3801.0004391310104,
    "117": 7902.534888736362,
    "118": 9341.300926357415,
    "119": 3264.752317974463,
    "120": 4757.8986668737025,
    "121": 8879.225959087093,
    "122": 3676.651004183101,
    "123": 6708.8758863955245,
    "124": 4360.331492839306,
    "125": 1934.5351125443578,
    "126": 3295.970628199201,
    "127": 4621.858752910053,
    "128": 2855.930781270453,
    "129": 3842.4606137801866,
    "130": 3809.2789108284683,
    "131": 2761.974522620908,
    "132": 9672.550866175725,
    "133": 5525.1320882864575,
    "134": 3940.963109838126,
    "135": 3284.972979313252,
    "136": 3198.970755274548,
    "137": 5773.868847485363,
    "138": 9460.141674746406,
    "139": 8068.648404004762,
    "140": 5222.710487211361,
    "141": 4385.451507587483,
    "142": 4351.051658639284,
    "143": 2400.8991080424157,
    "144": 3385.8670868243867,
    "145": 4813.03204305382,
    "146": 5089.106472156054,
    "147": 2727.3074467765223,
    "148": 3917.3758457093177,
    "149": 5293.352208857166,
    "150": 6762.287723893182,
    "151": 1624.263570208445,
    "152": 1475.2172464096327,
    "153": 2462.814715025194,
    "154": 1021.5791932921215,
    "155": 7322.8104997999,
    "156": 2506.618374525492,
    "157": 5907.811300003591,
    "158": 6828.918319620049,
    "159": 1483.2889066909345,
    "160": 4635.003490562718,
    "161": 6120.94350015081,
    "162": 382.7777514703944,
    "163": 2364.3555482603424,
    "164": 1459.5114792129032,
    "165": 2505.397857600048,
    "166": 5897.443926713056,
    "167": 5325.083035652293,
    "168": 1940.1192982428825,
    "169": 3076.2907424752225,
    "170": 2006.8063768554764,
    "171": 4129.506904982735,
    "172": 3318.260583262775,
    "173": 3072.751710135405,
    "174": 7573.500125808305,
    "175": 2857.9186472095157,
    "176": 2231.281242518829,
    "177": 1853.7719118980976,
    "178": 2006.8955811465644,
    "179": 493.98297566353835,
    "180": 4152.789528534247,
    "181": 2098.134311812136,
    "182": 5524.206347819961,
    "183": 4877.115393642544,
    "184": 1686.377729463173,
    "185": 4429.160907296171,
    "186": 1529.0325500972735,
    "187": 4157.216229252155,
    "188": 2719.662685359202,
    "189": 2610.033416166761,
    "190": 2477.512441128142,
    "191": 4310.797253105689,
    "192": 1155.4208508560337,
    "193": 4803.867657791578,
    "194": 8580.573179618945,
    "195": 4293.454954974352,
    "196": 4953.477690910206,
    "197": 3772.6313722180216,
    "198": 8385.521318331028,
    "199": 5855.017579698779,
    "200": 1154.2555267360306,
    "201": 8095.096580487206,
    "202": 1457.2726342245676,
    "203": 7044.664916344267,
    "204": 3910.490191666929,
    "205": 1645.4388035355194,
    "206": 3138.492803740513,
    "207": 6012.084489256784,
    "208": 4289.449718986525,
    "209": 4220.426963450623,
    "210": 5374.675615241575,
    "211": 4271.954074521179,
    "212": 3861.1388161508567,
    "213": 2689.0786159872714,
    "214": 3174.3380743660987,
    "215": 4479.064529623549,
    "216": 2363.5647463661344,
    "217": 2633.020685988598,
    "218": 2721.7560662565484,
    "219": 3699.2717784880806,
    "220": 2735.1120731378464,
    "221": 3294.5884570183703,
    "222": 3472.4367527639833,
    "223": 4321.323482355763,
    "224": 8353.462861032784,
    "225": 5468.949797499741,
    "226": 8026.330205000451,
    "227": 6119.4825198189355,
    "228": 3007.6940205292035,
    "229": 9699.27607041449,
    "230": 3765.9360512188314,
    "231": 7763.912060016515,
    "232": 4247.396060011904,
    "233": 4542.923921561629,
    "234": 1477.309219331687,
    "235": 5523.544489466433,
    "236": 944.1125053170167,
    "237": 2750.879906007445,
    "238": 3537.1877852001703,
    "239": 1226.650211575559,
    "240": 3412.827635281874,
    "241": 11062.194871053896,
    "242": 4545.188112372037,
    "243": 7638.343361826846,
    "244": 2736.889776761768,
    "245": 7412.380514981703,
    "246": 2154.425853603365,
    "247": 4829.613723283733,
    "248": 4018.3929514225897,
    "249": 3239.4420615818426,
    "250": 4703.020278985068,
    "251": 2090.886565925724,
    "252": 5264.994852872022,
    "253": 1512.5665592563585,
    "254": 2891.53065126859,
    "255": 3170.057016493555,
    "256": 5658.469089009258,
    "257": 3235.198830686206,
    "258": 4542.096127311557,
    "259": 4585.525029277375,
    "260": 6761.882623534546,
    "261": 4297.846426457235,
    "262": 2200.0872270148507,
    "263": 168.72707938522453,
    "264": 4491.360475083929,
    "265": 3952.115654119654,
    "266": 1180.4437824863733,
    "267": 4628.094548252909,