{
    "1": 4948.35698451235,
    "2": 4067.4175432912516,
    "3": 3933.811117280889,
    "4": 7432.256684112929,
    "5": 4015.8818287940335,
    "6": 1380.6381845695037,
    "7": 1379.5648685920041,
    "8": 2923.042628277426,
    "9": 5957.329956888104,
    "10": 1618.820379584047,
    "11": 1944.0764050685625,
    "12": 6088.530543650949,
    "13": 4875.1202242138725,
    "14": 2893.7627148223764,
    "15": 3720.8566006034025,
    "16": 3747.2721163926976,
    "17": 1332.8578252976956,
    "18": 2629.5134506225136,
    "19": 3973.562806558278,
    "20": 2646.8380695719784,
    "21": 3748.2390453383255,
    "22": 6448.01426845462,
    "23": 6379.720394385331,
    "24": 3761.0998992768004,
    "25": 7780.33639894836,
    "26": 2103.038977551273,
    "27": 1975.5755492920441,
    "28": 3903.1256356354397,
    "29": 5916.894949394939,
    "30": 8467.471162633838,
    "31": 4582.164695223978,
    "32": 8382.042426332882,
    "33": 3009.105612140996,
    "34": 2447.9933622560256,
    "35": 8584.699606740898,
    "36": 6261.0574945374565,
    "37": 2725.1808108724226,
    "38": 5340.045209158736,
    "39": 3242.009085259747,
    "40": 1923.0119515884885,
    "41": 5283.990221946205,
    "42": 2324.838744757389,
    "43": 3062.887406682474,
    "44": 2371.668453818645,
    "45": 2769.6672020100236,
    "46": 3892.2360862527303,
    "47": 5760.897011596455,
    "48": 4147.933917974931,
    "49": 1548.523237059412,
    "50": 2888.1719248631284,
    "51": 2392.715366992118,
    "52": 8392.261086347082,
    "53": 3673.0123596119947,
    "54": 5010.21324409751,
    "55": 2911.626526492379,
    "56": 3012.619879450543,
    "57": 1507.6447354420216,
    "58": 3603.129195414683,
    "59": 2542.709667556813,
    "60": 2574.9972853670647,
    "61": 4550.378239430426,
    "62": 4252.469091149914,
    "63": 7984.454722795004,
    "64": 2591.525210824522,
    "65": 2103.7091807896313,
    "66": 1145.8371512702772,
    "67": 2427.132518213407,
    "68": 9058.55247274146,
    "69": 5243.637966626434,
    "70": 2119.4897334194206,
    "71": 3149.0264504887255,
    "72": 6600.3560675409835,
    "73": 2507.8804455708723,
    "74": 3909.1778672424552,
    "75": 5145.033265497093,
    "76": 2351.6315859002766,
    "77": 4928.119645068491,
    "78": 2501.2446302990234,
    "79": 3460.0898615344354,
    "80": 3355.2300014976654,
    "81": 5001.235881819228,
    "82": 2866.1575306195714,
    "83": 3116.5043776486127,
    "84": 5159.561502642549,
    "85": 5764.265070140315,
    "86": 3972.606270538201,
    "87": 2947.9770959307025,
    "88": 3332.1261617960204,
    "89": 2459.7381662788134,
    "90": 10170.924309615733,
    "91": 3355.4979644952737,
    "92": 7146.101425537458,
    "93": 1917.3990319712923,
    "94": 3639.5926151577096,
    "95": 2942.3965594554656,
    "96": 2267.941256985319,
    "97": 7904.475179517552,
    "98": 2070.070259363296,
    "99": 2317.458955198971,
    "100": 6332.443884455966,
    "101": 3963.316603026846,
    "102": 453.74209012546754,
    "103": 4405.685285329646,
    "104": 6326.1813687784625,
    "105": 8362.815431919767,
    "106": 3041.0441077569103,
    "107": 2314.8462208640185,
    "108": 4247.4711380564895,
    "109": 1712.9056866377427,
    "110": 5010.826868317251,
    "111": 6313.4680338786575,
    "112": 1091.616358854962,
    "113": 1385.0313207746085,
    "114": 3390.2071133319205,
    "115": 2697.255145177973,
    "116": 5822.447616858189,
    "117": 1245.3841413283756,
    "118": 8293.174116428054,
    "119": 3477.9468213033506,
    "120": 3538.054566619322,
    "121": 7808.489022401458,
    "122": 2491.8771212656675,
    "123": 3200.0671388334604,
    "124": 5893.158702260482,
    "125": 6657.163906362649,
    "126": 8915.198290171344,
    "127": 1117.721567897401,
    "128": 2767.574884620629,
    "129": 2113.3838422171975,
    "130": 6266.566071108994,
    "131": 6350.159512500205,
    "132": 8079.970573981914,
    "133": 3583.309165176167,
    "134": 2759.527998742203,
    "135": 1864.1280260997694,
    "136": 2926.7057674900425,
    "137": 2782.942789090471,
    "138": 1967.4753193991642,
    "139": 6658.967788321497,
    "140": 3954.4124894750576,
    "141": 6473.822818473895,
    "142": 3687.53063431574,
    "143": 6558.226282813844,
    "144": 3443.510735675346,
    "145": 1611.207773732462,
    "146": 3877.9215874731403,
    "147": 4295.719658194984,
    "148": 6635.175187758226,
    "149": 3289.1548176706647,
    "150": 4163.739007270057,
    "151": 2656.567964615286,
    "152": 1245.0900285676064,
    "153": 3864.37994038569,
    "154": 7597.627559325919,
    "155": 5108.143615414406,
    "156": 2457.9160281205336,
    "157": 2992.705951388492,
    "158": 6049.096014423533,
    "159": 4954.028714678671,
    "160": 5365.541277546336,
    "161": 4687.658730171807,
    "162": 9382.464787128856,
    "163": 1395.4617086670057,
    "164": 10197.434276006932,
    "165": 3663.681743165404,
    "166": 6417.929353105435,
    "167": 3302.977650989654,
    "168": 629.1159077948504,
    "169": 6458.213775988436,
    "170": 8654.394767427315,
    "171": 2881.074709529047,
    "172": 2709.052712219872,
    "173": 4105.065704987778,
    "174": 829.2730248913133,
    "175": 2162.768448496042,
    "176": 1391.4958541763556,
    "177": 2543.1933976870605,
    "178": 2612.276046195636,
    "179": 6334.859453918061,
    "180": 4082.8381853953524,
    "181": 1944.0695252135977,
    "182": 8058.216073411802,
    "183": 2719.4674909184514,
    "184": 3850.2431480332875,
    "185": 3773.9252860719535,
    "186": 3141.855545230717,
    "187": 3877.65483687638,
    "188": 2484.417132991204,
    "189": 3617.807597389601,
    "190": 4717.213028198183,
    "191": 2187.2590957074126,
    "192": 3405.2292122331896,
    "193": 1503.965403217593,
    "194": 6451.276645592826,
    "195": 3823.598574344123,
    "196": 10393.99737402625,
    "197": 7321.039681089024,
    "198": 7374.612673944961,
    "199": 3744.258977622909,
    "200": 1642.1204011550983,
    "201": 3008.951071088293,
    "202": 4278.979568107263,
    "203": 1492.198347362977,
    "204": 6828.55748065487,
    "205": 5291.565931665567,
    "206": 2549.642172725892,
    "207": 2771.462500570001,
    "208": 5050.722727333595,
    "209": 4145.12724035333,
    "210": 3640.631948363668,
    "211": 7721.0669593090615,
    "212": 6023.199499740068,
    "213": 2979.5969578701825,
    "214": 2738.7746221941297,
    "215": 3646.070484457026,
    "216": 3313.1499257150017,
    "217": 2852.5645708083534,
    "218": 3517.3388570980774,
    "219": 3837.896273212841,
    "220": 7677.945281648268,
    "221": 6037.429157715193,
    "222": 5295.565150919019,
    "223": 3240.169142747353,
    "224": 5528.081373182666,
    "225": 3426.949061248583,
    "226": 6550.975545712653,
    "227": 9859.553807306365,
    "228": 8390.721469997685,
    "229": 2949.6927078868116,
    "230": 3969.190287967938,
    "231": 1249.7031372858264,
    "232": 3948.7322451794303,
    "233": 4760.5749160077985,
    "234": 1948.0567236653008,
    "235": 4029.9991063292105,
    "236": 3551.6816689388934,
    "237": 8655.220802024998,
    "238": 3074.0786870326497,
    "239": 816.5342378644626,
    "240": 5494.1199351729465,
    "241": 2565.741400064483,
    "242": 3148.1533253286702,
    "243": 555.7754601461033,
    "244": 1298.1418825573592,
    "245": 3727.434381070648,
    "246": 3313.500289038463,
    "247": 5698.196588425057,
    "248": 3576.6225497607816,
    "249": 2740.703743228836,
    "250": 6115.715045357133,
    "251": 3939.1436475544565,
    "252": 4888.5965011440885,
    "253": 1894.2525734023277,
    "254": 3253.06574368497,
    "255": 4525.376258990719,
    "256": 2745.2688315087858,
    "257": 4545.764675198599,
    "258": 10419.824951536237,
    "259": 2639.3509893595538,
    "260": 9080.335675921759,
    "261": 4592.823193699934,
    "262": 2508.516229208622,
    "263": 4192.631899958873,
    "264": 3570.06515898652,
    "265": 3321.0915333687403,
    "266": 1994.087054443966,
    "267": 2386.5139003381737,