{
    "1": 3506.949669373215,
    "2": 6540.728121840023,
    "3": 2641.577589143543,
    "4": 5024.378643527437,
    "5": 3677.86385613414,
    "6": 9054.83783682217,
    "7": 10675.226901378228,
    "8": 2256.031326024082,
    "9": 5936.283992454375,
    "10": 4808.851575111696,
    "11": 4313.051441012151,
    "12": 2662.5078739881583,
    "13": 9033.020926170528,
    "14": 3651.3031440070736,
    "15": 4005.804968171879,
    "16": 5903.711566341645,
    "17": 8849.748561878181,
    "18": 3069.8752155453712,
    "19": 1267.9056869618425,
    "20": 2098.206085986891,
    "21": 5780.949247011467,
    "22": 2898.5478486796883,
    "23": 3122.7102810542337,
    "24": 6007.665170941975,
    "25": 1182.260920034982,
    "26": 2643.4470408061698,
    "27": 2835.572886237524,
    "28": 6454.38888316698,
    "29": 5579.0055405783105,
    "30": 5746.2002744015535,
    "31": 2666.008342900271,
    "32": 5389.030885763367,
    "33": 2324.7190390497176,
    "34": 3703.4913992870415,
    "35": 4152.063295255379,
    "36": 5179.127969747486,
    "37": 3351.249326236316,
    "38": 3485.4296045822657,
    "39": 2830.1467102793004,
    "40": 1944.082496137792,
    "41": 2096.1053297502203,
    "42": 4486.245137190791,
    "43": 5595.704064589856,
    "44": 5051.2827393419875,
    "45": 3649.6527648136703,
    "46": 2328.6239558126463,
    "47": 1933.5504973298355,
    "48": 3182.460598073948,
    "49": 5765.375187504004,
    "50": 2827.894681234454,
    "51": 4215.080715754305,
    "52": 3040.799633164627,
    "53": 5559.643107856396,
    "54": 6244.0913075074595,
    "55": 477.90014737771344,
    "56": 521.2287572582513,
    "57": 10562.44298562151,
    "58": 1807.0285497196894,
    "59": 2061.550997385795,
    "60": 4057.34025392934,
    "61": 1623.3756847774835,
    "62": 9144.120111312344,
    "63": 2950.4098102237595,
    "64": 2689.7959143193734,
    "65": 4343.937331645419,
    "66": 2767.4117503611565,
    "67": 1519.9123494152059,
    "68": 3057.7545577053907,
    "69": 3355.3474871247377,
    "70": 1178.1063312629703,
    "71": 3227.628885245176,
    "72": 2856.347107801882,
    "73": 1419.091470692924,
    "74": 7787.070088481375,
    "75": 10429.142395172685,
    "76": 4613.2757873985565,
    "77": 3149.5410697712528,
    "78": 2809.2572757929756,
    "79": 3833.3315205970944,
    "80": 3881.5789931010795,
    "81": 4538.28441441145,
    "82": 1014.4915712875874,
    "83": 4078.177821966315,
    "84": 2948.281808561044,
    "85": 1201.764910595428,
    "86": 2293.1212310516057,
    "87": 3907.9729955463836,
    "88": 1591.6328380052616,
    "89": 3719.195549913854,
    "90": 2703.325976505969,
    "91": 2992.0032388259942,
    "92": 2730.936814755934,
    "93": 3819.944597637545,
    "94": 3526.853648959396,
    "95": 6822.903640570168,
    "96": 2102.6597504260135,
    "97": 5419.331264963343,
    "98": 3043.6027711911347,
    "99": 5656.719066877504,
    "100": 755.5117111182454,
    "101": 2530.8105235422126,
    "102": 3146.093949630884,
    "103": 3999.3046217594915,
    "104": 4067.171949240824,
    "105": 1856.207218357233,
    "106": 1295.972346799522,
    "107": 9369.455465713683,
    "108": 2755.1966252552074,
    "109": 5169.576390945931,
    "110": 4122.546683103903,
    "111": 4734.5604511352085,
    "112": 6331.864801619777,
    "113": 1087.9523222850523,
    "114": 2795.5931837962135,
    "115": 850.920880795167,
    "116": 2757.3331015958192,
    "117": 2856.6750981519062,
    "118": 1390.000171166326,
    "119": 5990.9411908800375,
    "120": 4071.68414275098,
    "121": 3094.103376275824,
    "122": 1305.3734091638971,
    "123": 3005.174825720512,
    "124": 6320.022995814001,
    "125": 3818.9271978144907,
    "126": 5950.540385807543,
    "127": 3466.2374457288847,
    "128": 5068.663913254488,
    "129": 2092.737058956358,
    "130": 3453.035508805628,
    "131": 3105.5015690932305,
    "132": 1622.5964696252702,
    "133": 7722.9696187758145,
    "134": 7390.426999806148,
    "135": 2126.0235029683136,
    "136": 1783.964477221819,
    "137": 1935.6777599408924,
    "138": 2295.519461613473,
    "139": 1990.6702988977615,
    "140": 6142.859732532151,
    "141": 6790.322866162182,
    "142": 4764.249827543267,
    "143": 841.3943091599109,
    "144": 4425.792924116043,
    "145": 1534.4500874060511,
    "146": 9169.604209857162,
    "147": 4059.5884150090524,
    "148": 6734.045337050147,
    "149": 4973.766292014435,
    "150": 4390.2462844831225,
    "151": 2441.5614356001424,
    "152": 10310.68461558669,
    "153": 4784.05234137639,
    "154": 5056.390935487312,
    "155": 5910.057648253566,
    "156": 3199.4042522468617,
    "157": 2477.4824604533615,
    "158": 1597.7588468019737,
    "159": 7459.4191092953615,
    "160": 8874.580683150774,
    "161": 4225.002914068708,
    "162": 6902.4132555555125,
    "163": 1269.7270613743215,
    "164": 4454.228457756105,
    "165": 2801.5912776195687,
    "166": 3421.948344124009,
    "167": 11085.77162888682,
    "168": 7816.504892151116,
    "169": 4028.4959551305474,
    "170": 4413.3241634484375,
    "171": 4406.920323484437,
    "172": 3058.9353814949754,
    "173": 6639.6770552815515,
    "174": 749.8286532680452,
    "175": 2349.1145885427686,
    "176": 1416.8156060695392,
    "177": 3243.0325566899887,
    "178": 1668.7223560876446,
    "179": 4443.809689963549,
    "180": 3961.651297416719,
    "181": 1683.510776330162,
    "182": 3393.630485680736,
    "183": 6820.333195922849,
    "184": 7688.760857027013,
    "185": 1592.3755849683796,
    "186": 5742.5638985288615,
    "187": 2487.2720315045044,
    "188": 2608.4205375394645,
    "189": 8481.115686376754,
    "190": 10436.647507691268,
    "191": 7038.875319680255,
    "192": 10080.83935797046,
    "193": 10121.167989566047,
    "194": 2645.8162702450404,
    "195": 4292.223449389952,
    "196": 1681.2032741313446,
    "197": 1839.0491028682845,
    "198": 3356.0664773565727,
    "199": 4789.048431586719,
    "200": 3275.971617004218,
    "201": 1291.4500679494436,
    "202": 4539.637909802575,
    "203": 4779.7869316448305,
    "204": 7601.037507836193,
    "205": 4368.99105730159,
    "206": 3210.082415966723,
    "207": 7912.617686596159,
    "208": 5784.582713866372,
    "209": 1477.1830695438955,
    "210": 967.1196471286393,
    "211": 8157.202796627766,
    "212": 3027.280766629066,
    "213": 4517.398557526064,
    "214": 3145.1113834006233,
    "215": 2899.7697058173653,
    "216": 6599.059679404114,
    "217": 905.1652879801114,
    "218": 7849.421807609686,
    "219": 4797.642283126476,
    "220": 3189.83876044012,
    "221": 1896.3638148793568,
    "222": 7683.624930071908,
    "223": 2669.8092032931836,
    "224": 8290.013279290377,
    "225": 2631.4812642316397,
    "226": 3905.691484937466,
    "227": 1861.7618368903386,
    "228": 3283.030384093962,
    "229": 3552.3722180789796,
    "230": 1364.1503939109812,
    "231": 8009.488635088889,
    "232": 1926.6456347037877,
    "233": 4543.746958189011,
    "234": 6877.12338551069,
    "235": 6915.14649327117,
    "236": 2231.758703324791,
    "237": 1248.7990272013399,
    "238": 1323.357551584743,
    "239": 3549.4590447364426,
    "240": 2609.1639657643705,
    "241": 1996.5304583188276,
    "242": 1110.417558869779,
    "243": 3385.7673270876003,
    "244": 2623.730020015259,
    "245": 4457.843190373755,
    "246": 2436.1019749744046,
    "247": 4387.481495737037,
    "248": 5605.883131295398,
    "249": 2885.7550557660957,
    "250": 1523.304218532746,
    "251": 6522.865274091183,
    "252": 3351.821494139794,
    "253": 2389.4353321628264,
    "254": 4158.0988992132225,
    "255": 3073.528527713448,
    "256": 2841.1731676157783,
    "257": 1194.8097915398216,
    "258": 2501.7628578313384,
    "259": 3977.4174330826577,
    "260": 2302.3695723170576,
    "261": 3054.1549904277176,
    "262": 3104.521435293049,
    "263": 1474.6620856636087,
    "264": 5218.924837115423,
    "265": 3280.8369425693204,
    "266": 5120.577249522268,