{
    "1": 5113.412543031748,
    "2": 3108.577459123865,
    "3": 1760.0985166254072,
    "4": 2440.1782728419626,
    "5": 4227.858215147034,
    "6": 6983.291506213708,
    "7": 4112.201619361525,
    "8": 4254.375552086636,
    "9": 8392.348740530633,
    "10": 5815.6361058222365,
    "11": 6105.592988219583,
    "12": 3244.235243394984,
    "13": 3936.2181210140693,
    "14": 4576.6156677667595,
    "15": 3656.133107631085,
    "16": 1850.8125441065285,
    "17": 7723.475275727255,
    "18": 8272.130546301207,
    "19": 1672.041363560336,
    "20": 2055.1482610949993,
    "21": 2770.4015096218295,
    "22": 1826.1916553202875,
    "23": 5050.015408885855,
    "24": 1536.0860974738823,
    "25": 4049.5765153193115,
    "26": 4559.80121856045,
    "27": 5067.2965303888395,
    "28": 5178.688807470654,
    "29": 2783.0499122657366,
    "30": 4095.8912226402113,
    "31": 8239.984162025268,
    "32": 6791.355444708008,
    "33": 4460.809486927395,
    "34": 3145.623726992552,
    "35": 4890.165474124048,
    "36": 5931.009512606583,
    "37": 2142.5332337068844,
    "38": 1978.4429440704575,
    "39": 5053.067578471316,
    "40": 2178.6649134943145,
    "41": 8170.783643470448,
    "42": 3984.6665219048705,
    "43": 2589.055943776866,
    "44": 4645.249620162343,
    "45": 4637.423000896703,
    "46": 5046.690634838548,
    "47": 4038.374151699994,
    "48": 4794.378195428753,
    "49": 3256.870546500086,
    "50": 3197.363008580432,
    "51": 4920.93107372276,
    "52": 2696.634833149738,
    "53": 10083.915066210087,
    "54": 2878.3185873774273,
    "55": 1349.581730041983,
    "56": 2934.668350673125,
    "57": 2931.175472948302,
    "58": 3824.3767871191767,
    "59": 902.7798429340162,
    "60": 3052.5330268962985,
    "61": 4990.6746126228,
    "62": 9559.062303451192,
    "63": 3098.5550909554363,
    "64": 4233.943141486197,
    "65": 3074.5832173387043,
    "66": 2150.4304666039156,
    "67": 8008.006597697857,
    "68": 4086.594148890255,
    "69": 7601.975962201498,
    "70": 2114.698513942712,
    "71": 6393.702135815395,
    "72": 1576.7525930626496,
    "73": 3304.886933679566,
    "74": 2232.657467137876,
    "75": 6638.347869547659,
    "76": 3113.9718676436773,
    "77": 2969.2896025368555,
    "78": 5475.483304907629,
    "79": 7104.233168116876,
    "80": 5928.69693885699,
    "81": 914.4405487912045,
    "82": 8403.957584533793,
    "83": 2954.401355243802,
    "84": 3412.9584399340097,
    "85": 2022.8311995225959,
    "86": 5154.98013508011,
    "87": 2085.842003877547,
    "88": 3997.7247287628566,
    "89": 4580.30694592247,
    "90": 6978.53715709161,
    "91": 1799.1180263992132,
    "92": 3603.6785793065606,
    "93": 2252.2329709564365,
    "94": 3316.17072633803,
    "95": 3831.0898970106255,
    "96": 1446.2385257616227,
    "97": 993.3395776951434,
    "98": 1331.9619140420223,
    "99": 1808.7038126462783,
    "100": 1397.9839935739615,
    "101": 1435.9019440991594,
    "102": 1857.3240869983772,
    "103": 5929.5199738222655,
    "104": 1227.2266493491807,
    "105": 6602.169029176453,
    "106": 6835.463964748618,
    "107": 2209.541169321605,
    "108": 2124.444944934159,
    "109": 7802.78746912255,
    "110": 3203.1701364050477,
    "111": 5768.651248946126,
    "112": 2486.8209786644875,
    "113": 5513.815038614107,
    "114": 3317.832117705467,
    "115": 6440.670419602657,
    "116": 4327.381522497756,
    "117": 3078.6643071327617,
    "118": 5286.390799432547,
    "119": 7671.195048684791,
    "120": 6547.893643948658,
    "121": 3285.946666017332,
    "122": 2494.7373802033835,
    "123": 4599.756161489112,
    "124": 4729.271488731382,
    "125": 1654.1790879749392,
    "126": 4523.110696463295,
    "127": 4693.731835079371,
    "128": 2153.895833220572,
    "129": 6164.056878656639,
    "130": 6675.7252489671155,
    "131": 5213.501068707857,
    "132": 2901.4980998797996,
    "133": 5113.507730415277,
    "134": 4991.908651838164,
    "135": 2925.40370212798,
    "136": 3280.4335449817777,
    "137": 9453.944983824209,
    "138": 1793.0503487427168,
    "139": 2687.9378549513535,
    "140": 3421.130156817159,
    "141": 2895.598888572468,
    "142": 4352.700830722562,
    "143": 2679.8557114734053,
    "144": 3253.0774076862995,
    "145": 784.5126695919228,
    "146": 3717.522797309872,
    "147": 1275.2460399410274,
    "148": 6170.387003130888,
    "149": 4375.993465973183,
    "150": 2164.3636139003593,
    "151": 3807.6798743939516,
    "152": 1445.1565797118299,
    "153": 2228.5348182451507,
    "154": 2038.4159615806207,
    "155": 2097.63416479647,
    "156": 7388.436827838703,
    "157": 2338.091510157561,
    "158": 7837.492155080104,
    "159": 7776.949053801023,
    "160": 3115.75034758338,
    "161": 5730.747518305502,
    "162": 2210.2124964017967,
    "163": 1499.948624857738,
    "164": 3408.2938101791874,
    "165": 1921.2601777072664,
    "166": 10059.274068704517,
    "167": 3261.051960603277,
    "168": 2057.7865998366365,
    "169": 6789.983860250649,
    "170": 1952.2132389785183,
    "171": 1542.483808811803,
    "172": 5471.431262301808,
    "173": 9586.35498886788,
    "174": 3722.8061865442573,
    "175": 9024.320457386866,
    "176": 3760.906743111282,
    "177": 2875.6309276544953,
    "178": 2125.9182309388834,
    "179": 2691.8476914398784,
    "180": 5751.8633277644285,
    "181": 1337.642934431923,
    "182": 1499.1367968671793,
    "183": 3867.0484308058344,
    "184": 3202.761270960115,
    "185": 4846.000433134871,
    "186": 649.9925672918109,
    "187": 2658.676539698122,
    "188": 5697.054720792687,
    "189": 2910.21726480119,
    "190": 2405.5634752489223,
    "191": 2927.182989071588,
    "192": 2594.997362053453,
    "193": 3353.9126323814976,
    "194": 7422.606135561253,
    "195": 7042.932286700419,
    "196": 3632.8914373582174,
    "197": 5376.451453951424,
    "198": 8772.005768325875,
    "199": 3194.998591422763,
    "200": 5896.188249876265,
    "201": 3691.6950979062635,
    "202": 1081.2419376216017,
    "203": 4599.832789460952,
    "204": 4147.439483755625,
    "205": 4225.83709397551,
    "206": 1705.5220785837141,
    "207": 1102.772636151174,
    "208": 7228.854740330186,
    "209": 1693.2924143474067,
    "210": 8544.260672644352,
    "211": 8996.774745603807,
    "212": 5135.143239964931,
    "213": 5875.661784770031,
    "214": 4471.630064619602,
    "215": 5170.888815249052,
    "216": 266.900659837482,
    "217": 3771.6753872471136,
    "218": 2056.006592816623,
    "219": 3838.5618629503683,
    "220": 6677.1580182114285,
    "221": 8195.150842591001,
    "222": 10393.33979117689,
    "223": 4615.327679453695,
    "224": 1829.7632566257375,
    "225": 7965.315633218814,
    "226": 743.806647838839,
    "227": 2001.411664516417,
    "228": 956.7461196684369,
    "229": 2846.0119879286062,
    "230": 7245.664541649818,
    "231": 7665.010762430405,
    "232": 5501.410961067349,
    "233": 1867.0543641470335,
    "234": 2973.071544551081,
    "235": 2883.24419747994,
    "236": 5907.966447708907,
    "237": 3881.2236420637046,
    "238": 374.3316900088959,
    "239": 3459.877437333433,
    "240": 7974.56439746427,
    "241": 2413.8298408779447,
    "242": 2792.730438411228,
    "243": 2456.557427221582,
    "244": 1860.296596914763,
    "245": 4008.4071987213947,
    "246": 7246.331605723062,
    "247": 3152.3384064324823,
    "248": 2682.296680481684,
    "249": 4148.301772785954,
    "250": 3496.3082786566924,
    "251": 6507.054683848065,
    "252": 7396.587407878309,
    "253": 4067.877907740206,
    "254": 3313.2124294298264,
    "255": 7482.992339658631,
    "256": 1943.0834728808488,
    "257": 5035.509557376508,
    "258": 3689.440991792259,
    "259": 5486.217525042139,
    "260": 4097.8751260653,
    "261": 854.323942036417,
    "262": 8467.928984164691,
    "263": 800.7863640300344,
    "264": 7426.71255252545,
    "265": 5268.868106637828,
    "266": 1610.9303147002533,
    "267": 7630.644232263254,