{
    "1": 886.1649305417465,
    "2": 3718.681645668168,
    "3": 3745.0480185926203,
    "4": 1991.579453701361,
    "5": 3888.67358498873,
    "6": 2677.9757676927497,
    "7": 4133.48341559314,
    "8": 3655.663532342527,
    "9": 1796.1563767892915,
    "10": 3250.164161156675,
    "11": 3896.405467947565,
    "12": 4694.8096303808725,
    "13": 9629.44301313966,
    "14": 4176.081234455734,
    "15": 3111.207770774732,
    "16": 3574.9039809326896,
    "17": 3191.9728259684325,
    "18": 1663.1390853281712,
    "19": 6018.2262694354185,
    "20": 6361.967550783654,
    "21": 7238.622867922726,
    "22": 5300.80735873236,
    "23": 2396.5095429594962,
    "24": 7773.918541391156,
    "25": 3399.2830312747446,
    "26": 4281.302538966362,
    "27": 4838.782002423737,
    "28": 6480.010939710267,
    "29": 4705.8366228900195,
    "30": 5118.560075616369,
    "31": 2496.575273248291,
    "32": 8074.647452703732,
    "33": 2816.3339913684654,
    "34": 3004.9938384983834,
    "35": 1619.745105142956,
    "36": 1141.0788237816053,
    "37": 8640.932427292162,
    "38": 2726.009397901962,
    "39": 1308.8248548904185,
    "40": 2975.949573204443,
    "41": 7170.33704806868,
    "42": 3746.3639308147995,
    "43": 7819.125257931572,
    "44": 6718.376035556004,
    "45": 3892.8974710718603,
    "46": 4104.725189285907,
    "47": 2283.7679678256363,
    "48": 2586.815644740821,
    "49": 7460.923702677972,
    "50": 3724.846589892928,
    "51": 3268.434828705926,
    "52": 2800.4273736889486,
    "53": 1577.2684387926938,
    "54": 3129.2078464471465,
    "55": 3424.612910306931,
    "56": 2623.1937551816795,
    "57": 4091.496017685284,
    "58": 4088.6111217270477,
    "59": 7198.442143680559,
    "60": 8128.482107545767,
    "61": 6291.009170859651,
    "62": 1838.0530905203736,
    "63": 2240.3218552791745,
    "64": 7806.880348871272,
    "65": 2569.634992252158,
    "66": 4148.129781132071,
    "67": 3905.408997474394,
    "68": 231.5891331583571,
    "69": 3404.2628188390318,
    "70": 2739.073082352183,
    "71": 4876.828411202486,
    "72": 5473.33783615106,
    "73": 7515.478115116802,
    "74": 6167.123114891063,
    "75": 3926.443613045815,
    "76": 2807.796180857001,
    "77": 3782.34896811365,
    "78": 1690.0711676572791,
    "79": 2821.825153225365,
    "80": 3625.335932793242,
    "81": 3248.162157704064,
    "82": 8902.786896682499,
    "83": 2184.403669346698,
    "84": 3630.1273572427335,
    "85": 3375.5730982018404,
    "86": 3505.859634185986,
    "87": 3473.8771507027705,
    "88": 3348.961562784039,
    "89": 1729.2417662980115,
    "90": 1898.4806102731122,
    "91": 3910.864206673088,
    "92": 6215.5249144487225,
    "93": 3046.2431457717403,
    "94": 6887.864450910936,
    "95": 10945.936276038889,
    "96": 5156.863080404918,
    "97": 1002.5324968044874,
    "98": 2608.807206298893,
    "99": 9107.128631951056,
    "100": 4017.6219870896693,
    "101": 2346.8936300740434,
    "102": 1982.4681302796087,
    "103": 4183.488015082098,
    "104": 2036.9932735961963,
    "105": 3297.6038786982203,
    "106": 856.634645020192,
    "107": 3847.827722989888,
    "108": 2170.290830855349,
    "109": 3310.2255043746454,
    "110": 3266.0784043723356,
    "111": 6423.202460493876,
    "112": 2531.029937218628,
    "113": 3565.0945691901043,
    "114": 4893.612702398085,
    "115": 2288.3774924125937,
    "116": 805.8034865810886,
    "117": 2424.892128377771,
    "118": 2196.832506625994,
    "119": 3899.9580838168235,
    "120": 3803.4533576443,
    "121": 4567.049633838763,
    "122": 4244.445881788988,
    "123": 6162.338122195008,
    "124": 3297.503945792415,
    "125": 1994.7089777159254,
    "126": 2794.72815686258,
    "127": 7991.706772230704,
    "128": 2473.3459476486582,
    "129": 10802.061720492788,
    "130": 2167.8229912433953,
    "131": 8066.052341414278,
    "132": 6760.404346176362,
    "133": 2778.872868005225,
    "134": 3278.356128106886,
    "135": 6673.55925745807,
    "136": 6261.5599030741805,
    "137": 5887.0706268172535,
    "138": 4187.499627721569,
    "139": 4312.340891033257,
    "140": 6371.052822152519,
    "141": 6937.113422420339,
    "142": 1859.421425136621,
    "143": 1346.9844285695322,
    "144": 1459.3193416572883,
    "145": 3744.0071441899745,
    "146": 6940.738040662755,
    "147": 2409.642181066403,
    "148": 7972.113292006358,
    "149": 2583.7954488233922,
    "150": 4689.028650361942,
    "151": 2082.714374136342,
    "152": 2714.7587030154286,
    "153": 4505.177978118004,
    "154": 2763.571225987023,
    "155": 2009.769754210102,
    "156": 1665.5665453604088,
    "157": 4215.958589885146,
    "158": 1266.0816775461733,
    "159": 5561.128386492236,
    "160": 2533.8205746857666,
    "161": 3114.6920567750426,
    "162": 6027.806879549514,
    "163": 4191.747917677845,
    "164": 1631.2766944207128,
    "165": 2709.093658801014,
    "166": 5066.1724535563035,
    "167": 2670.3668398332975,
    "168": 885.8440558749082,
    "169": 4387.4598821885775,
    "170": 3419.1197854169905,
    "171": 3092.4746529873514,
    "172": 7448.426546394172,
    "173": 1073.263792451522,
    "174": 4392.2277250234665,
    "175": 3020.7187997054903,
    "176": 4892.494302516772,
    "177": 2677.7728149307345,
    "178": 2320.962980497603,
    "179": 7046.023291265603,
    "180": 2124.614359621651,
    "181": 1535.7348184231212,
    "182": 6199.109930999767,
    "183": 5220.172546723106,
    "184": 3429.2618128833406,
    "185": 3009.313198109205,
    "186": 5750.838239735529,
    "187": 4085.6298053836645,
    "188": 3552.8651145546746,
    "189": 4239.006389190672,
    "190": 3077.76241314608,
    "191": 2938.866623191535,
    "192": 2552.5502851716524,
    "193": 8197.579356785829,
    "194": 9932.438116169636,
    "195": 2393.4327491021027,
    "196": 3244.2262041642534,
    "197": 6689.139899356574,
    "198": 2656.76739858688,
    "199": 2877.049472108039,
    "200": 1681.9472200777043,
    "201": 6692.010633816366,
    "202": 1892.6216841788817,
    "203": 8690.915614363152,
    "204": 3297.2519118507053,
    "205": 7683.018352507734,
    "206": 6987.219503398814,
    "207": 3223.3245707294795,
    "208": 6095.027310113033,
    "209": 6062.989275505152,
    "210": 1294.538417230878,
    "211": 4119.194117722887,
    "212": 1328.2974806448112,
    "213": 1432.8423960818586,
    "214": 2635.901642417174,
    "215": 2833.5186950062644,
    "216": 996.3182100560485,
    "217": 162.35272560551195,
    "218": 4293.865500871562,
    "219": 5093.466769495303,
    "220": 5949.818413116819,
    "221": 3173.961038301677,
    "222": 3361.3670734472958,
    "223": 10253.538055122037,
    "224": 3930.063404225468,
    "225": 3172.4361063430083,
    "226": 4809.757697521094,
    "227": 4120.426021844143,
    "228": 3805.83177948452,
    "229": 5562.122192607435,
    "230": 6252.909665462607,
    "231": 3266.6652689998123,
    "232": 6867.04342087591,
    "233": 6979.464303716767,
    "234": 8773.003561711406,
    "235": 6611.102181176064,
    "236": 6892.869420872718,
    "237": 4030.7549535447083,
    "238": 2738.76137089864,
    "239": 3838.761794618332,
    "240": 6378.3873332016565,
    "241": 4114.419785865525,
    "242": 1925.1045083277022,
    "243": 10192.9746680428,
    "244": 8429.190447347588,
    "245": 4726.962045063933,
    "246": 1070.994985471273,
    "247": 6193.476283465354,
    "248": 3808.8363578760873,
    "249": 3689.1349349013467,
    "250": 2914.5702765174674,
    "251": 9014.27151309877,
    "252": 6942.915268937401,
    "253": 2541.553923627703,
    "254": 2997.3853330473426,
    "255": 3106.55516081626,
    "256": 7927.681184271862,
    "257": 2984.7125040839455,
    "258": 2296.338653274469,
    "259": 3054.2201217636293,
    "260": 9509.018322591795,
    "261": 2470.3943328121445,
    "262": 2962.9281036241587,
    "263": 3496.0468802098567,
    "264": 1551.3522667479142,
    "265": 4764.414401010446,
    "266": 2914.2601704486515,
    "267": 8129.291548751292,