{
    "1": 2245.496936377203,
    "2": 3958.9469335711265,
    "3": 1213.9453168614402,
    "4": 3177.0330375314315,
    "5": 1464.158928436565,
    "6": 1594.6710334767831,
    "7": 5080.4389364674225,
    "8": 7547.4151799808515,
    "9": 6030.4304087277,
    "10": 3944.1251498126853,
    "11": 7635.5563236491025,
    "12": 3581.1802751370915,
    "13": 2151.2370964261586,
    "14": 2080.4760245397297,
    "15": 8134.707396488306,
    "16": 2404.7505578838745,
    "17": 5976.759607373948,
    "18": 2506.9240865038246,
    "19": 3319.686666495392,
    "20": 4264.3957937614205,
    "21": 3420.1846298587798,
    "22": 3670.163730298142,
    "23": 1682.646810301942,
    "24": 2271.42568663583,
    "25": 5436.543310171672,
    "26": 959.210639274228,
    "27": 4215.9078736476495,
    "28": 5763.25047845994,
    "29": 2029.489395841609,
    "30": 3351.2286100887854,
    "31": 942.1255026181092,
    "32": 3161.694395746285,
    "33": 948.1620099246018,
    "34": 2619.55042652692,
    "35": 3796.925870316895,
    "36": 4531.535805806338,
    "37": 2071.7851049763253,
    "38": 9574.404017877067,
    "39": 1975.657099490109,
    "40": 5539.199344136957,
    "41": 3326.574902568396,
    "42": 1653.5387022233788,
    "43": 1935.370255463808,
    "44": 3403.50437701394,
    "45": 5676.813809091424,
    "46": 4299.771217319483,
    "47": 3904.1447096815036,
    "48": 5377.915179980814,
    "49": 4559.056361711644,
    "50": 1079.3557440629231,
    "51": 1199.4640252607905,
    "52": 5520.408180359914,
    "53": 4310.805682853969,
    "54": 1011.5588256211763,
    "55": 6820.664656697989,
    "56": 4806.4286741151855,
    "57": 2164.067137263376,
    "58": 1364.0332504382345,
    "59": 3039.891257834995,
    "60": 4550.849679096011,
    "61": 4321.291909753906,
    "62": 2250.988237012084,
    "63": 3124.415132852334,
    "64": 3099.9349400720457,
    "65": 3450.471845831074,
    "66": 5984.606166045211,
    "67": 10412.548119184963,
    "68": 9341.069376573796,
    "69": 1536.999972697195,
    "70": 1780.0735654034033,
    "71": 1862.7103601174115,
    "72": 3746.677199727308,
    "73": 3273.3628388311326,
    "74": 3131.763386972831,
    "75": 9785.060168093032,
    "76": 3591.141339775556,
    "77": 2596.4856908201523,
    "78": 4183.816998071216,
    "79": 5103.631697156673,
    "80": 5492.081248540856,
    "81": 5901.266472231487,
    "82": 2301.602385224871,
    "83": 9954.94942973428,
    "84": 6178.073711406884,
    "85": 3947.1678793929004,
    "86": 4410.412963630822,
    "87": 6102.235194561883,
    "88": 8294.213496233115,
    "89": 6243.2432298179465,
    "90": 8381.333505273951,
    "91": 6522.561702619512,
    "92": 2448.3718529282332,
    "93": 3708.2214910358066,
    "94": 1182.6433277528572,
    "95": 5132.995860369934,
    "96": 2143.0927704458018,
    "97": 1520.5176085525866,
    "98": 4400.653120426503,
    "99": 2789.8508059044443,
    "100": 949.4628371726035,
    "101": 1945.6417498652108,
    "102": 5408.356470882988,
    "103": 6179.494395444658,
    "104": 2333.100881555489,
    "105": 4656.79228522735,
    "106": 1666.0492911175481,
    "107": 10217.74288676226,
    "108": 3012.74559602747,
    "109": 278.3352543057854,
    "110": 2664.5955535123294,
    "111": 4286.221347712313,
    "112": 2818.1162397172375,
    "113": 3894.3367592513346,
    "114": 4885.865831936259,
    "115": 2379.789331414487,
    "116": 4481.305292693034,
    "117": 989.6335709286216,
    "118": 10708.306894989168,
    "119": 5286.87662602763,
    "120": 5940.708916294446,
    "121": 304.9948936263521,
    "122": 6732.627251125062,
    "123": 4088.332046953697,
    "124": 1838.6327625714628,
    "125": 3075.81808352264,
    "126": 5287.6504971289605,
    "127": 4689.7652783202975,
    "128": 3649.2474048048553,
    "129": 1350.0432196965523,
    "130": 2817.934954001605,
    "131": 3772.0252284788876,
    "132": 3552.854276664284,
    "133": 5536.305972265727,
    "134": 3179.425655526824,
    "135": 1505.537242607325,
    "136": 2981.5961712627163,
    "137": 6036.90210537795,
    "138": 2842.4674883421953,
    "139": 2435.0582329344857,
    "140": 5191.804874289738,
    "141": 3696.110124045925,
    "142": 3377.6588158128293,
    "143": 4295.420960855207,
    "144": 1698.096713800366,
    "145": 5176.958355672228,
    "146": 6477.126527270872,
    "147": 2067.4609536248927,
    "148": 7776.110822930226,
    "149": 3341.7858138143115,
    "150": 4215.820538943112,
    "151": 1764.945545153891,
    "152": 4637.414404893959,
    "153": 1135.9244555742005,
    "154": 1970.2427583621097,
    "155": 2346.546202619806,
    "156": 3119.8937565818605,
    "157": 3576.082243192622,
    "158": 2271.0899771285312,
    "159": 8388.115112681957,
    "160": 8326.510169402014,
    "161": 5580.518457188059,
    "162": 4183.216942282682,
    "163": 5625.879204618339,
    "164": 7164.655255164654,
    "165": 4325.552171467244,
    "166": 5745.714842374489,
    "167": 3244.4656705547827,
    "168": 2483.869962734423,
    "169": 4380.777033128693,
    "170": 2341.438059044494,
    "171": 4952.856417191545,
    "172": 3446.9959583104965,
    "173": 2964.975919008049,
    "174": 2756.070368869392,
    "175": 3637.691456365015,
    "176": 3919.748419823694,
    "177": 2765.500214384731,
    "178": 4779.4599807326995,
    "179": 1487.202306932691,
    "180": 11542.456393792138,
    "181": 3035.0868721642323,
    "182": 2775.6454352291216,
    "183": 5066.055703300269,
    "184": 4136.002096403314,
    "185": 4952.675960036511,
    "186": 3577.1059481633342,
    "187": 2213.616338139094,
    "188": 3094.7963250796765,
    "189": 2377.7511439540317,
    "190": 3353.096582143447,
    "191": 4608.777096576443,
    "192": 1835.7682845023594,
    "193": 4223.3179249311,
    "194": 5440.007459117973,
    "195": 4953.173188163917,
    "196": 6258.322917681205,
    "197": 5527.093294167903,
    "198": 8598.913549100247,
    "199": 2935.541066479356,
    "200": 965.8235307446531,
    "201": 6620.98836350063,
    "202": 3762.8429209022947,
    "203": 4888.114856931169,
    "204": 3014.830585497033,
    "205": 6561.625126242469,
    "206": 5053.475293784209,
    "207": 2918.434548967236,
    "208": 3538.5227071767654,
    "209": 3363.2917495595843,
    "210": 3966.235614452573,
    "211": 1587.5029011227248,
    "212": 5613.437719613971,
    "213": 3278.6687958355046,
    "214": 4057.4957639799727,
    "215": 4135.667950119918,
    "216": 7639.238703338156,
    "217": 4921.8013746171,
    "218": 6027.069226959309,
    "219": 2430.3821913709917,
    "220": 1987.6272547335411,
    "221": 5429.208720333144,
    "222": 4734.780883864914,
    "223": 3056.9666338765855,
    "224": 1302.5926705597462,
    "225": 8399.049919732412,
    "226": 2846.439557497669,
    "227": 4053.100626894294,
    "228": 2048.263389470661,
    "229": 1984.9117753458197,
    "230": 3728.801348246302,
    "231": 8118.477125838836,
    "232": 7784.230684962815,
    "233": 2390.4364962374166,
    "234": 3343.002752089438,
    "235": 3983.4952617328117,
    "236": 2410.816205479422,
    "237": 1221.7897038812068,
    "238": 7929.468416185827,
    "239": 362.8798491150226,
    "240": 5387.960809422733,
    "241": 5250.098792597261,
    "242": 5199.023155464192,
    "243": 1448.174199990575,
    "244": 4119.962544993609,
    "245": 6331.565976057354,
    "246": 2354.079569220191,
    "247": 6727.478859843312,
    "248": 3235.4934919800967,
    "249": 2467.7761317062527,
    "250": 3047.5762816427814,
    "251": 4164.34417983929,
    "252": 2726.016104672592,
    "253": 4274.204777813071,
    "254": 4054.0848596486703,
    "255": 7472.482071916844,
    "256": 2523.931429281663,
    "257": 6233.724410307098,
    "258": 2680.7118987680497,
    "259": 5327.525195514514,
    "260": 4946.106430870222,
    "261": 5492.616093408972,
    "262": 4157.689239800941,
    "263": 4892.696080558106,
    "264": 6868.469956610501,
    "265": 1785.1367333833166,
    "266": 5522.762340612196,
    "267": 6449.142607333518,