{
    "1": 1094.549885327978,
    "2": 4563.6985884140495,
    "3": 3187.022150696026,
    "4": 2246.506596942443,
    "5": 2482.8269024246124,
    "6": 3116.36939267526,
    "7": 4463.211203085948,
    "8": 1948.0514397986467,
    "9": 7133.1239191406585,
    "10": 4345.388074713683,
    "11": 6530.41238867504,
    "12": 5943.078307464557,
    "13": 4522.072576246341,
    "14": 1693.941110789689,
    "15": 5644.498788848135,
    "16": 8942.824062909842,
    "17": 2662.7051084085138,
    "18": 3134.2247270386265,
    "19": 2005.2181753297614,
    "20": 3473.4364891648074,
    "21": 1987.2428550926945,
    "22": 5518.567814188512,
    "23": 5062.762543600806,
    "24": 4313.587678852133,
    "25": 5335.974718146983,
    "26": 4849.686460928736,
    "27": 2033.6031816423995,
    "28": 4360.865840833255,
    "29": 2154.9416364937797,
    "30": 4111.177654772264,
    "31": 3569.6654185826474,
    "32": 2710.9448006181224,
    "33": 6823.319446987093,
    "34": 1996.2906700303895,
    "35": 1514.533368353106,
    "36": 2938.8403448787044,
    "37": 5957.797273808802,
    "38": 2696.1100094259464,
    "39": 7100.343998979372,
    "40": 3430.4648836167885,
    "41": 4747.438083786443,
    "42": 6048.0725339391,
    "43": 2186.167351980464,
    "44": 3906.0785206498126,
    "45": 2628.539028914838,
    "46": 3163.485189333544,
    "47": 2330.498549818564,
    "48": 1514.6634686095517,
    "49": 3062.2960690231935,
    "50": 3017.2569892695305,
    "51": 1773.7385507600281,
    "52": 8345.902234716757,
    "53": 2072.6780880158153,
    "54": 1587.9717036512666,
    "55": 1845.4271609850532,
    "56": 3335.937658764385,
    "57": 8671.622296771098,
    "58": 4300.5473931464585,
    "59": 2209.08021770133,
    "60": 2847.305054781532,
    "61": 8363.812184964147,
    "62": 2966.5927034157603,
    "63": 1438.5225924368215,
    "64": 8605.57175441354,
    "65": 2300.0676482480453,
    "66": 1754.9025988134988,
    "67": 4880.490837840422,
    "68": 3184.593992555672,
    "69": 2463.0581639164056,
    "70": 1629.0789607281968,
    "71": 2574.6511789019205,
    "72": 4287.172852620396,
    "73": 2846.049517632484,
    "74": 2192.6411333214705,
    "75": 2540.871378844849,
    "76": 5385.80848024587,
    "77": 8574.562224123703,
    "78": 2151.0593642260806,
    "79": 3089.4481006705114,
    "80": 2540.2971564864483,
    "81": 2170.536997483397,
    "82": 8531.262259230429,
    "83": 6056.490243886454,
    "84": 8128.204826573594,
    "85": 970.617734613355,
    "86": 6104.43677864687,
    "87": 1150.196958683236,
    "88": 1736.0060124203674,
    "89": 8249.696832275731,
    "90": 3958.3533255082184,
    "91": 2514.4553878416386,
    "92": 4688.2748518016915,
    "93": 6569.371308161194,
    "94": 3045.673204106932,
    "95": 2576.1292360943107,
    "96": 1854.434405591112,
    "97": 5712.86357449147,
    "98": 386.094030595745,
    "99": 3098.23401900778,
    "100": 5594.015208007578,
    "101": 3511.9243420050843,
    "102": 4068.462395848848,
    "103": 4836.917585784411,
    "104": 1128.3196066566534,
    "105": 2921.794282976772,
    "106": 2387.667171828605,
    "107": 1406.570634169219,
    "108": 557.363070275408,
    "109": 8381.880212749853,
    "110": 9008.079960781924,
    "111": 6246.351613179058,
    "112": 3052.3887850392134,
    "113": 2300.7909367112557,
    "114": 9387.439930059025,
    "115": 7760.652151523466,
    "116": 4445.275247822628,
    "117": 8331.542733925438,
    "118": 5604.698676606065,
    "119": 3897.7631652109512,
    "120": 9828.21906098197,
    "121": 2904.009768947877,
    "122": 3464.963811014586,
    "123": 6561.949142341391,
    "124": 4004.4259208792223,
    "125": 6261.036127934631,
    "126": 4610.64306145152,
    "127": 3876.717973572904,
    "128": 3287.840499331055,
    "129": 5193.582371437943,
    "130": 4016.3166381945744,
    "131": 4581.449504706854,
    "132": 3205.495196412924,
    "133": 5198.041793363021,
    "134": 2457.721924999959,
    "135": 5710.584117359516,
    "136": 2233.79461757494,
    "137": 2146.5567727377115,
    "138": 9453.788969260893,
    "139": 5729.410122024348,
    "140": 2740.0436549625383,
    "141": 4099.540106271617,
    "142": 4906.667674111404,
    "143": 9587.47761196137,
    "144": 6055.734261086399,
    "145": 3626.6064216177315,
    "146": 2379.716555133001,
    "147": 3208.5979722603665,
    "148": 4513.857193588075,
    "149": 6695.735067790567,
    "150": 2442.2078748085346,
    "151": 1866.602779795438,
    "152": 2217.8183773705287,
    "153": 2401.43161967627,
    "154": 3825.020466628756,
    "155": 2059.7831441757035,
    "156": 4079.267004491244,
    "157": 3636.064198174301,
    "158": 2365.983596846182,
    "159": 2029.4480407523558,
    "160": 1059.857863353446,
    "161": 2449.0796852993153,
    "162": 3457.472449886371,
    "163": 3270.810764863451,
    "164": 2752.1342051837005,
    "165": 3785.968010722068,
    "166": 8273.174038313904,
    "167": 6313.296288752573,
    "168": 4413.617834479112,
    "169": 4197.135603589109,
    "170": 8356.149763266767,
    "171": 3887.8431888902874,
    "172": 2234.6272751824313,
    "173": 4543.823499195058,
    "174": 7062.345173395904,
    "175": 2337.685126989034,
    "176": 2942.410252859916,
    "177": 3062.444716804585,
    "178": 2687.513716832434,
    "179": 2703.2590013550157,
    "180": 3080.39083655583,
    "181": 8656.529532578852,
    "182": 4295.170380850514,
    "183": 4092.070871030349,
    "184": 3090.097879078731,
    "185": 2950.450646025285,
    "186": 6519.886754652305,
    "187": 6324.227661499499,
    "188": 8564.830790762457,
    "189": 6964.282929688828,
    "190": 3028.229973110325,
    "191": 1532.438435596709,
    "192": 5263.23018491499,
    "193": 7069.147570667708,
    "194": 6885.165160666477,
    "195": 3147.230512421981,
    "196": 2283.08048945062,
    "197": 3097.153327732313,
    "198": 2042.3843499855195,
    "199": 2394.79781577761,
    "200": 2701.5643263601455,
    "201": 2120.762419788141,
    "202": 1914.8965602632732,
    "203": 3331.598964108767,
    "204": 3418.7761078701224,
    "205": 999.9419084525268,
    "206": 6553.8389590520965,
    "207": 4696.685873472624,
    "208": 2847.751363007446,
    "209": 2612.8062727380475,
    "210": 2312.2266343432907,
    "211": 4615.521672969795,
    "212": 1305.4539040825634,
    "213": 6667.315066005772,
    "214": 2188.6423860919563,
    "215": 3955.130377037993,
    "216": 4728.08553336289,
    "217": 7542.7676304792285,
    "218": 6599.949671433553,
    "219": 9005.070125101773,
    "220": 1570.1225517236203,
    "221": 3573.39797878844,
    "222": 2088.888718724693,
    "223": 1639.4671647438417,
    "224": 3559.9598550386686,
    "225": 1417.8978704981669,
    "226": 4157.459839741442,
    "227": 3305.0027821552067,
    "228": 5747.609231148013,
    "229": 914.4591130812682,
    "230": 6055.263466762713,
    "231": 2025.2011565601972,
    "232": 4026.473566397368,
    "233": 7387.151734586397,
    "234": 4578.2769379912115,
    "235": 654.3441724846765,
    "236": 7955.110416309722,
    "237": 1406.8987923866212,
    "238": 2404.457248116529,
    "239": 2977.4051748482716,
    "240": 1558.5550521670891,
    "241": 4778.733452873076,
    "242": 8088.586974338992,
    "243": 2400.6633016424207,
    "244": 4758.1900382594295,
    "245": 4652.395468826007,
    "246": 2559.954551314763,
    "247": 4296.641208115742,
    "248": 3199.177358982159,
    "249": 4175.9378894514575,
    "250": 2840.859198200476,
    "251": 1570.7478595218304,
    "252": 1244.9031548131343,
    "253": 4717.239791006562,
    "254": 4909.927751266466,
    "255": 5433.46917543345,
    "256": 5185.550551114371,
    "257": 8817.480091445457,
    "258": 3301.5851165472704,
    "259": 1053.2879881616086,
    "260": 5825.6911433669275,
    "261": 11602.087020522096,
    "262": 1131.5904087237132,
    "263": 1655.967504371752,
    "264": 2311.9490400669342,
    "265": 1805.5632227944889,
    "266": 2050.633804112716,
    "267": 1057.5546753559565,