obj,time,mip_gap
361766.9959661398,0.0018262,
