obj,time,mip_gap
386262.7610193179,0.0012855000000016048,
