obj,time,mip_gap
382500.6919612477,0.001632000000000744,
