obj,time,mip_gap
420363.37199290306,0.0014018000000000086,
