obj,time,mip_gap
457411.4740966697,0.0011708000000005825,
