obj,time,mip_gap
394416.4672102115,0.0017385000000000872,
