obj,time,mip_gap
308441.79624890944,0.0029038999999997372,
