obj,time,mip_gap
449438.21104395716,0.0011361000000000843,
