obj,time,mip_gap
433537.8757595166,0.0013476000000007815,
