obj,time,mip_gap
432040.86568012094,0.0017471000000011117,
