{
    "1": 23767.088876540278,
    "2": 22208.114624412952,
    "3": 57730.16219378937,
    "4": 44121.42001568016,
    "5": 29988.736899486208,
    "6": 26664.711613929896,
    "7": 67120.02643226585,
    "8": 69386.65401979604
}