{
    "1": 26651.42692317089,
    "2": 21323.214507359993,
    "3": 68380.52908509676,
    "4": 47996.34284678403,
    "5": 32210.210486831995,
    "6": 30943.12819383017,
    "7": 48738.421693842014
}