{
    "1": 35878.93053883705,
    "2": 21758.205340838114,
    "3": 59874.78714444198,
    "4": 39098.92103221648,
    "5": 54629.091984912404,
    "6": 68071.15046440237,
    "7": 80560.32355980919
}