{
    "1": 37366.7983428955,
    "2": 39909.26740671253,
    "3": 19462.204137765868,
    "4": 111013.34281476692,
    "5": 128155.63384329928
}