{
    "1": 19365.96036768878,
    "2": 19715.798132017328,
    "3": 12397.630051266982,
    "4": 94422.20831367963,
    "5": 15595.955996295554,
    "6": 37266.88256862475,
    "7": 48799.59173480293,
    "8": 74214.75838770544,
    "9": 27708.503623642606
}