{
    "1": 14206.961004945275,
    "2": 39789.94882523377,
    "3": 71050.17139652642,
    "4": 22498.21574173064,
    "5": 54272.64293974525,
    "6": 25153.3981878776,
    "7": 17593.47331009836,
    "8": 36496.90520818942
}