{
    "1": 15776.948759346486,
    "2": 71927.37168926376,
    "3": 40121.056026845145,
    "4": 39183.96764153018,
    "5": 80852.55762467491
}