{
    "1": 15275.47829148987,
    "2": 35444.33469226983,
    "3": 19142.2871523135,
    "4": 2293.1393767346526,
    "5": 11417.552068471261,
    "6": 15458.110203197808,
    "7": 5853.589233651624,
    "8": 2353.082167176321,
    "9": 15291.68424310897,
    "10": 1115.1838846217606,
    "11": 24286.98004119547,
    "12": 3961.554454702868,
    "13": 18570.345918542,
    "14": 5734.392477755726,
    "15": 9971.84744938153,
    "16": 1419.5929114175472,
    "17": 3698.2332754465147,
    "18": 7142.0955682512395,
    "19": 13754.166056181843,
    "20": 9538.159245802179,
    "21": 1776.546880217878,
    "22": 10054.630178132122,
    "23": 14234.05563452881,
    "24": 18430.426645812033,
    "25": 7979.6256896097575,
    "26": 1223.9495153456667,
    "27": 4909.351648643408,
    "28": 3774.9327060784444,
    "29": 4858.426934850811,
    "30": 17260.301727669426,
    "31": 11088.387748481155,
    "32": 1944.2514164522804,
    "33": 3686.981365016262,
    "34": 11245.750212610863,
    "35": 10587.154690281424,
    "36": 267.7900004884367,
    "37": 1309.474820598481,
    "38": 1451.2718611789542,
    "39": 714.5853677959611,
    "40": 3947.8421961685544,
    "41": 1909.3617417338596,
    "42": 1816.4217249699905,
    "43": 18991.156187039127,
    "44": 2072.6348439942108,
    "45": 3410.339949089258,
    "46": 2560.1023409516256,
    "47": 21550.61253521477,
    "48": 5475.803259564775,
    "49": 10555.264267063187,
    "50": 5501.154755791861,
    "51": 1265.1173770653168,
    "52": 10297.584697463977,
    "53": 9027.2210140363,
    "54": 15432.412990997127,
    "55": 1696.3028662455524,
    "56": 8149.686705199582,
    "57": 17734.34120867589,
    "58": 1410.609184062486,
    "59": 981.1205287065385,
    "60": 1885.4011742236708,
    "61": 2721.0201490812233,
    "62": 3277.383223969232,
    "63": 2067.3782297779026,
    "64": 13807.679445219239,
    "65": 5753.745073785427,
    "66": 7626.400206247527,
    "67": 1900.616755547402,
    "68": 4795.732473548069,
    "69": 2897.6406451999874,
    "70": 182.61922790989846,
    "71": 6931.222223680574,
    "72": 2898.379426642085,
    "73": 12234.474515552522,
    "74": 13278.312366555809,
    "75": 16443.513705298545,
    "76": 7803.461110842746,
    "77": 270.4086756599104,
    "78": 3632.102174249217,
    "79": 16866.552259335633,
    "80": 2817.6365902323373,
    "81": 1029.062537760594,
    "82": 8069.787858803503,
    "83": 19216.03808983488,
    "84": 10365.319785767462,
    "85": 14770.851227719653,
    "86": 10835.617065895496,
    "87": 3664.8922285440817,
    "88": 7825.329242943285,
    "89": 10089.699542268827,
    "90": 2181.4624372207923,
    "91": 7854.515068358851,
    "92": 9605.584304824912,
    "93": 4449.410246102011,
    "94": 9694.874589859766,
    "95": 4282.53573890842,
    "96": 5047.243044029388,
    "97": 15982.920645558243,
    "98": 7645.1906916165635,
    "99": 3571.1939382147098,
    "100": 12913.07975305787,
    "101": 3869.107030671086,
    "102": 1618.0620200437231,
    "103": 7139.624377686628,
    "104": 4129.688163701671,
    "105": 16674.103508407774,
    "106": 12928.699997860942,
    "107": 14250.400382679029,
    "108": 51854.90932658793,
    "109": 29848.73313012673,
    "110": 3878.6298754450368,
    "111": 3071.700646372012,
    "112": 5552.505135210451,
    "113": 7878.997484731741,
    "114": 10535.52253890705,
    "115": 16360.820874513176,
    "116": 634.4740282712222,
    "117": 2958.8739526519307,
    "118": 3446.920429895846,
    "119": 1762.930241940802,
    "120": 25052.379338337218,
    "121": 1515.535013071721,
    "122": 31937.600009319503,
    "123": 16772.986461573466,
    "124": 11601.286977535789,
    "125": 2871.3950318454354,
    "126": 3238.104601619092,
    "127": 12266.299125364336,
    "128": 13808.61572023493,
    "129": 13098.91161528604,
    "130": 1641.2745797604575,
    "131": 1132.1715993152081,
    "132": 1062.194316750057,
    "133": 6088.11233355679,
    "134": 1240.4406975145037,
    "135": 903.2696608754192,
    "136": 9760.755527504205,
    "137": 2314.6809501589387,
    "138": 9821.497095542174,
    "139": 10960.939132904701,
    "140": 2370.5598092341284,
    "141": 6677.148833020063,
    "142": 17910.77167227044,
    "143": 11542.861149347453,
    "144": 287.89211901825894,
    "145": 6405.443565229441,
    "146": 7571.773461248376,
    "147": 4618.802114948606,
    "148": 10669.608045022946,
    "149": 9853.70532134624,
    "150": 2063.1288932182897,
    "151": 15994.596850759342,
    "152": 16807.612895893162,
    "153": 1472.3918316111399,
    "154": 1000.5850398285091,
    "155": 2512.833444251414,
    "156": 14711.277780091896,
    "157": 4432.039113913181,
    "158": 19219.856520185258,
    "159": 12852.02743622815,
    "160": 30774.85003765606,
    "161": 4619.989148761375,
    "162": 5520.72840801658,
    "163": 971.9755827259131,
    "164": 1943.9578817312051,
    "165": 3188.801672593648,
    "166": 2932.6529250111835,
    "167": 1604.300136597689,
    "168": 4704.411115963786,
    "169": 1590.4740710621593,
    "170": 4424.694358294573,
    "171": 4387.349493364553,
    "172": 6989.6739096034025,
    "173": 8492.87166683126,
    "174": 23600.575993607777,
    "175": 4094.7676982614357,
    "176": 11198.916747670177,
    "177": 10271.53957307853,
    "178": 6188.264878132259,
    "179": 11784.057363212532,
    "180": 12067.18042639255,
    "181": 534.5266610588745,
    "182": 7031.244334829542,
    "183": 8398.03400134329,
    "184": 7328.400429059906,
    "185": 6026.327400047897,
    "186": 8114.809466440102,
    "187": 12850.341538647106,
    "188": 874.5409377903001,
    "189": 31435.183635637175,
    "190": 3357.6684471613767,
    "191": 9171.756386862346,
    "192": 15055.125153495004,
    "193": 9810.928250870862,
    "194": 15090.762538772575,
    "195": 18857.057226510613,
    "196": 7901.423255582309,
    "197": 10333.943281431239,
    "198": 8120.4936161389805,
    "199": 11087.80624324571,
    "200": 437.0419788030645,
    "201": 9981.214456108873,
    "202": 14729.700208145518,
    "203": 4628.391821359038,
    "204": 5000.649507465659,
    "205": 4819.593236670307,
    "206": 1835.6364255509889,
    "207": 13506.861008695814,
    "208": 12638.38718920625,
    "209": 25440.2528368493,
    "210": 12880.86491148184,
    "211": 8422.002840108453,
    "212": 26758.32432958489,
    "213": 1038.799321333193,
    "214": 6733.365720901198,
    "215": 8156.766412787464,
    "216": 15401.161992607382,
    "217": 30520.39734504426,
    "218": 13996.57756978001,
    "219": 13187.233883447789,
    "220": 4910.935627735385,
    "221": 2969.81588877738,
    "222": 18343.62126081822,
    "223": 624.5918116974287,
    "224": 539.666418528894,
    "225": 7992.047035347631,
    "226": 2658.735558488167,
    "227": 2897.716911829046,
    "228": 1718.148371354267,
    "229": 3931.5062771628,
    "230": 1170.5986457578763,
    "231": 5783.777579139237,
    "232": 19544.90453809933,
    "233": 14898.119026686116,
    "234": 11854.1078227417,
    "235": 16894.973125669563,
    "236": 2992.414043546748,
    "237": 3028.15870500972,
    "238": 3930.9632390977267,
    "239": 8643.223830308154,
    "240": 18469.706477191754,
    "241": 8975.023609691312,
    "242": 3437.478352748047,
    "243": 34737.42124250359,
    "244": 8955.903736688864,
    "245": 2969.6173985231135,
    "246": 17299.334614119158,
    "247": 10396.218554578456,
    "248": 8014.27211759733,
    "249": 7377.857056585753,
    "250": 1728.255931944928,
    "251": 3439.229963314105,
    "252": 6010.628356848819,
    "253": 1883.437417940101,
    "254": 3076.8363609566445,
    "255": 10782.681219169319,
    "256": 17653.29923846447,
    "257": 6205.115995006042,
    "258": 10292.95741331543,
    "259": 4149.880567777823,
    "260": 3476.0040566082066,
    "261": 2378.056320915833,
    "262": 3196.7034489175307,
    "263": 2756.8290278906957,
    "264": 2866.1071373730147,
    "265": 21239.659961925165,
    "266": 6833.175720428571,
    "267": 5355.054440717858,