{
    "1": 10593.489302088072,
    "2": 1307.6363259204606,
    "3": 22074.36898778997,
    "4": 2213.5444196583903,
    "5": 16304.60133305423,
    "6": 13050.220936274887,
    "7": 33680.30262458997,
    "8": 25437.919933172903,
    "9": 1543.8256506917057,
    "10": 6295.159630333134,
    "11": 28212.0998887176,
    "12": 13489.192558628925,
    "13": 32212.175388508047,
    "14": 1332.4279958888012,
    "15": 577.5896519423114,
    "16": 1202.8272247243488,
    "17": 15725.525162798282,
    "18": 15628.965467280621,
    "19": 7000.9143394349685,
    "20": 5520.941899894002,
    "21": 5356.71038063706,
    "22": 13376.13672276474,
    "23": 20293.529802348592,
    "24": 6967.1591994076525,
    "25": 4072.06205060811,
    "26": 31920.49282571073,
    "27": 41398.4986763522,
    "28": 20198.791670880273,
    "29": 13781.805202010532,
    "30": 7744.688356427661,
    "31": 9696.659728710702,
    "32": 13147.688039154507,
    "33": 12280.946296932842,
    "34": 22474.259465444546,
    "35": 14658.793998637771,
    "36": 14555.735121347114,
    "37": 11305.167424168469,
    "38": 9086.66996987118,
    "39": 8860.81295600593,
    "40": 4531.159806696956,
    "41": 1657.2635667557486,
    "42": 16521.787824714196,
    "43": 21967.55705240548,
    "44": 24667.69357618094,
    "45": 29349.537652733525,
    "46": 2596.377339514085,
    "47": 5834.258243830686,
    "48": 1707.3533879404165,
    "49": 2151.622407357693,
    "50": 22237.263651673245,
    "51": 2560.0492534810037,
    "52": 20910.284764989414,
    "53": 2681.4015666536848,
    "54": 33264.9283851189,
    "55": 32710.96130658272,
    "56": 15461.340088626606,
    "57": 13239.961987608724,
    "58": 3715.1638691209355,
    "59": 7043.502341579499,
    "60": 38638.26047743809,
    "61": 26448.136412237105,
    "62": 4244.851687453683,
    "63": 14094.173997501282,
    "64": 1616.1245340180358,
    "65": 11917.695527978456,
    "66": 5814.754479318179,
    "67": 26935.141384710972,
    "68": 8905.863368914148,
    "69": 1234.354968043513,
    "70": 13446.796518565498,
    "71": 6381.893312134923,
    "72": 21650.334341618458,
    "73": 26085.614592363705,
    "74": 9136.407623869265,
    "75": 11798.372632359586,
    "76": 1242.4914555623611,
    "77": 33542.62023672458,
    "78": 24988.240640617536,
    "79": 16194.63177511544,
    "80": 6590.421177453416,
    "81": 13669.854751887731,
    "82": 15489.03610058433,
    "83": 15463.459407160482,
    "84": 17844.62191363466,
    "85": 13219.35566316384,
    "86": 15443.603142989154,
    "87": 26526.500200463055,
    "88": 8302.12268847213,
    "89": 1899.417362666311,
    "90": 4272.526974260261,
    "91": 19167.007365892474,
    "92": 25809.60885213773,
    "93": 45913.80747552212,
    "94": 11481.571070194976,
    "95": 22614.68806765331,
    "96": 18559.274535415152,
    "97": 47519.5558771985,
    "98": 17030.11202378371,
    "99": 12876.98739336787,
    "100": 3202.175133502471,
    "101": 12319.756179465267,
    "102": 26036.549892789295,
    "103": 5702.13309597935,
    "104": 6807.099220003099,
    "105": 2642.720595933965,
    "106": 13042.382940323989,
    "107": 5143.68949485304,
    "108": 13805.012318717998,
    "109": 37778.1476079653,
    "110": 12801.717116749269,
    "111": 6598.956489687562,
    "112": 37510.688746345346,
    "113": 20174.562701818155,
    "114": 14734.026166676673,
    "115": 18363.385286366476,
    "116": 19824.17935832774,
    "117": 4423.689136564828,
    "118": 24187.602072270307,
    "119": 21999.726798985506,
    "120": 13104.469278822284
}