{
    "1": 18683.919406345172,
    "2": 31347.9365723242,
    "3": 25546.47805035555,
    "4": 18628.33378008311,
    "5": 20307.60930649904,
    "6": 16674.52976599422,
    "7": 12676.88617873874,
    "8": 10828.43315279499,
    "9": 13366.518247310407,
    "10": 31255.395994592633,
    "11": 17896.92623218319,
    "12": 18742.098606404797,
    "13": 32386.255521931438,
    "14": 19011.285351285074,
    "15": 10299.455786601964,
    "16": 168.52120467721429,
    "17": 16746.290147858075,
    "18": 14138.10240663433,
    "19": 31274.24230812552,
    "20": 7403.659417737577,
    "21": 10873.670132617788,
    "22": 19087.671306288696,
    "23": 38915.79469640831,
    "24": 41425.678009599585,
    "25": 1972.3889955603208,
    "26": 20994.29444303548,
    "27": 25113.277926207764,
    "28": 22046.673578006295,
    "29": 23356.25171729229,
    "30": 27309.452614740556,
    "31": 6375.372620024711,
    "32": 1818.7408844411973,
    "33": 16870.315698317223,
    "34": 152.7459878801356,
    "35": 16850.972123989195,
    "36": 9829.941265423322,
    "37": 17942.04960360138,
    "38": 15605.469666921636,
    "39": 8665.435995003978,
    "40": 10698.31291877366,
    "41": 22549.02528289335,
    "42": 30158.19440012543,
    "43": 26827.256688239435,
    "44": 7072.347449080161,
    "45": 11717.362443973105,
    "46": 1785.195719490929,
    "47": 16619.104979442745,
    "48": 12003.02063135893,
    "49": 31724.632975479424,
    "50": 2477.668774440306,
    "51": 10860.748446717127,
    "52": 13641.45409179312,
    "53": 1987.2814292568642,
    "54": 6709.632674336311,
    "55": 2803.503810330829,
    "56": 5397.012311451992,
    "57": 31153.972312697602,
    "58": 6900.266308830904,
    "59": 27734.166275922,
    "60": 9494.11603014789,
    "61": 24559.81461239325,
    "62": 20050.091378641817,
    "63": 14686.824115126621,
    "64": 1710.2350902889111,
    "65": 6754.079884090123,
    "66": 21801.5180542915,
    "67": 1388.2664301885097,
    "68": 1020.4892142132516,
    "69": 22421.677428061535,
    "70": 5833.189916522918,
    "71": 25843.73236943221,
    "72": 23718.4182602936,
    "73": 31085.420448704815,
    "74": 12461.706894819477,
    "75": 24701.307742468038,
    "76": 2933.652009436964,
    "77": 25375.827046292936,
    "78": 16032.44700402729,
    "79": 1690.0167328474697,
    "80": 14090.018160844693,
    "81": 4644.015675256012,
    "82": 1974.4344811790113,
    "83": 22901.8905618551,
    "84": 20375.9161218535,
    "85": 29668.890093081507,
    "86": 23739.49870086985,
    "87": 31085.733942281266,
    "88": 2918.531086662862,
    "89": 30610.352763069583,
    "90": 1609.8121245609261,
    "91": 16622.29049113225,
    "92": 706.3012724070209,
    "93": 3978.3693151171083,
    "94": 5335.6027928985895,
    "95": 12378.902800731097,
    "96": 4916.854029533099,
    "97": 4235.204378493202,
    "98": 19811.37660529865,
    "99": 30651.487621301818,
    "100": 9330.915998142907,
    "101": 821.4132633151629,
    "102": 4348.427234149642,
    "103": 4974.509023716691,
    "104": 15346.261900181928,
    "105": 27121.62553894918,
    "106": 608.035940654476,
    "107": 10024.362529897673,
    "108": 24110.853330904287,
    "109": 10860.304298262241,
    "110": 19827.36973198423,
    "111": 3967.9253511888783,
    "112": 3247.056226395265,
    "113": 14224.182307356574,
    "114": 7550.945741915933,
    "115": 35443.283707115654,
    "116": 36732.52509565676,
    "117": 5774.710104908779,
    "118": 9584.66772497262,
    "119": 47862.62364148643,
    "120": 31473.271489211755
}