{
    "1": 4520.919533423014,
    "2": 14750.025840520704,
    "3": 2221.6337762697044,
    "4": 11947.1655248717,
    "5": 7387.876943539607,
    "6": 1625.989661246767,
    "7": 2364.678407478798,
    "8": 1194.1718017789633,
    "9": 2340.8244944873945,
    "10": 1534.4719555065121,
    "11": 1220.819916886824,
    "12": 2018.0813616778846,
    "13": 1651.4156177928685,
    "14": 1868.903143972589,
    "15": 16773.18618972289,
    "16": 9969.676902612353,
    "17": 1661.6798879206597,
    "18": 8210.900568185029,
    "19": 8638.629931426178,
    "20": 4252.954154226017,
    "21": 12288.43673701461,
    "22": 4457.025826910569,
    "23": 6530.0235737394605,
    "24": 742.6553077789677,
    "25": 518.3455004930307,
    "26": 6022.393001554292,
    "27": 4875.312350103168,
    "28": 7251.548705733242,
    "29": 2768.1444168605194,
    "30": 2434.525555655381,
    "31": 18585.29324636426,
    "32": 23256.318333119052,
    "33": 8599.712914212758,
    "34": 652.8217087622826,
    "35": 4767.967749325259,
    "36": 1415.975481516142,
    "37": 1653.7363346436196,
    "38": 8383.165278881395,
    "39": 1558.51015648358,
    "40": 12838.927045381382,
    "41": 6774.831986640413,
    "42": 41081.82702778682,
    "43": 4795.347101884886,
    "44": 15496.008165624069,
    "45": 15170.49932193917,
    "46": 13455.749602443631,
    "47": 18200.709290915307,
    "48": 14752.725476100602,
    "49": 2039.7114761105747,
    "50": 4733.859474524478,
    "51": 13550.88934938982,
    "52": 12566.858011179578,
    "53": 3957.772759325125,
    "54": 6593.964806186627,
    "55": 8022.951736319476,
    "56": 30317.28014173734,
    "57": 1694.7813361181554,
    "58": 1541.5702779790756,
    "59": 5443.0524671386665,
    "60": 1995.1889573379653,
    "61": 9431.885013950243,
    "62": 3723.213025099137,
    "63": 4314.88483529509,
    "64": 13462.239795061014,
    "65": 9960.14367589612,
    "66": 8561.987353464836,
    "67": 8056.615775262761,
    "68": 8731.503033926318,
    "69": 2412.96684507715,
    "70": 5656.112317468632,
    "71": 8183.298821204206,
    "72": 2776.4829159394244,
    "73": 2458.277840311982,
    "74": 11284.564142175843,
    "75": 7157.9253454101045,
    "76": 3167.7929144850036,
    "77": 3439.12716050569,
    "78": 4726.396898217917,
    "79": 342.73275094498473,
    "80": 25934.373718390478,
    "81": 1687.219223591624,
    "82": 17079.826648188107,
    "83": 14023.96989279711,
    "84": 8984.1795940148,
    "85": 8090.272412769816,
    "86": 9435.957493901296,
    "87": 3044.2783244036477,
    "88": 3453.6260204165,
    "89": 1056.2217363618497,
    "90": 6940.935036196088,
    "91": 14989.224548508744,
    "92": 1672.6825385892575,
    "93": 8567.375497213177,
    "94": 5562.324512937548,
    "95": 1018.3834961865459,
    "96": 3886.708980957814,
    "97": 13720.898331346638,
    "98": 694.1163293736937,
    "99": 10383.497165235463,
    "100": 3035.2692380968506,
    "101": 18134.893097861328,
    "102": 24781.48683786775,
    "103": 2116.045977893053,
    "104": 29075.507916975774,
    "105": 6018.91741008399,
    "106": 3626.0106209528676,
    "107": 301.9870519812498,
    "108": 6668.7294916817455,
    "109": 3339.4277187318216,
    "110": 13329.935021763684,
    "111": 5700.487799033959,
    "112": 6268.89902265734,
    "113": 682.4136142588166,
    "114": 9033.833005670276,
    "115": 13167.54594067193,
    "116": 16114.49852896617,
    "117": 5742.326688268625,
    "118": 10721.990783180596,
    "119": 594.617780671853,
    "120": 13134.610401465794,
    "121": 7004.798420389762,
    "122": 12569.521960768741,
    "123": 10412.367045345978,
    "124": 7520.091510674509,
    "125": 7224.994325701511,
    "126": 3015.193552599127,
    "127": 1923.9117521735677,
    "128": 1064.139040493196,
    "129": 7428.198525759064,
    "130": 15382.011597089766,
    "131": 1007.9219148412305,
    "132": 5249.181199012186,
    "133": 21663.484842485315,
    "134": 2319.923601749089,
    "135": 383.42981701547717,
    "136": 22330.19436707742,
    "137": 2481.6076108202446,
    "138": 14967.17584502235,
    "139": 9829.64968378666,
    "140": 4130.345425082927,
    "141": 4512.221335533503,
    "142": 19860.664391212842,
    "143": 11861.667006263588,
    "144": 17804.125967929343,
    "145": 12081.130101387098,
    "146": 9934.392040935772,
    "147": 2724.5116077166995,
    "148": 9496.52698733333,
    "149": 5926.779014750369,
    "150": 1165.0016859634627,
    "151": 16093.34809097737,
    "152": 3077.3783077606467,
    "153": 2953.8534187426826,
    "154": 2899.9267817209407,
    "155": 9353.200485754984,
    "156": 10497.81739066069,
    "157": 3447.131157937064,
    "158": 11551.439855362496,
    "159": 6418.486618387923,
    "160": 5778.395672245049,
    "161": 17284.378720139364,
    "162": 6178.44507411571,
    "163": 1199.433270163867,
    "164": 9001.956451543738,
    "165": 17394.80143394849,
    "166": 8061.402038519178,
    "167": 1315.815464143918,
    "168": 4098.449049768814,
    "169": 7130.307346687802,
    "170": 6382.214459929642,
    "171": 9656.584335360554,
    "172": 6162.0858407344,
    "173": 2539.288431389564,
    "174": 3039.889356597703,
    "175": 2667.385146137506,
    "176": 10138.050814085676,
    "177": 21283.25781690351,
    "178": 5576.4204962841595,
    "179": 9222.332052251435,
    "180": 2052.824269072124,
    "181": 1940.5605743661997,
    "182": 10718.764431499061,
    "183": 7028.982003517083,
    "184": 9409.468333034045,
    "185": 2893.3321525102,
    "186": 1462.7670833399006,
    "187": 5536.948198384352,
    "188": 5532.251468145011,
    "189": 1370.7930113025814,
    "190": 4505.248450310822,
    "191": 6131.111518572363,
    "192": 10100.318208283788,
    "193": 10344.01458793762,
    "194": 1448.1281211369194,
    "195": 5804.103079677768,
    "196": 15158.354025957777,
    "197": 1222.8818841782506,
    "198": 17604.07316103049,
    "199": 9872.521771631225,
    "200": 6786.803395736038,
    "201": 6215.596356729031,
    "202": 5653.243516071749,
    "203": 3932.746994561914,
    "204": 8098.513754743774,
    "205": 14991.310085567427,
    "206": 7663.779474924187,
    "207": 18522.00899765029,
    "208": 17234.228687938747,
    "209": 13695.091450349348,
    "210": 7239.134688052626,
    "211": 8212.406091606896,
    "212": 3683.7856848546317,
    "213": 2520.477871336692,
    "214": 7007.903660214576,
    "215": 5132.263246858043,
    "216": 2582.0833575493257,
    "217": 10002.681130650953,
    "218": 10050.622539650374,
    "219": 13741.62660264841,
    "220": 8702.22581446057,
    "221": 761.1517965939519,
    "222": 11679.972351946197,
    "223": 14423.919581804017,
    "224": 9700.778419385444,
    "225": 13125.583033482906,
    "226": 2791.8878379590938,
    "227": 32393.39399798821,
    "228": 21587.869424148095,
    "229": 15451.2790893729,
    "230": 6061.934523735572,
    "231": 5577.54764813725,
    "232": 34886.13565974028,
    "233": 561.1184134717632,
    "234": 3211.0215226958817,
    "235": 2055.1151275138777,
    "236": 18901.628399717007,
    "237": 17265.28748380592,
    "238": 12041.594594744989,
    "239": 1324.5996553869268,
    "240": 16883.606108615648,
    "241": 12987.594069015882,
    "242": 11781.01409973002,
    "243": 1507.037670453993,
    "244": 943.9234578036486,
    "245": 1458.6596436351094,
    "246": 2309.874599040323,
    "247": 907.7347789471754,
    "248": 5416.915348820148,
    "249": 1253.0533464401626,
    "250": 42201.45838453277,
    "251": 3082.725769795131,
    "252": 14590.301341961376,
    "253": 3099.025477182445,
    "254": 502.0459786736882,
    "255": 5885.57907583995,
    "256": 7520.610156401215,
    "257": 5348.222104556898,
    "258": 19714.555028149018,
    "259": 21989.973461104055,
    "260": 10084.952834615106,
    "261": 7183.883811715955,
    "262": 12832.798459141397,
    "263": 25689.246790582813,
    "264": 18708.872039453006,
    "265": 3175.1874647007517,
    "266": 10263.682561953845,
    "267": 8144.993590029397,