{
    "1": 3133.7912807564785,
    "2": 9012.89545115128,
    "3": 2425.3795145228282,
    "4": 12572.922929552102,
    "5": 1434.1389851396814,
    "6": 3427.7011392126346,
    "7": 1145.6280543682894,
    "8": 21120.676938741806,
    "9": 1643.497666382037,
    "10": 14131.069307755222,
    "11": 12199.88929592468,
    "12": 25258.40672033824,
    "13": 15551.41202207814,
    "14": 14946.681178552895,
    "15": 16488.594627645787,
    "16": 24127.1210918854,
    "17": 704.3178775239963,
    "18": 854.2852666329101,
    "19": 1191.1147041473928,
    "20": 22623.618870775732,
    "21": 2398.155166532714,
    "22": 24460.97094013792,
    "23": 2957.826779864117,
    "24": 7062.82367698424,
    "25": 4962.333546420187,
    "26": 5296.474225385953,
    "27": 10307.04847706156,
    "28": 6597.0851412250695,
    "29": 2124.2239506055994,
    "30": 1504.4613776046483,
    "31": 37854.26678819174,
    "32": 5539.71723517813,
    "33": 16503.90684172023,
    "34": 9271.143663451077,
    "35": 35219.51127421632,
    "36": 20257.562331829446,
    "37": 2093.2722601195164,
    "38": 16699.85242675711,
    "39": 19685.921589431982,
    "40": 8807.060165413452,
    "41": 9501.346847558332,
    "42": 19558.09528565078,
    "43": 3246.136335847975,
    "44": 1342.0143613658074,
    "45": 26364.04552766554,
    "46": 42446.95076578423,
    "47": 10609.243732284443,
    "48": 1843.6633280410854,
    "49": 1370.9345413702886,
    "50": 10234.990646227418,
    "51": 3418.2288671389488,
    "52": 1002.6981169210978,
    "53": 3509.3650988700088,
    "54": 32017.59175066561,
    "55": 18407.398304646355,
    "56": 3300.1461050568964,
    "57": 2548.8635584411395,
    "58": 4330.274101665491,
    "59": 9823.408138312034,
    "60": 1024.2477859944302,
    "61": 7541.245935041234,
    "62": 2129.421742249752,
    "63": 15524.028242429931,
    "64": 9018.476445765262,
    "65": 2771.9290889430263,
    "66": 13672.280621560454,
    "67": 2382.138915759,
    "68": 20216.93742111573,
    "69": 14958.980809575292,
    "70": 553.4105959552166,
    "71": 29935.359779255738,
    "72": 3289.938796524032,
    "73": 28452.70656393851,
    "74": 3442.1875261034356,
    "75": 21772.86105281433,
    "76": 17380.284697964165,
    "77": 11234.093837555545,
    "78": 5648.47372540338,
    "79": 7847.884658725723,
    "80": 8501.072205684804,
    "81": 1999.5566344574083,
    "82": 7792.78015391798,
    "83": 6624.307935503762,
    "84": 1119.670744519873,
    "85": 9821.10822400252,
    "86": 764.0674074985055,
    "87": 4283.467229029474,
    "88": 7136.264663674558,
    "89": 13854.28430234911,
    "90": 1602.4460279299847,
    "91": 3506.872595359267,
    "92": 8232.30081962535,
    "93": 5622.080526192648,
    "94": 2209.860606678131,
    "95": 5345.392732125575,
    "96": 15143.760420448143,
    "97": 4338.630223492083,
    "98": 20613.01174126602,
    "99": 10618.307075298862,
    "100": 3301.554738183465,
    "101": 9378.659722436649,
    "102": 3173.415074615244,
    "103": 12469.111038833415,
    "104": 3221.587784836737,
    "105": 2719.616616484841,
    "106": 7882.357472606059,
    "107": 3990.287142201933,
    "108": 11441.445232592341,
    "109": 2594.926605679061,
    "110": 5008.861721256579,
    "111": 5063.14417605133,
    "112": 10918.772169300499,
    "113": 6447.996322610339,
    "114": 10326.615568454703,
    "115": 29702.06895832706,
    "116": 2545.2511973779906,
    "117": 12632.138769124771,
    "118": 2711.1482107835295,
    "119": 2756.5468548558,
    "120": 1935.689014581377,
    "121": 7522.041231627107,
    "122": 6730.6236169180875,
    "123": 1283.8479605773514,
    "124": 7105.139715738032,
    "125": 7853.502438422046,
    "126": 8138.228414327847,
    "127": 4411.708070215834,
    "128": 20824.991315911186,
    "129": 4071.466308619438,
    "130": 4770.802518160971,
    "131": 7172.056032935462,
    "132": 1203.5181035154499,
    "133": 9981.504091161272,
    "134": 4925.671795454572,
    "135": 1818.1247633091873,
    "136": 1024.9972260737752,
    "137": 14863.131491333703,
    "138": 2530.8707761153983,
    "139": 7487.566147097893,
    "140": 6176.873113911083,
    "141": 10177.121983090152,
    "142": 1370.6857723940236,
    "143": 10442.525694541753,
    "144": 4656.469164771621,
    "145": 2077.052624665529,
    "146": 168.32194737642823,
    "147": 12833.874334161104,
    "148": 5333.588227022865,
    "149": 9379.540381790543,
    "150": 2090.626825609648,
    "151": 25270.86731428198,
    "152": 2833.626733772487,
    "153": 1202.261221871657,
    "154": 1405.864641660752,
    "155": 7734.589776794043,
    "156": 10085.355953241049,
    "157": 7195.627644095031,
    "158": 2677.1672476464996,
    "159": 8447.076474933225,
    "160": 7878.418057459558,
    "161": 6249.998241781948,
    "162": 1392.4939676844597,
    "163": 1019.5126147608984,
    "164": 4337.734675199657,
    "165": 1779.393227680679,
    "166": 1162.1599380464545,
    "167": 10672.642924950493,
    "168": 18922.340182171567,
    "169": 10684.281554777725,
    "170": 9696.186847854022,
    "171": 3981.2900309450997,
    "172": 2036.4499135351596,
    "173": 14158.89751901584,
    "174": 3054.588961584207,
    "175": 10877.320092314265,
    "176": 17120.31689941154,
    "177": 1409.8951430941484,
    "178": 1853.89651503148,
    "179": 3123.373707008699,
    "180": 19928.363783998666,
    "181": 2592.8568325226056,
    "182": 8950.469985234922,
    "183": 16589.158439767565,
    "184": 313.2770925025724,
    "185": 10411.236944375294,
    "186": 15089.471834806218,
    "187": 5664.908333608696,
    "188": 1321.0230030458947,
    "189": 9347.934700043106,
    "190": 12947.959873004216,
    "191": 19211.634223854802,
    "192": 15914.136994284407,
    "193": 2889.03698336856,
    "194": 4859.751404390374,
    "195": 2065.1498432323506,
    "196": 6598.873361186125,
    "197": 7410.161739310418,
    "198": 7699.262568365432,
    "199": 14743.04168788427,
    "200": 3203.618783151474,
    "201": 9528.126994757233,
    "202": 2146.277538495841,
    "203": 9037.544807786586,
    "204": 6384.360866285355,
    "205": 1701.0518620854582,
    "206": 11321.0550302369,
    "207": 520.5549302012348,
    "208": 273.8067044867439,
    "209": 3311.001239492113,
    "210": 13013.668863058469,
    "211": 17121.56828392006,
    "212": 519.5145207670015,
    "213": 6034.888906687721,
    "214": 28139.006136236025,
    "215": 1704.3750421744405,
    "216": 16018.073181052961,
    "217": 7327.392812080572,
    "218": 16051.518390358826,
    "219": 12083.409282844206,
    "220": 14119.05335595044,
    "221": 13880.041010493447,
    "222": 15970.583682225486,
    "223": 8474.64525554438,
    "224": 1263.9375719919499,
    "225": 816.7445842162796,
    "226": 3097.5242200559114,
    "227": 12546.635748739018,
    "228": 5443.703282092256,
    "229": 3891.575093541195,
    "230": 31071.66709319712,
    "231": 4947.338182423203,
    "232": 17122.475673661418,
    "233": 13334.619886390476,
    "234": 18872.88367286252,
    "235": 5398.041275956238,
    "236": 12415.821568773756,
    "237": 1651.4329875866913,
    "238": 18799.393117935328,
    "239": 11836.547927131982,
    "240": 18252.152021820333,
    "241": 1002.4324856410394,
    "242": 9607.829689425604,
    "243": 1405.1245193610746,
    "244": 4951.3779171067345,
    "245": 3836.9593309058355,
    "246": 7079.2911648884065,
    "247": 9539.310564878073,
    "248": 4453.342378110694,
    "249": 6213.760631877703,
    "250": 2906.372836559093,
    "251": 31561.571099668556,
    "252": 12631.959503944598,
    "253": 1903.3014275515916,
    "254": 9353.395671783543,
    "255": 16698.130201574564,
    "256": 7023.223536980314,
    "257": 1855.042429847878,
    "258": 3177.2513191853627,
    "259": 7521.922777315382,
    "260": 7475.926651940278,
    "261": 18052.212138812483,
    "262": 2700.8874133950662,
    "263": 6682.642914058235,
    "264": 4796.7973689894125,
    "265": 16233.073275892284,
    "266": 2077.7300983265905,