{
    "1": 18190.588338276495,
    "2": 43440.26895594473,
    "3": 48894.27641051892,
    "4": 14437.10902481168,
    "5": 11342.814874608415,
    "6": 17439.574642003456,
    "7": 12776.226444507916,
    "8": 5850.194326729653,
    "9": 52220.98021444209,
    "10": 19946.772401655882,
    "11": 362.97315640426297,
    "12": 22966.491771933066,
    "13": 3120.4073281154388,
    "14": 20908.38317195294,
    "15": 10419.503603112715,
    "16": 14622.878190228972,
    "17": 25800.80773157701,
    "18": 7506.705466301802,
    "19": 1822.4872295256446,
    "20": 20142.763457888654,
    "21": 27967.688755405066,
    "22": 1684.3773864795155,
    "23": 6100.511545612866,
    "24": 23985.513223428323,
    "25": 18513.689429526257,
    "26": 18285.217910997562,
    "27": 25638.18747101245,
    "28": 20674.094763683785,
    "29": 2783.847458863195,
    "30": 11390.545527897082,
    "31": 20658.05222548937,
    "32": 22316.336790893914,
    "33": 2775.628827724466,
    "34": 7209.81597207683,
    "35": 20912.249197134177,
    "36": 29864.447449268395,
    "37": 12086.238258744312,
    "38": 668.9088951964726,
    "39": 34900.586631445505,
    "40": 2306.0778774829387,
    "41": 5705.156885605476,
    "42": 2804.908169940515,
    "43": 46740.355815636794,
    "44": 23055.435971081763,
    "45": 6377.1738598929005,
    "46": 13494.217484999037,
    "47": 20272.805261714173,
    "48": 5512.065145450091,
    "49": 8680.81342560871,
    "50": 12815.01720337048,
    "51": 26823.433777589253,
    "52": 6904.291879958609,
    "53": 22484.47044278847,
    "54": 6725.220591851816,
    "55": 22744.919439453373,
    "56": 15481.806333166347,
    "57": 13808.040611174909,
    "58": 26486.792183389534,
    "59": 7478.913860953429,
    "60": 22511.57283481072,
    "61": 9789.157284057446,
    "62": 37290.83848034382,
    "63": 28923.15015994164,
    "64": 9742.359293650445,
    "65": 20167.77189197092,
    "66": 24624.509845375807,
    "67": 10199.13372504778,
    "68": 6796.882170853232,
    "69": 11143.068116827619,
    "70": 18672.82972844417,
    "71": 9064.536575474025,
    "72": 24425.021721296718,
    "73": 9112.787847581805,
    "74": 1360.9812889215518,
    "75": 27369.845964178487,
    "76": 24922.628742367637,
    "77": 37353.40191484342,
    "78": 15411.757105026432,
    "79": 676.2743462524686,
    "80": 23587.202064684876,
    "81": 31017.326303933987,
    "82": 16574.160513671435,
    "83": 39277.70327583355,
    "84": 23583.26860691963,
    "85": 17358.143614261317,
    "86": 14982.08327944721,
    "87": 8329.945333894098,
    "88": 17819.021330123778,
    "89": 19016.808440994777,
    "90": 20482.290736431223,
    "91": 37620.42011848946,
    "92": 20819.536408195156,
    "93": 3758.7191745010277,
    "94": 3177.129868024065,
    "95": 488.8393558678048,
    "96": 9644.553477005342,
    "97": 1890.387148393342,
    "98": 40683.76279957529,
    "99": 2239.4719021908063,
    "100": 3754.063410367468,
    "101": 34216.013023769716,
    "102": 6437.32342766179,
    "103": 5340.572641765493,
    "104": 9728.028756062546,
    "105": 25030.7410277872,
    "106": 11313.43790778199,
    "107": 20818.976094143054,
    "108": 6987.4556434972665,
    "109": 29207.59540330196,
    "110": 1708.2398831589796
}