{
    "1": 24696.19751457451,
    "2": 9545.265548501886,
    "3": 6851.223074981281,
    "4": 2611.3868959077267,
    "5": 1999.7603015478487,
    "6": 1422.9777786232128,
    "7": 2383.884391197079,
    "8": 3626.994573427579,
    "9": 20800.467577344156,
    "10": 16286.150925996451,
    "11": 18168.080060016087,
    "12": 6312.172510442179,
    "13": 4170.49435871008,
    "14": 33546.251246569496,
    "15": 144.68575466743422,
    "16": 18861.16834458926,
    "17": 3273.4477770114104,
    "18": 1159.9530914970107,
    "19": 5028.207392333515,
    "20": 14954.45491249186,
    "21": 18404.5110299516,
    "22": 3185.509591178462,
    "23": 7620.169997170045,
    "24": 3408.9213829610844,
    "25": 7600.460109995221,
    "26": 1880.5699987477412,
    "27": 13693.73552982091,
    "28": 4255.168767884101,
    "29": 10754.701598250294,
    "30": 6140.789251821225,
    "31": 13144.326622439541,
    "32": 1712.2872771172215,
    "33": 6808.097849414996,
    "34": 2412.5277824858754,
    "35": 4271.8517258842785,
    "36": 14288.472581664919,
    "37": 11395.054112660851,
    "38": 6394.9223695167875,
    "39": 3095.560830816261,
    "40": 17653.49168868243,
    "41": 2381.204536182339,
    "42": 7646.018262922157,
    "43": 27576.079599036704,
    "44": 12676.013682115343,
    "45": 1755.1844798503996,
    "46": 7759.562347322238,
    "47": 7763.047024593909,
    "48": 3433.869090328713,
    "49": 41376.3806206955,
    "50": 3782.983249119756,
    "51": 15362.516254263415,
    "52": 23309.64935544279,
    "53": 10921.687230545234,
    "54": 1657.8374236446741,
    "55": 1577.160377161556,
    "56": 1113.7643857296487,
    "57": 17319.301530712917,
    "58": 2004.8680599049233,
    "59": 20764.424229800694,
    "60": 4475.229517408272,
    "61": 13603.390065682792,
    "62": 6139.05407242585,
    "63": 9099.287818452969,
    "64": 2694.6887424836923,
    "65": 1189.759305899455,
    "66": 3484.5567437512,
    "67": 3988.741918797213,
    "68": 2902.551849419197,
    "69": 7942.7050501281265,
    "70": 10446.148054545083,
    "71": 7439.855755427444,
    "72": 4761.988616877201,
    "73": 23007.153486282816,
    "74": 21414.042013942784,
    "75": 8533.77836553545,
    "76": 9868.1719871774,
    "77": 6930.882636871512,
    "78": 9527.81163044105,
    "79": 3179.167758554693,
    "80": 29515.20253350667,
    "81": 14305.294822022262,
    "82": 8833.796503107025,
    "83": 21309.792272058676,
    "84": 4868.238336812292,
    "85": 10748.883861792696,
    "86": 7196.103105620989,
    "87": 3073.96391311517,
    "88": 6636.804938152851,
    "89": 1028.3661712005282,
    "90": 2344.3097295991383,
    "91": 32053.603341314432,
    "92": 1849.5757744508535,
    "93": 2876.845396858538,
    "94": 1593.7793386146398,
    "95": 710.2199390368747,
    "96": 1044.5927816651756,
    "97": 7432.5850762194095,
    "98": 7417.677965618679,
    "99": 3143.6777045578247,
    "100": 5017.574350561099,
    "101": 1467.159041061144,
    "102": 7812.949669969374,
    "103": 19826.355952686114,
    "104": 5627.183628172798,
    "105": 4719.941161493238,
    "106": 15548.811405004171,
    "107": 3554.6087033226217,
    "108": 6076.2018534995495,
    "109": 1805.9790192647856,
    "110": 2507.3921651661944,
    "111": 4781.4241744751425,
    "112": 10321.874353471612,
    "113": 26272.890541334073,
    "114": 2843.639846186591,
    "115": 3794.2045446994853,
    "116": 4523.356449190487,
    "117": 11684.909474829394,
    "118": 15232.749566723394,
    "119": 1109.7504291902637,
    "120": 2636.952812334833,
    "121": 12751.159316563642,
    "122": 17712.64987265671,
    "123": 8108.273330775986,
    "124": 2419.6810237692007,
    "125": 1456.7163142891702,
    "126": 12669.050376825577,
    "127": 2636.278341670172,
    "128": 135.49966156666216,
    "129": 1846.3616891710317,
    "130": 23775.938525256708,
    "131": 10445.580744062161,
    "132": 5907.599131384542,
    "133": 467.5295022101203,
    "134": 3822.121956812337,
    "135": 36009.210868793154,
    "136": 3268.169328656157,
    "137": 10662.195740766605,
    "138": 2263.363479056006,
    "139": 3423.0105487644037,
    "140": 7391.4425463648695,
    "141": 2042.7999051260733,
    "142": 9369.08082085397,
    "143": 5153.078647741257,
    "144": 17972.110684227464,
    "145": 7048.416319701149,
    "146": 1500.654524953603,
    "147": 3230.3937785320913,
    "148": 5261.433285434666,
    "149": 14444.499852899571,
    "150": 9431.41758748826,
    "151": 5576.259666389995,
    "152": 14269.488730982974,
    "153": 2101.7235066908083,
    "154": 6477.814927220043,
    "155": 19398.742183514976,
    "156": 15591.88524432415,
    "157": 10458.850817861978,
    "158": 1108.842861634278,
    "159": 8593.73186379691,
    "160": 4358.168648525147,
    "161": 1469.363586373974,
    "162": 20631.84023046852,
    "163": 3642.8955957236562,
    "164": 2223.0650656231846,
    "165": 5772.412637502053,
    "166": 2100.4059681462795,
    "167": 10318.551222649186,
    "168": 4909.733630439641,
    "169": 2171.582809462741,
    "170": 3032.0695386905363,
    "171": 5223.36249238176,
    "172": 29313.448680967536,
    "173": 6160.901822003711,
    "174": 23234.225008515383,
    "175": 18615.23194576273,
    "176": 12818.577790375657,
    "177": 627.8849762348702,
    "178": 15685.708864380527,
    "179": 10146.79975116011,
    "180": 8417.566432942876,
    "181": 1888.2442065959676,
    "182": 1255.5449403510688,
    "183": 757.0234949943695,
    "184": 4093.8811185058785,
    "185": 5020.499241440119,
    "186": 10340.178054821696,
    "187": 10482.406407857266,
    "188": 3208.5583122957605,
    "189": 7341.312062667654,
    "190": 3030.9348432422676,
    "191": 2453.8405434086885,
    "192": 2444.0327301188177,
    "193": 8476.673271569109,
    "194": 9727.203282871533,
    "195": 2561.4425787808323,
    "196": 1465.7529181542002,
    "197": 13095.313687737691,
    "198": 13156.133720903415,
    "199": 16655.62618476664,
    "200": 5813.475061669928,
    "201": 18293.28691295576,
    "202": 24864.505712819508,
    "203": 14609.874790995054,
    "204": 1285.4884458964764,
    "205": 1802.800962508671,
    "206": 2454.7255378493246,
    "207": 3265.1103641347468,
    "208": 971.9498587334834,
    "209": 2347.1590052989463,
    "210": 27006.63860287882,
    "211": 12502.399692014576,
    "212": 5199.1528582672745,
    "213": 13449.36396844386,
    "214": 9948.467549197003,
    "215": 11823.692390933575,
    "216": 930.007598374557,
    "217": 10390.420442884782,
    "218": 1571.3205767615382,
    "219": 8136.305965434888,
    "220": 20228.163784490753,
    "221": 7624.371531866211,
    "222": 9285.980804863466,
    "223": 5313.101292985381,
    "224": 6840.888614022195,
    "225": 13937.005160327411,
    "226": 3884.3984736710026,
    "227": 459.2935765652803,
    "228": 1453.8968907802393,
    "229": 14139.079942514674,
    "230": 5743.356594209965,
    "231": 16197.23805879921,
    "232": 3950.277598858938,
    "233": 13257.947329912266,
    "234": 11201.469285852627,
    "235": 14288.007057339006,
    "236": 4962.070453085506,
    "237": 14830.57092029785,
    "238": 6485.53908421852,
    "239": 17437.75315237341,
    "240": 9892.642277078477,
    "241": 2407.0113224387633,
    "242": 2874.9635156571403,
    "243": 6427.234837135702,
    "244": 1328.8112316451488,
    "245": 14876.118225831262,
    "246": 20997.967971878537,
    "247": 7376.882718945983,
    "248": 6936.428225457666,
    "249": 3942.825602883533,
    "250": 1272.2861663808824,
    "251": 1406.7252919027028,
    "252": 20322.116968086328,
    "253": 5994.641907739267,
    "254": 1164.957175552222,
    "255": 2680.1860150396747,
    "256": 2584.34364308605,
    "257": 7445.647247195634,
    "258": 10415.419113817508,
    "259": 11317.457533514065,
    "260": 17694.569010638425,
    "261": 5621.372162920239,
    "262": 10272.81865585554,
    "263": 7540.460117505766,
    "264": 2292.324654173198,
    "265": 13819.803169605606,
    "266": 1742.6658967782273,