{
    "1": 14088.990739775683,
    "2": 30904.106920204867,
    "3": 23557.290799132355,
    "4": 26273.262649598306,
    "5": 30892.344163508336,
    "6": 13778.3157402902,
    "7": 16892.59134029415,
    "8": 27084.179896485213,
    "9": 10212.647549009162,
    "10": 10500.1719981987,
    "11": 1465.1996779567517,
    "12": 2352.25253926176,
    "13": 10129.77106487726,
    "14": 23197.310431452603,
    "15": 2222.239174453342,
    "16": 2031.4232224188963,
    "17": 14888.249510839407,
    "18": 28345.515911846676,
    "19": 14129.170758544087,
    "20": 24242.219568717683,
    "21": 16360.486912988386,
    "22": 37040.92490390905,
    "23": 34983.123768122,
    "24": 2930.301003615162,
    "25": 9985.162489338596,
    "26": 34753.2892635589,
    "27": 9886.966555392823,
    "28": 9681.569648009972,
    "29": 20362.17955166065,
    "30": 6915.940025775159,
    "31": 26810.408281096017,
    "32": 25056.791968317917,
    "33": 4700.902115646873,
    "34": 17723.70921181349,
    "35": 19355.408736245186,
    "36": 3197.7456527899953,
    "37": 13116.288370589566,
    "38": 10465.640764101967,
    "39": 5089.612646105856,
    "40": 40675.04030668833,
    "41": 12687.836405770884,
    "42": 5323.464797217955,
    "43": 15530.198416425947,
    "44": 14394.342391665634,
    "45": 10709.741042494697,
    "46": 22220.858732749555,
    "47": 14378.182183127185,
    "48": 7254.5623413256435,
    "49": 1745.4613194703668,
    "50": 12305.255864399169,
    "51": 32129.519766644924,
    "52": 29443.543921379867,
    "53": 17401.550224674815,
    "54": 22030.532379856988,
    "55": 8187.591961095798,
    "56": 13099.96690780035,
    "57": 48840.50736053548,
    "58": 9281.260899799638,
    "59": 3109.8510321972885,
    "60": 23918.659736864487,
    "61": 25929.402463921077,
    "62": 33022.417246232806,
    "63": 16022.560386541541,
    "64": 461.0908520736722,
    "65": 50163.07624866582,
    "66": 31855.409388228065,
    "67": 13483.089711946499,
    "68": 22333.54376776458,
    "69": 40008.52450249159,
    "70": 40640.65276069661,
    "71": 30373.178588624563,
    "72": 4498.313560128136,
    "73": 21514.15638872647,
    "74": 11001.697545735426,
    "75": 2813.2006103036424,
    "76": 3957.525131905705,
    "77": 17941.17723085828,
    "78": 23624.452784250636,
    "79": 12771.809580048073,
    "80": 3916.3635327403003,
    "81": 16439.43216558948,
    "82": 8783.856637868637,
    "83": 10166.226188437015,
    "84": 5726.830623728962,
    "85": 26089.749167121285,
    "86": 4175.149574090715,
    "87": 11168.298029910064,
    "88": 13136.575406902724,
    "89": 19855.648742953697,
    "90": 10231.181140054012,
    "91": 2491.8321659839166,
    "92": 9944.164968935971,
    "93": 4825.736122513142,
    "94": 25238.937875408916,
    "95": 33542.024357394934,
    "96": 13110.706334525463,
    "97": 1059.6472898785753,
    "98": 29382.57546472629,
    "99": 12821.254942156924,
    "100": 13933.285630776512,
    "101": 1469.2268344444183,
    "102": 14785.9307604375,
    "103": 1603.1728110361191,
    "104": 41566.87295447511,
    "105": 3749.1380805794706,
    "106": 29838.8642284787,
    "107": 21154.643774886183,
    "108": 10383.030244138276,
    "109": 24953.02363800194,
    "110": 5540.766950520338
}