{
    "1": 7666.141265027729,
    "2": 10721.633630585311,
    "3": 12332.833009275617,
    "4": 8659.354179413269,
    "5": 27405.92867253806,
    "6": 2917.5708143621705,
    "7": 16391.07697537125,
    "8": 42079.870847968625,
    "9": 10374.6558979071,
    "10": 4580.55518629537,
    "11": 8001.430473159404,
    "12": 22207.73424706036,
    "13": 2991.6481289111985,
    "14": 3332.951035660552,
    "15": 9917.713169734503,
    "16": 38437.537983777016,
    "17": 18357.98859069246,
    "18": 7925.090761913175,
    "19": 16334.77797488311,
    "20": 3485.9463006794044,
    "21": 4440.542618828562,
    "22": 1885.4886996759574,
    "23": 7422.078761742282,
    "24": 21203.14929221845,
    "25": 30129.99929013521,
    "26": 9808.255858726789,
    "27": 8991.240061566989,
    "28": 3749.287308391842,
    "29": 44533.321369231315,
    "30": 7875.911830621826,
    "31": 11889.729713230307,
    "32": 27454.13313476829,
    "33": 10117.587462695494,
    "34": 980.4295735380845,
    "35": 711.7734991130402,
    "36": 5487.339731367028,
    "37": 15665.396052237116,
    "38": 28158.566881410796,
    "39": 18256.248031060004,
    "40": 19863.459367053252,
    "41": 5159.5614800483,
    "42": 5755.863952508288,
    "43": 6359.914758153208,
    "44": 26695.343076968824,
    "45": 29302.355027876125,
    "46": 15800.962554348562,
    "47": 33360.24370931029,
    "48": 15691.276660736452,
    "49": 11645.099089222127,
    "50": 1787.5749315904177,
    "51": 37849.48926719721,
    "52": 11770.928351596396,
    "53": 51929.840957198896,
    "54": 3220.1785527269208,
    "55": 22318.25949230011,
    "56": 11553.945382849182,
    "57": 7259.423041415468,
    "58": 26176.869545719368,
    "59": 5652.130672938473,
    "60": 8901.259605100733,
    "61": 15398.805409141047,
    "62": 27161.061051196113,
    "63": 25595.092926655445,
    "64": 5181.775201569278,
    "65": 3779.1733682109193,
    "66": 25817.90132588684,
    "67": 11890.198824514635,
    "68": 8412.953942251232,
    "69": 15774.552035996583,
    "70": 16310.593273261738,
    "71": 10724.731469108174,
    "72": 37447.14907220059,
    "73": 7622.764882959384,
    "74": 22576.29279206544,
    "75": 1242.2344151981197,
    "76": 4875.945909601521,
    "77": 2108.5282967415014,
    "78": 10374.651370991249,
    "79": 13505.04308398943,
    "80": 7778.836268350537,
    "81": 19502.951929564537,
    "82": 2533.25195473726,
    "83": 14867.411440337923,
    "84": 20893.24627679382,
    "85": 34805.678199549315,
    "86": 16337.300382988726,
    "87": 19146.29493545887,
    "88": 1801.469667542251,
    "89": 15918.867059600172,
    "90": 10268.093714581315,
    "91": 23456.56486802055,
    "92": 1206.4119732789543,
    "93": 9633.697987590916,
    "94": 900.2632989458724,
    "95": 21878.733754329078,
    "96": 11018.680916058387,
    "97": 4326.008617024982,
    "98": 3281.2869813425896,
    "99": 3268.059199422233,
    "100": 29546.742874035233,
    "101": 30131.105567983996,
    "102": 37668.12369402965,
    "103": 46061.020155441605,
    "104": 9525.90670523702,
    "105": 17160.16764325101,
    "106": 22790.915754139965,
    "107": 10300.811733378305,
    "108": 1011.2413849235388,
    "109": 36545.806554745854,
    "110": 22592.162374395004,
    "111": 20263.38730470756,
    "112": 16133.267585390116,
    "113": 15711.340073753963,
    "114": 9414.393444062855,
    "115": 26099.601393061774,
    "116": 3173.2406276595448,
    "117": 6628.942098540745,
    "118": 26725.68628832406,
    "119": 16856.704513056284,
    "120": 16062.50646510198
}