{
    "1": 1420.1627319124445,
    "2": 12872.505532281328,
    "3": 7101.572265938865,
    "4": 34247.53568777909,
    "5": 1352.8884496934584,
    "6": 11368.932175607908,
    "7": 8085.3571866284465,
    "8": 19463.07069176656,
    "9": 56320.13346973042,
    "10": 34155.99651912712,
    "11": 16542.582596543496,
    "12": 20063.861025049173,
    "13": 6734.883864982145,
    "14": 26462.49624696773,
    "15": 30144.004362068492,
    "16": 9644.71040706129,
    "17": 1105.722250138423,
    "18": 7375.657790092626,
    "19": 7907.625686978689,
    "20": 2148.7934916597633,
    "21": 11362.193555836917,
    "22": 5779.4593998498785,
    "23": 20595.700302108147,
    "24": 3799.680041670216,
    "25": 52964.29261369967,
    "26": 33281.592246473876,
    "27": 11871.115186432417,
    "28": 11388.745493057102,
    "29": 10152.400428667315,
    "30": 42421.017832055324,
    "31": 16016.41370710591,
    "32": 1944.7508838424033,
    "33": 3739.9647180540505,
    "34": 15096.183813123107,
    "35": 3540.8882293266447,
    "36": 13070.311007349484,
    "37": 18059.461091832043,
    "38": 14226.474126489595,
    "39": 27042.602313343545,
    "40": 2900.6668732589196,
    "41": 24486.809912997272,
    "42": 6703.491475866568,
    "43": 24270.295644853373,
    "44": 16391.879925024234,
    "45": 11142.823680056837,
    "46": 5865.666792210473,
    "47": 7817.678993908558,
    "48": 9199.64497813927,
    "49": 21556.548304310865,
    "50": 15164.838877809367,
    "51": 18175.566368859858,
    "52": 941.0548107298758,
    "53": 15839.60116749586,
    "54": 39403.03915034064,
    "55": 20344.411335058077,
    "56": 9531.672479824409,
    "57": 18950.915936456684,
    "58": 130.5857763855104,
    "59": 3648.1492370303317,
    "60": 12699.46407790747,
    "61": 4232.020394903904,
    "62": 10394.068846603457,
    "63": 11571.160380509957,
    "64": 4753.915952533681,
    "65": 10040.737974108073,
    "66": 25203.506580793186,
    "67": 17520.328424110307,
    "68": 3547.5796452169457,
    "69": 17203.761268853024,
    "70": 28719.920139182297,
    "71": 14898.669883772332,
    "72": 27000.81659466859,
    "73": 15536.795167767023,
    "74": 5247.065433968516,
    "75": 16924.705952353823,
    "76": 19009.505448842214,
    "77": 2927.735136814484,
    "78": 22357.08367910961,
    "79": 7881.652218489628,
    "80": 28761.26774699989,
    "81": 11926.880983230825,
    "82": 7468.991129438626,
    "83": 23265.530626718613,
    "84": 17156.516969635624,
    "85": 23544.425566325735,
    "86": 17541.397606646166,
    "87": 49995.822622707616,
    "88": 15303.791986164339,
    "89": 10763.627664546428,
    "90": 18902.289503912503,
    "91": 12237.534422499668,
    "92": 2103.726584434972,
    "93": 18604.875378691904,
    "94": 7625.612590847913,
    "95": 6750.50861991369,
    "96": 16734.492712086987,
    "97": 8470.926129740948,
    "98": 15673.705726420958,
    "99": 19038.364610353514,
    "100": 26600.657438689268,
    "101": 24771.451329238953,
    "102": 14145.342993124686,
    "103": 18463.483374247113,
    "104": 21378.27649614506,
    "105": 9512.579292409324,
    "106": 6674.867193320976,
    "107": 26480.129027350482,
    "108": 9226.85223559857,
    "109": 35186.81495765732,
    "110": 14870.375282593603
}