{
    "1": 15192.558880983364,
    "2": 2805.4980024642596,
    "3": 17238.93243784284,
    "4": 6196.396970675881,
    "5": 9569.604910352646,
    "6": 9267.312656831948,
    "7": 4167.672868976653,
    "8": 10307.92472868219,
    "9": 8756.548632647582,
    "10": 1404.3429263793557,
    "11": 15727.471762783876,
    "12": 2451.303911516533,
    "13": 5410.640302116766,
    "14": 6995.151132506201,
    "15": 9533.525434626115,
    "16": 7827.925802369499,
    "17": 2081.8405448461367,
    "18": 6779.217063111754,
    "19": 20796.517932684757,
    "20": 2692.7169645676927,
    "21": 4928.235961855043,
    "22": 28971.49442345993,
    "23": 2017.6766322466992,
    "24": 13294.670668374512,
    "25": 17369.640889615544,
    "26": 21952.927523873997,
    "27": 5630.302048178426,
    "28": 5186.508999219463,
    "29": 2317.700064345023,
    "30": 297.33754031557254,
    "31": 7878.960031896755,
    "32": 1543.161756137693,
    "33": 1616.9594382892517,
    "34": 1490.2283435047675,
    "35": 6882.518383497131,
    "36": 3786.4574263923305,
    "37": 9375.95063780507,
    "38": 4850.269667790708,
    "39": 6645.305933628458,
    "40": 23519.598542823263,
    "41": 41143.67435385847,
    "42": 6057.2081647095365,
    "43": 10145.83307852107,
    "44": 13115.912469290812,
    "45": 4239.168592749963,
    "46": 4543.565143235424,
    "47": 9825.550053605568,
    "48": 6919.99438148118,
    "49": 4381.326902554783,
    "50": 4426.767227436182,
    "51": 4248.448199598805,
    "52": 2331.117827121624,
    "53": 1039.8660573646346,
    "54": 1370.2498731841392,
    "55": 4377.479136151557,
    "56": 3201.476816605267,
    "57": 1998.749133850527,
    "58": 2317.24101418664,
    "59": 18440.351057153108,
    "60": 4245.158886850084,
    "61": 1320.4959300911805,
    "62": 4786.185248965187,
    "63": 1821.3758107754718,
    "64": 26948.60820786478,
    "65": 17005.822654719006,
    "66": 17350.805762167514,
    "67": 15929.852702994873,
    "68": 14180.0549174937,
    "69": 954.5178793239958,
    "70": 11931.21692346813,
    "71": 8570.28041856515,
    "72": 23584.117824155357,
    "73": 13110.38678954423,
    "74": 1619.2265189654356,
    "75": 13657.76551299159,
    "76": 1516.8003234761334,
    "77": 13349.77867824686,
    "78": 23790.606849522082,
    "79": 5084.1309674315335,
    "80": 4203.843443473508,
    "81": 677.7588113623616,
    "82": 885.5667972391153,
    "83": 744.9800910336058,
    "84": 1910.420777208021,
    "85": 1413.0058341358517,
    "86": 496.32821673987405,
    "87": 21586.883124572876,
    "88": 1697.3416616515317,
    "89": 6960.402842310663,
    "90": 963.7951998468126,
    "91": 10685.561509272711,
    "92": 5006.286688865158,
    "93": 20511.182197006387,
    "94": 1560.32046222012,
    "95": 2910.6677214985375,
    "96": 13940.47630777151,
    "97": 13222.27608254404,
    "98": 2044.0933534651235,
    "99": 1520.0860695122108,
    "100": 4661.691926945822,
    "101": 307.05806290050117,
    "102": 14434.89766242488,
    "103": 12847.642607109754,
    "104": 9796.706238975235,
    "105": 10653.668452766653,
    "106": 23635.628085350894,
    "107": 7581.429274361769,
    "108": 3310.490652282195,
    "109": 15379.71846494716,
    "110": 8912.449043033319,
    "111": 6179.865689044083,
    "112": 3655.0901109032375,
    "113": 9034.869510964643,
    "114": 13867.986420706504,
    "115": 3544.370591028834,
    "116": 24830.406300542807,
    "117": 3871.6885164068203,
    "118": 2284.511181345361,
    "119": 12904.469935019415,
    "120": 1870.6162509188905,
    "121": 2617.113183274953,
    "122": 3609.786711574465,
    "123": 8768.355506819678,
    "124": 10681.199622107908,
    "125": 1126.873374952251,
    "126": 7423.374607193161,
    "127": 4945.579698085733,
    "128": 3016.035190513476,
    "129": 3084.4296424119125,
    "130": 1589.4042386914307,
    "131": 8912.000361435425,
    "132": 4769.2356240011995,
    "133": 3402.7498806204962,
    "134": 6310.451222626426,
    "135": 10315.501114206096,
    "136": 2914.3557157106043,
    "137": 7654.372599975172,
    "138": 21898.92560697299,
    "139": 3446.4328173274416,
    "140": 914.2110894111275,
    "141": 983.1390747254102,
    "142": 182.6400458145335,
    "143": 15428.581433978636,
    "144": 11679.250351132656,
    "145": 13917.616765208908,
    "146": 7117.069696975614,
    "147": 8187.455715429241,
    "148": 3340.019322998277,
    "149": 926.6487095457519,
    "150": 11257.576286143549,
    "151": 1060.9339066370333,
    "152": 15396.398051585478,
    "153": 2989.0631174467194,
    "154": 2706.952368599048,
    "155": 6571.203124735496,
    "156": 5505.282740395784,
    "157": 553.0111472854294,
    "158": 6700.212664732534,
    "159": 12458.769990269102,
    "160": 8936.836556671824,
    "161": 1219.916798762788,
    "162": 20179.71369980737,
    "163": 1249.099922754075,
    "164": 9366.238797571306,
    "165": 14694.119135138058,
    "166": 1517.426809922492,
    "167": 8767.514102781513,
    "168": 11215.913199293129,
    "169": 17940.91579551062,
    "170": 16267.181380491855,
    "171": 9072.573709332273,
    "172": 5367.022657331076,
    "173": 1570.9775552890533,
    "174": 10999.423327312677,
    "175": 26347.7825061976,
    "176": 2453.0809240411527,
    "177": 1669.1067476190667,
    "178": 9806.604219017343,
    "179": 4863.119133240425,
    "180": 525.4867474432066,
    "181": 7727.627458499199,
    "182": 5233.857435413028,
    "183": 47495.03918776524,
    "184": 7516.48890953612,
    "185": 150.6591735025589,
    "186": 12987.582426229115,
    "187": 1619.0164025020651,
    "188": 16927.98217135719,
    "189": 1372.3257871488524,
    "190": 8297.707402519209,
    "191": 2513.443442286333,
    "192": 961.6338540879599,
    "193": 4502.353105456029,
    "194": 10024.989027660264,
    "195": 23921.00337146506,
    "196": 10025.192912747718,
    "197": 1042.406160339412,
    "198": 1738.478137863809,
    "199": 15165.48721741339,
    "200": 16618.602179468573,
    "201": 10854.224319672123,
    "202": 1787.9442402187526,
    "203": 318.2318135565888,
    "204": 4276.122270555596,
    "205": 5619.769645667748,
    "206": 3023.2701581492142,
    "207": 2295.7942975282444,
    "208": 2798.1031279281474,
    "209": 1469.3749102194338,
    "210": 1863.3496102234571,
    "211": 7846.012864400204,
    "212": 2247.3104940745984,
    "213": 749.8627413128281,
    "214": 12453.486449330445,
    "215": 13095.365819814622,
    "216": 4672.703465313666,
    "217": 15784.913935038408,
    "218": 13085.794538427586,
    "219": 3265.4334969512533,
    "220": 18227.701825838412,
    "221": 8267.863254155413,
    "222": 3995.9549232325785,
    "223": 4199.268041688213,
    "224": 10163.052161804699,
    "225": 5628.683928095204,
    "226": 13081.802422359995,
    "227": 2837.722806482227,
    "228": 11513.998942681057,
    "229": 4779.09096709183,
    "230": 9358.550110681761,
    "231": 2172.935817566873,
    "232": 2041.6683437452925,
    "233": 3750.8945306413334,
    "234": 2626.0272684209303,
    "235": 338.8083681607933,
    "236": 4450.901431036151,
    "237": 7606.860228526372,
    "238": 390.44411409294224,
    "239": 2418.1036584046583,
    "240": 2918.608023600246,
    "241": 3592.736463417541,
    "242": 7015.811075568874,
    "243": 29553.776099853752,
    "244": 19724.09298265866,
    "245": 9611.094435953022,
    "246": 11288.312052586292,
    "247": 21513.16293531006,
    "248": 2599.8984151432123,
    "249": 18763.459468380337,
    "250": 14778.56446004331,
    "251": 1252.6084603516401,
    "252": 14459.99222213264,
    "253": 6844.128057488191,
    "254": 524.656393188154,
    "255": 448.15532075370584,
    "256": 7389.699143300025,
    "257": 1442.8423700362553,
    "258": 2456.184893458036,
    "259": 4025.9501217056913,
    "260": 10163.128191382952,
    "261": 7971.202091213378,
    "262": 4454.446019305991,
    "263": 10784.96807023667,
    "264": 14467.141537967387,
    "265": 1002.5867212356683,
    "266": 1504.8747084853035,