{
    "1": 5477.549546431651,
    "2": 25263.361092901432,
    "3": 18252.996169916216,
    "4": 8332.916636820304,
    "5": 4467.38299244883,
    "6": 842.3181388180183,
    "7": 1275.903131920304,
    "8": 2245.8949672965896,
    "9": 3529.3753042484673,
    "10": 5905.421838880553,
    "11": 3785.711989713583,
    "12": 2938.190377034738,
    "13": 10888.665496557953,
    "14": 4591.27890803677,
    "15": 2940.3391004162736,
    "16": 1224.595445231922,
    "17": 1015.4140395119355,
    "18": 4073.555353858075,
    "19": 1831.0537625728482,
    "20": 10903.67187801708,
    "21": 7210.94015772635,
    "22": 13470.724667775063,
    "23": 3437.4683286007316,
    "24": 13611.99204266609,
    "25": 530.3614401832709,
    "26": 3159.626786322547,
    "27": 271.3098714741357,
    "28": 4355.065923325687,
    "29": 8966.596800353938,
    "30": 2858.2297657872537,
    "31": 21956.947700151228,
    "32": 4427.466722654333,
    "33": 24451.5629870805,
    "34": 34882.439570954986,
    "35": 15654.207448086017,
    "36": 1179.4511295855725,
    "37": 1046.934663267925,
    "38": 2151.097950396723,
    "39": 968.0877831935777,
    "40": 4852.156214887134,
    "41": 3767.5565404894987,
    "42": 12848.527727701836,
    "43": 4387.863492855085,
    "44": 4498.454332350862,
    "45": 21675.514797075273,
    "46": 2103.3931688145612,
    "47": 10956.803163621702,
    "48": 6106.313004674344,
    "49": 2328.192306193796,
    "50": 1833.8103268577345,
    "51": 4411.38996127275,
    "52": 1913.7562706715014,
    "53": 11650.37554533484,
    "54": 3513.8497424807542,
    "55": 7175.814505482254,
    "56": 8766.900725922977,
    "57": 2167.2342014045116,
    "58": 4625.585819488462,
    "59": 6097.919650786135,
    "60": 5285.439824997842,
    "61": 1347.4013866108446,
    "62": 2034.8644477092348,
    "63": 7018.836969842744,
    "64": 5688.80229982677,
    "65": 352.2564418784924,
    "66": 34492.3836414002,
    "67": 5461.433335843371,
    "68": 13523.21961366543,
    "69": 1185.3254130904345,
    "70": 2449.667594096802,
    "71": 19323.12736957928,
    "72": 7765.497275910732,
    "73": 15306.309826522473,
    "74": 5917.887973658788,
    "75": 3912.8414422290157,
    "76": 1221.5339413812824,
    "77": 956.7668600177019,
    "78": 8038.163263066533,
    "79": 3961.90942352786,
    "80": 5691.909714265728,
    "81": 3607.4452790658916,
    "82": 18218.99746004261,
    "83": 1556.0339642538822,
    "84": 10636.689814436411,
    "85": 15532.131152037464,
    "86": 14900.837242220441,
    "87": 11997.23313370358,
    "88": 15969.117717031542,
    "89": 12584.228690055314,
    "90": 1762.8601640235274,
    "91": 23211.273010894354,
    "92": 15529.974359989114,
    "93": 14705.070795929329,
    "94": 3346.6245410873894,
    "95": 9602.44196868473,
    "96": 1278.2888772120443,
    "97": 153.7168528818891,
    "98": 4698.485838643365,
    "99": 9232.537890416488,
    "100": 22720.457834959503,
    "101": 1244.963488823453,
    "102": 14973.381193738536,
    "103": 11135.645717852092,
    "104": 8770.954868147732,
    "105": 1273.3136008240695,
    "106": 12428.043456301695,
    "107": 13841.408407901767,
    "108": 8667.576495627065,
    "109": 11498.00704718619,
    "110": 5067.64373689659,
    "111": 4609.095267632943,
    "112": 1228.4085368872063,
    "113": 10655.667143919678,
    "114": 12487.283251519024,
    "115": 16213.170879453566,
    "116": 13431.274222777778,
    "117": 1076.7847600987213,
    "118": 10684.790925321626,
    "119": 39560.01641679803,
    "120": 826.6269735180234,
    "121": 10877.284566028247,
    "122": 7831.320326849236,
    "123": 1371.512348656474,
    "124": 5066.094890945541,
    "125": 2203.678495415605,
    "126": 3882.7836855734918,
    "127": 12040.795661810971,
    "128": 2002.4113135363932,
    "129": 1536.2856804933128,
    "130": 14874.012498155369,
    "131": 11345.486727791153,
    "132": 10243.31344048875,
    "133": 1174.3525444985637,
    "134": 14926.90408611098,
    "135": 1133.386728166225,
    "136": 20682.985881887264,
    "137": 5451.748274140675,
    "138": 2499.693837744014,
    "139": 8236.56656245303,
    "140": 6380.3173025064125,
    "141": 7790.6500748424705,
    "142": 1854.252887415823,
    "143": 13125.560513778226,
    "144": 7122.0794664417435,
    "145": 3083.4163197012003,
    "146": 8371.140549801094,
    "147": 3999.0754358248746,
    "148": 1720.7386892109173,
    "149": 10984.58888945743,
    "150": 11915.20470343745,
    "151": 4004.8379765753843,
    "152": 8957.875169507204,
    "153": 2619.2405561481987,
    "154": 167.62646281677956,
    "155": 25012.578797599446,
    "156": 4675.845321881971,
    "157": 8099.2173277470965,
    "158": 21585.712378680928,
    "159": 1211.6048566607499,
    "160": 8662.537623838592,
    "161": 8814.32475508226,
    "162": 26730.81012609355,
    "163": 10815.175690420943,
    "164": 3020.33406888452,
    "165": 1737.2671089403489,
    "166": 26008.60009200208,
    "167": 4204.852443273683,
    "168": 22197.106962250633,
    "169": 1858.345561446643,
    "170": 2991.982611074982,
    "171": 15388.603248328747,
    "172": 5090.571168066062,
    "173": 10787.069686531673,
    "174": 5909.058427111158,
    "175": 16422.058814422566,
    "176": 1750.0442975924318,
    "177": 280.80421191046827,
    "178": 885.4741497851451,
    "179": 4773.3466963273395,
    "180": 10982.529260377796,
    "181": 17910.605710164902,
    "182": 6431.9755065739655,
    "183": 1270.8000931974188,
    "184": 16979.813521524207,
    "185": 11331.25415991421,
    "186": 9684.301528815618,
    "187": 15740.46701117686,
    "188": 11030.778520483322,
    "189": 6961.050241045558,
    "190": 27989.072352243984,
    "191": 952.1061316589534,
    "192": 9738.97593068325,
    "193": 4231.165124231857,
    "194": 4000.816958442355,
    "195": 7245.175600621309,
    "196": 835.3907745863617,
    "197": 1921.5088714702972,
    "198": 14221.187563598356,
    "199": 22723.26555331695,
    "200": 16642.417286272652,
    "201": 6142.165458706848,
    "202": 5339.84323709765,
    "203": 1543.031962208019,
    "204": 21066.608631242078,
    "205": 16105.55987504824,
    "206": 237.86524025815083,
    "207": 6926.80402922395,
    "208": 2947.9695064545504,
    "209": 4351.707317127748,
    "210": 15682.707285203289,
    "211": 5147.960755323689,
    "212": 1635.5383667287,
    "213": 1329.4304116706026,
    "214": 3425.192251274573,
    "215": 2617.845083580748,
    "216": 3296.7567862636324,
    "217": 4636.80390340085,
    "218": 7918.0506933783545,
    "219": 16329.906344824654,
    "220": 2539.8798605389306,
    "221": 1692.1935814698306,
    "222": 1455.3363871946508,
    "223": 4542.00377934791,
    "224": 16435.813775297087,
    "225": 1612.4258724685137,
    "226": 9763.926125830038,
    "227": 155.76449158908108,
    "228": 6971.167545292123,
    "229": 13257.42281915287,
    "230": 3663.0712300019677,
    "231": 1123.7183713557595,
    "232": 2837.3791933295743,
    "233": 1077.096854034108,
    "234": 12296.365306407508,
    "235": 610.7756773721223,
    "236": 8281.075565237721,
    "237": 5318.219499211208,
    "238": 3961.045558616181,
    "239": 3487.333125030277,
    "240": 2256.2775966777986,
    "241": 2943.4948933864207,
    "242": 4507.545350261316,
    "243": 13946.303799181262,
    "244": 10323.633332898256,
    "245": 11986.60465081382,
    "246": 1148.8463691018499,
    "247": 4008.9844964250765,
    "248": 2994.918120326584,
    "249": 17919.28304024608,
    "250": 7950.188071751024,
    "251": 6608.189733404026,
    "252": 5994.002421522351,
    "253": 9810.539048807432,
    "254": 10926.21872918787,
    "255": 1883.0236932456073,
    "256": 10784.587296855034,
    "257": 2488.156093073432,
    "258": 2443.457908817635,
    "259": 2009.8742275068876,
    "260": 5870.965610930734,
    "261": 4930.3885755494075,
    "262": 2416.2837572633966,
    "263": 4812.684463467199,
    "264": 3471.143909487552,
    "265": 27163.709145154415,
    "266": 5044.656110100952,