{
    "1": 21020.790616677717,
    "2": 30306.284989227548,
    "3": 2641.54201465613,
    "4": 7488.5355709329,
    "5": 22351.135625630763,
    "6": 45889.12831897036,
    "7": 10666.884593683377,
    "8": 14212.067598183801,
    "9": 37101.89410702332,
    "10": 37281.88799637122,
    "11": 34750.16039323005,
    "12": 2744.8081711132722,
    "13": 31514.480936975204,
    "14": 8241.978845742244,
    "15": 9894.954004641784,
    "16": 6309.022458638422,
    "17": 22009.591280344077,
    "18": 8228.728360730987,
    "19": 4682.794222865127,
    "20": 10280.735863173699,
    "21": 15516.4072706973,
    "22": 29365.47324185105,
    "23": 2468.4568363590856,
    "24": 18829.405845008176,
    "25": 1461.5691063063857,
    "26": 2052.675912534276,
    "27": 17261.12508740745,
    "28": 18569.59777198599,
    "29": 53879.11489158164,
    "30": 667.2445989790323,
    "31": 3100.2002596484162,
    "32": 7259.409595672337,
    "33": 40684.75332322744,
    "34": 1805.4359455926094,
    "35": 17416.985757167968,
    "36": 30039.433672696872,
    "37": 9902.036492704414,
    "38": 28740.92408699818,
    "39": 11275.193524799926,
    "40": 3583.6770240721626,
    "41": 11472.966263049755,
    "42": 29607.632134399846,
    "43": 1276.45557554075,
    "44": 19825.431403295515,
    "45": 11903.122964763328,
    "46": 21926.040350685056,
    "47": 21141.09878729265,
    "48": 5366.132700022219,
    "49": 3746.7781331625083,
    "50": 35173.859817215045,
    "51": 35973.733776640205,
    "52": 16377.264034724061,
    "53": 28242.955544732013,
    "54": 853.9979493238164,
    "55": 9564.586907659783,
    "56": 1982.3649588494536,
    "57": 8105.296101076739,
    "58": 18969.359118060558,
    "59": 2375.177142427109,
    "60": 8296.605422163091,
    "61": 24890.409700510358,
    "62": 18175.371016061792,
    "63": 28512.21779151023,
    "64": 19598.607755121233,
    "65": 28144.136025352454,
    "66": 11085.186616410547,
    "67": 14464.057210622563,
    "68": 10961.896423374554,
    "69": 2184.0553679843892,
    "70": 18163.60648056977,
    "71": 1049.2824812670533,
    "72": 35070.7471044314,
    "73": 16742.408876308917,
    "74": 9719.296367250075,
    "75": 13315.4188170611,
    "76": 31389.3164399122,
    "77": 2103.93247872076,
    "78": 2888.867060042159,
    "79": 29231.572050007464,
    "80": 19187.898940367093,
    "81": 5583.249479655997,
    "82": 9286.331647449422,
    "83": 21621.73274460903,
    "84": 2568.8405139920455,
    "85": 17550.441704415665,
    "86": 7750.369607673746,
    "87": 5320.924211265362,
    "88": 3177.0356541688584,
    "89": 4584.495729236498,
    "90": 18307.05977155958,
    "91": 29422.193496547974,
    "92": 8041.397842322775,
    "93": 2542.6883728707057,
    "94": 11389.964192539996,
    "95": 5216.267478404994,
    "96": 22766.368153896678,
    "97": 26023.747392643792,
    "98": 10217.213280103615,
    "99": 18633.671094521873,
    "100": 2501.8540831743658,
    "101": 15522.223219068284,
    "102": 1155.4251338607412,
    "103": 22037.905749838603,
    "104": 10932.20355600288,
    "105": 13508.416030147053,
    "106": 28230.958427507085,
    "107": 8134.947180963029,
    "108": 1630.2868036849416,
    "109": 18495.201201841068,
    "110": 16919.495823014146,
    "111": 23982.32972031844,
    "112": 15275.995535714086,
    "113": 5585.699667283602,
    "114": 1880.86489639234,
    "115": 16145.656339741663,
    "116": 2929.553885284466,
    "117": 18949.567796646552,
    "118": 26122.776176570682,
    "119": 4091.9425323813366,
    "120": 7285.599697814492
}