{
    "1": 4998.810485038984,
    "2": 2375.888719116875,
    "3": 3668.89906813019,
    "4": 5387.600690887494,
    "5": 10208.999316031508,
    "6": 18549.819555142865,
    "7": 5823.188187273665,
    "8": 17405.14788712335,
    "9": 2711.176484458287,
    "10": 3759.3531304865255,
    "11": 3433.3414123457715,
    "12": 10739.942644552799,
    "13": 1149.0430762922038,
    "14": 2261.497655614748,
    "15": 1576.7612603471782,
    "16": 823.3617091402853,
    "17": 16418.167332133948,
    "18": 2647.097236828405,
    "19": 14108.09628529909,
    "20": 7444.602428624232,
    "21": 8426.326374563885,
    "22": 9110.218951726642,
    "23": 13527.415422020595,
    "24": 9209.207295596334,
    "25": 34456.12930455821,
    "26": 3334.320353099683,
    "27": 25536.941737463785,
    "28": 9791.789009931865,
    "29": 2372.299424804116,
    "30": 4376.189796556927,
    "31": 4573.225098776484,
    "32": 1464.6129556251997,
    "33": 5506.859984364174,
    "34": 6512.408326412481,
    "35": 4726.565325901562,
    "36": 17010.889121138665,
    "37": 6652.479420240923,
    "38": 12707.769447701305,
    "39": 6558.955685179579,
    "40": 341.7535016190917,
    "41": 10110.239637008355,
    "42": 17638.21476639222,
    "43": 9830.456167764632,
    "44": 2762.9898831752766,
    "45": 10132.925282273227,
    "46": 1228.3027017053835,
    "47": 6678.270984016057,
    "48": 18936.82805811003,
    "49": 15699.745789139008,
    "50": 4011.345398978021,
    "51": 16929.003400198617,
    "52": 5653.616218750724,
    "53": 6406.814509087947,
    "54": 9905.645829070261,
    "55": 4264.500631277353,
    "56": 1635.9063509692635,
    "57": 3597.0257190175703,
    "58": 1336.788559693138,
    "59": 5697.906582151074,
    "60": 8231.156345175657,
    "61": 10671.731175384324,
    "62": 10411.151274460664,
    "63": 347.0884741648109,
    "64": 21981.65713873567,
    "65": 3866.3204388659487,
    "66": 2586.8063326887786,
    "67": 1983.0058998799595,
    "68": 6779.874494024083,
    "69": 4902.718700693946,
    "70": 1674.093106791402,
    "71": 10182.00655919373,
    "72": 14442.942566916036,
    "73": 5600.24653428779,
    "74": 1087.6023856647346,
    "75": 5015.27260329384,
    "76": 15025.664564954017,
    "77": 3999.8444765879553,
    "78": 730.6631492465909,
    "79": 4440.399170695341,
    "80": 32384.89777052109,
    "81": 9595.794098250348,
    "82": 9560.100133630605,
    "83": 16951.31302200064,
    "84": 8372.589952827657,
    "85": 13160.498232948075,
    "86": 7973.554760460143,
    "87": 716.5675948088355,
    "88": 8802.178709639178,
    "89": 3229.9194236353997,
    "90": 17431.145083617634,
    "91": 7351.525755738028,
    "92": 7187.187323141642,
    "93": 6821.929732463844,
    "94": 1261.3194923708381,
    "95": 5562.7180379715455,
    "96": 4993.510243296691,
    "97": 6632.4598384507935,
    "98": 841.9779163757338,
    "99": 25539.347873310995,
    "100": 7801.66929612364,
    "101": 3007.393970395133,
    "102": 2324.0279213804743,
    "103": 1789.4272984226163,
    "104": 141.93938046163507,
    "105": 11980.823884772502,
    "106": 5637.279413833839,
    "107": 9477.044631885447,
    "108": 26293.248156912163,
    "109": 31335.797350671102,
    "110": 1377.8123357895145,
    "111": 15685.68994428385,
    "112": 3094.973491926412,
    "113": 7197.549744406816,
    "114": 572.0794734245098,
    "115": 21221.791015035276,
    "116": 11223.562631462437,
    "117": 4418.161545210997,
    "118": 6147.088378330058,
    "119": 8279.482626670238,
    "120": 2906.589217029175,
    "121": 22719.573016716124,
    "122": 4340.711094481984,
    "123": 4472.750172753363,
    "124": 15610.99734077608,
    "125": 4655.836782703621,
    "126": 13111.757001441854,
    "127": 11724.153842556221,
    "128": 4711.164563128829,
    "129": 3761.469972141046,
    "130": 19097.421592415376,
    "131": 1654.7523746418458,
    "132": 8704.793478144085,
    "133": 26057.819582493674,
    "134": 5658.752028367698,
    "135": 1278.133586179921,
    "136": 12232.830461912268,
    "137": 158.05690735923622,
    "138": 6354.791332093817,
    "139": 2365.548507812291,
    "140": 2652.879987159747,
    "141": 4268.216802490704,
    "142": 11599.738494521127,
    "143": 631.5566023844096,
    "144": 5298.577588111497,
    "145": 22085.59755550332,
    "146": 12697.62040971268,
    "147": 12945.119799675585,
    "148": 10020.062862962704,
    "149": 4093.9540253507066,
    "150": 11076.90573970872,
    "151": 994.8284230522672,
    "152": 4733.128656283734,
    "153": 5997.887345504983,
    "154": 2864.971104116855,
    "155": 18088.283441945347,
    "156": 12467.054429245773,
    "157": 999.3728346160713,
    "158": 3489.782536480428,
    "159": 14419.90834666339,
    "160": 11970.253598798963,
    "161": 10892.278510331278,
    "162": 3053.0341387128224,
    "163": 18743.850045255254,
    "164": 1854.1455851573412,
    "165": 17074.524611859742,
    "166": 14801.9173057204,
    "167": 6260.626573224973,
    "168": 534.1400538004198,
    "169": 2146.931303483104,
    "170": 12180.634808682149,
    "171": 9603.262874986249,
    "172": 22524.146882498037,
    "173": 14579.894578072039,
    "174": 9390.652205579832,
    "175": 8928.255907798573,
    "176": 7980.952511315117,
    "177": 9511.356551671453,
    "178": 13334.670904187571,
    "179": 9613.509532725948,
    "180": 4768.609456834536,
    "181": 10946.52958291433,
    "182": 2956.1913729285034,
    "183": 3472.4114212264417,
    "184": 6663.1030934271475,
    "185": 3781.8847797862395,
    "186": 22035.334615266744,
    "187": 4950.601449639334,
    "188": 754.02766261798,
    "189": 8212.07136073561,
    "190": 1888.2841456986284,
    "191": 8027.510155468135,
    "192": 9080.277797856414,
    "193": 654.7438678429243,
    "194": 7420.813017156015,
    "195": 1175.6664535852826,
    "196": 2415.210954404471,
    "197": 22640.782580856074,
    "198": 1400.6437154965065,
    "199": 3798.778612155504,
    "200": 1321.5115261943613,
    "201": 13287.242388345963,
    "202": 8206.371621097705,
    "203": 179.03851380345182,
    "204": 3353.40348304148,
    "205": 24978.71827864498,
    "206": 13321.206260189758,
    "207": 13244.362987929382,
    "208": 2425.481558904361,
    "209": 14093.58918176408,
    "210": 7309.667684521684,
    "211": 5657.868376843246,
    "212": 13981.156251928744,
    "213": 11523.117694234503,
    "214": 2460.7680487457906,
    "215": 1783.823870172808,
    "216": 1420.8124699497932,
    "217": 5800.959040960271,
    "218": 5647.208883696893,
    "219": 9076.688020134492,
    "220": 2270.508480399841,
    "221": 17158.760436518904,
    "222": 9411.913365233206,
    "223": 24023.970901213957,
    "224": 8099.297357178221,
    "225": 19298.420216492486,
    "226": 2784.7929427899835,
    "227": 15982.301506904758,
    "228": 14321.251978562297,
    "229": 1338.6529310871651,
    "230": 277.7761107910209,
    "231": 8658.576916972761,
    "232": 9333.650389606668,
    "233": 13446.505625766651,
    "234": 10100.348821585836,
    "235": 2093.795137494907,
    "236": 11760.834723137712,
    "237": 1074.03492244558,
    "238": 10100.837040821805,
    "239": 1351.935789557498,
    "240": 11588.465734410114,
    "241": 16654.05919801843,
    "242": 4359.129919051271,
    "243": 6996.446089695445,
    "244": 4693.310673316551,
    "245": 5088.832445350617,
    "246": 11418.433351204138,
    "247": 10704.271120250613,
    "248": 4391.932596934241,
    "249": 6191.379811329904,
    "250": 5960.817954584612,
    "251": 5811.603468004283,
    "252": 14443.117037000142,
    "253": 1208.5795085430098,
    "254": 2698.487971220372,
    "255": 4485.4689036182435,
    "256": 2309.1326348521116,
    "257": 18140.224432249677,
    "258": 2636.0368959071902,
    "259": 11733.934644613853,
    "260": 19737.349760568763,
    "261": 20307.227854861547,
    "262": 4147.365695879445,
    "263": 11285.35763240335,
    "264": 8401.056314827174,
    "265": 9634.727986083779,
    "266": 8968.84115548243,