{
    "1": 8708.086538149357,
    "2": 3912.506525314019,
    "3": 36334.7733048947,
    "4": 11729.699107854061,
    "5": 5311.264848888816,
    "6": 9620.696485604505,
    "7": 9900.281462908382,
    "8": 25025.199117235356,
    "9": 24145.757853272855,
    "10": 33978.57465212962,
    "11": 30376.28873021684,
    "12": 33034.92524546364,
    "13": 11675.789892421499,
    "14": 5874.593507029954,
    "15": 8029.159452042738,
    "16": 8636.61656003681,
    "17": 4080.212913300827,
    "18": 3790.695098548263,
    "19": 23611.677389979093,
    "20": 17759.22152642271,
    "21": 9024.622082261512,
    "22": 2974.9685700922823,
    "23": 12901.828961416335,
    "24": 18108.186284400617,
    "25": 30967.311526222347,
    "26": 10457.094598846441,
    "27": 3783.6868383409524,
    "28": 19974.93205798408,
    "29": 15882.629646042533,
    "30": 5740.798806742906,
    "31": 22011.61904458074,
    "32": 7448.7036757120095,
    "33": 10713.970990532223,
    "34": 8108.901358188931,
    "35": 4893.994864071874,
    "36": 6713.438580862728,
    "37": 14869.643068702839,
    "38": 6687.380105318626,
    "39": 25460.5397422423,
    "40": 9137.48472349791,
    "41": 4077.792237579123,
    "42": 22465.416755436698,
    "43": 7873.939307884175,
    "44": 11103.401307362969,
    "45": 1678.998994593747,
    "46": 5841.920754054148,
    "47": 25136.405957028404,
    "48": 11830.590367426392,
    "49": 18128.515574055393,
    "50": 13157.266489433172,
    "51": 2118.204436534773,
    "52": 30565.79394594698,
    "53": 8985.913457208333,
    "54": 41385.232532467264,
    "55": 26457.089027265894,
    "56": 13391.893852420972,
    "57": 371.28701931073743,
    "58": 44082.69745779597,
    "59": 3692.4717284127228,
    "60": 2612.58146267805,
    "61": 7175.181842887252,
    "62": 14428.65605602782,
    "63": 14284.306001349161,
    "64": 23077.109474393277,
    "65": 1594.8191576880897,
    "66": 1537.6462626178716,
    "67": 19177.70208674041,
    "68": 13782.976629428882,
    "69": 41570.801268853276,
    "70": 11033.138272286265,
    "71": 24965.742459639077,
    "72": 14042.92657162349,
    "73": 28604.843468693067,
    "74": 19285.20192186374,
    "75": 20829.800570813793,
    "76": 11789.924473587269,
    "77": 3267.1643179080247,
    "78": 4900.24411428958,
    "79": 14909.70621286477,
    "80": 31789.224488125532,
    "81": 1115.1660347559607,
    "82": 10985.917465927902,
    "83": 5217.13588381253,
    "84": 3497.716610696564,
    "85": 2412.0874584350086,
    "86": 13391.090177065978,
    "87": 25394.159867034126,
    "88": 8617.802362335391,
    "89": 19016.99648113122,
    "90": 29904.860420415924,
    "91": 31327.182263417635,
    "92": 48247.12667547617,
    "93": 5542.194943782782,
    "94": 20788.36511834574,
    "95": 18072.84077440325,
    "96": 12210.083329561314,
    "97": 30735.30442093527,
    "98": 17391.75308428945,
    "99": 14763.946152522738,
    "100": 21987.457735917484,
    "101": 18928.062516285525,
    "102": 29235.35092975187,
    "103": 11406.39639310348,
    "104": 10982.810077970524,
    "105": 4945.0314079679065,
    "106": 29250.954004409505,
    "107": 669.5462572153403,
    "108": 19255.07971900228,
    "109": 10504.241828913935,
    "110": 28607.747050149148,
    "111": 11159.934779709232,
    "112": 12855.898324854144,
    "113": 11421.779462890547,
    "114": 7881.653101023744,
    "115": 13100.458426789917,
    "116": 8444.597557243262,
    "117": 2017.4641773170986,
    "118": 3182.0264978945897,
    "119": 6188.132198747353,
    "120": 2071.4886525064812,
    "121": 4965.560922638497,
    "122": 10802.981874760197,
    "123": 13040.430203166463,
    "124": 942.6242979515156,
    "125": 16650.650326525447,
    "126": 24045.847510033524,
    "127": 11329.622470863902,
    "128": 46531.71057652734,
    "129": 23428.379422217728,
    "130": 1317.0042167281688
}