{
    "1": 25193.20817110699,
    "2": 21973.37094095093,
    "3": 4939.790574729846,
    "4": 15314.52900554187,
    "5": 23535.543305433082,
    "6": 10734.215828790142,
    "7": 15998.741506902768,
    "8": 21294.185042008838,
    "9": 30405.148202969864,
    "10": 21504.88660012584,
    "11": 18120.982754209435,
    "12": 27157.094005154268,
    "13": 35355.865399566,
    "14": 4307.838836121312,
    "15": 18759.639588512393,
    "16": 24426.902981690568,
    "17": 40189.478293440094,
    "18": 43296.851906599855,
    "19": 38969.431839207544,
    "20": 16658.89721336072,
    "21": 10490.124844945436,
    "22": 1059.1623037688803,
    "23": 3307.5528977633485,
    "24": 2415.7765216791067,
    "25": 51113.92864683131,
    "26": 34577.47758848417,
    "27": 22881.214969694454,
    "28": 16293.2516937744,
    "29": 11388.913200691311,
    "30": 19384.632969478982,
    "31": 10726.865502138711,
    "32": 14385.604095879204,
    "33": 28080.916689818783,
    "34": 36131.36172261239,
    "35": 14340.663963263254,
    "36": 10022.706926851759,
    "37": 43991.69170691128,
    "38": 25796.127478443777,
    "39": 6123.316821378318,
    "40": 8729.218030249845,
    "41": 3624.225847435666,
    "42": 46612.1501992019,
    "43": 22419.75240885977,
    "44": 1788.4385978736377,
    "45": 14224.18925012737,
    "46": 12694.654396781289,
    "47": 9223.881862823391,
    "48": 7718.797391016248,
    "49": 1509.641774927067,
    "50": 17981.04250792479,
    "51": 2645.5988153572453,
    "52": 16297.831195795186,
    "53": 1419.3998918615011,
    "54": 15961.683357640384,
    "55": 28804.419361750985,
    "56": 21904.674943818063,
    "57": 20377.877108910063,
    "58": 13876.45733430285,
    "59": 25597.131179109903,
    "60": 8495.97860247555,
    "61": 3419.285465055912,
    "62": 10818.601653997883,
    "63": 7907.459476454003,
    "64": 14721.277227818644,
    "65": 3435.876741369512,
    "66": 28738.93099918727,
    "67": 6843.839797576267,
    "68": 4476.260478586203,
    "69": 9478.899219629375,
    "70": 29292.993857368114,
    "71": 9055.349380988153,
    "72": 21655.498579301016,
    "73": 37377.119877328914,
    "74": 24532.562180040957,
    "75": 11920.449334003184,
    "76": 31513.287136835133,
    "77": 4974.297966854476,
    "78": 34432.61726431314,
    "79": 8554.176905117707,
    "80": 25688.44204172215,
    "81": 7328.446847390049,
    "82": 27001.17536123266,
    "83": 17575.995883082425,
    "84": 6699.443061436886,
    "85": 19744.306429011787,
    "86": 17003.586073251052,
    "87": 38613.98528399372,
    "88": 44391.87945140259,
    "89": 15440.122418258155,
    "90": 6983.709030171311,
    "91": 26993.73446982784,
    "92": 11070.874124089802,
    "93": 2669.050586488571,
    "94": 3494.7835486980684,
    "95": 16381.825714339331,
    "96": 5174.827758755184,
    "97": 13633.724777906265,
    "98": 2348.8387316033086,
    "99": 29324.218256779015,
    "100": 12174.505217264335
}