{
    "1": 15336.557274228066,
    "2": 15576.915482945253,
    "3": 14363.009577604551,
    "4": 7529.71096353975,
    "5": 2729.460879999399,
    "6": 425.51657718669435,
    "7": 3599.1218370525116,
    "8": 8464.392123093672,
    "9": 1841.3484389087648,
    "10": 23095.115794742294,
    "11": 19994.44076535948,
    "12": 1698.4446865355642,
    "13": 2189.340013401055,
    "14": 4809.107343079443,
    "15": 5935.2456604196705,
    "16": 4717.4272278590615,
    "17": 21488.61933977772,
    "18": 25235.650748338918,
    "19": 11537.131585689165,
    "20": 6938.747505758516,
    "21": 2574.576312960919,
    "22": 2573.0101782577894,
    "23": 5364.74923712207,
    "24": 15376.66674967305,
    "25": 1241.3615973971052,
    "26": 1494.8918855151294,
    "27": 21638.785672997437,
    "28": 5880.001401173582,
    "29": 9093.821372685696,
    "30": 26423.27794057062,
    "31": 5450.320553399622,
    "32": 269.6803967826238,
    "33": 3526.686537193103,
    "34": 7593.315581957762,
    "35": 5058.51852266945,
    "36": 1399.9851388081388,
    "37": 18349.937442071907,
    "38": 512.9939224212333,
    "39": 238.5508923952984,
    "40": 9011.388923337296,
    "41": 4504.384503619136,
    "42": 36405.69290807914,
    "43": 24178.705128882433,
    "44": 10201.338122932166,
    "45": 1205.4282574880065,
    "46": 4200.413072379335,
    "47": 7131.726636721459,
    "48": 1791.6153717392094,
    "49": 1281.2012256605421,
    "50": 5227.708102471797,
    "51": 6262.188009035147,
    "52": 1029.7009906185317,
    "53": 4316.132858041507,
    "54": 516.4991543092773,
    "55": 4445.364113937167,
    "56": 10725.551257829118,
    "57": 14787.861756851218,
    "58": 3674.364409520795,
    "59": 1304.1732738902745,
    "60": 1477.154546122159,
    "61": 10055.770459073494,
    "62": 26032.856886980106,
    "63": 922.4581975956766,
    "64": 19711.41577349946,
    "65": 18500.324428020696,
    "66": 498.1170986997365,
    "67": 7005.3677638026875,
    "68": 4300.549003494523,
    "69": 353.15451183133035,
    "70": 12241.264706875685,
    "71": 6265.2250180890815,
    "72": 33923.320385667095,
    "73": 24390.093023941765,
    "74": 9664.156379536944,
    "75": 8537.20382938256,
    "76": 8826.799499799423,
    "77": 3985.7263454195804,
    "78": 2582.1479046062723,
    "79": 2591.24487676608,
    "80": 5142.596573212502,
    "81": 1075.5473117283102,
    "82": 17519.22550227988,
    "83": 13107.950078552976,
    "84": 11200.820245415054,
    "85": 13089.59160076247,
    "86": 708.7620284680843,
    "87": 2356.90275861157,
    "88": 3086.244460517875,
    "89": 10222.069447065043,
    "90": 5950.764199091381,
    "91": 19512.976768914505,
    "92": 13162.184579501783,
    "93": 6473.792501280714,
    "94": 6365.785475876569,
    "95": 5084.4826908515815,
    "96": 4134.840957948793,
    "97": 8782.945951451664,
    "98": 14252.311202830108,
    "99": 3854.0082644489803,
    "100": 36717.14319400702,
    "101": 13306.04080227278,
    "102": 8357.845025396216,
    "103": 13707.94483582288,
    "104": 17385.814523513593,
    "105": 18316.43607382052,
    "106": 11605.666370421843,
    "107": 175.69118084923917,
    "108": 10903.847930149508,
    "109": 1479.4223224276786,
    "110": 25761.296543854653,
    "111": 4693.846213443794,
    "112": 3685.492883008101,
    "113": 8894.883353190096,
    "114": 2713.922984424744,
    "115": 15870.405303076222,
    "116": 4788.789243292174,
    "117": 14088.058133064393,
    "118": 5607.439886309244,
    "119": 22705.933162504745,
    "120": 7064.358073087539,
    "121": 22931.73833535256,
    "122": 1804.512485737544,
    "123": 7640.866892175065,
    "124": 37937.29225628224,
    "125": 3808.876118738894,
    "126": 7310.862860832894,
    "127": 8212.93598608178,
    "128": 6596.611267545533,
    "129": 6438.169765868625,
    "130": 12500.410966933681,
    "131": 19929.679139791824,
    "132": 13765.873129565909,
    "133": 511.31210746963677,
    "134": 3513.914962720966,
    "135": 16836.73558467898,
    "136": 2788.898185463441,
    "137": 3036.676822693866,
    "138": 2343.9162817258525,
    "139": 14783.97818215506,
    "140": 4098.314276356053,
    "141": 1494.4713923787226,
    "142": 17060.687744456885,
    "143": 6430.289744858178,
    "144": 349.6358679342513,
    "145": 8461.816264491728,
    "146": 34115.38255338193,
    "147": 3272.2486398819287,
    "148": 5316.472237912321,
    "149": 21860.568356464337,
    "150": 7706.538332715765,
    "151": 773.2087314143624,
    "152": 10464.29802970233,
    "153": 2806.1008862978733,
    "154": 12806.742443202658,
    "155": 14670.076171527384,
    "156": 2856.61021034942,
    "157": 2584.6958912279506,
    "158": 5849.951150704383,
    "159": 3537.011911250804,
    "160": 2313.738106148624,
    "161": 1108.2583146839147,
    "162": 11360.103123474844,
    "163": 21263.402642571706,
    "164": 4290.139669543633,
    "165": 685.2810365046734,
    "166": 15233.24024567337,
    "167": 5047.409964228371,
    "168": 16226.492255490764,
    "169": 2029.7534087314204,
    "170": 671.8043560443042,
    "171": 7140.179095500385,
    "172": 1018.3979670328863,
    "173": 16012.686342505398,
    "174": 1572.0458892394995,
    "175": 9788.359763760534,
    "176": 15311.353826018087,
    "177": 6215.4242175109985,
    "178": 5500.4471476529625,
    "179": 16203.595199983547,
    "180": 4011.116369518655,
    "181": 2907.384855323066,
    "182": 873.9078339679633,
    "183": 9900.241793182564,
    "184": 6699.12386635724,
    "185": 3702.8514513246455,
    "186": 5297.304106861046,
    "187": 2784.778716723525,
    "188": 3088.677263519001,
    "189": 5424.826352282389,
    "190": 4131.298541645265,
    "191": 14831.332220254855,
    "192": 3720.861179547222,
    "193": 720.3864510955784,
    "194": 7959.601596160381,
    "195": 3512.421332292303,
    "196": 14232.410786570426,
    "197": 6636.195261147236,
    "198": 3363.9775034186273,
    "199": 1138.284588528576,
    "200": 10657.963314777564,
    "201": 956.9504416093444,
    "202": 3354.8949944881333,
    "203": 4259.90128366494,
    "204": 11333.010691935984,
    "205": 5867.57493199001,
    "206": 10401.148750966346,
    "207": 8886.471820569224,
    "208": 14712.38358165737,
    "209": 1357.4394628104126,
    "210": 3427.447270440239,
    "211": 1283.761756317082,
    "212": 1888.0573495325314,
    "213": 6957.014119706803,
    "214": 10425.851896902892,
    "215": 2748.517999515619,
    "216": 352.7039686771206,
    "217": 21712.287432504767,
    "218": 8523.074201763646,
    "219": 11262.758339017355,
    "220": 817.2381538158578,
    "221": 1905.5904997556993,
    "222": 423.4953698664375,
    "223": 11964.590408667873,
    "224": 1737.7093794406453,
    "225": 3740.299315780938,
    "226": 2079.3535841878934,
    "227": 1059.7944123379268,
    "228": 7349.674226272942,
    "229": 1665.6125213278385,
    "230": 9143.878013852536,
    "231": 23330.334278979095,
    "232": 4202.0372558159215,
    "233": 1330.279885772582,
    "234": 16722.512999751092,
    "235": 1511.9209437486052,
    "236": 1990.731281829841,
    "237": 2672.3852431641117,
    "238": 4459.285618899564,
    "239": 7532.175216055347,
    "240": 7676.290129288174,
    "241": 15574.368598427616,
    "242": 5742.511770992386,
    "243": 14135.709898475448,
    "244": 1779.631424546113,
    "245": 7877.057602646976,
    "246": 2067.5231393222816,
    "247": 6379.629477094742,
    "248": 5349.190077623413,
    "249": 950.4537057122875,
    "250": 3033.8882183727073,
    "251": 11220.419796482736,
    "252": 12398.60465385424,
    "253": 10559.670068658681,
    "254": 2459.6131030165966,
    "255": 14557.577753933014,
    "256": 6777.122356411988,
    "257": 11464.722238730817,
    "258": 17638.725218222113,
    "259": 35406.82135203269,
    "260": 3510.4635828290784,
    "261": 1191.1442947381897,
    "262": 40114.20881949668,
    "263": 3176.3495559034695,
    "264": 3499.363450487043,
    "265": 11110.501799300262,
    "266": 26821.707660803488,