{
    "1": 1811.018251101964,
    "2": 17932.748497522207,
    "3": 3960.3769963050577,
    "4": 34535.12308146422,
    "5": 16169.226423178958,
    "6": 22500.926478180405,
    "7": 1745.890048043935,
    "8": 10412.333147304258,
    "9": 5578.837366693761,
    "10": 5833.227938592607,
    "11": 12568.21664283589,
    "12": 12414.267324717557,
    "13": 15736.784111040886,
    "14": 1478.415754260396,
    "15": 24958.33030074777,
    "16": 32169.02005920246,
    "17": 7749.199925653313,
    "18": 17939.482694143335,
    "19": 8386.420651777244,
    "20": 32790.05117054644,
    "21": 39011.05781161426,
    "22": 6526.0908376180605,
    "23": 20316.124020426323,
    "24": 10908.81220452816,
    "25": 10799.901686097495,
    "26": 1341.7877178391852,
    "27": 34246.26688192306,
    "28": 15014.888486684615,
    "29": 21222.427027196933,
    "30": 17376.436685352866,
    "31": 22642.70591808156,
    "32": 13083.91836793519,
    "33": 22925.33556713329,
    "34": 20738.322414089445,
    "35": 15952.343814915273,
    "36": 21478.646882219644,
    "37": 19648.83262187874,
    "38": 22368.738735180606,
    "39": 20824.662812401228,
    "40": 9770.151252893716,
    "41": 16074.805120863399,
    "42": 7443.324118444665,
    "43": 17308.48421127839,
    "44": 10895.86709493602,
    "45": 4521.375097920582,
    "46": 17362.186323797938,
    "47": 26367.866043953516,
    "48": 5338.598889937188,
    "49": 2650.533944066187,
    "50": 16654.74053754196,
    "51": 25305.357061503706,
    "52": 10807.28910309754,
    "53": 7879.631998078001,
    "54": 38215.037133362835,
    "55": 24788.898101271818,
    "56": 1570.6267208745317,
    "57": 15688.019122890697,
    "58": 18802.720578864115,
    "59": 26280.02375078348,
    "60": 13606.285402765494,
    "61": 16975.27911110636,
    "62": 55110.27559115072,
    "63": 20294.376059501283,
    "64": 32343.384279488288,
    "65": 1148.890843861457,
    "66": 1363.9212552998456,
    "67": 26777.490606433228,
    "68": 28281.022867310672,
    "69": 12906.459208218594,
    "70": 22054.757264595733,
    "71": 1824.2516142229551,
    "72": 10793.191471726966,
    "73": 29680.579444484,
    "74": 6064.943148811904,
    "75": 38705.02050938615,
    "76": 23516.89985625479,
    "77": 19171.703513773467,
    "78": 6342.154431357848,
    "79": 51461.14698826078,
    "80": 2233.534249486647,
    "81": 20018.85754345735,
    "82": 31013.985515030145,
    "83": 3089.5483334618857,
    "84": 7997.304416962639,
    "85": 27922.781232671954,
    "86": 2385.4771909561873,
    "87": 6773.530196452293,
    "88": 41582.58366934792,
    "89": 29287.256542394316,
    "90": 19914.072855452883,
    "91": 22348.42392114609,
    "92": 23256.182302057397,
    "93": 44449.36540208344,
    "94": 24798.949213869313,
    "95": 6041.113821927198,
    "96": 4849.628398112729,
    "97": 8677.029430262628,
    "98": 3601.357746947496,
    "99": 19020.536186965586,
    "100": 35528.93776662183
}