{
    "1": 3058.00666156154,
    "2": 12895.650938019773,
    "3": 1007.3917006293307,
    "4": 169.37418458879696,
    "5": 1368.3364061002383,
    "6": 6809.471844526234,
    "7": 4091.3311698519915,
    "8": 7687.8162514157275,
    "9": 2070.611469731176,
    "10": 615.3516974116446,
    "11": 1985.4574673553966,
    "12": 3125.0845362178443,
    "13": 1669.7977923278008,
    "14": 9546.340296335338,
    "15": 9678.580436482916,
    "16": 5605.479882900121,
    "17": 3313.212885932788,
    "18": 1701.3986150252535,
    "19": 10104.957240626165,
    "20": 2275.357903365728,
    "21": 614.2701423621056,
    "22": 5303.182674142301,
    "23": 8626.354815357681,
    "24": 11058.853101151355,
    "25": 5021.692034754526,
    "26": 16311.915862914682,
    "27": 3522.9617877437304,
    "28": 9604.930340588058,
    "29": 2553.8344833681635,
    "30": 7034.875100617777,
    "31": 14137.640823477428,
    "32": 2202.448184516703,
    "33": 6458.223330540094,
    "34": 9430.993244475747,
    "35": 279.05643314035063,
    "36": 1436.4365214757786,
    "37": 9126.411743432045,
    "38": 7957.620115996759,
    "39": 5245.205400444835,
    "40": 8592.165208555612,
    "41": 10971.493899718564,
    "42": 11171.200328568277,
    "43": 4100.792705524217,
    "44": 1291.6656289676735,
    "45": 14779.288754050634,
    "46": 3829.7553727271284,
    "47": 16959.21432589089,
    "48": 11910.64711979983,
    "49": 23573.95934703526,
    "50": 12344.64730429875,
    "51": 6302.024824565211,
    "52": 13726.340368307441,
    "53": 306.0698318964441,
    "54": 16512.58809138318,
    "55": 3000.34321039086,
    "56": 1666.4296207579616,
    "57": 3202.389559379884,
    "58": 13255.630106582757,
    "59": 1081.1137744139955,
    "60": 8586.788291604233,
    "61": 20437.161193064887,
    "62": 22768.32680879086,
    "63": 3328.293607550446,
    "64": 3714.8432014257196,
    "65": 8827.997464161599,
    "66": 4066.2219286639465,
    "67": 19772.623001546122,
    "68": 1901.730159578998,
    "69": 10134.687476111407,
    "70": 2544.2330950545793,
    "71": 28914.567531237568,
    "72": 7985.088503881467,
    "73": 642.7291503906764,
    "74": 6164.450681597793,
    "75": 8064.2515997990295,
    "76": 11406.828205950615,
    "77": 4921.526746981953,
    "78": 18377.99330868829,
    "79": 1949.266728280651,
    "80": 6095.870391653373,
    "81": 1443.5611612524553,
    "82": 14257.020412324257,
    "83": 12215.71076247155,
    "84": 4073.4986680406864,
    "85": 5655.22813905499,
    "86": 4281.618623352909,
    "87": 11995.93383326317,
    "88": 1899.8762059254582,
    "89": 9754.753270612198,
    "90": 30117.31460802402,
    "91": 1357.9943667378304,
    "92": 3752.1441417803417,
    "93": 1268.432774014561,
    "94": 4883.467979354289,
    "95": 25556.90339798443,
    "96": 9673.835417539745,
    "97": 17395.923334668027,
    "98": 4932.3256057471335,
    "99": 4582.985913339824,
    "100": 10687.271751765085,
    "101": 23411.694015643123,
    "102": 10255.832891672579,
    "103": 6839.054796645991,
    "104": 1525.8601410125705,
    "105": 11082.378551285907,
    "106": 7582.878434384121,
    "107": 6682.132381319825,
    "108": 1986.2303490792224,
    "109": 11452.320134573169,
    "110": 3575.5437018069874,
    "111": 966.5866534717609,
    "112": 16942.635184535447,
    "113": 2174.7715997693062,
    "114": 3353.3525184877435,
    "115": 2753.5230856414546,
    "116": 33662.41022137208,
    "117": 21562.053835373037,
    "118": 1197.0004108259188,
    "119": 3819.566082080925,
    "120": 17046.961899238413,
    "121": 7925.850128565529,
    "122": 2378.5485581379235,
    "123": 17901.307494965367,
    "124": 11244.404533936357,
    "125": 16930.93586887453,
    "126": 22733.90766875802,
    "127": 5990.878892125652,
    "128": 8299.821605008052,
    "129": 13617.487555003785,
    "130": 2576.1673390597975,
    "131": 19031.350233011148,
    "132": 1523.4361242339514,
    "133": 19342.594685157525,
    "134": 22413.25590921846,
    "135": 9486.373783309216,
    "136": 12330.825930449724,
    "137": 10039.054109278752,
    "138": 707.0176359741787,
    "139": 5779.898659566615,
    "140": 492.5694638530151,
    "141": 6003.108652561547,
    "142": 9060.535927669134,
    "143": 35890.3962099462,
    "144": 4438.962724100426,
    "145": 13564.100992184087,
    "146": 3875.1609167232336,
    "147": 588.0117823782607,
    "148": 3674.204327509118,
    "149": 2551.646214472174,
    "150": 11225.64800185335,
    "151": 2367.7083439889243,
    "152": 3696.5006297585137,
    "153": 4729.695681936871,
    "154": 16734.43309854979,
    "155": 22697.78460291478,
    "156": 6338.281435666665,
    "157": 2344.439389294583,
    "158": 13024.472389157581,
    "159": 11392.931436121336,
    "160": 6630.46651808998,
    "161": 21830.065843019307,
    "162": 4932.652728585382,
    "163": 25345.015739634524,
    "164": 3636.062217817908,
    "165": 1831.8513319185474,
    "166": 1066.8963597096167,
    "167": 5880.995333380351,
    "168": 17865.60767619891,
    "169": 15104.454740092218,
    "170": 12938.590039685201,
    "171": 712.7142825524775,
    "172": 6111.0222250881925,
    "173": 25119.056783978744,
    "174": 16239.145839463607,
    "175": 17412.738776174658,
    "176": 16481.740741444853,
    "177": 2583.4352707111484,
    "178": 11132.075127863225,
    "179": 21345.060069001254,
    "180": 378.3546578021272,
    "181": 7999.95818626281,
    "182": 1912.9431807697404,
    "183": 8108.411803709266,
    "184": 491.0577745974184,
    "185": 7491.467667359717,
    "186": 5174.6362360994035,
    "187": 15811.194258966834,
    "188": 884.7102551991828,
    "189": 16913.53610567675,
    "190": 1768.0861309171542,
    "191": 11693.833070734325,
    "192": 4309.369616915205,
    "193": 1630.5214522967321,
    "194": 13798.530897237295,
    "195": 5598.624412771022,
    "196": 10620.277940598738,
    "197": 7513.971335655889,
    "198": 4295.348951521483,
    "199": 1776.9724133267002,
    "200": 9414.035305848525,
    "201": 3214.1003816885213,
    "202": 19716.866292509254,
    "203": 12021.57905172084,
    "204": 5661.458106387685,
    "205": 5190.50321584979,
    "206": 13008.129917584967,
    "207": 4041.122009382095,
    "208": 11690.904276507878,
    "209": 1495.9239046425564,
    "210": 7365.824837504065,
    "211": 18312.912006407874,
    "212": 6385.709378338392,
    "213": 17682.39784086347,
    "214": 3137.0674709930845,
    "215": 2817.6575884768445,
    "216": 15600.348144442003,
    "217": 11253.989311720037,
    "218": 8003.43884985435,
    "219": 21686.606248938533,
    "220": 10248.748076791966,
    "221": 10398.413694960787,
    "222": 2661.107316947361,
    "223": 16530.122294875535,
    "224": 2687.9617003802095,
    "225": 4310.128017652415,
    "226": 4263.331298772756,
    "227": 1446.2592117356012,
    "228": 5509.635894316206,
    "229": 7265.230380939129,
    "230": 9773.710651099535,
    "231": 303.42159548500854,
    "232": 1373.8111523705368,
    "233": 13141.73767738648,
    "234": 6015.946691954137,
    "235": 15607.758864253992,
    "236": 5818.532216834842,
    "237": 2773.650289024827,
    "238": 10134.981971707512,
    "239": 16541.734749185656,
    "240": 2016.0719743662057,
    "241": 2417.9402988611523,
    "242": 7558.489297863061,
    "243": 13194.681581546936,
    "244": 9440.869848713462,
    "245": 32943.40967651295,
    "246": 12327.843546386159,
    "247": 10891.630113988685,
    "248": 28217.520363450756,
    "249": 14751.590410885341,
    "250": 171.02694775881494,
    "251": 1639.3406370414843,
    "252": 15006.906665105755,
    "253": 6377.075445533028,
    "254": 7076.365355099481,
    "255": 14010.720622033225,
    "256": 4975.532171695901,
    "257": 25801.682040030366,
    "258": 8502.210838808795,
    "259": 12707.683047687222,
    "260": 948.5315652349708,
    "261": 604.6137606860739,
    "262": 9014.028017421115,
    "263": 5662.786574191855,
    "264": 757.9894867579151,
    "265": 1779.5195072310603,
    "266": 6660.13920905991,