{
    "1": 0.14070959610198694,
    "2": 0.229693254274635,
    "3": 0.23894840804079753,
    "4": 0.14320505132808245,
    "5": 0.15472303101247692,
    "6": 0.22304096423586767,
    "7": 0.23658727546416772,
    "8": 0.18824614977958776,
    "9": 0.2560868323044229,
    "10": 0.14793688513784672,
    "11": 0.14353092050594585,
    "12": 0.22864634545422682,
    "13": 0.24292312883433287,
    "14": 0.22819741118584091
}