{
    "1": 0.20845843094889427,
    "2": 0.23718220053476033,
    "3": 0.2579683313488832,
    "4": 0.23868014744595462,
    "5": 0.18652532549147366,
    "6": 0.2502317209973533,
    "7": 0.2304846450685125,
    "8": 0.20475437074230454,
    "9": 0.184296244974333,
    "10": 0.2156177993224772,
    "11": 0.1613192440950915,
    "12": 0.21274752602672997
}