{
    "1": 0.16273541044371215,
    "2": 0.18090736475126032,
    "3": 0.20970332489049803,
    "4": 0.1795708070185236,
    "5": 0.21140286124459484,
    "6": 0.2261431140793101,
    "7": 0.23833401264905882,
    "8": 0.2354092415934118,
    "9": 0.15282715946037492,
    "10": 0.15186763313931148,
    "11": 0.1768029138529785,
    "12": 0.17355298847229664
}