{
    "1": 0.16186322895202038,
    "2": 0.19611458187956285,
    "3": 0.14510469497779205,
    "4": 0.2520846999899332,
    "5": 0.19276333170656412,
    "6": 0.15884150090236016,
    "7": 0.1437263892115039,
    "8": 0.17766759955260145,
    "9": 0.1677824491686779
}