{
    "1": 0.2281945373225842,
    "2": 0.2114591954365429,
    "3": 0.19196793690653302,
    "4": 0.22859778393131974,
    "5": 0.15691880703988986,
    "6": 0.16736979862204354,
    "7": 0.16537400081943018,
    "8": 0.23461029858207638,
    "9": 0.1837792216608048,
    "10": 0.15056468618124869,
    "11": 0.22539406684386137,
    "12": 0.19755004754303698,
    "13": 0.15507461307024137
}