{
    "1": 0.24848430385522363,
    "2": 0.1760693451184425,
    "3": 0.14006125559482813,
    "4": 0.19348416258823736,
    "5": 0.17613347790037992,
    "6": 0.2542553598758571,
    "7": 0.20380379944114818,
    "8": 0.24315430548536265,
    "9": 0.19507773634409392,
    "10": 0.1597003942776673,
    "11": 0.20615034332692533,
    "12": 0.2059344937538567
}