{
    "1": 0.18005574446372866,
    "2": 0.181511632536685,
    "3": 0.2194176613363377,
    "4": 0.2516715096726849,
    "5": 0.23091875784196159,
    "6": 0.20931785576006004,
    "7": 0.1438300036653004,
    "8": 0.16967241019376375,
    "9": 0.14900309800808764,
    "10": 0.2247303959498332,
    "11": 0.1623092120860833,
    "12": 0.24786036639393116
}