{
    "1": 0.19200443080897148,
    "2": 0.14627410008987826,
    "3": 0.20668492120390283,
    "4": 0.1471949332680686,
    "5": 0.2304579212429943,
    "6": 0.2342590016056629,
    "7": 0.22818982598164012,
    "8": 0.18881586206484252,
    "9": 0.14914837577515103,
    "10": 0.18948478679601738,
    "11": 0.16869961213888512,
    "12": 0.1659487643322844,
    "13": 0.2187080192582966
}