{
    "1": 0.2488544353676429,
    "2": 0.14745909222384432,
    "3": 0.2175085985347765,
    "4": 0.1613209327098039,
    "5": 0.190388632612712,
    "6": 0.15580424451962413,
    "7": 0.2134666491819428,
    "8": 0.14185656131079197,
    "9": 0.19536365033395842,
    "10": 0.23154590405079223,
    "11": 0.16161760605596623,
    "12": 0.19655410005251076
}