{
    "1": 0.2457106252590775,
    "2": 0.1859056733056061,
    "3": 0.19443350139267854,
    "4": 0.2240875848143054,
    "5": 0.24115368701817363,
    "6": 0.2393300068157202,
    "7": 0.17192650188092606,
    "8": 0.18031567882227356,
    "9": 0.19650798372777004,
    "10": 0.17069911431330745,
    "11": 0.16223783997960026,
    "12": 0.16214401856572316
}