{
    "1": 0.22578172060160667,
    "2": 0.23998110362775005,
    "3": 0.14720718878626318,
    "4": 0.22119619006290225,
    "5": 0.15592983932256685,
    "6": 0.18846544358743192,
    "7": 0.19400227261551378,
    "8": 0.14442997661691442,
    "9": 0.20499030412577204,
    "10": 0.1602813106562114,
    "11": 0.17171930839845484,
    "12": 0.2328285721330733,
    "13": 0.170635130151117,
    "14": 0.228577236861506,
    "15": 0.15163847116554544,
    "16": 0.19864209250272424,
    "17": 0.15467469105907902
}