{
    "1": 0.22239718283717946,
    "2": 0.17574840440193357,
    "3": 0.25109069063720224,
    "4": 0.1580134035843467,
    "5": 0.23618294489840375,
    "6": 0.23059764813576922,
    "7": 0.1559125669084015,
    "8": 0.24623245747550754,
    "9": 0.21814071340439178,
    "10": 0.19974905141232077
}