{
    "1": 0.15625581698053373,
    "2": 0.15566598020195901,
    "3": 0.2185421741873712,
    "4": 0.17478519643450544,
    "5": 0.22717769890513473,
    "6": 0.1991582663503724,
    "7": 0.25403464548585386,
    "8": 0.23614775497601906,
    "9": 0.18140551583689535,
    "10": 0.20316941439944244,
    "11": 0.16440642127963342,
    "12": 0.1971580883471317
}