{
    "1": 0.16061113571248975,
    "2": 0.1400012759992256,
    "3": 0.24488517170723023,
    "4": 0.17574740709774778,
    "5": 0.24193071514664022,
    "6": 0.22681372602598004,
    "7": 0.18874060212296048,
    "8": 0.19038609316238014,
    "9": 0.2145293748680061,
    "10": 0.2275764745944056,
    "11": 0.2393701215458739
}