{
    "1": 0.22871886481424814,
    "2": 0.17271004131097964,
    "3": 0.18315089428099107,
    "4": 0.1615285677125885,
    "5": 0.17512277639451168,
    "6": 0.2531767521081816,
    "7": 0.17735196958152988,
    "8": 0.15728393108632366,
    "9": 0.14292978997243197,
    "10": 0.1816100259814547,
    "11": 0.1419800787053717,
    "12": 0.23379826979659707,
    "13": 0.224801785413175,
    "14": 0.15027476942019644
}