{
    "1": 0.15952210208219456,
    "2": 0.2037587866483955,
    "3": 0.24285243675316345,
    "4": 0.2377672725040374,
    "5": 0.24197468270240538,
    "6": 0.16566484083029817,
    "7": 0.17216251848189884,
    "8": 0.23850191021458075,
    "9": 0.189328153383225,
    "10": 0.1551021028351639,
    "11": 0.2581510687570188,
    "12": 0.15592901349515606
}