{
    "1": 0.15784153333853718,
    "2": 0.157791533313268,
    "3": 0.182844773058357,
    "4": 0.1405084587516662,
    "5": 0.1727725272319418,
    "6": 0.25592645894853705,
    "7": 0.16756042537523552,
    "8": 0.18850937156266462,
    "9": 0.20282923761137672,
    "10": 0.23586259650776703,
    "11": 0.2579977183233983,
    "12": 0.1405576598844601,
    "13": 0.2446076693150407,
    "14": 0.21600038373923203
}