{
    "1": 0.15574056689409221,
    "2": 0.21103551007071514,
    "3": 0.16140451225371882,
    "4": 0.25416274721872156,
    "5": 0.19486455089718163,
    "6": 0.17847576588438116,
    "7": 0.22103235654545916,
    "8": 0.1813752278726069,
    "9": 0.23201113871512466,
    "10": 0.1677419300749724,
    "11": 0.2199071437067689,
    "12": 0.1896708118753282
}