{
    "1": 0.2580110242801006,
    "2": 0.17757712547298882,
    "3": 0.15700038135457384,
    "4": 0.22623216504986438,
    "5": 0.14522952208821752,
    "6": 0.24467647559868894,
    "7": 0.14432982342150188,
    "8": 0.2256986307287991,
    "9": 0.1481365498956813,
    "10": 0.14717404479223356,
    "11": 0.21313697896072428
}