{
    "1": 0.23022665756444577,
    "2": 0.2021865690905691,
    "3": 0.15196619719532484,
    "4": 0.2116369102424301,
    "5": 0.2528426891528378,
    "6": 0.1495016841836093,
    "7": 0.24105227372342736,
    "8": 0.17730820030386196,
    "9": 0.1894956970448039,
    "10": 0.16466498911844804,
    "11": 0.20255116135983192,
    "12": 0.19386899896128912
}