{
    "1": 0.1470352190574236,
    "2": 0.19326894907686684,
    "3": 0.24619970159029952,
    "4": 0.2550823254268618,
    "5": 0.21239842357147576,
    "6": 0.23028690299685695,
    "7": 0.22635593094656412,
    "8": 0.18917370907434689,
    "9": 0.14061323195204425,
    "10": 0.16162906786476666,
    "11": 0.228187459002996,
    "12": 0.20540650949406047,
    "13": 0.15712990296256696,
    "14": 0.24702705354934218,
    "15": 0.21537297261540572,
    "16": 0.2583186944396366
}