{
    "1": 0.19965619841909216,
    "2": 0.1574006982858702,
    "3": 0.21369282234453899,
    "4": 0.20525458680400138,
    "5": 0.25210799606628825,
    "6": 0.15460494734296604,
    "7": 0.21556061185152114,
    "8": 0.18574872086337654,
    "9": 0.17087656566311366,
    "10": 0.20900394973071262,
    "11": 0.23855548160370244,
    "12": 0.21531302670042027,
    "13": 0.20958078815247494,
    "14": 0.16708671510881043,
    "15": 0.20955681980952673,
    "16": 0.23986940332949452
}