{
    "1": 0.22802581713901943,
    "2": 0.17125668733825608,
    "3": 0.21767230228545256,
    "4": 0.21846881217538522,
    "5": 0.25344024637339113,
    "6": 0.1926437644947788,
    "7": 0.15404939276900312,
    "8": 0.19157951932362868,
    "9": 0.23650077637078243,
    "10": 0.1851462457320161,
    "11": 0.15681058443000237,
    "12": 0.200472585011934,
    "13": 0.23196276034564206,
    "14": 0.16640815582989832,
    "15": 0.2277357630899369
}