{
    "1": 0.15399607158173234,
    "2": 0.20371852168471272,
    "3": 0.19605028256664525,
    "4": 0.15656756792113916,
    "5": 0.16672697094813538,
    "6": 0.20594308497904057,
    "7": 0.15258227853816864,
    "8": 0.24441455781033805,
    "9": 0.19405898419461798,
    "10": 0.23653888965090253,
    "11": 0.23238058109461546,
    "12": 0.16818333772691113,
    "13": 0.20519957389168236,
    "14": 0.1900436016134791
}