{
    "1": 0.22720611551014658,
    "2": 0.24786322128383265,
    "3": 0.2504816394118669,
    "4": 0.18753028228528773,
    "5": 0.19831324618235305,
    "6": 0.1927563761140485,
    "7": 0.24400181511763563,
    "8": 0.230280553182659,
    "9": 0.23304921880695562,
    "10": 0.25565215472118086,
    "11": 0.24043987405640327,
    "12": 0.19670705109156605,
    "13": 0.2277626949301893
}