{
    "1": 0.1911237441608942,
    "2": 0.231555781668357,
    "3": 0.21284725036383093,
    "4": 0.23022633699677714,
    "5": 0.17110103148874484,
    "6": 0.18389303392977444,
    "7": 0.14537851834395515,
    "8": 0.2138847630724541,
    "9": 0.24235446158603963,
    "10": 0.25148956791732197
}