{
    "1": 0.14188751984953357,
    "2": 0.20543496821687549,
    "3": 0.14195888383876276,
    "4": 0.15264007694129123,
    "5": 0.1953662540675748,
    "6": 0.19086840270716965,
    "7": 0.2077237089083426,
    "8": 0.24516423496004666,
    "9": 0.15114109237885043,
    "10": 0.22501386337832885,
    "11": 0.14043440030431859,
    "12": 0.2394899375211337
}