{
    "1": 0.253764944930064,
    "2": 0.15079952852421397,
    "3": 0.14278227001829755,
    "4": 0.1577200707484276,
    "5": 0.19501360245255922,
    "6": 0.15516768488517163,
    "7": 0.18653377886668515,
    "8": 0.2553131699295456,
    "9": 0.19045357749662778,
    "10": 0.14044599709293001,
    "11": 0.25827254370158137,
    "12": 0.2145908520513644
}