obj,time,mip_gap
370428.9746672549,0.0018508000000005964,
