obj,time,mip_gap
414759.0973251042,0.001689900000000577,
