obj,time,mip_gap
404582.5686286358,0.0014900000000004354,
