obj,time,mip_gap
457534.0495987384,0.0014189000000000007,
