obj,time,mip_gap
489001.62767991703,0.001333100000000087,
