obj,time,mip_gap
399568.8926263222,0.001758200000000265,
