obj,time,mip_gap
287944.4395173923,0.0022140999999997746,
