obj,time,mip_gap
534323.6407966615,0.001139499999999849,
