obj,time,mip_gap
483783.427803162,0.0014209999999996725,
