obj,time,mip_gap
441110.61969737685,0.0018679000000005885,
