obj,time,mip_gap
3266969.8447638666,0.0151855999999988,
