obj,time,mip_gap
3269832.395473361,0.01592679999999902,
