obj,time,mip_gap
3352558.2911056215,0.026706100000000177,
