obj,time,mip_gap
3190955.399355377,0.010363299999999853,
