obj,time,mip_gap
3228386.451585714,0.01629239999999932,
