obj,time,mip_gap
3178705.1007236494,0.011262699999999626,
