obj,time,mip_gap
3293627.7356122155,0.003918699999999831,
