obj,time,mip_gap
3281719.9914159235,0.008420400000000328,
