obj,time,mip_gap
3292858.412408294,0.011135499999999965,
