obj,time,mip_gap
3237408.0383972107,0.019567200000000895,
