obj,time,mip_gap
3289705.3436416695,0.01335400000000142,
