obj,time,mip_gap
3325550.343108873,0.037925400000000664,
