obj,time,mip_gap
3187185.5465775146,0.020167199999999497,
