obj,time,mip_gap
3198321.4682330624,0.025827500000000114,
