obj,time,mip_gap
3214298.597954108,0.006802800000000886,
