obj,time,mip_gap
3203439.933800271,0.0075243999999994315,
