obj,time,mip_gap
3300013.371117223,0.010989600000000266,
