obj,time,mip_gap
3232212.6875819694,0.009537899999999766,
