obj,time,mip_gap
3249880.403522822,0.008641799999999478,
