obj,time,mip_gap
3186091.0861511757,0.022568299999999653,
