obj,time,mip_gap
3537718.7338424115,0.02276080000000036,
