obj,time,mip_gap
3575033.1040313607,0.06765509999999963,
