obj,time,mip_gap
3534549.585668779,0.024154299999999296,
