obj,time,mip_gap
3461290.0866138353,0.01600080000000048,
