obj,time,mip_gap
3385080.6328655705,0.0235985000000003,
