obj,time,mip_gap
3489968.4542126656,0.01597000000000115,
