obj,time,mip_gap
3348384.823906185,0.007297999999998694,
