obj,time,mip_gap
3323494.292033648,0.012724999999999653,
