obj,time,mip_gap
3338688.4801181154,0.007422299999999993,
