obj,time,mip_gap
3416378.739352311,0.012070099999998973,
