obj,time,mip_gap
3446674.292240542,0.03412119999999952,
