obj,time,mip_gap
3411333.290646672,0.015460899999999,
