obj,time,mip_gap
3295480.307557905,0.010816900000000018,
