obj,time,mip_gap
3293751.2171454034,0.01209559999999854,
