obj,time,mip_gap
3428807.6433887794,0.03057219999999994,
