obj,time,mip_gap
3403901.706214604,0.014727999999999852,
