obj,time,mip_gap
3128937.589380372,0.04340780000000066,
