obj,time,mip_gap
3396447.246093803,0.015256200000001385,
