obj,time,mip_gap
3274515.180480685,0.008453900000001013,
