obj,time,mip_gap
3290484.798050667,0.020700800000000186,
