obj,time,mip_gap
3277434.6383632035,0.0062200000000007805,
