obj,time,mip_gap
3115930.9411823703,0.036609900000000195,
