obj,time,mip_gap
3101172.515789036,0.020831499999999892,
