obj,time,mip_gap
3103623.7293308014,0.01603160000000159,
