obj,time,mip_gap
3269025.348533692,0.010389999999999233,
