obj,time,mip_gap
3320541.5864250045,0.01775940000000098,
