obj,time,mip_gap
3266994.326180697,0.011906099999999142,
