obj,time,mip_gap
3690899.0119716595,0.010331400000000102,
