obj,time,mip_gap
3690899.9299126826,0.011061200000000326,
