obj,time,mip_gap
3701837.4785710024,0.025389099999999942,
