obj,time,mip_gap
3039273.6963861194,0.024364999999999526,
