obj,time,mip_gap
3229721.552437661,0.03560509999999972,
