obj,time,mip_gap
3042156.393941989,0.023568300000000875,
