obj,time,mip_gap
3384097.9585349318,0.011824700000000021,
