obj,time,mip_gap
3403836.7584121716,0.01752349999999936,
