obj,time,mip_gap
3385868.7516416954,0.011394799999999705,
