obj,time,mip_gap
3151187.518857083,0.00949370000000016,
