obj,time,mip_gap
3165920.7107408363,0.04515499999999939,
