obj,time,mip_gap
3154561.0935095046,0.009080499999999603,
