obj,time,mip_gap
3463869.9828275163,0.022389800000000903,
