obj,time,mip_gap
3367941.9048831593,0.01081220000000016,
