obj,time,mip_gap
3364216.653358954,0.012689599999999857,
