obj,time,mip_gap
3455168.3239400024,0.017281999999999798,
