obj,time,mip_gap
3445271.9132937486,0.021785399999998845,
