obj,time,mip_gap
3419070.1003671912,0.02292790000000089,
