obj,time,mip_gap
3652008.525303492,0.011519200000000396,
