obj,time,mip_gap
3509482.3710733876,0.01996320000000118,
