obj,time,mip_gap
3653205.2142913686,0.01201160000000101,
