obj,time,mip_gap
3540264.046697445,0.01744599999999963,
