obj,time,mip_gap
3497230.4588637613,0.014996999999999261,
