obj,time,mip_gap
3498709.8084919257,0.016875300000000593,
