obj,time,mip_gap
3636053.554979149,0.015947199999999384,
