obj,time,mip_gap
3656966.83118652,0.015074800000000721,
