obj,time,mip_gap
3717699.646330673,0.018090999999998303,
