obj,time,mip_gap
2942740.2871540505,0.05066369999999942,
