obj,time,mip_gap
2931359.493801608,0.01438930000000127,
