obj,time,mip_gap
2942740.2871540505,0.0154513000000005,
