obj,time,mip_gap
3510474.3162453407,0.013142300000000162,
