obj,time,mip_gap
3409640.3600862147,0.013563699999998846,
