obj,time,mip_gap
3418172.3874445306,0.012761599999999262,
