obj,time,mip_gap
2945023.294083682,0.01669099999999979,
