obj,time,mip_gap
2950979.784199865,0.009564000000001016,
