obj,time,mip_gap
2946410.161820283,0.010613799999999785,
