obj,time,mip_gap
2739473.197189144,0.0311937000000011,
