obj,time,mip_gap
2757716.2876787763,0.019203700000000268,
