obj,time,mip_gap
2753803.536683401,0.01806230000000042,
