obj,time,mip_gap
3372846.246577584,0.01712230000000048,
