obj,time,mip_gap
3391533.8725222847,0.016139400000000137,
