obj,time,mip_gap
3413621.838475663,0.03220089999999942,
