time,obj
0.3801436000000038,501205.1467110899
0.39290629999999993,482379.2134964954
0.5283875000000009,393397.1572699691
0.45895180000000124,489199.7354449583
0.3898019000000019,430551.381503595
