{
    "1": 379133.6114141057,
    "2": 435389.5697530789,
    "3": 151249.1827543322,
    "4": 175209.85477640884,
    "5": 279094.70550546737,
    "6": 90077.55522634987,
    "7": 423275.56566030695,
    "8": 121591.44659260103,
    "9": 289033.4939309553,
    "10": 62671.32761136084,
    "11": 153664.29443576105,
    "12": 68507.97544664632,
    "13": 99421.69008647367,
    "14": 197918.18898664168,
    "15": 73747.52686632735,
    "16": 55243.543217709135,
    "17": 310023.1963667159,
    "18": 185767.04784088052,
    "19": 134389.33239541962,
    "20": 334252.72796721425,
    "21": 200806.31443579568,
    "22": 306937.68952024914,
    "23": 778381.1990361736,
    "24": 330996.4421994132,
    "25": 40859.91444087421,
    "26": 188597.543346595,
    "27": 389043.228445777,
    "28": 496476.26790504425,
    "29": 131677.90512055033,
    "30": 149541.8167686041,
    "31": 98111.47363846903,
    "32": 267821.5739766236,
    "33": 94596.42945303401,
    "34": 248464.79192577963,
    "35": 242370.6858309641,
    "36": 96457.86067129315,
    "37": 90613.23103241545,
    "38": 240270.6006298393,
    "39": 92278.67265620803,
    "40": 197674.28882278284,
    "41": 213208.3703036164,
    "42": 323649.3052240736,
    "43": 224907.2606946356,
    "44": 474814.5589276074,
    "45": 135100.34733252844,
    "46": 261333.35925543247,
    "47": 233360.7938123625,
    "48": 379823.3896586562,
    "49": 44127.211121809894,
    "50": 221743.48534619724,
    "51": 65908.39813661088,
    "52": 323661.206535743,
    "53": 78723.43970566378,
    "54": 132042.62060282248,
    "55": 27856.87390350382,
    "56": 271086.7892396595,
    "57": 35937.18128097942,
    "58": 315193.16429807094,
    "59": 298267.24588153185,
    "60": 514766.34150919545,
    "61": 117632.46380066508,
    "62": 343489.0202984788,
    "63": 61784.26049316512,
    "64": 212564.28552079227,
    "65": 23406.457498572232,
    "66": 133529.80139217575,
    "67": 125546.57815359607,
    "68": 295651.07129435026,
    "69": 195957.40871095212,
    "70": 224189.942739569,
    "71": 279892.8546421738,
    "72": 288889.18491034204,
    "73": 97872.4790727977,
    "74": 117069.14690864399,
    "75": 139952.52963549542,
    "76": 214202.58124466307,
    "77": 107159.99246378418,
    "78": 128848.76206068292,
    "79": 885544.0282346286,
    "80": 302614.55819368607,
    "81": 126871.34708847363,
    "82": 520192.0388808184,
    "83": 391649.0217337757,
    "84": 92949.05162440459,
    "85": 591722.0929735716,
    "86": 114902.58821444983,
    "87": 70426.60958951779,
    "88": 62405.95265456304,
    "89": 550571.2307640088,
    "90": 415329.7740899555,
    "91": 765639.8762832389,
    "92": 474023.30884669704,
    "93": 439935.851670396,
    "94": 204201.54003802812,
    "95": 357244.4793510751,
    "96": 184508.15326483134,
    "97": 127897.61246965473,
    "98": 227822.62446706003,
    "99": 29214.526533641718,
    "100": 95898.62441154371,
    "101": 138912.27220803703,
    "102": 600084.9423830046,
    "103": 525496.4012590126,
    "104": 55858.47418257919,
    "105": 91100.30127885538,
    "106": 451325.2645533096,
    "107": 704454.7007886027,
    "108": 581064.253359529,
    "109": 287873.8329364101,
    "110": 158338.26564104794,
    "111": 163637.24681342085,
    "112": 175261.8530447343,
    "113": 566385.8018413322,
    "114": 179488.18493504805,
    "115": 601976.8735722307,
    "116": 722831.6908618221,
    "117": 706402.4677065492,
    "118": 310603.5807397379,
    "119": 64468.34613810781,
    "120": 259401.69353322734,
    "121": 75821.44035616041,
    "122": 121081.9298716676,
    "123": 573560.1198614453,
    "124": 151014.39509071867,
    "125": 502025.46588865045,
    "126": 203530.72475717103,
    "127": 264687.2013650257,
    "128": 99620.22941736055,
    "129": 448088.0371390036,
    "130": 714408.1471261409,
    "131": 110020.76161372234,
    "132": 50026.941513464866,
    "133": 249860.82049804306,
    "134": 330234.5265317251,
    "135": 179254.0433229898,
    "136": 222516.93355704853,
    "137": 239195.3019287001,
    "138": 142878.0120125245,
    "139": 243513.9686938492,
    "140": 251571.219441996,
    "141": 294148.3379327974,
    "142": 57458.09038437257,
    "143": 199222.40310701978,
    "144": 349945.01820410363,
    "145": 69021.17602819741,
    "146": 89691.14548506899,
    "147": 70744.51340765013,
    "148": 84262.34607598848,
    "149": 384486.3357580195,
    "150": 136616.18125971104,
    "151": 81287.14925011492,
    "152": 145711.54008631437,
    "153": 335448.9075937092,
    "154": 271744.87741252116,
    "155": 298139.1077378079,
    "156": 222993.7401953782,
    "157": 254620.37072530566,
    "158": 117949.26903199595,
    "159": 69136.2559883311,
    "160": 122990.01865003706,
    "161": 367839.0396088848,
    "162": 16058.057204877872,
    "163": 306382.6201203184,
    "164": 373159.27065704984,
    "165": 391753.34503891034,
    "166": 71106.07322672546,
    "167": 19350.521363187094,
    "168": 55425.49274612907,
    "169": 51377.87664638294,
    "170": 55976.293024809485,
    "171": 211149.38833198894,
    "172": 630659.4277316591,
    "173": 147052.9793893361,
    "174": 368365.9216575491,
    "175": 135106.1326220015,
    "176": 124837.38189008432,
    "177": 382403.92561164097,
    "178": 529718.3335653965,
    "179": 203577.89218731876,
    "180": 46295.1502750119,
    "181": 156581.26804883016,
    "182": 188788.4648369307,
    "183": 256987.52938804604,
    "184": 321466.37875232595,
    "185": 303999.42617938557,
    "186": 303017.1751653055,
    "187": 152581.85168679737,
    "188": 539890.3345081819,
    "189": 40481.75498873496,
    "190": 411396.68088244635,
    "191": 154276.15596273946,
    "192": 289353.5469014282,
    "193": 489412.77168570226,
    "194": 105899.87516317319,
    "195": 167364.39078479935,
    "196": 251844.79018106332,
    "197": 176132.60792153343,
    "198": 588011.3867845002,
    "199": 288364.20654925046,
    "200": 308944.3151971052,
    "201": 39594.836552855944,
    "202": 62756.13858668845,
    "203": 53056.56670614006,
    "204": 206063.21124127938,
    "205": 225389.7646781099,
    "206": 235557.5960475627,
    "207": 136557.7885185385,
    "208": 51134.495947401694,
    "209": 233786.85897040096,
    "210": 98709.23968579949,
    "211": 200588.06620832882,
    "212": 143988.8279596118,
    "213": 88170.9107998113,
    "214": 307285.4275096439,
    "215": 298866.9361844034,
    "216": 96966.10384626997,
    "217": 980140.6872836496,
    "218": 101179.76604825088,
    "219": 66728.53269221456,
    "220": 117239.40237578454,
    "221": 98171.82233742808,
    "222": 174767.1187764319,
    "223": 439966.92542118655,
    "224": 171085.98616429465,
    "225": 565388.1705870659,
    "226": 647432.2772039606,
    "227": 172949.54098965533,
    "228": 205272.9817895376,
    "229": 159119.66078799294,
    "230": 59720.465419361026,
    "231": 239148.24492812756,
    "232": 165524.19354068613,
    "233": 330170.0260753065,
    "234": 164531.80978540063,
    "235": 117684.23934893469,
    "236": 506626.61548762256,
    "237": 35672.68342071102,
    "238": 211198.91000794183,
    "239": 175811.12433179363,
    "240": 104630.95455658027,
    "241": 154986.95785857632,
    "242": 400986.4483878008,
    "243": 266041.62031492044,
    "244": 72992.69907723197,
    "245": 149891.08097218978,
    "246": 348047.3335819397,
    "247": 727356.2218403282,
    "248": 112429.7580417566,
    "249": 180177.90735519904,
    "250": 58346.74643209329,
    "251": 325768.4562671457,
    "252": 123826.22009075363,
    "253": 703129.0927649244,
    "254": 954530.0087518807,
    "255": 301754.89565595024,
    "256": 93704.52482562851,
    "257": 407381.7371487961,
    "258": 231310.37916799923,
    "259": 218089.46060973284,
    "260": 26131.80693821796,
    "261": 192952.33850916152,
    "262": 161356.75404686137,
    "263": 90136.56223759963,
    "264": 540936.9541826604,
    "265": 142393.23886176784,
    "266": 151713.3864545112,