{
    "1": 327993.0234107408,
    "2": 189825.0861575985,
    "3": 436154.95383247355,
    "4": 180377.9618878181,
    "5": 239530.27754735772,
    "6": 93461.18587432364,
    "7": 269894.53228500945,
    "8": 192743.0485292412,
    "9": 102807.41775102685,
    "10": 351145.0986871363,
    "11": 180146.86994661935,
    "12": 361750.01631577226,
    "13": 219338.51721215335,
    "14": 138280.45534663758,
    "15": 251604.80203738512,
    "16": 182787.70116565496,
    "17": 123204.04217755792,
    "18": 109541.80756143149,
    "19": 250593.134567047,
    "20": 313193.6581503232,
    "21": 92350.4378260156,
    "22": 314491.56578788446,
    "23": 133359.88896064073,
    "24": 378732.4743314607,
    "25": 392636.05246679817,
    "26": 131462.94079033422,
    "27": 554549.4207003801,
    "28": 37475.675133249664,
    "29": 181981.0479115652,
    "30": 245141.62217586205,
    "31": 753199.4223192076,
    "32": 490667.52561971464,
    "33": 126879.58461747658,
    "34": 199841.08371691723,
    "35": 227946.88910457896,
    "36": 207698.32488894902,
    "37": 461047.5632605903,
    "38": 303965.4825894622,
    "39": 777337.3769620179,
    "40": 211725.31336892914,
    "41": 494066.5028165549,
    "42": 238474.96927386493,
    "43": 101247.73845087126,
    "44": 215873.47605080745,
    "45": 132026.53075950185,
    "46": 164492.92278563968,
    "47": 237032.59382162383,
    "48": 225423.35579977254,
    "49": 57574.26912211259,
    "50": 558900.8002155122,
    "51": 220428.66568766098,
    "52": 400654.47386799235,
    "53": 379665.80727832945,
    "54": 554932.7871538696,
    "55": 416427.12413661747,
    "56": 134334.17235690515,
    "57": 159295.26372483748,
    "58": 168551.56209859133,
    "59": 403673.16364303767,
    "60": 180594.62974034113,
    "61": 390746.2968484856,
    "62": 288629.9971874263,
    "63": 80897.94323301203,
    "64": 327938.75741591206,
    "65": 147640.4564428477,
    "66": 143831.52112443701,
    "67": 119666.42978544813,
    "68": 201687.11251710835,
    "69": 224228.2971066005,
    "70": 242354.75010476145,
    "71": 408813.60567552206,
    "72": 246155.35905503755,
    "73": 57085.83630848776,
    "74": 172510.20163637484,
    "75": 223327.82113752328,
    "76": 422759.23709599656,
    "77": 42898.28669928096,
    "78": 409833.5950354328,
    "79": 198886.53745951934,
    "80": 95857.01100447224,
    "81": 83007.30243465774,
    "82": 262834.4331942207,
    "83": 262178.53141860187,
    "84": 112857.09972634545,
    "85": 289918.6655383029,
    "86": 118360.27463978723,
    "87": 422422.1767062693,
    "88": 92323.28168159127,
    "89": 149477.35150411905,
    "90": 173529.32211307032,
    "91": 48006.429253367394,
    "92": 369845.36765865766,
    "93": 330014.57587634097,
    "94": 98367.50158396717,
    "95": 501162.8442865358,
    "96": 280676.42366407166,
    "97": 41852.60343167974,
    "98": 249278.0505663324,
    "99": 149709.44485866258,
    "100": 292852.8870902313,
    "101": 69571.33558062803,
    "102": 273017.27227127703,
    "103": 172866.83671193774,
    "104": 128396.33662165848,
    "105": 68784.08562910862,
    "106": 443112.9676091978,
    "107": 275523.55016681436,
    "108": 87747.03626734219,
    "109": 205506.45587119565,
    "110": 136900.90424093485,
    "111": 175038.95350239606,
    "112": 396478.2135470389,
    "113": 242942.6992289777,
    "114": 328025.26147848944,
    "115": 181103.62608115058,
    "116": 576214.8069193559,
    "117": 420591.15174049855,
    "118": 161867.62534891613,
    "119": 169425.65945803263,
    "120": 56953.46318233829,
    "121": 726094.3298267436,
    "122": 116050.67044263257,
    "123": 320429.2273693021,
    "124": 54572.09903383199,
    "125": 254555.06393618212,
    "126": 188420.43163844157,
    "127": 92654.27581175008,
    "128": 277495.89159039233,
    "129": 188170.21844647126,
    "130": 236140.17278153804,
    "131": 429883.5927227927,
    "132": 70360.94628974976,
    "133": 310037.39659749065,
    "134": 172856.87381122255,
    "135": 145931.00230049153,
    "136": 200920.92397054427,
    "137": 202447.80750425757,
    "138": 395426.3100142997,
    "139": 279531.7425372546,
    "140": 82019.78335502512,
    "141": 218066.35465871522,
    "142": 299644.24540405005,
    "143": 287957.55609367345,
    "144": 205886.22426882226,
    "145": 687110.386291988,
    "146": 325417.9257933787,
    "147": 599509.584110441,
    "148": 100777.42548980935,
    "149": 363965.9974623541,
    "150": 261012.45415383796,
    "151": 92287.29962586761,
    "152": 723997.7307991965,
    "153": 54901.27742143091,
    "154": 67040.30593039868,
    "155": 445906.8018028731,
    "156": 132829.49967955946,
    "157": 152619.36074482286,
    "158": 161914.0723066459,
    "159": 305366.38388557546,
    "160": 237257.52725887427,
    "161": 287016.412176325,
    "162": 168876.0061543756,
    "163": 147907.54761298338,
    "164": 183858.7705370267,
    "165": 154590.06073111424,
    "166": 106451.06180844692,
    "167": 324635.86936350865,
    "168": 52157.81934504943,
    "169": 100492.86465286513,
    "170": 421317.66267458495,
    "171": 167874.51338110873,
    "172": 220454.7197597129,
    "173": 41116.8394618174,
    "174": 984898.3124252463,
    "175": 84963.70286110044,
    "176": 260912.82512406036,
    "177": 157376.1459569304,
    "178": 204004.30922946843,
    "179": 90035.53391612318,
    "180": 232322.05353260427,
    "181": 225970.35048497183,
    "182": 102105.66808871173,
    "183": 75686.11134284282,
    "184": 55592.21141339261,
    "185": 73395.24733543677,
    "186": 217137.2860447981,
    "187": 86332.48499735638,
    "188": 303259.0679595573,
    "189": 302475.7593028478,
    "190": 97965.88747354693,
    "191": 624851.2175500959,
    "192": 697780.6000448492,
    "193": 395734.3780316945,
    "194": 243326.23495155474,
    "195": 283379.1706949002,
    "196": 108509.40299728124,
    "197": 146982.86258434365,
    "198": 60294.52182355413,
    "199": 395980.4640663133,
    "200": 158782.2151459738,
    "201": 87630.44986155286,
    "202": 271179.081189196,
    "203": 36690.76012466133,
    "204": 246302.5765027625,
    "205": 232312.18686191592,
    "206": 186358.73752003204,
    "207": 48671.974817784074,
    "208": 312597.1671317053,
    "209": 263581.23711280135,
    "210": 298048.299850761,
    "211": 230608.9193167476,
    "212": 219583.8128965786,
    "213": 157055.77487458478,
    "214": 578700.1617829283,
    "215": 113813.03123288785,
    "216": 123229.73858944004,
    "217": 162659.23147087728,
    "218": 280826.44312471885,
    "219": 82643.49128951682,
    "220": 110910.63731292995,
    "221": 116033.18446869343,
    "222": 212420.6779237075,
    "223": 698577.9835393038,
    "224": 148837.087093995,
    "225": 66774.85166728808,
    "226": 201516.08113300343,
    "227": 153184.6468150385,
    "228": 138164.44724899976,
    "229": 300126.5852318504,
    "230": 265763.8581558539,
    "231": 459123.10520074016,
    "232": 70783.71317278648,
    "233": 77331.6953852043,
    "234": 131461.72215108524,
    "235": 221475.5959652708,
    "236": 233847.5901435919,
    "237": 336511.3743389506,
    "238": 269085.441368525,
    "239": 66462.01194822541,
    "240": 107455.3302128014,
    "241": 24715.099191423626,
    "242": 104132.25847695593,
    "243": 138462.12538340694,
    "244": 579543.3727334783,
    "245": 227177.84237027346,
    "246": 269295.91260255966,
    "247": 59973.051561270244,
    "248": 140706.61136257666,
    "249": 406771.859389895,
    "250": 131407.01754863572,
    "251": 245524.3319797466,
    "252": 67996.50635634117,
    "253": 93774.94749528282,
    "254": 123007.62762932031,
    "255": 329030.6561278839,
    "256": 223772.40161771158,
    "257": 82856.15726795273,
    "258": 272398.474357651,
    "259": 77518.95849788132,
    "260": 379310.0538618365,
    "261": 18039.26150740054,
    "262": 456817.6557968497,
    "263": 363238.92069372046,
    "264": 190350.8467699922,
    "265": 239150.89538244845,
    "266": 247429.7448849701,