{
    "1": 105088.66517008263,
    "2": 112750.2333219441,
    "3": 476501.1118905687,
    "4": 412031.3681066921,
    "5": 509320.2002850309,
    "6": 29719.666645433696,
    "7": 344545.0820098165,
    "8": 400767.45487736794,
    "9": 49465.72024913191,
    "10": 174388.5185994953,
    "11": 689918.8330073147,
    "12": 26535.83551902229,
    "13": 25058.963819750188,
    "14": 139225.33747441962,
    "15": 166474.09101485898,
    "16": 293196.1327705131,
    "17": 299273.53923293616,
    "18": 452325.0473151068,
    "19": 76910.55437980266,
    "20": 302653.8738719676,
    "21": 189677.39320974913,
    "22": 353166.34076091833,
    "23": 127621.13134630489,
    "24": 141093.84880490752,
    "25": 240345.4802928261,
    "26": 405348.6476409476,
    "27": 105938.46794470516,
    "28": 407641.7208481393,
    "29": 279342.85471705324,
    "30": 230929.02271156013,
    "31": 137059.4395265689,
    "32": 74682.33413484316,
    "33": 64738.522007585445,
    "34": 282941.50463374465,
    "35": 141168.323470421,
    "36": 84392.25014566076,
    "37": 440979.44792763673,
    "38": 66336.9223041271,
    "39": 338245.95002255315,
    "40": 41713.360843095485,
    "41": 257385.89321407172,
    "42": 625474.4565322129,
    "43": 69629.8808575842,
    "44": 136527.05014387265,
    "45": 381777.07508284843,
    "46": 211685.25812286252,
    "47": 122651.02567172928,
    "48": 188872.03557186676,
    "49": 39868.95516098726,
    "50": 918884.4212958999,
    "51": 107883.40687048284,
    "52": 111505.49045536622,
    "53": 174002.4516170339,
    "54": 137605.05347320353,
    "55": 405661.3781830789,
    "56": 95726.80221821839,
    "57": 255897.39104393395,
    "58": 51388.48665730445,
    "59": 242352.7870772206,
    "60": 1116372.6887894098,
    "61": 135904.22234293746,
    "62": 65982.91116132269,
    "63": 186811.5296159678,
    "64": 162073.27101925306,
    "65": 288799.7802501537,
    "66": 387743.07968362153,
    "67": 237650.35194545076,
    "68": 196297.4765990332,
    "69": 50999.50336857569,
    "70": 337942.53713232366,
    "71": 298706.09990851564,
    "72": 309449.48862288403,
    "73": 301512.88463406597,
    "74": 38529.990905877254,
    "75": 439080.3453265884,
    "76": 397174.89386519266,
    "77": 366467.96280910616,
    "78": 392782.71489442803,
    "79": 356070.9948807453,
    "80": 305668.33083737927,
    "81": 208694.48489663267,
    "82": 154239.05099000415,
    "83": 603240.9899850432,
    "84": 137449.66900685072,
    "85": 70134.37720620468,
    "86": 157054.51368773414,
    "87": 661880.1935572843,
    "88": 271243.78139372444,
    "89": 186466.0203515486,
    "90": 565119.9541045061,
    "91": 258138.045856249,
    "92": 40579.96359707243,
    "93": 390129.4477342807,
    "94": 111177.61500973374,
    "95": 231313.11547372496,
    "96": 286745.81901133136,
    "97": 213628.30535043115,
    "98": 111207.48965990864,
    "99": 329233.1857689424,
    "100": 41910.5512657038,
    "101": 64846.30853595593,
    "102": 104050.88522792517,
    "103": 364771.25652165216,
    "104": 166499.64601115402,
    "105": 221878.14542283397,
    "106": 489572.99754515407,
    "107": 73152.4387486757,
    "108": 150089.7828601341,
    "109": 214019.46442933532,
    "110": 328424.71260219,
    "111": 227274.08109645385,
    "112": 264753.33256317204,
    "113": 128962.77845159789,
    "114": 213411.26382291855,
    "115": 104945.28944544421,
    "116": 130110.19545037797,
    "117": 104612.13290345036,
    "118": 162188.1851421208,
    "119": 80060.01657496682,
    "120": 199227.8040033368,
    "121": 174309.7125757491,
    "122": 305538.6502782686,
    "123": 140975.7902216471,
    "124": 40404.759780297674,
    "125": 375709.7340425087,
    "126": 241916.77516353715,
    "127": 135188.27101676323,
    "128": 18768.527857116685,
    "129": 388147.95867573394,
    "130": 121658.74232789397,
    "131": 838599.4708746218,
    "132": 211602.3673551696,
    "133": 105852.55390701229,
    "134": 298850.5857684966,
    "135": 209987.82294513,
    "136": 189231.1216048104,
    "137": 128214.5576762244,
    "138": 176317.04217290878,
    "139": 493892.820434631,
    "140": 255462.4468355924,
    "141": 175059.90589495146,
    "142": 25943.103535959675,
    "143": 294143.2801256746,
    "144": 582956.9138596962,
    "145": 284905.7011087236,
    "146": 175483.59588271752,
    "147": 320837.133993566,
    "148": 393624.8038895207,
    "149": 257241.72403865075,
    "150": 137005.33975397685,
    "151": 85990.53342936012,
    "152": 88421.61820020287,
    "153": 118040.1157479354,
    "154": 126620.92536780992,
    "155": 78377.73866636155,
    "156": 285336.0197406165,
    "157": 36124.15981093805,
    "158": 143921.3839910432,
    "159": 104640.29114260041,
    "160": 158657.07624176904,
    "161": 376380.9869118189,
    "162": 231149.92568914156,
    "163": 152863.68233310396,
    "164": 274292.4241814109,
    "165": 293778.50294407975,
    "166": 615361.0107034919,
    "167": 180161.9484004068,
    "168": 218950.0376319733,
    "169": 259722.56393768545,
    "170": 106688.7289560456,
    "171": 547199.2322781609,
    "172": 351919.17827504367,
    "173": 120240.47520163184,
    "174": 262436.726337514,
    "175": 134619.71084206735,
    "176": 454885.89756987,
    "177": 206924.18663219974,
    "178": 89781.85094380732,
    "179": 184794.09002811753,
    "180": 270824.53913489264,
    "181": 153861.04126930278,
    "182": 245097.16053090972,
    "183": 229501.98998577008,
    "184": 911690.6043223678,
    "185": 137049.2752361221,
    "186": 252615.92928229482,
    "187": 547818.9764717943,
    "188": 276757.92128792,
    "189": 401014.27557658986,
    "190": 431457.02424659353,
    "191": 424266.5733410755,
    "192": 172377.05386416175,
    "193": 100231.47030075827,
    "194": 287965.77912726655,
    "195": 233781.60995419338,
    "196": 67856.77685080426,
    "197": 128033.31836615888,
    "198": 74652.40096650906,
    "199": 109153.18960637951,
    "200": 466299.65237979696,
    "201": 151663.6209736361,
    "202": 192133.63676534005,
    "203": 253316.31982335722,
    "204": 133576.9058001108,
    "205": 241414.54900497437,
    "206": 763900.9933507171,
    "207": 73822.1515459103,
    "208": 194830.43758488668,
    "209": 391350.6299964316,
    "210": 232525.8968215542,
    "211": 494302.60966006597,
    "212": 288111.9910450859,
    "213": 105665.7537534575,
    "214": 45492.054550011955,
    "215": 269081.8229412042,
    "216": 67778.8517362019,
    "217": 342628.9325074005,
    "218": 234384.49351352212,
    "219": 236764.11335120266,
    "220": 40861.43645116418,
    "221": 358801.78500441305,
    "222": 52177.1425595528,
    "223": 352926.6347053466,
    "224": 191785.0432530749,
    "225": 70083.07570650545,
    "226": 450306.7169413601,
    "227": 132141.84474254752,
    "228": 63192.46125753448,
    "229": 171244.03258959856,
    "230": 180942.32174528795,
    "231": 151504.43003751858,
    "232": 399162.5606074821,
    "233": 259925.2694470741,
    "234": 115915.5973157787,
    "235": 585575.9311870089,
    "236": 471139.50829383597,
    "237": 197146.21029430558,
    "238": 47137.91255550471,
    "239": 236413.55261548713,
    "240": 103338.30331527538,
    "241": 506224.45675350854,
    "242": 172951.5972819476,
    "243": 51668.85782497865,
    "244": 193230.10705574852,
    "245": 23251.79593928349,
    "246": 200016.61108211358,
    "247": 147879.87517398893,
    "248": 179906.7357175165,
    "249": 160537.1215907049,
    "250": 148233.6694279691,
    "251": 185000.03632910023,
    "252": 65350.12756063185,
    "253": 28503.61830332003,
    "254": 132344.51560921376,
    "255": 75618.34134211905,
    "256": 154184.8338520594,
    "257": 620525.8162210311,
    "258": 278011.9928488321,
    "259": 322022.11934999237,
    "260": 92921.76620939383,
    "261": 704269.856801765,
    "262": 41981.512972672295,
    "263": 418861.68875845696,
    "264": 238214.70928791398,
    "265": 67005.26085307807,
    "266": 369923.7067387962,