{
    "1": 121833.5683670418,
    "2": 146891.58260914483,
    "3": 100610.85222079845,
    "4": 162192.25064904985,
    "5": 411904.00380772905,
    "6": 370127.86952003447,
    "7": 338377.2272955931,
    "8": 159186.7831349257,
    "9": 207551.9125855943,
    "10": 171908.14419169386,
    "11": 359394.3298003288,
    "12": 198614.73122422272,
    "13": 34149.80805195161,
    "14": 374747.4410812013,
    "15": 164385.8250419116,
    "16": 313330.9413255949,
    "17": 128014.72820415521,
    "18": 262233.35454392567,
    "19": 555094.7940343,
    "20": 120924.29646587276,
    "21": 171052.92928223303,
    "22": 182144.36907931807,
    "23": 227898.90941243235,
    "24": 91489.81489979402,
    "25": 132435.92412597145,
    "26": 828199.151632251,
    "27": 156911.5635803969,
    "28": 428964.1068272763,
    "29": 40756.12872389909,
    "30": 487594.11849701835,
    "31": 143719.10273515366,
    "32": 199787.80442448446,
    "33": 511783.19549551065,
    "34": 151198.13227742436,
    "35": 156090.4121309413,
    "36": 378139.07257849554,
    "37": 76853.74469189813,
    "38": 125014.74078068406,
    "39": 175498.0627981053,
    "40": 181510.8547384952,
    "41": 511054.6817445229,
    "42": 303291.4586182365,
    "43": 481842.0418765702,
    "44": 80163.88920363264,
    "45": 49077.809028189295,
    "46": 287624.7843769083,
    "47": 195608.94044654205,
    "48": 231893.24871487342,
    "49": 113342.22097285345,
    "50": 590328.7393476677,
    "51": 112201.64010519991,
    "52": 72121.82152802862,
    "53": 59523.33987022448,
    "54": 338243.8960053414,
    "55": 630291.3856837414,
    "56": 154599.08098629158,
    "57": 457649.29197130905,
    "58": 401301.4662633368,
    "59": 492545.764999293,
    "60": 321783.65042902087,
    "61": 50794.74301647989,
    "62": 669082.6931981071,
    "63": 413996.8201812761,
    "64": 377797.77355683944,
    "65": 206427.5386677834,
    "66": 205047.54855990864,
    "67": 174599.69989899397,
    "68": 247225.80206275833,
    "69": 107391.19677440585,
    "70": 97399.99289141854,
    "71": 94400.4113702973,
    "72": 251365.40530188882,
    "73": 112911.39506491562,
    "74": 130340.83895714852,
    "75": 142753.89347450354,
    "76": 102024.36760589432,
    "77": 292483.4063391181,
    "78": 226634.8505535287,
    "79": 298164.577334688,
    "80": 105347.3748922187,
    "81": 389111.6381558585,
    "82": 138382.81921490456,
    "83": 177637.86407041523,
    "84": 303096.1950612634,
    "85": 97865.38627552685,
    "86": 98175.61168528152,
    "87": 82933.74972967344,
    "88": 688953.7263828219,
    "89": 418981.7855653504,
    "90": 100955.23044482076,
    "91": 405249.4869453072,
    "92": 248259.01985436748,
    "93": 60467.44689516887,
    "94": 282208.5717472888,
    "95": 268407.5355819522,
    "96": 531299.9036325343,
    "97": 220736.89851889454,
    "98": 387965.500146147,
    "99": 60327.413342072046,
    "100": 112589.12778790468,
    "101": 343927.2471125595,
    "102": 173212.53994387633,
    "103": 88276.78135364685,
    "104": 255491.1012115547,
    "105": 250408.7960649539,
    "106": 236253.69357066214,
    "107": 142358.1953149002,
    "108": 288404.6695825943,
    "109": 575884.5830208403,
    "110": 356619.7436258293,
    "111": 58234.12686554903,
    "112": 515915.4175775288,
    "113": 231941.6424922016,
    "114": 39248.6079713624,
    "115": 178103.70579979068,
    "116": 616181.775992603,
    "117": 581022.0207021435,
    "118": 67837.41922962767,
    "119": 139662.9154265065,
    "120": 320023.5227985632,
    "121": 61382.26835951518,
    "122": 424815.8524936337,
    "123": 285933.409058582,
    "124": 76821.05573868021,
    "125": 139026.5440427159,
    "126": 203729.68690514588,
    "127": 219334.07110240703,
    "128": 227774.84179726543,
    "129": 42216.508437182216,
    "130": 168760.23790438075,
    "131": 63565.7190225299,
    "132": 395599.0771885318,
    "133": 211313.24705605602,
    "134": 86135.45179689697,
    "135": 80752.82748534057,
    "136": 316085.72144494654,
    "137": 275704.10067287943,
    "138": 70720.97177909104,
    "139": 338044.09396708786,
    "140": 384380.5393007794,
    "141": 266376.923027632,
    "142": 179087.28741620862,
    "143": 632297.5515983552,
    "144": 85152.45307379791,
    "145": 63265.39868684135,
    "146": 157721.7847348383,
    "147": 203761.7250233587,
    "148": 545891.72933178,
    "149": 79163.07918591905,
    "150": 341857.05441205215,
    "151": 286882.94567332783,
    "152": 195785.01190576243,
    "153": 187426.0196347528,
    "154": 108705.34622896557,
    "155": 21556.59935036378,
    "156": 317011.59343297465,
    "157": 329531.8667283688,
    "158": 151541.32502765895,
    "159": 188305.09396043725,
    "160": 238963.13835246797,
    "161": 536323.2039531892,
    "162": 84927.21036732146,
    "163": 335015.1081178323,
    "164": 31525.5186414687,
    "165": 195345.58584627116,
    "166": 261472.92569750737,
    "167": 102351.30935326716,
    "168": 137236.93079657096,
    "169": 251575.00289017058,
    "170": 100566.3099433673,
    "171": 764459.5873843614,
    "172": 92914.67170053115,
    "173": 79056.1476742762,
    "174": 427892.55210558674,
    "175": 201489.42932980994,
    "176": 317802.796069217,
    "177": 95290.46384877099,
    "178": 272964.02037909505,
    "179": 86308.35811107347,
    "180": 479830.6561043641,
    "181": 100031.96187976438,
    "182": 29120.224786752995,
    "183": 82167.07147681327,
    "184": 206909.9968979367,
    "185": 285416.073045129,
    "186": 17641.28306246449,
    "187": 22717.392585670324,
    "188": 58332.74953547939,
    "189": 72591.61528499454,
    "190": 468449.62066462834,
    "191": 62217.7026653452,
    "192": 95543.09215234175,
    "193": 226765.0313807887,
    "194": 61509.95073030562,
    "195": 560465.6768050672,
    "196": 88231.35927851808,
    "197": 528954.507183891,
    "198": 671622.1188241849,
    "199": 794220.0538125144,
    "200": 208762.38028202447,
    "201": 271466.88332558936,
    "202": 534857.498036362,
    "203": 257435.5241508098,
    "204": 47887.62786964997,
    "205": 55565.30409695631,
    "206": 246485.8552485502,
    "207": 437689.87103695766,
    "208": 221520.42878334734,
    "209": 710481.900229294,
    "210": 110714.25426045945,
    "211": 282490.84615384944,
    "212": 149272.50847524818,
    "213": 112434.473174237,
    "214": 236196.31978514337,
    "215": 245110.56964563963,
    "216": 404308.7262334523,
    "217": 840447.8732775893,
    "218": 207102.68284613092,
    "219": 56812.352345221516,
    "220": 130463.042922781,
    "221": 351216.30036016135,
    "222": 203199.91405392764,
    "223": 153716.97328947196,
    "224": 138917.34440050632,
    "225": 60568.18454004593,
    "226": 482599.8913085294,
    "227": 17806.319749955168,
    "228": 416616.8083699726,
    "229": 202140.63569135286,
    "230": 173682.80679191675,
    "231": 360168.1048875599,
    "232": 482189.99577396305,
    "233": 115838.52356302142,
    "234": 62102.12770336537,
    "235": 88302.01703707065,
    "236": 319429.1218989166,
    "237": 704440.6540175482,
    "238": 347514.5615299634,
    "239": 104254.93661518917,
    "240": 132020.11481129166,
    "241": 212462.89880858862,
    "242": 136670.1934844634,
    "243": 83041.35515725295,
    "244": 497931.6141978542,
    "245": 33492.85455620316,
    "246": 151845.3524828009,
    "247": 211795.38894042096,
    "248": 279995.1183562401,
    "249": 112616.19015691777,
    "250": 78057.50567480434,
    "251": 141226.22734856667,
    "252": 137505.07123386848,
    "253": 294236.9431589274,
    "254": 66208.57276590892,
    "255": 715334.2712203772,
    "256": 139386.22560933483,
    "257": 198035.14130773328,
    "258": 115467.9763542377,
    "259": 59203.94871448323,
    "260": 80944.99732592612,
    "261": 243473.83917191345,
    "262": 386506.0901100254,
    "263": 444491.6113045132,
    "264": 529781.1698707023,
    "265": 204113.82127890643,
    "266": 95122.99197110723,
    "267": 485029.45832666336,