{
    "1": 480553.6882125285,
    "2": 176058.19825793433,
    "3": 32257.602804508846,
    "4": 418413.88452077477,
    "5": 588177.0963401849,
    "6": 519162.5128771085,
    "7": 226939.06396276396,
    "8": 286943.9614371205,
    "9": 173343.24049339615,
    "10": 207472.76851461382,
    "11": 659820.8324411468,
    "12": 115385.15697550583,
    "13": 71572.65524820166,
    "14": 358181.1005574452,
    "15": 96372.77184495423,
    "16": 361544.2142281318,
    "17": 331663.07336413686,
    "18": 276637.66147744696,
    "19": 176084.63767882963,
    "20": 358896.32829145325,
    "21": 93468.80820984748,
    "22": 99744.48972296913,
    "23": 213200.71265357887,
    "24": 50356.99723015235,
    "25": 539371.4268870481,
    "26": 295605.0219496344,
    "27": 100257.35374104149,
    "28": 107651.39842580892,
    "29": 546450.9507862915,
    "30": 130410.0324228884,
    "31": 46237.47947731705,
    "32": 126732.18265337113,
    "33": 205027.76839522587,
    "34": 33721.11871306671,
    "35": 368522.2557632169,
    "36": 380502.0405051711,
    "37": 115540.80748803345,
    "38": 242644.66885159232,
    "39": 202371.72697351425,
    "40": 125690.27383888474,
    "41": 147066.94374245207,
    "42": 133458.7530411653,
    "43": 81506.46787996363,
    "44": 61755.42860937751,
    "45": 23481.28184157865,
    "46": 106250.60017080484,
    "47": 335054.5758368844,
    "48": 41757.30773605745,
    "49": 85763.53768079163,
    "50": 308434.56458837236,
    "51": 120449.56279981394,
    "52": 524569.8077495049,
    "53": 351795.0141510872,
    "54": 258093.08264830316,
    "55": 781781.5783240325,
    "56": 493046.9409125708,
    "57": 509578.095079434,
    "58": 66025.7350667395,
    "59": 358061.9650519379,
    "60": 54723.207368731964,
    "61": 196417.34351548032,
    "62": 310650.69029912737,
    "63": 163147.76951124705,
    "64": 38253.955192136484,
    "65": 161822.5061413684,
    "66": 167398.53921346035,
    "67": 223450.94059580847,
    "68": 27696.84997409124,
    "69": 279053.76488143764,
    "70": 81701.97025268873,
    "71": 298422.4818051392,
    "72": 60123.57385239573,
    "73": 139247.3700220543,
    "74": 442553.4520443954,
    "75": 226188.1438372453,
    "76": 156514.14573314873,
    "77": 177305.8063531807,
    "78": 170048.6636744567,
    "79": 196271.9899018897,
    "80": 96191.34084582396,
    "81": 402672.5327614558,
    "82": 438818.4186400832,
    "83": 187795.91586367434,
    "84": 646633.8500265994,
    "85": 235480.6315528319,
    "86": 156643.21343660494,
    "87": 60724.33505697142,
    "88": 58752.25281755953,
    "89": 752084.8111523252,
    "90": 108514.52107304982,
    "91": 89508.27247873359,
    "92": 100477.97633887599,
    "93": 153587.76512026912,
    "94": 278722.2714407651,
    "95": 299956.3372426219,
    "96": 126098.80697690301,
    "97": 762668.8069877132,
    "98": 162089.52690487256,
    "99": 153701.72348301637,
    "100": 31997.973607018976,
    "101": 120340.05626400029,
    "102": 625083.1009430555,
    "103": 343823.0112011615,
    "104": 764597.6520094469,
    "105": 177343.110234145,
    "106": 119798.49056461774,
    "107": 32593.701526333865,
    "108": 89027.95101916007,
    "109": 236641.06346949394,
    "110": 95585.49765651191,
    "111": 43480.94413334644,
    "112": 310961.9401167307,
    "113": 202516.7763429668,
    "114": 132721.16929599157,
    "115": 466011.2809525172,
    "116": 443269.49254786794,
    "117": 190490.10287013187,
    "118": 384329.0020505136,
    "119": 421989.03754145204,
    "120": 62329.24717230069,
    "121": 72830.09515273938,
    "122": 250481.38883209898,
    "123": 231316.65808347217,
    "124": 80260.66214232841,
    "125": 219408.50505142432,
    "126": 360295.0988281867,
    "127": 153762.88122950314,
    "128": 58001.71322898809,
    "129": 178035.5930757466,
    "130": 563143.1774291217,
    "131": 386800.7415779059,
    "132": 79856.22736274425,
    "133": 710353.4854566199,
    "134": 94307.90598491085,
    "135": 236810.85605021424,
    "136": 839883.5075204391,
    "137": 281779.4029015961,
    "138": 230822.55060542605,
    "139": 120936.53435632956,
    "140": 103681.26074642324,
    "141": 324064.1219672608,
    "142": 64989.59270349964,
    "143": 115937.83285417296,
    "144": 251539.03293629698,
    "145": 64081.35394375361,
    "146": 552942.1686117467,
    "147": 138071.68391748422,
    "148": 223831.81998344732,
    "149": 69739.42304925666,
    "150": 157569.4951400506,
    "151": 168803.04909413238,
    "152": 64632.65356265591,
    "153": 122540.9015113429,
    "154": 125356.34709140316,
    "155": 185356.11587206644,
    "156": 62125.28199926894,
    "157": 158596.8140993026,
    "158": 207406.3618537064,
    "159": 37755.52996160518,
    "160": 122559.17491491413,
    "161": 331183.4221860398,
    "162": 771358.0732263594,
    "163": 96289.02177101634,
    "164": 122967.88468760904,
    "165": 207656.70028649838,
    "166": 337755.2970036062,
    "167": 229633.0934245344,
    "168": 195340.2972127352,
    "169": 300544.4958825174,
    "170": 314233.30383348465,
    "171": 339117.0013679613,
    "172": 365268.43212534406,
    "173": 179121.1808799042,
    "174": 67317.45255611265,
    "175": 785625.9556148804,
    "176": 288401.7648097006,
    "177": 51761.574045523,
    "178": 108523.70316597936,
    "179": 339424.6371579554,
    "180": 105180.3457394232,
    "181": 42001.98129918603,
    "182": 61748.60358321289,
    "183": 204888.66425614417,
    "184": 188336.08146459627,
    "185": 82458.1975199568,
    "186": 253772.89168824622,
    "187": 146856.20754996335,
    "188": 57413.593613417026,
    "189": 416453.9209799009,
    "190": 97291.46783637886,
    "191": 480395.8927136695,
    "192": 33995.896732316025,
    "193": 107343.80309932788,
    "194": 174162.7199116657,
    "195": 191996.81078759293,
    "196": 347291.7742946833,
    "197": 309236.4240834214,
    "198": 64439.27912215222,
    "199": 386694.60014197434,
    "200": 272828.9447669872,
    "201": 144705.0713016083,
    "202": 210568.05241693096,
    "203": 198286.1151162306,
    "204": 202636.80930388285,
    "205": 264997.2250630707,
    "206": 256456.81355767153,
    "207": 254850.59330464434,
    "208": 193065.89267203683,
    "209": 357126.54300883197,
    "210": 108523.8168452611,
    "211": 145396.93497229356,
    "212": 28409.278464933974,
    "213": 16711.1937844748,
    "214": 80634.0729978397,
    "215": 288197.15863908926,
    "216": 224638.70581861908,
    "217": 46811.01713157714,
    "218": 198128.07822624195,
    "219": 315292.3560366554,
    "220": 38417.870703190434,
    "221": 59191.384701703435,
    "222": 11964.94720411601,
    "223": 341579.4654256261,
    "224": 677852.4443003882,
    "225": 60900.23269943061,
    "226": 113615.4455863418,
    "227": 202040.75483757348,
    "228": 411635.6804332498,
    "229": 175659.31823626318,
    "230": 442042.67092176253,
    "231": 163233.1802345437,
    "232": 150942.56572890904,
    "233": 288637.12028702424,
    "234": 264918.1994108429,
    "235": 312385.2851029077,
    "236": 143178.20419982044,
    "237": 178742.88154177106,
    "238": 55556.02553664081,
    "239": 75084.39098610732,
    "240": 137200.37654089084,
    "241": 118556.75291929304,
    "242": 114053.03400558667,
    "243": 174159.408972922,
    "244": 174505.33147166957,
    "245": 305043.9635856128,
    "246": 549364.4000262732,
    "247": 171673.58143116633,
    "248": 54955.955076765626,
    "249": 417198.3732119106,
    "250": 725815.9541143351,
    "251": 275708.0238914418,
    "252": 689755.5285004999,
    "253": 73911.02592656678,
    "254": 288694.44534169335,
    "255": 428773.39408323355,
    "256": 136606.42556982688,
    "257": 215168.33485945204,
    "258": 91727.37502026174,
    "259": 207433.24019203428,
    "260": 335564.38355878525,
    "261": 168689.77751879187,
    "262": 100888.19064512367,
    "263": 319729.0867031017,
    "264": 450273.4784463501,
    "265": 110966.56043889107,
    "266": 454090.3268382986,