{
    "1": 666186.7590672461,
    "2": 469103.9188613458,
    "3": 181812.9995803356,
    "4": 358789.5125022593,
    "5": 102253.41759312066,
    "6": 60195.57968336632,
    "7": 242711.6320689203,
    "8": 165539.74080094628,
    "9": 18668.66204296347,
    "10": 129288.56070226547,
    "11": 192948.96833141713,
    "12": 130682.79140881432,
    "13": 52044.94652636081,
    "14": 710171.4826219798,
    "15": 40185.507371727006,
    "16": 24910.258712487906,
    "17": 90525.2653854822,
    "18": 266262.8896020729,
    "19": 132843.70957193556,
    "20": 134121.7084168846,
    "21": 526227.6798105782,
    "22": 55180.54153359745,
    "23": 208520.88118598345,
    "24": 167709.57184530486,
    "25": 35604.57084982766,
    "26": 391146.38490605773,
    "27": 350047.94720789086,
    "28": 63419.89719020969,
    "29": 783638.871461764,
    "30": 404883.3544988472,
    "31": 349490.0614136892,
    "32": 171596.3384569745,
    "33": 177973.5539084517,
    "34": 73341.50611718542,
    "35": 240609.9516940533,
    "36": 236039.55751066754,
    "37": 466827.8853465334,
    "38": 103922.36408842694,
    "39": 144838.42688499868,
    "40": 134820.2368772925,
    "41": 62855.274456318155,
    "42": 221062.11915243056,
    "43": 257136.73616943485,
    "44": 380714.80843577615,
    "45": 153629.16753141102,
    "46": 226364.63925876076,
    "47": 110527.50440765388,
    "48": 85637.61109524463,
    "49": 209505.49669860923,
    "50": 193681.2236782566,
    "51": 66738.24082739915,
    "52": 195490.05988866845,
    "53": 152401.8437012415,
    "54": 178995.8450099698,
    "55": 295766.27268811746,
    "56": 278470.3930495001,
    "57": 462657.94142864906,
    "58": 308937.7571653036,
    "59": 348260.4615500124,
    "60": 300886.4526286968,
    "61": 115106.52572162557,
    "62": 145434.09218997884,
    "63": 279589.02798475936,
    "64": 169235.87833767178,
    "65": 124011.84528277589,
    "66": 63166.17965583237,
    "67": 209088.38163004175,
    "68": 287858.7994920772,
    "69": 661180.7557017619,
    "70": 116757.8201011099,
    "71": 166757.82634496567,
    "72": 77890.81913422528,
    "73": 177049.73334059722,
    "74": 230502.48835553974,
    "75": 356824.29040003,
    "76": 329695.1755922715,
    "77": 131486.11312546453,
    "78": 237234.28390491375,
    "79": 653970.0871507691,
    "80": 391426.6949078811,
    "81": 93905.64884029144,
    "82": 291788.3010659673,
    "83": 122599.0389054089,
    "84": 260884.52337209976,
    "85": 161976.1384205196,
    "86": 448366.156671442,
    "87": 209915.24996832391,
    "88": 81477.663474414,
    "89": 411626.85017937684,
    "90": 59135.20629107076,
    "91": 433264.77595620084,
    "92": 330079.0811602652,
    "93": 40340.92701004789,
    "94": 133253.23462128764,
    "95": 102278.45050597658,
    "96": 77585.44175697761,
    "97": 452304.3779399163,
    "98": 123971.54423348566,
    "99": 427949.72455797065,
    "100": 372199.2368413192,
    "101": 233807.4519866278,
    "102": 173392.0649162541,
    "103": 230191.6704492782,
    "104": 420709.95759601315,
    "105": 13729.705686631323,
    "106": 256064.89857500757,
    "107": 331863.11707627506,
    "108": 532396.1397311833,
    "109": 409867.5831594872,
    "110": 87799.65165631633,
    "111": 472077.2912956551,
    "112": 114796.64550895101,
    "113": 425337.23770568805,
    "114": 166942.98298888316,
    "115": 376506.1860537281,
    "116": 546421.9434051899,
    "117": 199641.95630069825,
    "118": 257524.70608338012,
    "119": 90098.4029763548,
    "120": 315034.9611054726,
    "121": 207105.61156190437,
    "122": 85256.63471568828,
    "123": 245362.26293605327,
    "124": 114145.34344279936,
    "125": 270324.9144938275,
    "126": 343143.6382895368,
    "127": 35954.9599129668,
    "128": 325094.6555854365,
    "129": 111668.19274076128,
    "130": 441864.18174089666,
    "131": 124386.80057023659,
    "132": 200255.73330339126,
    "133": 294286.48489109526,
    "134": 46291.05546322881,
    "135": 115760.75521828848,
    "136": 314028.4526165601,
    "137": 172472.95597916178,
    "138": 58475.136972256645,
    "139": 251332.1625839159,
    "140": 181181.28375409576,
    "141": 102913.2267549063,
    "142": 429540.69829353504,
    "143": 630088.5266783304,
    "144": 62511.8383647566,
    "145": 133388.5558008313,
    "146": 18859.167238485465,
    "147": 210513.83504848398,
    "148": 115506.85199588884,
    "149": 343277.3186307471,
    "150": 652989.2465493442,
    "151": 76517.24994917189,
    "152": 197498.07299929307,
    "153": 616609.0835905873,
    "154": 48464.15225173745,
    "155": 137057.9758654503,
    "156": 376147.708715558,
    "157": 333277.167491154,
    "158": 347833.8861430989,
    "159": 278728.9863763259,
    "160": 417536.30723448854,
    "161": 130594.71943779054,
    "162": 213014.36743714134,
    "163": 345268.07597310276,
    "164": 74711.84278335773,
    "165": 215551.35921291602,
    "166": 209766.3147281735,
    "167": 65630.92940559327,
    "168": 50764.604772848186,
    "169": 61700.84012738946,
    "170": 329078.34813646885,
    "171": 280181.41433056176,
    "172": 436457.9022312334,
    "173": 404546.23812157067,
    "174": 64188.880478714855,
    "175": 169523.09557686085,
    "176": 14385.942232571206,
    "177": 388641.13648369623,
    "178": 480780.622588063,
    "179": 252399.78715748483,
    "180": 53883.52211787792,
    "181": 301317.02339231095,
    "182": 126381.64194895227,
    "183": 134545.74635505438,
    "184": 131358.86347805682,
    "185": 101806.10270336739,
    "186": 197545.5981225945,
    "187": 53553.39299496642,
    "188": 355529.8699063363,
    "189": 289923.3140543996,
    "190": 73528.36715010156,
    "191": 182721.7722868649,
    "192": 228998.05886371888,
    "193": 286311.4073668712,
    "194": 380138.5771262886,
    "195": 183253.83340603948,
    "196": 126830.80446375842,
    "197": 126762.74453512269,
    "198": 314180.71976096753,
    "199": 146378.98674917742,
    "200": 163984.2764283065,
    "201": 76058.77752580444,
    "202": 396977.90833313897,
    "203": 236689.61159798462,
    "204": 109652.23678622654,
    "205": 474234.22651096055,
    "206": 179879.53423178368,
    "207": 104744.84564957135,
    "208": 305139.28939715546,
    "209": 195085.5077302409,
    "210": 191300.47583542162,
    "211": 326530.9883275964,
    "212": 135055.1282424805,
    "213": 103765.2836204088,
    "214": 105651.9628524383,
    "215": 265496.8218940195,
    "216": 174041.598627463,
    "217": 237268.61549407706,
    "218": 188312.04918009092,
    "219": 427982.86021655484,
    "220": 428645.0127736476,
    "221": 48386.55561953661,
    "222": 466934.6829978797,
    "223": 147468.55431937124,
    "224": 449873.97080334794,
    "225": 316514.6976099516,
    "226": 223569.48014197213,
    "227": 501186.5941751559,
    "228": 78846.08298344478,
    "229": 203513.57431728658,
    "230": 128075.37923398537,
    "231": 243282.72834395128,
    "232": 165469.1387339503,
    "233": 370596.66678606527,
    "234": 40091.351255730326,
    "235": 322335.3030676772,
    "236": 230422.37877628248,
    "237": 101602.17709178163,
    "238": 189379.30453255356,
    "239": 184299.25237765032,
    "240": 88779.69074337972,
    "241": 195733.45386803037,
    "242": 77339.33132851013,
    "243": 62180.835662832964,
    "244": 277672.29190725996,
    "245": 147634.3504720933,
    "246": 111361.63339142536,
    "247": 51659.20506806136,
    "248": 122983.36129837336,
    "249": 439541.27629176836,
    "250": 361387.0395278305,
    "251": 118236.66325225511,
    "252": 96158.09861414507,
    "253": 460252.8355770231,
    "254": 218351.14796887603,
    "255": 188918.28079625385,
    "256": 198990.8703127936,
    "257": 371364.54764742503,
    "258": 209310.28662346743,
    "259": 71405.61930591636,
    "260": 217761.28135876768,
    "261": 340396.6964310367,
    "262": 150661.37998430125,
    "263": 175215.27173631158,
    "264": 240329.13482088153,
    "265": 98215.76493990989,
    "266": 350741.90145649546,