{
    "1": 133270.2050439034,
    "2": 66184.99773971815,
    "3": 33706.0064761267,
    "4": 247489.62608214215,
    "5": 190666.993118658,
    "6": 209702.647900321,
    "7": 557317.5615099333,
    "8": 197998.24590225174,
    "9": 98354.97292624306,
    "10": 191945.73559391382,
    "11": 495670.96217299905,
    "12": 223730.2796073709,
    "13": 400662.0161215445,
    "14": 229271.34910253523,
    "15": 235556.73859659804,
    "16": 319961.31953989615,
    "17": 415445.2049782314,
    "18": 157159.7017422762,
    "19": 340448.1010988658,
    "20": 143913.7473578303,
    "21": 237446.0058565825,
    "22": 791876.337024847,
    "23": 251654.4560279778,
    "24": 493223.7646714992,
    "25": 167422.85283265615,
    "26": 422414.4900543082,
    "27": 175065.29414997806,
    "28": 63756.38636791137,
    "29": 34888.56934354797,
    "30": 102877.64676541586,
    "31": 168281.67561655137,
    "32": 340158.3361071938,
    "33": 23866.133081686756,
    "34": 169441.02716436706,
    "35": 351032.7848477731,
    "36": 643659.0034213742,
    "37": 34284.5685115801,
    "38": 49422.88487299463,
    "39": 127365.07928595836,
    "40": 149250.13793592117,
    "41": 77496.11762287468,
    "42": 322221.09630471445,
    "43": 52014.838784192994,
    "44": 643941.7465705317,
    "45": 201817.16031192886,
    "46": 331605.21925695665,
    "47": 189589.50411870534,
    "48": 295250.232158802,
    "49": 436568.46361094894,
    "50": 304012.2728437927,
    "51": 257083.34953544763,
    "52": 362205.0327941953,
    "53": 192471.29818150535,
    "54": 133938.49036339668,
    "55": 333209.7400831743,
    "56": 181717.3843636864,
    "57": 156897.25987169612,
    "58": 158727.00002885234,
    "59": 315992.150754598,
    "60": 161950.83354338657,
    "61": 63349.707785560844,
    "62": 22470.043535477565,
    "63": 308999.36974572844,
    "64": 131608.39593748428,
    "65": 309169.1974071798,
    "66": 31996.4347867473,
    "67": 124839.83918749269,
    "68": 186626.50400105352,
    "69": 64237.62974272681,
    "70": 97137.04481843182,
    "71": 496758.5004810474,
    "72": 53385.54269327987,
    "73": 625582.4555354757,
    "74": 491788.18755590176,
    "75": 150375.30244510996,
    "76": 125109.09216523262,
    "77": 18095.61008908443,
    "78": 272755.1816806207,
    "79": 104101.2623785841,
    "80": 120316.52865584799,
    "81": 172470.531110478,
    "82": 85739.13923970354,
    "83": 373972.37455289304,
    "84": 346894.27886876155,
    "85": 225931.9690337982,
    "86": 246274.8355091766,
    "87": 290285.26683758164,
    "88": 35267.71080615102,
    "89": 755802.5622727752,
    "90": 198166.81758833007,
    "91": 177178.40041049488,
    "92": 419481.5646480383,
    "93": 350477.9696681729,
    "94": 209542.82031934822,
    "95": 399794.9346066826,
    "96": 193012.63736119564,
    "97": 173547.2144700544,
    "98": 319704.2311338033,
    "99": 262994.1255317847,
    "100": 77421.6800471058,
    "101": 137317.89000159097,
    "102": 209896.31923682214,
    "103": 617501.2851246671,
    "104": 139650.80657744117,
    "105": 261157.58851725524,
    "106": 160715.70846761443,
    "107": 317251.59650260315,
    "108": 64878.843727846586,
    "109": 296733.178602756,
    "110": 305198.91716937796,
    "111": 97773.37427322428,
    "112": 75294.40861755318,
    "113": 179408.29006782713,
    "114": 396726.6834914058,
    "115": 586038.458954954,
    "116": 133499.25663215405,
    "117": 475182.66143500817,
    "118": 84790.83099965531,
    "119": 814957.1574640948,
    "120": 120761.75304425036,
    "121": 82037.7969294192,
    "122": 300473.40964505594,
    "123": 96109.12455351351,
    "124": 89981.80850207224,
    "125": 314221.07321245375,
    "126": 202941.70449545124,
    "127": 147088.45856692034,
    "128": 135865.3108154002,
    "129": 235409.2923359705,
    "130": 161819.83726087734,
    "131": 359248.99010855873,
    "132": 77778.83734290116,
    "133": 572970.4635603898,
    "134": 247281.0163398248,
    "135": 333634.1100314486,
    "136": 206432.26666289903,
    "137": 79985.65313765415,
    "138": 133779.50556410904,
    "139": 177927.20655207016,
    "140": 274842.5508297496,
    "141": 167108.64028017598,
    "142": 122150.05421346278,
    "143": 77662.52905577724,
    "144": 55107.43617305344,
    "145": 82654.26515384953,
    "146": 653221.8790547986,
    "147": 706621.3620073998,
    "148": 332475.29038893606,
    "149": 161829.6327123132,
    "150": 102380.89027473169,
    "151": 136141.0775450697,
    "152": 751602.7289438846,
    "153": 117833.67200328842,
    "154": 199527.41254995146,
    "155": 348878.93852047983,
    "156": 70016.89834278547,
    "157": 100948.38097229281,
    "158": 204159.33756992873,
    "159": 177469.90774800384,
    "160": 203388.90538331796,
    "161": 40831.93750338897,
    "162": 102458.85368892192,
    "163": 49582.25156739624,
    "164": 51312.00602194076,
    "165": 488338.4032566791,
    "166": 439413.4820328403,
    "167": 176317.8032925391,
    "168": 216615.18672138112,
    "169": 858315.8653086039,
    "170": 216721.22152181264,
    "171": 89511.95536193944,
    "172": 209211.16822370284,
    "173": 444762.45985487895,
    "174": 115115.22713316757,
    "175": 738166.4452916634,
    "176": 103472.23836996169,
    "177": 222308.78330791305,
    "178": 248846.50931644146,
    "179": 249401.11742929413,
    "180": 178851.89783141928,
    "181": 327111.22522367846,
    "182": 71690.1615412585,
    "183": 277176.4543227218,
    "184": 52389.99470624368,
    "185": 223277.34840934208,
    "186": 662807.611112116,
    "187": 346345.29408989765,
    "188": 65184.4168615803,
    "189": 142698.83012116578,
    "190": 337368.4839118859,
    "191": 257406.0707664401,
    "192": 100156.64004290375,
    "193": 272890.5583173047,
    "194": 201554.55269427458,
    "195": 239129.19118318992,
    "196": 217168.55366719264,
    "197": 190415.87550996273,
    "198": 162965.4026014307,
    "199": 176784.55247528583,
    "200": 177534.48163609963,
    "201": 384274.1386197505,
    "202": 199687.1823716714,
    "203": 207412.69154377535,
    "204": 219802.29420408665,
    "205": 348062.1554884123,
    "206": 830026.1772465755,
    "207": 191366.13440294607,
    "208": 426802.41128481127,
    "209": 159717.25263826008,
    "210": 443990.11978444544,
    "211": 96966.65510768328,
    "212": 76503.55545405434,
    "213": 112121.28573561975,
    "214": 265004.9155142225,
    "215": 276079.85427749285,
    "216": 163192.6589153086,
    "217": 453435.7474637521,
    "218": 256690.45272814986,
    "219": 62378.41436584104,
    "220": 334633.1384393004,
    "221": 137943.30696221674,
    "222": 256765.49332677902,
    "223": 81056.80657164456,
    "224": 420317.68610160047,
    "225": 388666.3745662002,
    "226": 219658.94686039383,
    "227": 140892.9956775232,
    "228": 169447.00276053706,
    "229": 286127.1375840464,
    "230": 219790.3530759127,
    "231": 333215.6278706464,
    "232": 180329.294637172,
    "233": 36862.426926714,
    "234": 468106.0679787075,
    "235": 111301.59879580811,
    "236": 376548.12534872734,
    "237": 51291.492979175055,
    "238": 152496.81531388348,
    "239": 177131.50980082367,
    "240": 844597.8829116591,
    "241": 184129.8790990823,
    "242": 191183.56108240175,
    "243": 151863.3997126958,
    "244": 79252.89110085666,
    "245": 244278.96993066333,
    "246": 118761.73045431545,
    "247": 485334.33042274305,
    "248": 25643.233062584983,
    "249": 206293.8706255366,
    "250": 362500.4365434768,
    "251": 258551.17907047883,
    "252": 304451.24931238836,
    "253": 226115.07972237025,
    "254": 360939.2964814426,
    "255": 145658.91091904882,
    "256": 390459.76660095295,
    "257": 197550.85538189026,
    "258": 66141.51729992196,
    "259": 405451.9249478327,
    "260": 120213.91283763957,
    "261": 399820.9129396078,
    "262": 218820.7479780224,
    "263": 358569.2834003845,
    "264": 117782.64433101838,
    "265": 251373.09289530042,
    "266": 486011.06537367875,