{
    "1": 253355.79838111482,
    "2": 301002.8245878481,
    "3": 42452.64360076749,
    "4": 324273.62897317146,
    "5": 67455.48904216167,
    "6": 191943.64355032408,
    "7": 434370.2541012752,
    "8": 328911.1049791181,
    "9": 446729.2997067388,
    "10": 514073.13565145165,
    "11": 59785.87050944409,
    "12": 174918.55892330833,
    "13": 522645.6203045948,
    "14": 378348.33325456775,
    "15": 253120.50046030545,
    "16": 55670.39262089284,
    "17": 361596.50820746116,
    "18": 201362.4908896365,
    "19": 437467.816277226,
    "20": 131549.16769712896,
    "21": 167248.8179637942,
    "22": 96130.83239134535,
    "23": 90298.4487803798,
    "24": 423228.6124392703,
    "25": 373914.27958989335,
    "26": 377397.96000145003,
    "27": 215224.3634792134,
    "28": 319582.1059351099,
    "29": 143874.0925869274,
    "30": 103668.27351068986,
    "31": 187414.21946740543,
    "32": 400534.05538702005,
    "33": 74784.20020172554,
    "34": 153817.50407128406,
    "35": 175560.5466314476,
    "36": 55241.25068873496,
    "37": 411164.57506806223,
    "38": 349912.2400894717,
    "39": 427505.3188460926,
    "40": 155671.73447289327,
    "41": 521419.64237885317,
    "42": 70177.47241749757,
    "43": 205659.1057238117,
    "44": 144549.22078126264,
    "45": 680190.6724856097,
    "46": 125786.68961465778,
    "47": 161265.27640670247,
    "48": 22382.098443347786,
    "49": 207688.68905441934,
    "50": 357795.19167736545,
    "51": 189172.6388352393,
    "52": 294991.17626160156,
    "53": 202832.03311069476,
    "54": 407232.112469703,
    "55": 434056.19727135415,
    "56": 303468.71907195816,
    "57": 86160.86676564264,
    "58": 300695.11830032995,
    "59": 468637.83698669495,
    "60": 83529.42985987717,
    "61": 154704.25525018532,
    "62": 138192.05752801284,
    "63": 216737.93248041358,
    "64": 133942.88799907177,
    "65": 220742.4845562027,
    "66": 212676.20616225363,
    "67": 315799.96882045036,
    "68": 104386.09755816164,
    "69": 502494.00576303207,
    "70": 326284.6979816121,
    "71": 377562.9129026005,
    "72": 341005.7957578651,
    "73": 261991.28516320614,
    "74": 231647.35444521136,
    "75": 74795.5188436979,
    "76": 207693.27282384405,
    "77": 214551.15386353142,
    "78": 138447.4472857225,
    "79": 268566.61718414066,
    "80": 49900.26711864369,
    "81": 125096.20067671785,
    "82": 586845.6449167007,
    "83": 62647.77618155707,
    "84": 84740.77288676308,
    "85": 245274.63145729763,
    "86": 211931.86205905335,
    "87": 205415.94059950026,
    "88": 148677.6054371744,
    "89": 284118.8225185735,
    "90": 76269.29813235888,
    "91": 55287.68379744774,
    "92": 912035.4698739422,
    "93": 89807.19054577377,
    "94": 73034.47918476535,
    "95": 281019.9699472807,
    "96": 191615.53970187486,
    "97": 150040.47705332338,
    "98": 255389.59303081693,
    "99": 167379.77231091567,
    "100": 669162.7082512043,
    "101": 333045.5308687366,
    "102": 237850.03916775406,
    "103": 75460.90087676414,
    "104": 147410.9387864018,
    "105": 107694.10573862496,
    "106": 650702.4373848472,
    "107": 259111.93896947973,
    "108": 399390.6733466567,
    "109": 61665.10687270274,
    "110": 103330.01107974394,
    "111": 260988.99205165743,
    "112": 125830.53660870377,
    "113": 607028.9298571032,
    "114": 444475.227197297,
    "115": 104929.11502013209,
    "116": 530564.5955427664,
    "117": 281419.9718712691,
    "118": 99863.07590871857,
    "119": 466639.16574604006,
    "120": 227816.0719553928,
    "121": 271636.7833933737,
    "122": 14644.710246043254,
    "123": 59871.52571882409,
    "124": 364786.6105443963,
    "125": 73390.35932690921,
    "126": 459355.76931037055,
    "127": 182987.7108503291,
    "128": 188126.19763812583,
    "129": 132624.98318587744,
    "130": 238071.94215898175,
    "131": 98497.3576063553,
    "132": 344695.32573110657,
    "133": 405257.94715449854,
    "134": 90635.97501623984,
    "135": 85120.50615889119,
    "136": 475204.4357480646,
    "137": 203974.66480014002,
    "138": 87507.74630329038,
    "139": 89450.20177082936,
    "140": 176864.25862723266,
    "141": 390530.39386251837,
    "142": 509090.9897097539,
    "143": 41407.66081149357,
    "144": 284540.06577794906,
    "145": 325347.89125815005,
    "146": 466372.81559795176,
    "147": 218535.93457002298,
    "148": 131726.31958111897,
    "149": 113458.20770517788,
    "150": 174826.84018481642,
    "151": 617946.1497992018,
    "152": 148859.8516207348,
    "153": 335513.42865827994,
    "154": 516364.9385820808,
    "155": 456579.614067806,
    "156": 235609.447832595,
    "157": 252486.65526051063,
    "158": 320195.9516336225,
    "159": 105733.79701779528,
    "160": 168619.6273907112,
    "161": 350780.7395684119,
    "162": 230657.21760715792,
    "163": 148169.25273681062,
    "164": 333610.1274677864,
    "165": 95144.3772211127,
    "166": 308594.5813679379,
    "167": 412180.8335190589,
    "168": 311134.71810807026,
    "169": 71569.75950248964,
    "170": 606393.5167412561,
    "171": 142409.16555332445,
    "172": 162194.16103202695,
    "173": 188783.19402971762,
    "174": 291938.2745702884,
    "175": 135191.98548262185,
    "176": 99102.02947981344,
    "177": 496189.95461438556,
    "178": 141322.15541870482,
    "179": 610299.4196449685,
    "180": 308152.2166235063,
    "181": 261572.44984969706,
    "182": 77521.90642070757,
    "183": 39082.38677939931,
    "184": 481732.70798928366,
    "185": 255442.84680533272,
    "186": 170807.08625510818,
    "187": 77129.39492387114,
    "188": 130623.39441536296,
    "189": 105339.7567405115,
    "190": 58946.66650491274,
    "191": 120692.86565270319,
    "192": 73182.21046106098,
    "193": 144370.13957943086,
    "194": 127134.84153413508,
    "195": 245291.63210751498,
    "196": 310369.9850066014,
    "197": 93957.50721066688,
    "198": 65981.53499173776,
    "199": 53740.85363132191,
    "200": 207745.84286094742,
    "201": 157010.19491516263,
    "202": 137104.88228229873,
    "203": 81349.07410397514,
    "204": 580511.4077869338,
    "205": 437610.70751964656,
    "206": 101342.42780884088,
    "207": 294782.5892519274,
    "208": 454174.24227073917,
    "209": 437565.35758964793,
    "210": 288468.0716318796,
    "211": 520622.98802340287,
    "212": 38082.41604553532,
    "213": 89178.5477261867,
    "214": 49336.35677572364,
    "215": 334740.30080697103,
    "216": 90148.87021157361,
    "217": 109432.4581064331,
    "218": 140730.21524172052,
    "219": 381118.92069719755,
    "220": 48602.96711646851,
    "221": 165911.22030222465,
    "222": 369867.4603760908,
    "223": 152888.64271895293,
    "224": 280130.88880721346,
    "225": 45976.27566304079,
    "226": 405334.1607280431,
    "227": 198534.1557443562,
    "228": 237954.23729812345,
    "229": 288090.4241948721,
    "230": 486199.75482751674,
    "231": 452294.3136369878,
    "232": 190561.73829603253,
    "233": 333746.7047455267,
    "234": 142772.28057430033,
    "235": 313422.73799253727,
    "236": 746108.5833800229,
    "237": 215263.22737407332,
    "238": 108555.92817186033,
    "239": 138229.950882029,
    "240": 261060.1443467706,
    "241": 137581.30411573226,
    "242": 146605.27392007379,
    "243": 94311.17676997716,
    "244": 327011.77513685473,
    "245": 372802.6040685163,
    "246": 450289.1943159918,
    "247": 205469.10129499726,
    "248": 133769.6656598957,
    "249": 607218.3286181892,
    "250": 122857.91596909956,
    "251": 221294.9570429967,
    "252": 157233.1482660934,
    "253": 249138.70642778114,
    "254": 721941.3868691456,
    "255": 137798.0275500452,
    "256": 111406.58478232124,
    "257": 716238.194367386,
    "258": 261073.3918700661,
    "259": 105929.7740942255,
    "260": 86992.87827723149,
    "261": 160316.52676049346,
    "262": 44505.08918730382,
    "263": 188141.90438122928,
    "264": 453491.21596768644,
    "265": 173204.38212736728,
    "266": 171264.25407564495,