{
    "1": 820555.227102839,
    "2": 265215.43437847163,
    "3": 547408.0781375959,
    "4": 360312.2554831564,
    "5": 469258.69734356116,
    "6": 165438.7408056182,
    "7": 200509.12281349793,
    "8": 211720.68015395294,
    "9": 61035.277469690016,
    "10": 639949.534328053,
    "11": 24052.194540857647,
    "12": 281213.6275814032,
    "13": 596832.744997693,
    "14": 94302.63381675344,
    "15": 175194.9664861748,
    "16": 129349.77338864969,
    "17": 90892.19963508612,
    "18": 241571.38853496287,
    "19": 226157.47330350455,
    "20": 154737.93227620632,
    "21": 217731.22813282852,
    "22": 505186.2032659366,
    "23": 174121.16523352315,
    "24": 134233.86450671795,
    "25": 227197.43739564053,
    "26": 201372.88433588995,
    "27": 631542.1916818696,
    "28": 124085.2918526517,
    "29": 47994.853312519284,
    "30": 132108.43186249523,
    "31": 106921.42016787316,
    "32": 16113.864171949035,
    "33": 138907.07892323984,
    "34": 172707.76914491458,
    "35": 62120.97349849357,
    "36": 174460.06686416743,
    "37": 155019.87931186418,
    "38": 192901.8734027746,
    "39": 336191.3778197561,
    "40": 258291.87836409904,
    "41": 575611.361508174,
    "42": 300890.01223357674,
    "43": 783958.5142067741,
    "44": 925331.6885312835,
    "45": 220947.0915696556,
    "46": 85176.0311280864,
    "47": 44575.72128752014,
    "48": 78848.26641136858,
    "49": 195664.12483335988,
    "50": 262270.52266376204,
    "51": 95301.28290000821,
    "52": 51770.601375529375,
    "53": 175054.8839219055,
    "54": 137614.3455114448,
    "55": 169916.0164249433,
    "56": 531376.3347869258,
    "57": 79337.33901890463,
    "58": 457879.2954971214,
    "59": 194335.82932798075,
    "60": 107201.05407248101,
    "61": 255302.2192765905,
    "62": 120756.03321276019,
    "63": 155022.03364482624,
    "64": 156778.13589720055,
    "65": 114814.52499556732,
    "66": 513011.8169061988,
    "67": 142715.93364263469,
    "68": 488230.53604804154,
    "69": 59021.96939273145,
    "70": 116473.12435034908,
    "71": 110010.90144693221,
    "72": 420453.9332193309,
    "73": 414167.6592588091,
    "74": 56319.90764958774,
    "75": 118570.8622354282,
    "76": 262382.21893721767,
    "77": 168809.17322466557,
    "78": 82562.60557658828,
    "79": 83683.75642656308,
    "80": 344043.3250154638,
    "81": 47288.16528416351,
    "82": 51242.08552880868,
    "83": 42953.403724946475,
    "84": 108593.48167729678,
    "85": 368541.447545213,
    "86": 194613.5607597068,
    "87": 153008.88339799378,
    "88": 186419.7737052632,
    "89": 469413.3654238443,
    "90": 188461.4431316214,
    "91": 108877.00452671877,
    "92": 69891.48638145531,
    "93": 632113.1695468038,
    "94": 565673.6312681562,
    "95": 589369.2370692055,
    "96": 229259.84995431156,
    "97": 178490.8043551557,
    "98": 368459.33627645066,
    "99": 88745.83120284714,
    "100": 398932.91189442726,
    "101": 40024.3033164277,
    "102": 756581.081050867,
    "103": 222996.08566289805,
    "104": 135579.27602302897,
    "105": 63444.036051337745,
    "106": 177806.85235563378,
    "107": 179891.29529024885,
    "108": 197218.9483897248,
    "109": 165802.4338888137,
    "110": 185852.96405663964,
    "111": 127278.49196322716,
    "112": 59393.233707847096,
    "113": 213780.27774851944,
    "114": 106243.86703894295,
    "115": 236547.39479935163,
    "116": 365125.68933436455,
    "117": 251889.5407868094,
    "118": 83353.23287002019,
    "119": 224817.58771456048,
    "120": 94254.22350199686,
    "121": 298428.91431869636,
    "122": 55780.23190136614,
    "123": 75888.72794198945,
    "124": 474752.8042522831,
    "125": 114592.42909497157,
    "126": 386113.9721980346,
    "127": 171933.2868689256,
    "128": 286913.5029581395,
    "129": 301911.0690221927,
    "130": 109914.08170679664,
    "131": 553692.486425472,
    "132": 402313.9585757766,
    "133": 74785.67094679219,
    "134": 206449.54548711062,
    "135": 83463.06985332926,
    "136": 343648.400778995,
    "137": 100303.35749057561,
    "138": 180823.4671206987,
    "139": 176551.2371958334,
    "140": 210606.09557535764,
    "141": 124672.74778686576,
    "142": 266750.13181338244,
    "143": 118019.38757853858,
    "144": 274885.10837441206,
    "145": 299024.21946581197,
    "146": 131022.58615145733,
    "147": 246060.06037977117,
    "148": 127886.03671611831,
    "149": 264221.2790655155,
    "150": 162887.91732593012,
    "151": 260523.71973713502,
    "152": 210809.24226874468,
    "153": 426526.099562949,
    "154": 299235.95429544727,
    "155": 496241.3766076421,
    "156": 122481.54838157009,
    "157": 563446.2658418415,
    "158": 209371.31749759262,
    "159": 298380.54090601014,
    "160": 80541.29805134327,
    "161": 333880.1322204036,
    "162": 131624.4212206938,
    "163": 285461.3083234929,
    "164": 199170.10367726942,
    "165": 122289.2562272363,
    "166": 216267.2373903436,
    "167": 239757.1209179292,
    "168": 487096.15311179584,
    "169": 146379.6698731541,
    "170": 167619.41025021023,
    "171": 305968.73248255596,
    "172": 126463.75677155408,
    "173": 56140.38709454738,
    "174": 340283.0511908655,
    "175": 123204.23035013402,
    "176": 452831.5318729095,
    "177": 160362.39097585014,
    "178": 591136.66073357,
    "179": 115653.86387391646,
    "180": 286209.9522388298,
    "181": 102223.74351210913,
    "182": 89747.47965513806,
    "183": 75610.13369222131,
    "184": 299169.8929214717,
    "185": 267041.5885925479,
    "186": 50323.865810124786,
    "187": 288446.0379780554,
    "188": 316091.7024162168,
    "189": 74420.72260851828,
    "190": 243618.20583549788,
    "191": 45110.419756398645,
    "192": 390073.3861102409,
    "193": 209969.7213813238,
    "194": 344721.37636637763,
    "195": 205729.6577892781,
    "196": 150344.32220430323,
    "197": 217846.45979345197,
    "198": 585142.0023223505,
    "199": 67801.86149938956,
    "200": 449204.5854965397,
    "201": 100711.98420327909,
    "202": 131971.46972518522,
    "203": 13426.828702103363,
    "204": 238110.19860986152,
    "205": 154151.3835946738,
    "206": 262034.13725306024,
    "207": 605227.8965211125,
    "208": 86270.1382587948,
    "209": 69706.59097369836,
    "210": 234720.7545768692,
    "211": 62453.56397648556,
    "212": 251653.20164401646,
    "213": 123650.95548623802,
    "214": 83113.89570798812,
    "215": 114876.07473111174,
    "216": 88197.23468860042,
    "217": 625047.934340901,
    "218": 25288.06819515173,
    "219": 130708.173417067,
    "220": 315427.14571927075,
    "221": 193545.80859647208,
    "222": 137234.77801128352,
    "223": 387784.4059947896,
    "224": 228734.62777810098,
    "225": 715560.2314125093,
    "226": 104193.6312630614,
    "227": 333188.67162785586,
    "228": 259373.98892686912,
    "229": 247027.82181977757,
    "230": 81698.35012435872,
    "231": 127928.17394401542,
    "232": 216857.28966098122,
    "233": 238009.29409532726,
    "234": 38832.794219249045,
    "235": 68337.15854599996,
    "236": 94614.46976797006,
    "237": 136554.45100556596,
    "238": 466836.80622201355,
    "239": 304006.84370566194,
    "240": 100819.62698588039,
    "241": 792159.7657285245,
    "242": 325855.85027901066,
    "243": 273479.9083251161,
    "244": 316513.0618136066,
    "245": 195124.64584376942,
    "246": 188256.6896313965,
    "247": 564669.0225690552,
    "248": 165697.177573734,
    "249": 265164.0485682564,
    "250": 430696.0900094715,
    "251": 219155.88035747857,
    "252": 339727.8714106861,
    "253": 62718.50963637835,
    "254": 205372.51655339845,
    "255": 30840.604562623794,
    "256": 205242.31907117917,
    "257": 223812.3223785819,
    "258": 238618.84718479135,
    "259": 296955.51799297996,
    "260": 92504.31691170683,
    "261": 206386.02619447905,
    "262": 332216.142900254,
    "263": 278764.4880760707,
    "264": 464315.8340772002,
    "265": 14153.686418883462,
    "266": 22575.3592688074,