{
    "1": 757893.8749836498,
    "2": 242997.21789396706,
    "3": 545751.6426762899,
    "4": 161043.54538362828,
    "5": 307217.2184435973,
    "6": 382605.4352379136,
    "7": 106149.41688630113,
    "8": 787516.0616865837,
    "9": 227845.38450774882,
    "10": 87543.41820466254,
    "11": 356061.0270740541,
    "12": 120265.65418928387,
    "13": 122159.25134593243,
    "14": 147046.74189503567,
    "15": 95799.56456243299,
    "16": 118604.05467476296,
    "17": 306751.1458326195,
    "18": 118688.06339593239,
    "19": 261923.6846675663,
    "20": 124489.13563099706,
    "21": 251590.33573131697,
    "22": 180967.73594355944,
    "23": 575076.4411504427,
    "24": 105890.39372353643,
    "25": 296289.118460038,
    "26": 182423.4537847423,
    "27": 150957.3729732736,
    "28": 217547.10633009812,
    "29": 156953.81199936577,
    "30": 497106.97518639994,
    "31": 192230.19262959698,
    "32": 475659.3521357102,
    "33": 316197.6530548243,
    "34": 357026.8196984297,
    "35": 294453.25742173207,
    "36": 252083.22395336165,
    "37": 373343.2133081737,
    "38": 144444.5309711484,
    "39": 92686.07055306048,
    "40": 213504.69738771216,
    "41": 123577.51529402059,
    "42": 329295.00743476604,
    "43": 160960.76427198204,
    "44": 83889.86856789519,
    "45": 470317.7314035702,
    "46": 209813.7482891903,
    "47": 303182.61180768994,
    "48": 246344.37171093913,
    "49": 67470.21795717061,
    "50": 200725.38614888577,
    "51": 414039.88305590814,
    "52": 242673.22785877145,
    "53": 143960.87846688562,
    "54": 54304.53876935956,
    "55": 162249.95240665885,
    "56": 184165.3540936634,
    "57": 130156.96118912092,
    "58": 116077.50421673224,
    "59": 146504.74307100603,
    "60": 658188.0049886181,
    "61": 307195.8288213014,
    "62": 142037.83023812575,
    "63": 179159.60897806077,
    "64": 529517.5229273209,
    "65": 304495.9680292184,
    "66": 226346.99393500053,
    "67": 440144.6587609941,
    "68": 422942.42744490685,
    "69": 136547.73939584647,
    "70": 19999.686610953348,
    "71": 40107.510545458885,
    "72": 423006.6941575425,
    "73": 500636.5366451974,
    "74": 240115.1671959211,
    "75": 44296.206960088,
    "76": 51576.55296450963,
    "77": 85997.7620976135,
    "78": 197568.02003440593,
    "79": 347825.3400291007,
    "80": 73626.38000320163,
    "81": 187706.7012377455,
    "82": 125705.08405571277,
    "83": 185293.55535272145,
    "84": 56242.39691561848,
    "85": 297180.9735019184,
    "86": 401541.0232338565,
    "87": 242823.8603511514,
    "88": 346645.18103102775,
    "89": 131966.22270129347,
    "90": 181687.99193999078,
    "91": 60672.64811124914,
    "92": 173498.2909519757,
    "93": 132767.7546743397,
    "94": 437094.3441637347,
    "95": 60311.52092912819,
    "96": 173829.42529001026,
    "97": 412439.85889464477,
    "98": 130425.63829180719,
    "99": 224100.21688288217,
    "100": 186432.63842860586,
    "101": 218437.67342831893,
    "102": 156979.5216601318,
    "103": 288762.8000920122,
    "104": 86442.69063105682,
    "105": 238014.37759238604,
    "106": 231250.66897337654,
    "107": 35869.512637609805,
    "108": 341304.0279843938,
    "109": 867304.7143725891,
    "110": 906054.4682396521,
    "111": 35781.073442848865,
    "112": 61127.86513626273,
    "113": 53773.584992541924,
    "114": 315115.96035907394,
    "115": 90631.87157066487,
    "116": 197798.3483267212,
    "117": 584045.2093210643,
    "118": 239991.8809897392,
    "119": 495769.40168894065,
    "120": 67405.03423813538,
    "121": 96046.38408362905,
    "122": 330198.5820670915,
    "123": 545427.2642380076,
    "124": 59452.506927422044,
    "125": 203606.89770388397,
    "126": 155578.48047937738,
    "127": 97802.0955736852,
    "128": 168961.27622217967,
    "129": 132317.4462782683,
    "130": 200229.2818862535,
    "131": 240196.1375418303,
    "132": 709499.4891716114,
    "133": 390758.51350424346,
    "134": 172783.3410166187,
    "135": 147478.9064285786,
    "136": 34977.17659999218,
    "137": 149922.90019608545,
    "138": 187983.0120294534,
    "139": 332557.2688266784,
    "140": 298680.3990160937,
    "141": 94097.71095175006,
    "142": 690869.1521147029,
    "143": 124379.74322973155,
    "144": 201128.92386434364,
    "145": 227805.08077407433,
    "146": 834581.1639250509,
    "147": 432031.82698514155,
    "148": 462466.39847664785,
    "149": 94360.70867709654,
    "150": 223812.00309643496,
    "151": 250967.57052567953,
    "152": 264815.7572634419,
    "153": 349359.62858327245,
    "154": 139264.35472571102,
    "155": 60960.906732831274,
    "156": 142720.26398226773,
    "157": 210676.07520598097,
    "158": 105706.13658267965,
    "159": 447874.0833827607,
    "160": 395800.8925041392,
    "161": 263087.05715918855,
    "162": 214842.18031930842,
    "163": 261455.88897822786,
    "164": 27288.49821709281,
    "165": 176650.70330595216,
    "166": 113472.00783936908,
    "167": 33143.0561000471,
    "168": 257475.336293287,
    "169": 225249.69197466352,
    "170": 448366.10020719166,
    "171": 301863.74414200487,
    "172": 133960.03674208553,
    "173": 319412.7926459717,
    "174": 122726.53905275262,
    "175": 118892.49945168332,
    "176": 196430.2080090398,
    "177": 182641.83818610563,
    "178": 153816.05105270713,
    "179": 146975.1541374717,
    "180": 131978.56154021987,
    "181": 274888.7237928615,
    "182": 206673.2587456775,
    "183": 57364.58450186496,
    "184": 117552.2332706392,
    "185": 595855.4327170101,
    "186": 126264.98134717486,
    "187": 434377.23708941025,
    "188": 126024.55636943514,
    "189": 78602.30089994596,
    "190": 64661.39541920445,
    "191": 31143.333746744924,
    "192": 349261.7798728288,
    "193": 128220.02350023898,
    "194": 241587.95863251615,
    "195": 180507.69042732604,
    "196": 133865.0046012097,
    "197": 114407.53634602849,
    "198": 25097.59841463425,
    "199": 336567.6248861806,
    "200": 132292.13038277868,
    "201": 152732.96309321947,
    "202": 48299.43540612702,
    "203": 94892.4733619745,
    "204": 118157.06064090722,
    "205": 527806.5669507346,
    "206": 596572.9096317702,
    "207": 278644.8190964611,
    "208": 80220.02271566878,
    "209": 142356.2938583126,
    "210": 40187.930663903106,
    "211": 207963.81292957603,
    "212": 292279.7249115995,
    "213": 291804.139836191,
    "214": 130412.18371089722,
    "215": 233602.80281052622,
    "216": 216105.2855848976,
    "217": 380957.04694985587,
    "218": 125905.50764840218,
    "219": 176712.92757640503,
    "220": 182103.337583028,
    "221": 132563.41284466346,
    "222": 232639.7557977903,
    "223": 354698.299817857,
    "224": 215182.9665474559,
    "225": 146523.01349917793,
    "226": 230261.7447952211,
    "227": 480518.8279505201,
    "228": 88481.58587497026,
    "229": 84760.77793702911,
    "230": 368590.877993557,
    "231": 118958.3711474423,
    "232": 154696.89365645635,
    "233": 60475.639418226885,
    "234": 205740.73577981972,
    "235": 367701.34146219416,
    "236": 107256.49526515797,
    "237": 66859.8584947204,
    "238": 460601.7118911874,
    "239": 167814.6349096854,
    "240": 154774.51134113714,
    "241": 474297.9432666436,
    "242": 174463.8015753845,
    "243": 212267.67237473055,
    "244": 56510.24648794203,
    "245": 226822.6071828569,
    "246": 273178.04912879743,
    "247": 383891.38186267717,
    "248": 105661.65700201676,
    "249": 464201.773864899,
    "250": 387631.82485306537,
    "251": 271777.750377141,
    "252": 317466.560767218,
    "253": 109101.0013163814,
    "254": 174085.67881790563,
    "255": 228837.24867165793,
    "256": 96703.28846711418,
    "257": 120805.50888479828,
    "258": 247534.60377147232,
    "259": 345587.10071963293,
    "260": 551603.8019391379,
    "261": 382673.22716801666,
    "262": 320656.68456031184,
    "263": 41646.168353278365,
    "264": 293283.93546359305,
    "265": 346029.1924281975,
    "266": 409369.92532519094,