time,obj
0.6793535999999989,144019.5148235968
0.33230540000000985,195611.78180240927
0.3310984000000019,171991.19787573352
0.5246008999999958,216050.9826334077
0.3246132000000017,194733.14562923578
