time,obj
0.14853059999999996,91531.91232074377
0.15285480000000007,144010.50997712705
0.1517919000000001,118834.99978083099
0.15413699999999952,152775.05210882737
0.15012530000000002,133253.98270374443
