obj,time,mip_gap
204595.94251804875,0.0013596999999998527,
