obj,time,mip_gap
210615.3829181954,0.0015547999999998563,
