obj,time,mip_gap
399490.350517147,0.0013422000000000711,
