obj,time,mip_gap
485892.74442013726,0.0015130000000000976,
