obj,time,mip_gap
348780.46853597945,0.0012232000000000909,
