obj,time,mip_gap
468487.70945672237,0.001379000000000019,
