obj,time,mip_gap
429619.44086355605,0.001434999999999853,
