obj,time,mip_gap
418400.1502832401,0.0014191999999999538,
