obj,time,mip_gap
391035.31627314223,0.0015910000000003421,
