obj,time,mip_gap
342247.9789298918,0.0010287999999993858,
