obj,time,mip_gap
361487.3561486888,0.0016631999999994207,
