obj,time,mip_gap
371419.99369070266,0.0012812000000002044,
