obj,time,mip_gap
401786.1613605692,0.0017507999999999413,
