obj,time,mip_gap
387424.095050892,0.001627500000000559,
