obj,time,mip_gap
431366.9809688921,0.0016452000000004574,
