order,from type,to type,upgrade amount
1,1,2,0.0
2,1,2,0.0
3,1,2,0.0
4,1,2,0.038184646957514876
5,1,2,15.0
6,1,2,0.0
7,1,2,4.039502257372006
