order,from type,to type,upgrade amount
1,1,2,0.0
2,1,2,0.0
3,1,2,0.0
4,1,2,13.000000000000021
5,1,2,13.999999999999979
