time,obj
0.4054932000000022,476986.9146759008
0.6214128000000017,469565.4635912137
0.4097798000000026,470144.9421296029
0.4295313999999948,516871.4100654576
0.4845062999999996,465228.02216747374
