time,obj
0.14579960000000014,134851.5021952422
0.15437239999999974,60224.75785690749
0.1536439999999999,74181.83564084694
0.14962609999999987,101965.80181024777
0.15291090000000018,39534.74716732751
