time,obj
0.15072869999999838,143452.27556939214
0.15789829999999938,72359.20118286833
0.15078229999999948,86330.98805255172
0.15120130000000032,112584.62414878617
0.153265600000001,51594.67301653229
