time,obj
0.20120670000000007,163789.0778384421
0.12356879999999992,161063.2683230515
0.1252728999999999,199638.02562355294
0.14437879999999992,199584.67457118531
0.14443439999999996,146417.88235177158
