time,obj
0.165964,98910.14238007924
0.15874469999999996,159985.18216333812
0.16158709999999998,128980.52908509676
0.1607862,166579.35575334192
0.16172920000000013,145363.34265907132
