,cap_rev,cap_rev,cap_rev,cap_rev,cap_rev,cap_rev
time,1,2,3,4,5,6
room,,,,,,
1,20.0,20.0,12.0,12.0,11.999999999999986,11.99999999999999
2,10.0,10.0,0.0,0.0,0.0,0.0
