obj,time,mip_gap
408782.90213016915,70.21144749999996,0.044789122744687035
