obj,time,mip_gap
446122.9523905732,1563.2418100999998,0.04997148382363743
