obj,time,mip_gap
450016.08536135533,394.21261920000006,0.049659445476750795
