obj,time,mip_gap
485682.51828412735,1613.1471356000002,0.04991414232299793
