obj,time,mip_gap
528555.0687366894,68.97504149999986,0.0474744539918267
