obj,time,mip_gap
440603.064260964,584.9544677000004,0.04998426079935885
