obj,time,mip_gap
339636.44998233917,49.38163770000028,0.04341808631257573
