obj,time,mip_gap
538898.9373557417,679.2930205000002,0.04926591047564178
