obj,time,mip_gap
523149.49427961424,90.42807059999996,0.04710802887269267
