obj,time,mip_gap
491381.46846736764,132.21240790000047,0.04982219676334462
