time,obj
0.5409459999999999,115791.47205170945
0.33567480000000005,175361.78180240927
0.3393976999999997,147691.19787573352
0.5531108999999996,195971.0435912248
0.3279763,171548.73870083303
