time,obj
0.14930539999999937,102329.06049161838
0.15392380000000028,150760.50997712708
0.15392540000000032,126934.84034853101
0.15252959999999938,159957.11940434796
0.14763319999999958,141319.64512782753
