{
    "1": {
        "1": 0.0,
        "2": 70.0,
        "3": 210.0,
        "4": 280.0,
        "5": 420.0,
        "6": 630.0,
        "7": 840.0,
        "8": 1120.0,
        "9": 1260.0,
        "10": 1330.0,
        "11": 2170.0,
        "12": 2870.0
    },
    "2": {
        "1": -130.0,
        "2": 0.0,
        "3": 140.0,
        "4": 210.0,
        "5": 350.0,
        "6": 560.0,
        "7": 770.0,
        "8": 1050.0,
        "9": 1190.0,
        "10": 1260.0,
        "11": 2100.0,
        "12": 2800.0
    },
    "3": {
        "1": -390.0,
        "2": -260.0,
        "3": 0.0,
        "4": 70.0,
        "5": 210.0,
        "6": 420.0,
        "7": 630.0,
        "8": 909.9999999999999,
        "9": 1050.0,
        "10": 1120.0,
        "11": 1959.9999999999998,
        "12": 2660.0
    },
    "4": {
        "1": -520.0,
        "2": -390.0,
        "3": -130.0,
        "4": 0.0,
        "5": 140.0,
        "6": 350.0,
        "7": 560.0,
        "8": 840.0,
        "9": 979.9999999999999,
        "10": 1050.0,
        "11": 1889.9999999999998,
        "12": 2590.0
    },
    "5": {
        "1": -780.0,
        "2": -650.0,
        "3": -390.0,
        "4": -260.0,
        "5": 0.0,
        "6": 210.0,
        "7": 420.0,
        "8": 700.0,
        "9": 840.0,
        "10": 909.9999999999999,
        "11": 1750.0,
        "12": 2450.0
    },
    "6": {
        "1": -1170.0,
        "2": -1040.0,
        "3": -780.0,
        "4": -650.0,
        "5": -390.0,
        "6": 0.0,
        "7": 210.0,
        "8": 489.99999999999994,
        "9": 630.0,
        "10": 700.0,
        "11": 1540.0,
        "12": 2240.0
    },
    "7": {
        "1": -1560.0,
        "2": -1430.0,
        "3": -1170.0,
        "4": -1040.0,
        "5": -780.0,
        "6": -390.0,
        "7": 0.0,
        "8": 280.0,
        "9": 420.0,
        "10": 489.99999999999994,
        "11": 1330.0,
        "12": 2029.9999999999998
    },
    "8": {
        "1": -2080.0,
        "2": -1950.0,
        "3": -1690.0,
        "4": -1560.0,
        "5": -1300.0,
        "6": -910.0,
        "7": -520.0,
        "8": 0.0,
        "9": 140.0,
        "10": 210.0,
        "11": 1050.0,
        "12": 1750.0
    },
    "9": {
        "1": -2340.0,
        "2": -2210.0,
        "3": -1950.0,
        "4": -1820.0,
        "5": -1560.0,
        "6": -1170.0,
        "7": -780.0,
        "8": -260.0,
        "9": 0.0,
        "10": 70.0,
        "11": 909.9999999999999,
        "12": 1610.0
    },
    "10": {
        "1": -2470.0,
        "2": -2340.0,
        "3": -2080.0,
        "4": -1950.0,
        "5": -1690.0,
        "6": -1300.0,
        "7": -910.0,
        "8": -390.0,
        "9": -130.0,
        "10": 0.0,
        "11": 840.0,
        "12": 1540.0
    },
    "11": {
        "1": -4030.0,
        "2": -3900.0,
        "3": -3640.0,
        "4": -3510.0,
        "5": -3250.0,
        "6": -2860.0,
        "7": -2470.0,
        "8": -1950.0,
        "9": -1690.0,
        "10": -1560.0,
        "11": 0.0,
        "12": 700.0
    },
    "12": {
        "1": -5330.0,
        "2": -5200.0,
        "3": -4940.0,
        "4": -4810.0,
        "5": -4550.0,
        "6": -4160.0,
        "7": -3770.0,
        "8": -3250.0,
        "9": -2990.0,
        "10": -2860.0,
        "11": -1300.0,
        "12": 0.0
    }
}