obj,time,mip_gap
509114.6767035639,68.37363699999696,0.04874060814712905
