obj,time,mip_gap
467939.1245687809,125.4734915999943,0.049962305388031765
