obj,time,mip_gap
481087.1561145253,53.314677700000175,0.04855568348184171
