obj,time,mip_gap
432599.9613981823,735.1722743999999,0.049785815907353675
