obj,time,mip_gap
394301.94570278545,75.1480401000008,0.043305313614341936
