obj,time,mip_gap
429490.1211709176,20.45444000000134,0.036853274800237174
