obj,time,mip_gap
405660.4574053958,45.421289799996885,0.048394449918287515
