,cap_rev,cap_rev,cap_rev,cap_rev,cap_rev,cap_rev
time,1,2,3,4,5,6
room,,,,,,
1,20.0,7.0,6.999999999999996,7.0,6.999999999999993,20.0
2,10.0,2.999999999999999,3.0,3.0,0.0,4.999999999999999
