obj,time,mip_gap
452270.1684559383,59.92910839999968,0.04944927918652313
