obj,time,mip_gap
489590.1934335081,21.62613599999895,0.04883255981765055
