obj,time,mip_gap
481486.3317694068,1954.8072863999987,0.04999051075582822
