time,obj
0.2530386,125560.15007883185
0.23576830000000015,194985.18216333812
0.24508509999999895,160480.52908509676
0.2427305000000004,213829.35564305756
0.23342000000000063,187363.3349391642
