time,obj
0.1361522000000006,194988.47465517878
0.1389668000000004,175054.2011612719
0.13691409999999937,138313.63605727465
0.1349632999999999,185535.35133126768
0.14005120000000026,190513.4846941235
