obj,time,mip_gap
442650.14642337756,1.0018723000000023,0.0020878687123213743
