obj,time,mip_gap
378472.99254119454,1.0285010999999997,0.031752438106260106
