obj,time,mip_gap
412083.7088295272,1.04983390000001,0.008376215333721172
