obj,time,mip_gap
386780.9076706544,0.975984799999992,0.007160216362567179
