obj,time,mip_gap
348141.00163814705,0.8479483999999928,3.3439129915509147e-16
