obj,time,mip_gap
365103.2122502501,0.8994421000000017,0.0
