obj,time,mip_gap
333489.009435191,0.9129666000000043,0.038497841835152265
