obj,time,mip_gap
383555.50500254665,0.9174465000000112,0.0
