obj,time,mip_gap
424184.74509335734,0.9819923999999958,0.0
