obj,time,mip_gap
411633.02887327515,0.9968590000000006,0.0233250729243802
