{
    "1": 760049.6165043111,
    "2": 251107.59996903714,
    "3": 721819.6742529246,
    "4": 199940.04384444427,
    "5": 206451.92028912326,
    "6": 7867.375052388416,
    "7": 453969.4281039994,
    "8": 59471.01061559994,
    "9": 137180.9387012662,
    "10": 432025.27005299897,
    "11": 443066.21173088066,
    "12": 228395.61303502953,
    "13": 58525.500606727466,
    "14": 118213.66194232188,
    "15": 207478.93247834628,
    "16": 916922.9512523373,
    "17": 193705.26275779362,
    "18": 1414349.7047059354,
    "19": 133792.29179533967,
    "20": 382242.6334635342,
    "21": 168434.6360098438,
    "22": 115503.13425813071,
    "23": 286302.0005367073,
    "24": 190841.45725809364,
    "25": 68053.44080465396,
    "26": 163913.65550995874,
    "27": 400881.84045058436,
    "28": 437512.44923409517,
    "29": 199046.47610933808,
    "30": 213172.79670293117,
    "31": 265042.55632205727,
    "32": 138469.92805826545,
    "33": 355713.5362920327,
    "34": 291639.217815605,
    "35": 76670.70096048243,
    "36": 410970.09667404473,
    "37": 175497.94509381877,
    "38": 527242.8574844048,
    "39": 172308.27748954474,
    "40": 300096.7147832754,
    "41": 237260.1078117084,
    "42": 192124.90478170992,
    "43": 330000.45510676224,
    "44": 70783.9835032904,
    "45": 163286.82551131162,
    "46": 46744.593164445716,
    "47": 71928.86845417006,
    "48": 434246.67430967,
    "49": 153156.87047423588,
    "50": 676938.1489868825,
    "51": 102983.25619153457,
    "52": 118161.72164002503,
    "53": 410055.26876874926,
    "54": 711447.98954942,
    "55": 387599.52751813596,
    "56": 70741.68949582329,
    "57": 38444.716941064944,
    "58": 64960.76892774044,
    "59": 126254.34994365642,
    "60": 148209.62144354102,
    "61": 233692.89225470988,
    "62": 336074.09692624037,
    "63": 361789.5819368647,
    "64": 164831.06097753294,
    "65": 184326.52941229643,
    "66": 43320.45495180243,
    "67": 341699.2654857481,
    "68": 109374.208907183,
    "69": 538330.3452032572,
    "70": 354625.9258175137,
    "71": 450849.56261070084,
    "72": 142831.3482077197,
    "73": 107679.33943809057,
    "74": 85955.68617826326,
    "75": 1035026.9431548987,
    "76": 42237.42653867918,
    "77": 526640.6690250072,
    "78": 101785.24149758248,
    "79": 413034.2248216927,
    "80": 397176.47328729805,
    "81": 180428.66298966375,
    "82": 188418.04898313907,
    "83": 193388.1732530133,
    "84": 149178.77252065533,
    "85": 191289.956487187,
    "86": 476746.1464434334,
    "87": 153323.46597810055,
    "88": 76490.66898384047,
    "89": 114333.89574927889,
    "90": 91980.80788568461,
    "91": 62310.143287819476,
    "92": 149595.37509740746,
    "93": 55889.68959348382,
    "94": 144101.0464633344,
    "95": 591843.2059280707,
    "96": 247986.91392843673,
    "97": 447907.1237699257,
    "98": 228133.18307568756,
    "99": 240768.86995198645,
    "100": 515837.4890242286,
    "101": 244473.67836247405,
    "102": 85984.55522111783,
    "103": 70565.081872238,
    "104": 146050.75180993354,
    "105": 172822.1698603378,
    "106": 104728.79801828538,
    "107": 474903.526504115,
    "108": 444174.09713670536,
    "109": 37560.04903970752,
    "110": 42971.84382846962,
    "111": 451770.73270618584,
    "112": 121907.80482693027,
    "113": 182854.70449372026,
    "114": 82333.96672144684,
    "115": 49670.69930204797,
    "116": 251540.97848126246,
    "117": 262009.27185420986,
    "118": 311735.3264550851,
    "119": 310271.4562663752,
    "120": 96105.43388315446,
    "121": 252322.8803893115,
    "122": 110164.16480384076,
    "123": 89350.09887636027,
    "124": 69870.0048596435,
    "125": 256386.32574469532,
    "126": 249233.784984642,
    "127": 44592.21605949491,
    "128": 130968.60749298125,
    "129": 537082.5265018529,
    "130": 270670.2792462076,
    "131": 45178.12587138161,
    "132": 34991.58658390771,
    "133": 307939.9818520051,
    "134": 291161.26984829514,
    "135": 126506.68960039208,
    "136": 556864.9433339495,
    "137": 1076330.8119112062,
    "138": 200833.33220265643,
    "139": 157857.11517486832,
    "140": 259048.9498126555,
    "141": 641716.6469742302,
    "142": 53162.52615163588,
    "143": 105885.23090087557,
    "144": 254679.523311037,
    "145": 380415.09830473596,
    "146": 63207.74175109898,
    "147": 428081.5895577555,
    "148": 109895.00730593767,
    "149": 628649.7826446784,
    "150": 333115.8024194459,
    "151": 125666.11162608145,
    "152": 484266.6720764699,
    "153": 95282.45915001429,
    "154": 60437.66396781984,
    "155": 182940.64575052608,
    "156": 111853.54672631684,
    "157": 138150.26303358906,
    "158": 89590.44951650132,
    "159": 338689.28854318085,
    "160": 304966.529383771,
    "161": 493025.9438817448,
    "162": 281788.22349575,
    "163": 309231.6508637429,
    "164": 165661.31765316395,
    "165": 283383.8697766217,
    "166": 117258.60157211233,
    "167": 232641.57181610685,
    "168": 259669.55798041532,
    "169": 151490.8282754971,
    "170": 516511.8922494975,
    "171": 341727.37099334394,
    "172": 204014.34856636592,
    "173": 131656.47502588635,
    "174": 98081.87990982388,
    "175": 133865.08389780548,
    "176": 237729.4515711401,
    "177": 289589.46365406225,
    "178": 325098.67273009015,
    "179": 572373.963864233,
    "180": 78252.32862716922,
    "181": 348922.6153888863,
    "182": 306462.75739725254,
    "183": 650817.4464910612,
    "184": 150721.08088708812,
    "185": 166946.93349836182,
    "186": 87740.11705076582,
    "187": 243123.33525446866,
    "188": 72737.28634788566,
    "189": 108274.2321773272,
    "190": 249872.9965298374,
    "191": 146040.89736441226,
    "192": 217490.39543235867,
    "193": 245075.9498538457,
    "194": 88208.75722896046,
    "195": 423561.0045367791,
    "196": 303594.69135286886,
    "197": 116304.0453232325,
    "198": 32416.93208313591,
    "199": 87909.07792322624,
    "200": 191776.35287164137,
    "201": 351381.47030434845,
    "202": 430213.29761866,
    "203": 117998.75625384111,
    "204": 174283.6940072079,
    "205": 459857.43922977126,
    "206": 130290.69052087779,
    "207": 64316.868599603404,
    "208": 462493.21389397077,
    "209": 136337.9041286718,
    "210": 106279.59675642141,
    "211": 301320.65213522885,
    "212": 437835.6778332613,
    "213": 727121.532895851,
    "214": 93509.59491835891,
    "215": 704360.3691016011,
    "216": 391593.4713096714,
    "217": 254559.86150573567,
    "218": 170349.73388832316,
    "219": 432950.1490949372,
    "220": 107939.53140051496,
    "221": 139824.30560990682,
    "222": 185815.56207614412,
    "223": 84775.67601276175,
    "224": 164400.16187264843,
    "225": 88360.70022559627,
    "226": 246100.80802370064,
    "227": 122007.88073101423,
    "228": 307471.1664223922,
    "229": 114343.61679319834,
    "230": 343359.40573470836,
    "231": 474100.80372875935,
    "232": 152545.93076299352,
    "233": 239426.6416550236,
    "234": 123054.28518635087,
    "235": 496939.4076597487,
    "236": 135393.2158546117,
    "237": 169862.97367421602,
    "238": 148285.19598037595,
    "239": 348050.5899329619,
    "240": 111490.79691542205,
    "241": 145825.61483884556,
    "242": 272059.0109885209,
    "243": 225881.22032251852,
    "244": 44674.161471436695,
    "245": 481265.8108782549,
    "246": 430465.6420462783,
    "247": 495169.4656921437,
    "248": 424985.8762932355,
    "249": 195229.71041378853,
    "250": 197771.49645132653,
    "251": 760577.1380463899,
    "252": 157800.34008585682,
    "253": 151416.90945669753,
    "254": 131544.92424420823,
    "255": 210231.73861117146,
    "256": 225061.9119085364,
    "257": 126230.15517398091,
    "258": 384046.24830945104,
    "259": 176448.5614005667,
    "260": 613859.7639520739,
    "261": 290290.6982758133,
    "262": 135144.6908381927,
    "263": 384523.0470737652,
    "264": 319120.30739441013,
    "265": 196377.99860385977,
    "266": 550796.4937275683,