{
    "1": 241671.96512990032,
    "2": 84251.07865160976,
    "3": 84120.618580167,
    "4": 253939.67736728158,
    "5": 628209.0036628337,
    "6": 214778.8739125038,
    "7": 86547.787669801,
    "8": 290253.7323158356,
    "9": 349580.09360193845,
    "10": 77662.07080031394,
    "11": 221859.6882446008,
    "12": 169447.76753660303,
    "13": 280731.8583975623,
    "14": 336701.64279798814,
    "15": 205891.61964326134,
    "16": 434752.2276800616,
    "17": 501437.590001298,
    "18": 635460.6184331988,
    "19": 122140.61085964127,
    "20": 82745.35584416884,
    "21": 443979.2130229396,
    "22": 132633.63208326238,
    "23": 36289.72728320924,
    "24": 83765.28901815109,
    "25": 390546.93680272176,
    "26": 195198.99081768552,
    "27": 212650.86710238323,
    "28": 161162.35838239364,
    "29": 109178.12006473845,
    "30": 73987.98102384337,
    "31": 218568.01988271828,
    "32": 759402.710053865,
    "33": 33743.58734468753,
    "34": 116821.16216926466,
    "35": 27008.422754866897,
    "36": 152503.07689164253,
    "37": 377582.6683297502,
    "38": 104991.29445605233,
    "39": 302353.62277412065,
    "40": 61073.02974783424,
    "41": 53761.29649377362,
    "42": 313089.3030908966,
    "43": 35237.52597699283,
    "44": 371449.9878323997,
    "45": 342108.7671316084,
    "46": 351902.0023288009,
    "47": 117632.39110382868,
    "48": 46127.206067995496,
    "49": 234491.26647546852,
    "50": 613387.93023318,
    "51": 659424.670664695,
    "52": 249477.06909304476,
    "53": 68918.79119123176,
    "54": 297418.10500949936,
    "55": 197809.29032812678,
    "56": 107369.78172498844,
    "57": 198101.34985420093,
    "58": 95325.47272535734,
    "59": 354872.1420450749,
    "60": 456554.95131231146,
    "61": 271050.35393176903,
    "62": 123499.47930374209,
    "63": 334576.43854486087,
    "64": 36415.81773491876,
    "65": 266052.70307101967,
    "66": 95224.1731986635,
    "67": 323726.51363083447,
    "68": 114085.01749045735,
    "69": 463205.1583578814,
    "70": 194733.33410643096,
    "71": 106325.45373240892,
    "72": 161917.05794387887,
    "73": 273440.84504295804,
    "74": 132737.66914965186,
    "75": 261139.90313225662,
    "76": 201376.34325120106,
    "77": 98768.19599819378,
    "78": 143953.42020900882,
    "79": 74338.34727735032,
    "80": 302925.50351878157,
    "81": 63612.568708719155,
    "82": 400960.36142688035,
    "83": 128565.86229374813,
    "84": 253228.89295192654,
    "85": 365111.21847532375,
    "86": 104164.6075652878,
    "87": 175862.34859435912,
    "88": 141938.11051627487,
    "89": 244842.5569330093,
    "90": 69609.54449502958,
    "91": 260917.43566954968,
    "92": 457219.338818412,
    "93": 167518.6696810574,
    "94": 453339.1318231917,
    "95": 239902.80905059248,
    "96": 82379.464913339,
    "97": 220122.27776247353,
    "98": 86731.75142076095,
    "99": 374350.16366686526,
    "100": 143645.41778971013,
    "101": 273619.5510745057,
    "102": 55491.01256594091,
    "103": 218488.35746812957,
    "104": 152669.36368167415,
    "105": 247081.27110719198,
    "106": 355314.339982681,
    "107": 360590.62001119216,
    "108": 90434.25123670966,
    "109": 632195.628937199,
    "110": 625488.6983203236,
    "111": 84002.24685723477,
    "112": 206962.12265224778,
    "113": 60713.01653667721,
    "114": 192490.25643663894,
    "115": 335193.3348679773,
    "116": 235131.93632041218,
    "117": 491045.604613701,
    "118": 28341.55018006961,
    "119": 198810.62025848267,
    "120": 199469.39707404387,
    "121": 179590.22470207253,
    "122": 60942.86998630466,
    "123": 109414.06915278012,
    "124": 76301.38713748544,
    "125": 130070.30105594381,
    "126": 324649.89839501114,
    "127": 354246.1429621085,
    "128": 515802.2136035693,
    "129": 444771.27928654576,
    "130": 108919.66342477295,
    "131": 442756.49814453407,
    "132": 485587.03148676077,
    "133": 157959.36688850427,
    "134": 165341.7427686794,
    "135": 256170.36112444196,
    "136": 84857.54742897017,
    "137": 49132.089075850694,
    "138": 356930.55448481685,
    "139": 154357.4285710949,
    "140": 196682.41110492047,
    "141": 1035893.231547787,
    "142": 118204.2149645097,
    "143": 75104.13165129483,
    "144": 400550.54764613975,
    "145": 609485.6423725836,
    "146": 12912.486252414403,
    "147": 285851.39901225053,
    "148": 153740.09463979249,
    "149": 126750.1810908938,
    "150": 203064.74033225604,
    "151": 203437.50535626485,
    "152": 185512.04188280765,
    "153": 550930.0598787497,
    "154": 334098.6393583472,
    "155": 107624.53000079682,
    "156": 525044.8360370717,
    "157": 343336.3884082531,
    "158": 167367.14967875456,
    "159": 413682.83408834314,
    "160": 454215.9400713859,
    "161": 248181.07491972085,
    "162": 249165.13574429145,
    "163": 71078.67044375339,
    "164": 110962.87441602563,
    "165": 191588.6977018946,
    "166": 53789.495414682184,
    "167": 158663.83610936845,
    "168": 263392.6283267421,
    "169": 31590.30067134632,
    "170": 252337.68739183087,
    "171": 515249.9900175643,
    "172": 78044.10266453835,
    "173": 553508.239581699,
    "174": 136731.0202471591,
    "175": 349015.47477292136,
    "176": 43018.95046397215,
    "177": 826893.7503341128,
    "178": 272824.80988470255,
    "179": 251980.11908696746,
    "180": 262432.33141410194,
    "181": 29342.595416746768,
    "182": 304599.17522486625,
    "183": 226526.80666349165,
    "184": 331400.10558480053,
    "185": 495184.72023808694,
    "186": 383696.44077893277,
    "187": 29934.916331406886,
    "188": 638987.4860514702,
    "189": 38352.150613460544,
    "190": 211450.8841352013,
    "191": 63200.22039634831,
    "192": 308651.36129654944,
    "193": 529808.0424208468,
    "194": 88925.92464851498,
    "195": 25323.126961200778,
    "196": 221368.55564106867,
    "197": 235370.58895828878,
    "198": 386734.43582419504,
    "199": 36891.930208058795,
    "200": 351495.2730905014,
    "201": 42820.19686120509,
    "202": 500141.61314852606,
    "203": 207558.2323830249,
    "204": 225125.82251504427,
    "205": 119071.15256169849,
    "206": 428522.87484069396,
    "207": 767921.826325888,
    "208": 194651.80339329847,
    "209": 440955.6151125158,
    "210": 872490.2413522366,
    "211": 340383.08811554674,
    "212": 194957.70377616523,
    "213": 100014.94451465919,
    "214": 293122.40732397395,
    "215": 83555.10670361783,
    "216": 324988.95499100065,
    "217": 167525.57305626938,
    "218": 179112.8363516972,
    "219": 331202.8078251487,
    "220": 229278.7903785295,
    "221": 76151.18564288838,
    "222": 313293.609186719,
    "223": 181206.53041722224,
    "224": 109699.19592578686,
    "225": 35355.68618467519,
    "226": 161481.78289240805,
    "227": 63329.53430417729,
    "228": 46639.67937306975,
    "229": 353390.8698490456,
    "230": 209220.31441780686,
    "231": 67413.41124254772,
    "232": 109948.1828008745,
    "233": 82318.68659564316,
    "234": 271455.9957342338,
    "235": 179818.1562338446,
    "236": 436634.2810982673,
    "237": 189828.61145520746,
    "238": 471707.3998677521,
    "239": 227228.7500063541,
    "240": 187730.7703035844,
    "241": 171807.70515804045,
    "242": 169148.8083046148,
    "243": 409521.06614077033,
    "244": 228893.7271190675,
    "245": 235048.47716582083,
    "246": 476738.91833509377,
    "247": 159320.34479056485,
    "248": 532755.5790013706,
    "249": 168496.217965426,
    "250": 242117.80412117115,
    "251": 81788.84454746396,
    "252": 35824.82929723448,
    "253": 326359.68830112007,
    "254": 67440.60167784385,
    "255": 80343.21466027139,
    "256": 489528.4193810398,
    "257": 30856.27138259707,
    "258": 285473.47735264915,
    "259": 113816.6028973835,
    "260": 323820.8410283704,
    "261": 284048.47092775133,
    "262": 378157.7177423483,
    "263": 205762.5073877942,
    "264": 218816.41838832884,
    "265": 258987.05696445968,
    "266": 81932.23731610346,