{
    "1": 327247.0375871414,
    "2": 62460.91342993003,
    "3": 469964.0548972985,
    "4": 164450.31633360396,
    "5": 397818.51179598196,
    "6": 171592.72914861393,
    "7": 408623.1118650371,
    "8": 206017.86811436593,
    "9": 178701.714479541,
    "10": 463109.7080937929,
    "11": 90647.2335779875,
    "12": 145889.51302849493,
    "13": 172718.01156477138,
    "14": 583393.3050560668,
    "15": 140372.6926904858,
    "16": 684447.4599528685,
    "17": 521943.0307292926,
    "18": 304301.80145696225,
    "19": 784924.6872182154,
    "20": 416298.40047927905,
    "21": 73379.13715112276,
    "22": 690104.1112243105,
    "23": 173440.95689422483,
    "24": 288374.66982053244,
    "25": 356761.40756806737,
    "26": 398976.655543218,
    "27": 279238.6324140968,
    "28": 275749.99868849496,
    "29": 236642.4128716288,
    "30": 216268.0460455588,
    "31": 546073.6143125922,
    "32": 362474.9347024724,
    "33": 208275.4056811516,
    "34": 465891.3318556097,
    "35": 389779.0491163643,
    "36": 145781.76008829728,
    "37": 166026.20224757036,
    "38": 277315.7149056333,
    "39": 185812.39404058774,
    "40": 309901.8119400947,
    "41": 204596.87516453397,
    "42": 397360.62405525846,
    "43": 248972.25105680255,
    "44": 78117.29303533884,
    "45": 139473.17375164208,
    "46": 89820.56041786414,
    "47": 151033.0953617675,
    "48": 223081.8797254887,
    "49": 312689.55894255335,
    "50": 78610.32833704121,
    "51": 125818.67611689436,
    "52": 70200.03798921911,
    "53": 921445.1976515799,
    "54": 181733.15108591906,
    "55": 241601.0555641031,
    "56": 339834.27102847036,
    "57": 116427.80080128972,
    "58": 402278.0841200992,
    "59": 241396.4158983819,
    "60": 428930.69936319813,
    "61": 620476.8194805965,
    "62": 183721.84579027572,
    "63": 424238.56844343885,
    "64": 361924.0955176891,
    "65": 581012.4144871589,
    "66": 66863.25248168482,
    "67": 240744.43225718042,
    "68": 109994.9656724577,
    "69": 235664.2198323466,
    "70": 31831.999573930305,
    "71": 392834.4515260661,
    "72": 588888.0190367461,
    "73": 305990.9898334794,
    "74": 298589.6904306937,
    "75": 86619.92937380067,
    "76": 400177.1384858677,
    "77": 181361.48327000684,
    "78": 1024052.2633369544,
    "79": 175961.68955660023,
    "80": 189622.61996736884,
    "81": 190618.34015588393,
    "82": 137700.9762507609,
    "83": 183589.9209046959,
    "84": 109791.54922699065,
    "85": 376063.1755446048,
    "86": 90891.8116513057,
    "87": 237202.38635698406,
    "88": 79498.08473282697,
    "89": 319927.6382708224,
    "90": 371079.79755736806,
    "91": 74898.228143107,
    "92": 36720.30780916512,
    "93": 472060.10741929663,
    "94": 62695.115507842966,
    "95": 133099.00600162483,
    "96": 239817.64578381792,
    "97": 226886.54921740777,
    "98": 603972.8586195922,
    "99": 279099.3525517087,
    "100": 837169.2920988237,
    "101": 181814.49227120227,
    "102": 60755.62352489076,
    "103": 89668.67946934733,
    "104": 642309.3530024568,
    "105": 255063.61992170746,
    "106": 451087.11306199926,
    "107": 269410.75866315333,
    "108": 65025.84497669868,
    "109": 414841.9489659376,
    "110": 492258.4844308522,
    "111": 116446.31812323684,
    "112": 290478.4684298495,
    "113": 231585.9746831425,
    "114": 158351.24709573018,
    "115": 419712.3630101144,
    "116": 234509.13047941422,
    "117": 387356.801326774,
    "118": 149251.72678264545,
    "119": 43480.79821161232,
    "120": 1012819.800794349,
    "121": 363572.1700164406,
    "122": 13087.577091066327,
    "123": 388355.65024260565,
    "124": 152426.3874278416,
    "125": 96467.81085171386,
    "126": 203283.5262609775,
    "127": 170616.6673168997,
    "128": 99412.51532334485,
    "129": 115743.0780930217,
    "130": 131824.45992893804,
    "131": 131117.02283081022,
    "132": 51677.44466570968,
    "133": 260289.1175898875,
    "134": 89082.45679009495,
    "135": 143614.3685538946,
    "136": 112956.42904161382,
    "137": 229486.21146241348,
    "138": 373576.52641935163,
    "139": 242783.4179361482,
    "140": 186838.52464860116,
    "141": 108206.56325907822,
    "142": 585776.0393895109,
    "143": 140602.6468548166,
    "144": 120888.41687490931,
    "145": 598061.6934085222,
    "146": 35232.545267550224,
    "147": 122544.85115681887,
    "148": 120064.3852572142,
    "149": 210894.33068456137,
    "150": 383696.50788787915,
    "151": 350145.1034157217,
    "152": 36767.00529399672,
    "153": 266636.2619717038,
    "154": 230271.87019469618,
    "155": 525578.0893905995,
    "156": 622869.5391488613,
    "157": 475945.1042553567,
    "158": 320041.9845703269,
    "159": 454066.68424375163,
    "160": 128468.51013398285,
    "161": 305786.4032885533,
    "162": 166822.18090784646,
    "163": 412883.27077984833,
    "164": 319694.6188408912,
    "165": 192701.3551293058,
    "166": 188864.7208879527,
    "167": 764127.4833160043,
    "168": 42955.92383787535,
    "169": 53315.293587122935,
    "170": 166499.7401218023,
    "171": 425433.4541097554,
    "172": 213691.9774449561,
    "173": 39521.94067666902,
    "174": 271470.6999173406,
    "175": 106721.15177980384,
    "176": 160650.42291622618,
    "177": 110991.047196607,
    "178": 204250.7992386983,
    "179": 92251.49756524943,
    "180": 302694.31177077035,
    "181": 612268.0981733477,
    "182": 72686.39187195327,
    "183": 400737.7005521811,
    "184": 73837.51884168024,
    "185": 167371.9774786886,
    "186": 225795.59014385796,
    "187": 212387.66632487904,
    "188": 336071.5722230016,
    "189": 439963.22258445737,
    "190": 161961.1116743319,
    "191": 44989.090058653725,
    "192": 137674.5475377026,
    "193": 69469.15933634789,
    "194": 98764.3775014021,
    "195": 175473.95614774193,
    "196": 428426.2066860104,
    "197": 148097.81944646334,
    "198": 244581.3871461029,
    "199": 198832.91079189404,
    "200": 294579.22144110774,
    "201": 552304.1771617059,
    "202": 552891.2652824338,
    "203": 252106.51511376546,
    "204": 348328.1095465368,
    "205": 480707.15113890765,
    "206": 166705.127696036,
    "207": 116449.52102709137,
    "208": 354606.6122276213,
    "209": 446154.3797550931,
    "210": 244237.75173535536,
    "211": 193217.51391413974,
    "212": 147461.41318432882,
    "213": 339575.34538673586,
    "214": 725772.6297474925,
    "215": 115644.82231548423,
    "216": 691831.6965859345,
    "217": 194759.30282180101,
    "218": 76529.16803390988,
    "219": 292379.55969816697,
    "220": 185599.33321583067,
    "221": 121707.86767541924,
    "222": 146369.15166927341,
    "223": 363749.9030850087,
    "224": 269990.7435699229,
    "225": 136773.7432791703,
    "226": 285821.65844193794,
    "227": 125865.26665248704,
    "228": 94611.72571649481,
    "229": 114022.7399338661,
    "230": 28295.202639063635,
    "231": 147566.20079553165,
    "232": 194834.55081766713,
    "233": 50570.74802652695,
    "234": 103600.93151157652,
    "235": 500403.06942847674,
    "236": 95658.36561292282,
    "237": 130780.68465893996,
    "238": 639115.7815397497,
    "239": 244412.1712213861,
    "240": 624497.1451505322,
    "241": 52727.04807048332,
    "242": 98701.51120416365,
    "243": 102155.52265420814,
    "244": 213945.43444586595,
    "245": 401073.20665127225,
    "246": 293513.1596384179,
    "247": 108840.64161874782,
    "248": 117213.41544671042,
    "249": 121915.42019593345,
    "250": 88230.11707538465,
    "251": 113536.36787286199,
    "252": 272363.4951329777,
    "253": 499575.93877506815,
    "254": 228696.28758746956,
    "255": 393073.2576808942,
    "256": 135660.4185884549,
    "257": 224825.96192317645,
    "258": 348242.9752901167,
    "259": 86657.748583795,
    "260": 85814.13912642637,
    "261": 324827.2139409118,
    "262": 188931.65244580494,
    "263": 217807.03481009096,
    "264": 80315.29146710223,
    "265": 664732.2314685141,
    "266": 757941.6812897635,