{
    "1": 108351.9924990121,
    "2": 311511.47494982026,
    "3": 458912.6736413062,
    "4": 411546.6452462518,
    "5": 135861.5640501037,
    "6": 355370.89306815714,
    "7": 94194.22715719591,
    "8": 522352.13421800063,
    "9": 445916.8995428278,
    "10": 397507.561816829,
    "11": 39362.898425887324,
    "12": 433727.8829611641,
    "13": 96034.96583250386,
    "14": 36839.49698840101,
    "15": 281967.9482891313,
    "16": 258711.32025442462,
    "17": 123116.7546435519,
    "18": 324478.3540957264,
    "19": 273655.7352453895,
    "20": 249532.51318947205,
    "21": 151418.35308401543,
    "22": 119410.92232142708,
    "23": 326889.4702808664,
    "24": 335472.4800580601,
    "25": 292103.42305287847,
    "26": 301871.4094973928,
    "27": 146588.08471097768,
    "28": 142853.4861949613,
    "29": 72533.61774876024,
    "30": 182762.09074380656,
    "31": 77961.20182315649,
    "32": 64666.21100343248,
    "33": 78860.5449921404,
    "34": 51391.891311349245,
    "35": 555608.3772576145,
    "36": 445151.2987726432,
    "37": 108795.65657688383,
    "38": 64713.95988652512,
    "39": 155950.91840507192,
    "40": 238416.0499204327,
    "41": 147559.44563612554,
    "42": 131420.37880155368,
    "43": 245226.39784361084,
    "44": 99227.12826534579,
    "45": 82791.7059962505,
    "46": 375993.8321126177,
    "47": 571563.7455940061,
    "48": 273121.86891178536,
    "49": 136188.61723849364,
    "50": 42319.30968336491,
    "51": 84960.62710551641,
    "52": 537207.9594807916,
    "53": 408119.8108097198,
    "54": 187352.38643136877,
    "55": 42655.49500318159,
    "56": 405761.9307000456,
    "57": 117096.17187882224,
    "58": 286382.1097996746,
    "59": 200071.8398220599,
    "60": 89459.57260157757,
    "61": 251882.12332333438,
    "62": 188234.82473351178,
    "63": 69887.43790322302,
    "64": 859445.3925003401,
    "65": 148071.89009677368,
    "66": 423601.6054526697,
    "67": 90592.91769392256,
    "68": 43842.912279180644,
    "69": 722704.2224715732,
    "70": 270510.0336928999,
    "71": 209876.6608543487,
    "72": 36679.35198811942,
    "73": 146802.74986228952,
    "74": 183233.29843494855,
    "75": 143253.87269022377,
    "76": 98411.51069828209,
    "77": 36665.37954227699,
    "78": 49041.6190024736,
    "79": 224030.90150183122,
    "80": 131677.04159854262,
    "81": 268566.78246054164,
    "82": 249249.46419494337,
    "83": 159489.2208785357,
    "84": 211109.80845449975,
    "85": 202967.08886406443,
    "86": 171081.8848368838,
    "87": 163285.865986109,
    "88": 395134.9572296274,
    "89": 101903.70284060437,
    "90": 159219.23474701817,
    "91": 19228.528275529185,
    "92": 459601.7172093569,
    "93": 314886.86309872736,
    "94": 255246.2137143354,
    "95": 375405.22603987326,
    "96": 267014.5864680217,
    "97": 139372.44765740144,
    "98": 888468.627945423,
    "99": 187953.6482648138,
    "100": 65774.9206766425,
    "101": 110252.70784557456,
    "102": 261334.9413399519,
    "103": 93443.49498184954,
    "104": 196961.93941359335,
    "105": 131551.17499252147,
    "106": 95816.49544425265,
    "107": 398223.87394207367,
    "108": 178652.57282018507,
    "109": 763702.7947021356,
    "110": 82570.29699840122,
    "111": 186505.5123094573,
    "112": 411306.8651185459,
    "113": 401966.4728968214,
    "114": 351807.5448039907,
    "115": 396341.39750917954,
    "116": 177932.8563060622,
    "117": 279375.2269624637,
    "118": 173395.8384364067,
    "119": 213598.7321587357,
    "120": 90255.86596976391,
    "121": 253110.03772454863,
    "122": 328095.94207976956,
    "123": 78569.38879066138,
    "124": 229777.00684589232,
    "125": 111318.34639661826,
    "126": 276703.3458238224,
    "127": 318233.1004785319,
    "128": 200631.612685967,
    "129": 104224.95597050402,
    "130": 554665.3855484964,
    "131": 347521.1880127956,
    "132": 271623.43710951734,
    "133": 260292.88331298568,
    "134": 171385.1195869893,
    "135": 308904.1524222008,
    "136": 323705.138985232,
    "137": 131317.20185079536,
    "138": 199369.36778563604,
    "139": 164189.1211553033,
    "140": 133549.09762671485,
    "141": 191134.9315481864,
    "142": 257429.3990557557,
    "143": 77315.10646556913,
    "144": 71902.7740441633,
    "145": 388899.3232810644,
    "146": 123165.63291688781,
    "147": 515024.7763608918,
    "148": 175431.0067140566,
    "149": 164283.9386470469,
    "150": 175840.16324587865,
    "151": 88453.58826769229,
    "152": 412320.7141416886,
    "153": 420507.8465419173,
    "154": 290091.985784629,
    "155": 238168.4582545949,
    "156": 296087.5611478215,
    "157": 52662.817393482605,
    "158": 11847.527249112101,
    "159": 51792.618660450506,
    "160": 436730.74576322373,
    "161": 331217.98863987223,
    "162": 161487.80447723134,
    "163": 26024.760908996857,
    "164": 938648.5816020002,
    "165": 57513.39644994254,
    "166": 562013.8304382215,
    "167": 261030.8620459712,
    "168": 150751.5579802655,
    "169": 282512.2688312176,
    "170": 191715.94125022655,
    "171": 86044.46366651815,
    "172": 235969.40256734868,
    "173": 96454.78571474974,
    "174": 579363.9596971119,
    "175": 239360.18211846886,
    "176": 84385.63631983774,
    "177": 701871.5143511434,
    "178": 207143.64338258232,
    "179": 482415.0616154489,
    "180": 108331.87445046769,
    "181": 413925.5218758404,
    "182": 335074.910895584,
    "183": 94024.15167986703,
    "184": 582974.819172644,
    "185": 176907.41177161175,
    "186": 170612.76519510732,
    "187": 377504.80285604735,
    "188": 251460.4995386062,
    "189": 153991.3566078398,
    "190": 452873.7832874062,
    "191": 323242.70562907396,
    "192": 366215.3286628708,
    "193": 571952.4078230623,
    "194": 26469.844094686607,
    "195": 543890.517848711,
    "196": 193558.58251856075,
    "197": 868624.6458409217,
    "198": 698821.7377331266,
    "199": 520567.0971786357,
    "200": 131324.43260372337,
    "201": 298724.48053472914,
    "202": 243804.53227942766,
    "203": 299536.1042041362,
    "204": 99225.64337187531,
    "205": 265350.69619825564,
    "206": 67448.78291292556,
    "207": 588273.8684336504,
    "208": 184358.30770034014,
    "209": 563915.8072697914,
    "210": 243357.9472365935,
    "211": 431950.6663888544,
    "212": 391316.79274387786,
    "213": 80514.83200075879,
    "214": 409761.05423924397,
    "215": 52823.04126481572,
    "216": 277219.78596332425,
    "217": 725907.8926896685,
    "218": 139130.44318492338,
    "219": 121072.4753898581,
    "220": 65888.55122198602,
    "221": 419341.0780139784,
    "222": 59752.61916651334,
    "223": 213587.70067251043,
    "224": 94410.62929517539,
    "225": 111864.3220409748,
    "226": 61426.6987563063,
    "227": 588154.935833523,
    "228": 223575.12533322355,
    "229": 112419.19695212173,
    "230": 159504.18841037582,
    "231": 332781.7818318515,
    "232": 506561.8113782043,
    "233": 84637.36827414639,
    "234": 259253.54902569414,
    "235": 56354.80529215076,
    "236": 137220.37130994306,
    "237": 131863.60299829277,
    "238": 136526.45062833317,
    "239": 58872.642610197756,
    "240": 624198.9413524783,
    "241": 173980.7127799923,
    "242": 127633.85567822114,
    "243": 152611.90670137704,
    "244": 378200.473149689,
    "245": 40395.24522645765,
    "246": 96833.5083141519,
    "247": 24390.511299025653,
    "248": 110742.01593259891,
    "249": 153426.2414052865,
    "250": 155470.11040337954,
    "251": 58076.1039630993,
    "252": 145629.64365126516,
    "253": 162382.05639608545,
    "254": 158883.16137560803,
    "255": 72563.2413470717,
    "256": 141263.67059997853,
    "257": 514499.51155463187,
    "258": 115786.76401277565,
    "259": 316778.30547532195,
    "260": 137322.9064127097,
    "261": 34419.345935685415,
    "262": 96974.40788445517,
    "263": 114037.81633074643,
    "264": 291664.5745156384,
    "265": 201260.9440138332,
    "266": 127731.68993408873,
    "267": 237060.4381743548,