{
    "1": 298835.4735812741,
    "2": 282162.57015599054,
    "3": 477037.30208921875,
    "4": 390572.7685338952,
    "5": 258055.91785631055,
    "6": 243794.6239938607,
    "7": 52649.83836163096,
    "8": 211898.5936602073,
    "9": 64282.197466162164,
    "10": 262208.7962432716,
    "11": 107007.01078239667,
    "12": 231525.6600459311,
    "13": 202898.4482623098,
    "14": 198399.25138687144,
    "15": 392024.29374813096,
    "16": 481607.1003273651,
    "17": 108973.14948413458,
    "18": 141499.37276807186,
    "19": 49277.50363995571,
    "20": 922063.0447730743,
    "21": 30569.78101172775,
    "22": 195273.4112508375,
    "23": 200158.00736453326,
    "24": 251824.29501807297,
    "25": 55752.493276798596,
    "26": 185378.0312407524,
    "27": 315950.65587710973,
    "28": 209983.44943691115,
    "29": 211691.93937068505,
    "30": 327586.9792557788,
    "31": 149337.99171898962,
    "32": 49459.56675399115,
    "33": 92920.71637376133,
    "34": 146322.4493912285,
    "35": 41943.61004811275,
    "36": 55129.00307793558,
    "37": 918574.7863074074,
    "38": 202619.44226879004,
    "39": 117915.83288079292,
    "40": 343361.9526573606,
    "41": 49144.064304407955,
    "42": 77361.98022776042,
    "43": 72109.9858911998,
    "44": 47922.64177915852,
    "45": 362292.23215381504,
    "46": 51454.55263312592,
    "47": 394055.7979093792,
    "48": 173900.2062040278,
    "49": 200024.92960765914,
    "50": 486430.6016733745,
    "51": 56069.58277262264,
    "52": 80428.72009296434,
    "53": 330616.0589928261,
    "54": 101012.7009693769,
    "55": 145976.52435775797,
    "56": 678089.2587489256,
    "57": 276597.7739137008,
    "58": 500557.67897579353,
    "59": 297502.3123250681,
    "60": 258527.27981722789,
    "61": 101933.60072275082,
    "62": 186133.09072285006,
    "63": 242255.61264683108,
    "64": 319797.7347249013,
    "65": 176724.6539049589,
    "66": 332165.41682968586,
    "67": 109829.87457692229,
    "68": 54204.43482734349,
    "69": 114503.67156076503,
    "70": 135862.40002205005,
    "71": 87108.15576809351,
    "72": 95754.19676776856,
    "73": 130240.81990021886,
    "74": 178982.14483927173,
    "75": 130478.96582548454,
    "76": 51559.448037717666,
    "77": 328179.7886017151,
    "78": 249352.82461075528,
    "79": 245805.30111685378,
    "80": 19121.02878544544,
    "81": 16460.27986027452,
    "82": 722043.9045179128,
    "83": 99199.37500821723,
    "84": 376457.9108106626,
    "85": 158767.20975252512,
    "86": 159185.91994896354,
    "87": 345675.6572303479,
    "88": 346087.97188587725,
    "89": 397767.10762032104,
    "90": 238702.97455093992,
    "91": 211774.7694304694,
    "92": 54026.703095209195,
    "93": 478793.67039921955,
    "94": 133491.85468828413,
    "95": 224050.44978905524,
    "96": 115645.32382815755,
    "97": 238940.41664235303,
    "98": 534193.9469158382,
    "99": 336751.1268402333,
    "100": 101061.66633927936,
    "101": 174038.84750783184,
    "102": 99312.73697607506,
    "103": 132334.17034415447,
    "104": 206992.51551991896,
    "105": 70038.77440233574,
    "106": 46207.925838334006,
    "107": 54048.29658693778,
    "108": 205507.99628864526,
    "109": 415378.417433388,
    "110": 225787.84964770815,
    "111": 68410.28308897742,
    "112": 454677.6635601081,
    "113": 271794.94560166297,
    "114": 404752.7033130457,
    "115": 18152.144939492006,
    "116": 55732.543893323986,
    "117": 141848.8357134146,
    "118": 641206.6499363635,
    "119": 82151.68481926441,
    "120": 13330.193213975906,
    "121": 121481.6064394262,
    "122": 394015.27264347445,
    "123": 376115.0584661132,
    "124": 67975.60647089662,
    "125": 295026.6822010506,
    "126": 329811.4207090543,
    "127": 480907.66719726456,
    "128": 165865.31880073348,
    "129": 249772.1285938407,
    "130": 44590.84444860293,
    "131": 71159.98381572941,
    "132": 70417.6597105891,
    "133": 139239.86714481143,
    "134": 28090.48928639492,
    "135": 299903.4536290679,
    "136": 234865.26155711547,
    "137": 89424.44910935487,
    "138": 172856.35104006968,
    "139": 519386.6127318261,
    "140": 277992.9684835521,
    "141": 115578.76793287206,
    "142": 263971.47843556025,
    "143": 115043.11448193557,
    "144": 164566.83278388405,
    "145": 261822.10219200447,
    "146": 293937.8083688664,
    "147": 522213.5654564128,
    "148": 570002.2496926726,
    "149": 246485.27840185413,
    "150": 42867.760311013546,
    "151": 168022.22693168587,
    "152": 330669.9180249775,
    "153": 121603.0187395842,
    "154": 629146.3613519176,
    "155": 191470.19965939558,
    "156": 222039.67334064268,
    "157": 580795.552824249,
    "158": 218661.6162943512,
    "159": 19546.532765398748,
    "160": 266197.3753855856,
    "161": 97321.81098820787,
    "162": 38297.06877507191,
    "163": 239135.08997502638,
    "164": 127438.44586546779,
    "165": 335125.0757780545,
    "166": 230289.07192561647,
    "167": 60514.541891554836,
    "168": 188469.63255447024,
    "169": 298977.14154863224,
    "170": 409405.65049312764,
    "171": 528626.925350143,
    "172": 106257.49546313484,
    "173": 244058.25256187966,
    "174": 74594.65834425359,
    "175": 363946.1862422173,
    "176": 113095.75847134448,
    "177": 379659.30877586285,
    "178": 249519.17049829446,
    "179": 393880.049682964,
    "180": 285920.0481229255,
    "181": 176371.25835057689,
    "182": 13057.594940437762,
    "183": 250185.2842417732,
    "184": 290567.4960378229,
    "185": 481437.1676952421,
    "186": 257179.5210242396,
    "187": 63688.56637772473,
    "188": 625828.2549577322,
    "189": 300974.0824281193,
    "190": 259208.40570073112,
    "191": 83768.97428457321,
    "192": 136093.90238244028,
    "193": 128112.8790617201,
    "194": 68711.69079215835,
    "195": 168775.78713321217,
    "196": 343402.9069580011,
    "197": 256280.0707821432,
    "198": 387398.01060077106,
    "199": 45894.73908044743,
    "200": 289032.90315664466,
    "201": 174693.24133039726,
    "202": 114420.6917890949,
    "203": 198149.8136687073,
    "204": 127758.45370411519,
    "205": 207490.47864408718,
    "206": 74098.27827185675,
    "207": 440727.9275467604,
    "208": 650499.4942826511,
    "209": 420055.62311663834,
    "210": 389158.03789412085,
    "211": 175386.4335321965,
    "212": 209864.3445907999,
    "213": 159676.0187536648,
    "214": 459020.93238670385,
    "215": 629521.9787960602,
    "216": 174025.52418457792,
    "217": 214520.28270948245,
    "218": 646679.3206484849,
    "219": 101748.12705429223,
    "220": 155599.66146624085,
    "221": 55150.857643015916,
    "222": 335033.0258015939,
    "223": 171404.0537597393,
    "224": 131844.53178973394,
    "225": 423729.03559651785,
    "226": 523202.2968231401,
    "227": 346795.0202731269,
    "228": 303726.9424532596,
    "229": 94705.97286401433,
    "230": 102735.77600593021,
    "231": 626986.2042292525,
    "232": 340859.7799963879,
    "233": 145047.95937281332,
    "234": 271547.26898057235,
    "235": 84606.52995340608,
    "236": 125684.35483260253,
    "237": 485797.6791919691,
    "238": 26020.13413893952,
    "239": 236573.5930151056,
    "240": 210629.2848307363,
    "241": 162499.54999589903,
    "242": 338020.43509994744,
    "243": 617137.6582867877,
    "244": 323131.08123864763,
    "245": 179675.6414241089,
    "246": 40401.729721501266,
    "247": 92945.8959645744,
    "248": 29754.05910022224,
    "249": 143005.10028619907,
    "250": 317339.86484740145,
    "251": 384662.9005679255,
    "252": 295827.14863202575,
    "253": 72112.84772099135,
    "254": 75060.42536819438,
    "255": 200537.77037072318,
    "256": 72211.71935656865,
    "257": 129588.91094938609,
    "258": 205849.53942662856,
    "259": 148938.2511006594,
    "260": 211651.19158984348,
    "261": 277925.76932328596,
    "262": 325368.23515724746,
    "263": 282039.83187369956,
    "264": 292417.58587930776,
    "265": 535110.4437389404,
    "266": 148232.85729221237,