{
    "1": 439932.63470181444,
    "2": 296081.4086126109,
    "3": 143255.9838370688,
    "4": 437394.42803575756,
    "5": 296067.26193551853,
    "6": 465827.7837312882,
    "7": 316140.15744727076,
    "8": 177324.95115258096,
    "9": 56145.23980005635,
    "10": 600503.9386936032,
    "11": 210260.43334098844,
    "12": 240094.65654729944,
    "13": 206761.26966825328,
    "14": 233967.09296394393,
    "15": 21627.224580850987,
    "16": 394936.6923594004,
    "17": 868985.7275529657,
    "18": 479619.43075270555,
    "19": 282970.4430162462,
    "20": 234111.05638253718,
    "21": 50631.65822288272,
    "22": 266051.5876407584,
    "23": 145295.75981557727,
    "24": 316659.98808314337,
    "25": 121656.01933840792,
    "26": 592531.8866946077,
    "27": 293716.80125456053,
    "28": 182670.31501734193,
    "29": 385051.4367378059,
    "30": 136170.43707512462,
    "31": 338556.7671483442,
    "32": 123741.84480515907,
    "33": 283553.34359154233,
    "34": 560753.4880780975,
    "35": 257847.0061048551,
    "36": 96179.7591404289,
    "37": 615627.4469644228,
    "38": 44320.63364128533,
    "39": 202178.00669957828,
    "40": 418549.79787236906,
    "41": 145616.68579299355,
    "42": 108458.53010090033,
    "43": 231767.04439100318,
    "44": 421832.6490442388,
    "45": 121624.94932671335,
    "46": 31595.763261236905,
    "47": 632006.897815411,
    "48": 124051.57885225257,
    "49": 137916.67692807683,
    "50": 171205.77003578964,
    "51": 55480.901417151756,
    "52": 376017.1464405312,
    "53": 159204.82300113197,
    "54": 216019.66115358257,
    "55": 72206.10216140102,
    "56": 166322.94768280638,
    "57": 248850.42618561597,
    "58": 225171.62927399523,
    "59": 194012.6282562796,
    "60": 77897.30267020423,
    "61": 54405.53686036766,
    "62": 62106.8398127696,
    "63": 126523.1464711996,
    "64": 228619.7243355586,
    "65": 224497.88671293954,
    "66": 71943.16781675634,
    "67": 253522.1518270092,
    "68": 118248.7493866012,
    "69": 208710.3531239542,
    "70": 94483.41507031446,
    "71": 691378.8605924005,
    "72": 483057.17054769094,
    "73": 340679.4984793865,
    "74": 158870.68951612432,
    "75": 276442.7883037042,
    "76": 105579.72110146456,
    "77": 394458.5872186522,
    "78": 119090.23006751064,
    "79": 50307.53116826297,
    "80": 177157.2442952414,
    "81": 150512.31547911125,
    "82": 147626.69438837492,
    "83": 170226.5650466386,
    "84": 594640.3326509268,
    "85": 173769.2492058616,
    "86": 140710.183599927,
    "87": 612868.2689931291,
    "88": 222299.99402417248,
    "89": 43086.60691243963,
    "90": 195437.7967276697,
    "91": 237013.65765989662,
    "92": 134051.65160380155,
    "93": 231237.60825503472,
    "94": 170948.15746695566,
    "95": 348783.8452214767,
    "96": 256946.99386459432,
    "97": 152853.6363544365,
    "98": 168528.57083564714,
    "99": 184345.18150326645,
    "100": 362355.1448087484,
    "101": 469563.77197651955,
    "102": 26989.802775405322,
    "103": 117646.37529293992,
    "104": 42272.84326942183,
    "105": 435641.4407019375,
    "106": 210644.80824942663,
    "107": 206237.7871639021,
    "108": 156577.4924323683,
    "109": 313018.68340932694,
    "110": 998712.7492846312,
    "111": 149273.62570535374,
    "112": 105082.8340469695,
    "113": 282110.2892217091,
    "114": 282311.92558976455,
    "115": 204033.3918863914,
    "116": 400292.3406111228,
    "117": 354650.8162575767,
    "118": 325420.6439647961,
    "119": 410070.8181248217,
    "120": 112756.20444449804,
    "121": 34854.07200165971,
    "122": 230376.91940880593,
    "123": 288902.59472721885,
    "124": 317282.34706652845,
    "125": 177770.93755802995,
    "126": 239954.3876667644,
    "127": 270408.7433779155,
    "128": 222076.4554119432,
    "129": 352180.1987320561,
    "130": 73689.13402544771,
    "131": 199123.19199773762,
    "132": 175671.05197268637,
    "133": 138187.95871657468,
    "134": 86438.37634280148,
    "135": 178678.03149456266,
    "136": 152829.66399624842,
    "137": 1003824.8228418892,
    "138": 342338.1087710795,
    "139": 98277.05701880994,
    "140": 83023.41746665233,
    "141": 338879.0997310618,
    "142": 295481.26531652664,
    "143": 81508.31079721764,
    "144": 237283.88311824936,
    "145": 183087.4912656499,
    "146": 171659.75682584016,
    "147": 109292.65225419235,
    "148": 227708.1648658637,
    "149": 161856.9084799424,
    "150": 363628.1247621205,
    "151": 369805.0367331412,
    "152": 406139.41740373045,
    "153": 197809.231675092,
    "154": 163947.0963126995,
    "155": 111432.7673022038,
    "156": 271096.84204290225,
    "157": 93043.27383659729,
    "158": 191138.18732589655,
    "159": 161124.04618294712,
    "160": 341751.89727495844,
    "161": 136270.04194482113,
    "162": 45628.728410717886,
    "163": 63887.342651843755,
    "164": 109265.94211224781,
    "165": 376185.6805295925,
    "166": 123145.58098501041,
    "167": 306588.5584143978,
    "168": 71018.98703791942,
    "169": 242300.67091382286,
    "170": 427354.60142676835,
    "171": 205313.28581308227,
    "172": 75798.79132074623,
    "173": 203715.23815947623,
    "174": 409774.8632446923,
    "175": 536356.1123745881,
    "176": 120867.12594781426,
    "177": 43049.93571414644,
    "178": 151246.0395195715,
    "179": 683843.1514486548,
    "180": 417365.5497834635,
    "181": 144834.75576050856,
    "182": 295251.9544332586,
    "183": 342750.2651976088,
    "184": 113727.46217789786,
    "185": 214067.27405919912,
    "186": 338539.2665493047,
    "187": 159711.4485777838,
    "188": 193232.90884435375,
    "189": 322320.85285256285,
    "190": 159882.66401934111,
    "191": 253743.67341021824,
    "192": 386923.41885143553,
    "193": 504650.71326735534,
    "194": 234053.74566328622,
    "195": 145268.70664015508,
    "196": 34419.49707568637,
    "197": 334964.5578586811,
    "198": 673571.7793048896,
    "199": 275169.97694015893,
    "200": 33885.28751843572,
    "201": 75239.45115438709,
    "202": 381942.96781365044,
    "203": 156352.3038036207,
    "204": 280769.34884113766,
    "205": 56933.25632055371,
    "206": 97089.18517255824,
    "207": 60112.2789453821,
    "208": 65189.378988407814,
    "209": 472601.5283791059,
    "210": 135055.24589466958,
    "211": 240508.76109353825,
    "212": 511520.58922894753,
    "213": 577064.1370454612,
    "214": 228138.43512043438,
    "215": 49675.08178381227,
    "216": 63804.481872140364,
    "217": 109329.12932362776,
    "218": 325783.08809611754,
    "219": 334267.14290535264,
    "220": 154320.83198223013,
    "221": 313018.47025518236,
    "222": 26791.11967258688,
    "223": 240082.7776255914,
    "224": 308344.3982441264,
    "225": 158852.69171710053,
    "226": 219897.44948788203,
    "227": 68780.64946755357,
    "228": 382467.89787171135,
    "229": 622886.4701791527,
    "230": 192648.19866232772,
    "231": 179340.6855873581,
    "232": 99259.21937904754,
    "233": 158438.86550618347,
    "234": 93559.19706333784,
    "235": 61274.283896150075,
    "236": 709881.0964935723,
    "237": 142255.80779509488,
    "238": 142940.15444167325,
    "239": 399023.05868862965,
    "240": 355602.74040384684,
    "241": 288818.16185513785,
    "242": 68594.00843976518,
    "243": 301613.9115714005,
    "244": 346347.7905981511,
    "245": 236828.43283232985,
    "246": 30898.90287778232,
    "247": 120046.32016563792,
    "248": 70081.47107417087,
    "249": 864567.5343391517,
    "250": 258831.4315030802,
    "251": 134593.68178450258,
    "252": 529029.9878187444,
    "253": 233195.43041969265,
    "254": 161945.98323916903,
    "255": 135011.994606923,
    "256": 221346.0481203125,
    "257": 151001.9329377073,
    "258": 638346.2649918462,
    "259": 304617.66411807074,
    "260": 692038.0718752745,
    "261": 393738.5820214049,
    "262": 314101.2840867695,
    "263": 180005.5543480471,
    "264": 148394.3599339659,
    "265": 474920.2142570801,
    "266": 120157.06198147552,