{
    "1": 178408.70019915406,
    "2": 157220.03835996395,
    "3": 235569.02100557653,
    "4": 448514.31126772234,
    "5": 276357.3535351449,
    "6": 363480.7485629071,
    "7": 305376.9307402234,
    "8": 242167.73341864155,
    "9": 79938.34415575855,
    "10": 536112.8575352083,
    "11": 300547.06443925534,
    "12": 120805.5245760175,
    "13": 206871.33888215674,
    "14": 208954.15106330847,
    "15": 232877.16850981725,
    "16": 53360.65421723615,
    "17": 453598.91586337116,
    "18": 302518.6098478183,
    "19": 107569.12567998575,
    "20": 61881.3650054762,
    "21": 77354.88312590709,
    "22": 44904.76365038205,
    "23": 57219.09534813544,
    "24": 210965.12757151652,
    "25": 291784.27794521215,
    "26": 138607.6365448779,
    "27": 178430.0197948534,
    "28": 54053.38621837589,
    "29": 39502.62034532192,
    "30": 172912.3109539936,
    "31": 292886.64060389367,
    "32": 117132.43920374625,
    "33": 213648.12400431352,
    "34": 77780.34802728595,
    "35": 213184.23085168094,
    "36": 338045.54084758105,
    "37": 311387.96895664214,
    "38": 268209.61048937537,
    "39": 110404.3888870986,
    "40": 89574.20437737527,
    "41": 274373.2621123659,
    "42": 290187.9652496068,
    "43": 221557.21892121786,
    "44": 98270.39291460167,
    "45": 432897.7808422051,
    "46": 233074.34269704256,
    "47": 173528.08671000614,
    "48": 67633.66186194634,
    "49": 453008.62882478855,
    "50": 128634.87960985664,
    "51": 219767.6207284131,
    "52": 42950.33026106207,
    "53": 577153.1500590421,
    "54": 321383.7678043362,
    "55": 252648.8330634069,
    "56": 130236.65518658314,
    "57": 71399.89264830676,
    "58": 184666.9012485357,
    "59": 241847.47681260356,
    "60": 341479.0089467165,
    "61": 288184.77703431086,
    "62": 11357.18446814415,
    "63": 102412.69364277498,
    "64": 127567.3924828333,
    "65": 217266.8234155786,
    "66": 94376.12766353649,
    "67": 169150.9626239798,
    "68": 129255.45757315162,
    "69": 85087.3806980369,
    "70": 362831.47935786535,
    "71": 384821.77621282527,
    "72": 182449.65387930925,
    "73": 110373.86772224822,
    "74": 474184.7396298638,
    "75": 340098.9469263677,
    "76": 189739.29178976492,
    "77": 356846.1780685046,
    "78": 103371.93372388289,
    "79": 47469.77582495289,
    "80": 498505.0499727065,
    "81": 33477.665553116254,
    "82": 291894.4187318238,
    "83": 227203.58753113582,
    "84": 239433.63188318888,
    "85": 430049.15911227436,
    "86": 122914.32538922946,
    "87": 39364.89915464897,
    "88": 147106.30643167504,
    "89": 355354.52859919803,
    "90": 69075.91096037225,
    "91": 32860.0900453706,
    "92": 64863.25595843177,
    "93": 33526.45472469295,
    "94": 100822.58580889888,
    "95": 345201.8466870108,
    "96": 74378.02014901741,
    "97": 98916.76897820295,
    "98": 746455.6361376117,
    "99": 196696.91933106777,
    "100": 197795.3969024746,
    "101": 76187.74881410599,
    "102": 77150.7578735514,
    "103": 588638.4556818157,
    "104": 252669.06453912432,
    "105": 240810.93409551738,
    "106": 140052.82457539893,
    "107": 70709.44371076724,
    "108": 280349.54944202414,
    "109": 448915.6318506815,
    "110": 169430.1142342152,
    "111": 184992.52673805505,
    "112": 56150.752567509364,
    "113": 199521.09356089024,
    "114": 92068.83593440836,
    "115": 253852.4579265057,
    "116": 430544.18169175746,
    "117": 330907.60394604446,
    "118": 638630.8470552156,
    "119": 411723.80301319255,
    "120": 611721.4388605814,
    "121": 366986.95575087046,
    "122": 227557.01459049847,
    "123": 302143.2088855483,
    "124": 149968.15620466083,
    "125": 227112.0083645665,
    "126": 148978.6179084556,
    "127": 256712.32191318762,
    "128": 159793.4798907025,
    "129": 102184.13076696805,
    "130": 320842.6483747259,
    "131": 65595.09347238646,
    "132": 486022.7387772814,
    "133": 84463.50768768757,
    "134": 140132.8303717446,
    "135": 101969.4482400432,
    "136": 197642.14585737526,
    "137": 226981.9702540052,
    "138": 73437.81132992795,
    "139": 233346.02479927085,
    "140": 93962.84320272447,
    "141": 60639.95043301995,
    "142": 139711.08662252926,
    "143": 129590.74338005875,
    "144": 110882.52631502565,
    "145": 316790.11230348103,
    "146": 307340.30896658945,
    "147": 477686.8977816849,
    "148": 185348.03265923937,
    "149": 71041.19051696105,
    "150": 294369.0597761059,
    "151": 188220.4040938121,
    "152": 84163.22343875119,
    "153": 560748.9135216094,
    "154": 223731.81168896245,
    "155": 221050.21782545323,
    "156": 229757.07341897525,
    "157": 475942.17576653644,
    "158": 488777.74662288564,
    "159": 78424.43616960257,
    "160": 198626.26503522074,
    "161": 159978.99475684602,
    "162": 288768.3246496867,
    "163": 398341.5478437649,
    "164": 50002.34931772757,
    "165": 66196.63193960737,
    "166": 206556.15889428896,
    "167": 231375.19866827605,
    "168": 138339.27741728316,
    "169": 60283.267962927675,
    "170": 40609.27320972832,
    "171": 200720.4790873536,
    "172": 54185.101954285055,
    "173": 380449.59518457914,
    "174": 122942.41348215909,
    "175": 424269.9789111781,
    "176": 208198.61168038112,
    "177": 39160.17209042781,
    "178": 178556.44704532725,
    "179": 265992.46491048066,
    "180": 230501.62782827354,
    "181": 51096.739799846095,
    "182": 342858.05672662926,
    "183": 67474.02760408561,
    "184": 260952.06919701133,
    "185": 31500.802515935942,
    "186": 366108.062612128,
    "187": 181443.23066889198,
    "188": 96579.82246253954,
    "189": 387956.530890363,
    "190": 34268.36849248579,
    "191": 319631.8330380353,
    "192": 153005.9722293283,
    "193": 105547.9200298153,
    "194": 112881.97789651185,
    "195": 230799.22534171186,
    "196": 45873.385718798396,
    "197": 439106.60733640904,
    "198": 319816.1040271071,
    "199": 193272.6640275221,
    "200": 58723.262393862184,
    "201": 327153.7510490834,
    "202": 129789.91696595613,
    "203": 132606.84698805626,
    "204": 93674.3595777473,
    "205": 161207.47550427212,
    "206": 44785.15789155708,
    "207": 89268.86061495528,
    "208": 213168.7310466679,
    "209": 241357.11153941223,
    "210": 358348.1547257877,
    "211": 161316.2681405659,
    "212": 81020.4110139751,
    "213": 294606.47983211774,
    "214": 92671.37738497963,
    "215": 119734.51902733164,
    "216": 322414.00849240593,
    "217": 267020.61398504255,
    "218": 319402.1029877849,
    "219": 220643.25629779042,
    "220": 58090.66329493088,
    "221": 79368.92538043324,
    "222": 182338.77400844643,
    "223": 231420.91510104667,
    "224": 58482.419703798456,
    "225": 109304.26327473343,
    "226": 258049.59017128788,
    "227": 124742.12254919033,
    "228": 123318.88544535433,
    "229": 167626.0139206,
    "230": 100855.40265626146,
    "231": 622979.016404762,
    "232": 159627.7507519443,
    "233": 408095.2370138464,
    "234": 222339.89494074357,
    "235": 273912.7725560151,
    "236": 34824.308783772496,
    "237": 673737.4039614635,
    "238": 444477.2722877192,
    "239": 277609.8542491588,
    "240": 115080.99140563757,
    "241": 251554.51761909726,
    "242": 54432.089135812515,
    "243": 822078.4360994003,
    "244": 285809.3636919339,
    "245": 190091.75510668787,
    "246": 689053.9244554295,
    "247": 76245.19841721744,
    "248": 215491.15784953628,
    "249": 42091.312098389426,
    "250": 293590.3718677391,
    "251": 393763.7638473047,
    "252": 108896.16570242733,
    "253": 136761.90837585353,
    "254": 201844.4151151874,
    "255": 91817.79759789714,
    "256": 142995.6631328478,
    "257": 146613.7385720214,
    "258": 129190.5876661758,
    "259": 97581.43118965754,
    "260": 358267.1497853979,
    "261": 164030.4570068638,
    "262": 157097.03273218844,
    "263": 406294.44590325764,
    "264": 197960.93249185555,
    "265": 99005.22782762196,
    "266": 232792.286037047,