{
    "1": 202741.09186240306,
    "2": 235297.09163883168,
    "3": 50739.67905140744,
    "4": 140794.80197398263,
    "5": 141747.6731958229,
    "6": 92428.32652509093,
    "7": 152823.47669320356,
    "8": 130727.40389804317,
    "9": 228662.65077638047,
    "10": 342803.0130276083,
    "11": 106469.60268254111,
    "12": 281966.96784454415,
    "13": 345837.6963434832,
    "14": 185886.57769413033,
    "15": 333821.52825488296,
    "16": 117516.68269435465,
    "17": 365620.2726172407,
    "18": 461039.4267137822,
    "19": 744690.3683585782,
    "20": 133138.21019708278,
    "21": 731804.8694209091,
    "22": 408987.0061966277,
    "23": 99727.02834271402,
    "24": 332811.5515474038,
    "25": 108023.59529423715,
    "26": 212121.62367871663,
    "27": 353896.23710044415,
    "28": 202999.20426690872,
    "29": 345774.4431875818,
    "30": 149440.117226345,
    "31": 204513.33825910528,
    "32": 225967.1103232819,
    "33": 164131.14483711025,
    "34": 291977.29461338854,
    "35": 591864.8145472294,
    "36": 89608.56766142877,
    "37": 159730.36400021237,
    "38": 115186.75241418343,
    "39": 638220.7102958211,
    "40": 81993.40544947147,
    "41": 618910.4879556114,
    "42": 318795.369601883,
    "43": 236854.19975740253,
    "44": 186352.2963043907,
    "45": 189901.2774113475,
    "46": 249969.6525297652,
    "47": 340967.3879784448,
    "48": 357223.1925561318,
    "49": 229422.34247220616,
    "50": 116083.0792516803,
    "51": 126746.22607598724,
    "52": 213989.07464880022,
    "53": 384762.74411661574,
    "54": 705440.7063114034,
    "55": 73760.27025630383,
    "56": 108798.65613916091,
    "57": 77481.82380047107,
    "58": 390054.2647461924,
    "59": 109518.1466664444,
    "60": 332957.58949478087,
    "61": 61994.186710982336,
    "62": 602417.8400224267,
    "63": 498630.84331647167,
    "64": 430060.94799602503,
    "65": 108659.26843108427,
    "66": 248305.37657263986,
    "67": 194435.99705907196,
    "68": 235254.14385253334,
    "69": 145613.86383980044,
    "70": 263254.82146315475,
    "71": 412847.24119765166,
    "72": 57340.21997968994,
    "73": 254098.87670352674,
    "74": 114773.60140832521,
    "75": 85971.35249057069,
    "76": 446958.39984541386,
    "77": 156445.92649564834,
    "78": 353185.6824704326,
    "79": 658697.0752088514,
    "80": 272657.8034046873,
    "81": 146329.69073080132,
    "82": 451531.3111536106,
    "83": 336874.0018355421,
    "84": 558955.2736497514,
    "85": 183475.17035337267,
    "86": 88587.64749860301,
    "87": 143290.5255201483,
    "88": 321843.7452914958,
    "89": 127984.8284239762,
    "90": 185711.7478672599,
    "91": 150394.31669109713,
    "92": 176598.74995355625,
    "93": 233510.12150480226,
    "94": 121487.89889732192,
    "95": 178310.1148062423,
    "96": 199333.70525438685,
    "97": 239133.82859742575,
    "98": 403355.4659057403,
    "99": 102146.37388248046,
    "100": 223081.27778032573,
    "101": 366130.11314148287,
    "102": 205289.64951378913,
    "103": 188611.8811676663,
    "104": 54291.66484652831,
    "105": 565429.7729578684,
    "106": 152480.7249264318,
    "107": 64909.52950720768,
    "108": 14562.052053185054,
    "109": 44084.15767714948,
    "110": 581686.0148207648,
    "111": 49402.76544899543,
    "112": 520549.9080646232,
    "113": 228087.61817857466,
    "114": 247541.84161135062,
    "115": 229343.9779854992,
    "116": 305007.95789074816,
    "117": 92102.64161049738,
    "118": 105013.5920283669,
    "119": 85509.50121557363,
    "120": 178365.71422183324,
    "121": 99991.9144196369,
    "122": 129335.69379157081,
    "123": 162274.78454454165,
    "124": 489919.8952279167,
    "125": 439276.03146286093,
    "126": 240384.02821452366,
    "127": 252952.40284436048,
    "128": 112299.62517480383,
    "129": 90214.32446394829,
    "130": 62511.3904589932,
    "131": 490585.75836786424,
    "132": 328640.79123702156,
    "133": 148601.26990113576,
    "134": 70095.60463807522,
    "135": 169917.72960419723,
    "136": 822788.0053261368,
    "137": 159561.01787424067,
    "138": 381009.859309367,
    "139": 226476.77383655767,
    "140": 274657.73646007874,
    "141": 328110.6574961182,
    "142": 151642.91687143545,
    "143": 233810.78582413925,
    "144": 275762.43380393565,
    "145": 216674.5439448573,
    "146": 403473.62286706443,
    "147": 410757.1851566605,
    "148": 347735.2238833146,
    "149": 147998.2083925339,
    "150": 197466.45799197076,
    "151": 64494.66599681492,
    "152": 601575.4338142871,
    "153": 45118.44162667195,
    "154": 209755.09234980523,
    "155": 59170.38459582457,
    "156": 293680.4855982005,
    "157": 656970.1196016271,
    "158": 36604.29503785076,
    "159": 206334.56689681372,
    "160": 200385.66495019622,
    "161": 152220.85489204343,
    "162": 228680.0436138116,
    "163": 75532.96896314528,
    "164": 305971.5795482462,
    "165": 186068.6307063012,
    "166": 207683.25275637914,
    "167": 21359.24531298845,
    "168": 149839.95909759242,
    "169": 278312.79764339357,
    "170": 342799.81383808143,
    "171": 175221.16010986548,
    "172": 322598.29904116085,
    "173": 289019.1987456375,
    "174": 377566.9010074845,
    "175": 255465.59233527718,
    "176": 142130.29062557823,
    "177": 73463.56663362986,
    "178": 336281.8660142331,
    "179": 457612.50071080826,
    "180": 390283.3584236574,
    "181": 114409.86756859803,
    "182": 334982.7209953949,
    "183": 481681.1471295504,
    "184": 177776.23906704728,
    "185": 72723.53368757706,
    "186": 130444.73565449906,
    "187": 339177.0656637196,
    "188": 159817.72139421827,
    "189": 292922.08776320994,
    "190": 162448.72044695393,
    "191": 113888.36779597921,
    "192": 121961.58337730345,
    "193": 188113.5164104566,
    "194": 85401.17239501173,
    "195": 462372.26456575876,
    "196": 89178.23602630394,
    "197": 181798.65106193183,
    "198": 357454.7024438751,
    "199": 125430.44367639221,
    "200": 363311.4426776502,
    "201": 70300.30267239882,
    "202": 174036.92913621958,
    "203": 147049.85665556797,
    "204": 35515.886090276406,
    "205": 228658.93843824376,
    "206": 418760.51285080536,
    "207": 195314.6542247334,
    "208": 239204.5324502508,
    "209": 122135.09957687277,
    "210": 194925.86173890205,
    "211": 15956.435815700343,
    "212": 190314.9301218505,
    "213": 120066.5357078264,
    "214": 118950.97232689368,
    "215": 336445.9224306021,
    "216": 38394.41758455878,
    "217": 684806.7722408781,
    "218": 189627.43788304648,
    "219": 90942.0878770256,
    "220": 305896.7362221009,
    "221": 46464.99898351354,
    "222": 252871.47627976682,
    "223": 74715.53182430204,
    "224": 228793.05899650152,
    "225": 153209.21735788733,
    "226": 358068.945801188,
    "227": 242824.7989067273,
    "228": 204270.04449406307,
    "229": 463727.299117876,
    "230": 112805.59378490453,
    "231": 238376.23999510772,
    "232": 331208.4107411574,
    "233": 511204.2552500183,
    "234": 423203.99871003936,
    "235": 355200.4685174312,
    "236": 197084.3120937457,
    "237": 109716.80562616128,
    "238": 334267.50260043336,
    "239": 528852.360845844,
    "240": 89434.79015740906,
    "241": 535692.5768615515,
    "242": 94152.48214330725,
    "243": 73190.8502769198,
    "244": 154780.9771831725,
    "245": 66574.09028570243,
    "246": 138207.3868903691,
    "247": 599807.3752094007,
    "248": 53167.05473859932,
    "249": 206257.2518138098,
    "250": 62083.50547333634,
    "251": 398432.8462479797,
    "252": 480605.64852910815,
    "253": 254523.52343513336,
    "254": 54760.021842544964,
    "255": 523667.2220674576,
    "256": 236322.36653350666,
    "257": 142990.76796703355,
    "258": 229924.78587630403,
    "259": 80646.92936592177,
    "260": 94767.7338824759,
    "261": 95702.82911345309,
    "262": 22883.711921574588,
    "263": 346599.6210246496,
    "264": 397364.54268442007,
    "265": 76703.8964454315,
    "266": 28629.165370112492,