{
    "1": 46890.87308856008,
    "2": 454344.2854707689,
    "3": 31354.8635529862,
    "4": 189509.23526274486,
    "5": 112578.61985273985,
    "6": 133784.13174784198,
    "7": 684647.0250514633,
    "8": 121326.66642273449,
    "9": 236663.2470222793,
    "10": 275391.1073038745,
    "11": 107647.12030763438,
    "12": 47473.598961832584,
    "13": 144416.4438752164,
    "14": 161139.11359938138,
    "15": 86034.07171722989,
    "16": 301872.9399927043,
    "17": 546852.7733880096,
    "18": 235839.26982926158,
    "19": 265744.29983477166,
    "20": 64901.05909303654,
    "21": 201154.35890577003,
    "22": 510108.0873932642,
    "23": 30308.380503664313,
    "24": 106508.63068569537,
    "25": 386004.6553995998,
    "26": 437828.8895531309,
    "27": 127909.94811538643,
    "28": 128379.1211243286,
    "29": 50923.16960193378,
    "30": 286825.984928853,
    "31": 326166.81610055146,
    "32": 226211.04276138142,
    "33": 286136.6656416854,
    "34": 159276.40048322428,
    "35": 229356.65726001904,
    "36": 60423.88309364197,
    "37": 300650.9385821707,
    "38": 399466.36291516613,
    "39": 185055.2631513449,
    "40": 466114.20599841105,
    "41": 241448.13033369,
    "42": 464525.3699429584,
    "43": 116167.00533815206,
    "44": 364468.8469412209,
    "45": 187738.01679655473,
    "46": 156465.43817722073,
    "47": 159613.8557325657,
    "48": 258787.80954960603,
    "49": 399951.6339288162,
    "50": 329671.79003563145,
    "51": 267727.5058517124,
    "52": 65266.14881668422,
    "53": 71826.86999491985,
    "54": 189529.86136486565,
    "55": 17366.771436881587,
    "56": 85518.95296308502,
    "57": 300944.5988691951,
    "58": 457137.5305591008,
    "59": 291225.505433331,
    "60": 76086.3082396912,
    "61": 329721.9054030194,
    "62": 610801.0515745756,
    "63": 481099.7345818199,
    "64": 327077.8810081101,
    "65": 211895.74241017434,
    "66": 218977.23705443472,
    "67": 298019.9158044424,
    "68": 180451.47192331284,
    "69": 259689.98463825657,
    "70": 110492.44153607648,
    "71": 184856.85238928834,
    "72": 144787.35108139983,
    "73": 244018.00176505366,
    "74": 369766.3077767863,
    "75": 326023.07890578156,
    "76": 297214.2551789646,
    "77": 50865.02292355886,
    "78": 536506.1084571481,
    "79": 471137.4727609515,
    "80": 367296.7044119976,
    "81": 237382.65920554183,
    "82": 217695.65397654782,
    "83": 689288.9368378755,
    "84": 414663.01640367147,
    "85": 63844.95003582307,
    "86": 60748.99979445963,
    "87": 186197.620992953,
    "88": 318357.9698904582,
    "89": 142923.93455773324,
    "90": 119835.66466415543,
    "91": 101957.076453051,
    "92": 96637.56414556739,
    "93": 100013.69058711566,
    "94": 532949.7017438406,
    "95": 19761.60969920671,
    "96": 134525.0504251936,
    "97": 191047.2703245209,
    "98": 325035.7740519853,
    "99": 397021.12865363515,
    "100": 223219.82320735362,
    "101": 95331.3636126394,
    "102": 335977.1255517335,
    "103": 475309.78899302264,
    "104": 455456.3986790961,
    "105": 294828.8145635687,
    "106": 351279.5864445906,
    "107": 176573.86960352238,
    "108": 117125.98267878816,
    "109": 217318.15578086043,
    "110": 236939.84901214857,
    "111": 40281.83237210645,
    "112": 251031.36542385165,
    "113": 416224.33933118865,
    "114": 210673.381392789,
    "115": 195594.94122042597,
    "116": 326174.1073903359,
    "117": 203617.13793600845,
    "118": 39806.13775867627,
    "119": 110182.1878406509,
    "120": 205087.13057837414,
    "121": 296581.7946351834,
    "122": 243171.48020289003,
    "123": 75342.74178562018,
    "124": 114217.61517262374,
    "125": 522678.35443721164,
    "126": 177273.7533259252,
    "127": 41616.84439412852,
    "128": 297800.52299523697,
    "129": 369974.5912618962,
    "130": 89740.80840306878,
    "131": 159466.8209738814,
    "132": 517760.6827909621,
    "133": 250026.04809202632,
    "134": 32592.801059942158,
    "135": 258099.8592032128,
    "136": 57229.96240255266,
    "137": 24180.656910563037,
    "138": 351682.50716579414,
    "139": 273442.8140042404,
    "140": 308218.1729923479,
    "141": 243270.1860114613,
    "142": 371441.7161974682,
    "143": 254829.413451827,
    "144": 202007.16630623268,
    "145": 294270.7121268683,
    "146": 210281.3003057875,
    "147": 90241.90484896753,
    "148": 132249.12464094014,
    "149": 215567.3725977422,
    "150": 67055.60239859653,
    "151": 199185.48492899185,
    "152": 262745.70918579114,
    "153": 243518.6290042854,
    "154": 237961.82796693165,
    "155": 30652.45132135924,
    "156": 94025.01466330508,
    "157": 137349.7150201653,
    "158": 193741.37677751703,
    "159": 159268.36649442316,
    "160": 14555.451110031436,
    "161": 227962.41012124065,
    "162": 123980.27896087864,
    "163": 341931.52389811556,
    "164": 53132.6065038083,
    "165": 87039.92590105867,
    "166": 178697.0963128859,
    "167": 218972.45105277808,
    "168": 402697.352122192,
    "169": 373183.766888574,
    "170": 169937.81821804648,
    "171": 393398.07331534574,
    "172": 89448.16201059746,
    "173": 119474.29381642863,
    "174": 49978.28479267257,
    "175": 112801.8762116205,
    "176": 65753.25417983864,
    "177": 261296.0629521064,
    "178": 195140.64192597725,
    "179": 53694.60209705584,
    "180": 660203.0036687951,
    "181": 172076.96409997458,
    "182": 76324.69472599842,
    "183": 148346.38174455013,
    "184": 260322.56748104427,
    "185": 44698.51259773163,
    "186": 303197.6495216158,
    "187": 508252.0187585948,
    "188": 230088.2239460241,
    "189": 141675.50679325897,
    "190": 34061.398676382276,
    "191": 127044.29867644749,
    "192": 114755.96834529072,
    "193": 197364.24547660118,
    "194": 127255.674893465,
    "195": 144819.36438344524,
    "196": 395769.3051554946,
    "197": 220618.41130322343,
    "198": 392772.50269515265,
    "199": 189704.0654643745,
    "200": 144586.29015194206,
    "201": 50254.20966569874,
    "202": 73925.16328974579,
    "203": 371472.19007298944,
    "204": 354945.5321110464,
    "205": 160377.5150340414,
    "206": 188197.03539128441,
    "207": 213299.07351048625,
    "208": 359815.6267431406,
    "209": 231130.9902222661,
    "210": 234029.63356696692,
    "211": 198478.5147863178,
    "212": 102123.12976649396,
    "213": 176165.5071987032,
    "214": 181481.16315559243,
    "215": 634415.3056781953,
    "216": 184545.8016000035,
    "217": 70461.21087544056,
    "218": 55712.513251808654,
    "219": 587223.8734191997,
    "220": 297108.2393320584,
    "221": 608235.9288743003,
    "222": 194893.84689736567,
    "223": 97443.38027788656,
    "224": 228777.88641279333,
    "225": 75779.70285480433,
    "226": 219243.74370401062,
    "227": 175199.9462825634,
    "228": 207167.03492757375,
    "229": 310161.84710494056,
    "230": 79215.34392256117,
    "231": 197319.32563155823,
    "232": 329294.135506561,
    "233": 512397.1937906798,
    "234": 180044.26996291598,
    "235": 77686.75745945764,
    "236": 68662.34629544782,
    "237": 39646.31396331787,
    "238": 133439.6609438637,
    "239": 90491.17857127277,
    "240": 242555.70323180512,
    "241": 75489.78601713569,
    "242": 72787.05889091422,
    "243": 121098.07713821458,
    "244": 318534.50179113494,
    "245": 162829.27800349545,
    "246": 533186.5968468001,
    "247": 222339.2076463189,
    "248": 127976.26030699037,
    "249": 165798.9944156141,
    "250": 122976.21585330516,
    "251": 267615.1164672426,
    "252": 530935.4181041693,
    "253": 455967.4256380319,
    "254": 305254.5538286243,
    "255": 273131.3025454359,
    "256": 9854.497602520534,
    "257": 313948.27043722983,
    "258": 310052.3786662409,
    "259": 405106.38833538507,
    "260": 204372.20870129621,
    "261": 784517.6941554833,
    "262": 119998.62845556793,
    "263": 97410.8316171002,
    "264": 126478.12402666025,
    "265": 432375.99843624246,
    "266": 113680.34373491934,