{
    "1": 116883.35474820717,
    "2": 357702.30823758885,
    "3": 545637.2057011669,
    "4": 921167.8120989674,
    "5": 545557.4985225826,
    "6": 305388.19439847366,
    "7": 484670.0225379965,
    "8": 220035.1553318961,
    "9": 228426.0658852673,
    "10": 151695.44239684148,
    "11": 127503.56685423298,
    "12": 145814.20798602756
}