{
    "1": 153822.141682517,
    "2": 432047.0381156908,
    "3": 350557.29847417696,
    "4": 270961.15659620636,
    "5": 60476.32838774119,
    "6": 439531.24984462745,
    "7": 455294.27254312485,
    "8": 591515.371148155,
    "9": 341017.2705945775,
    "10": 185420.40108412981,
    "11": 227872.72145630335,
    "12": 682353.8775589877,
    "13": 154085.4898544788
}