{
    "1": 281180.2239963097,
    "2": 579323.3689117567,
    "3": 447360.84006412525,
    "4": 97274.2799018911,
    "5": 1007787.4033789987,
    "6": 860343.6548885971,
    "7": 303263.50948329736,
    "8": 425551.71721027995,
    "9": 414754.6428858471,
    "10": 41453.80643627311
}