{
    "1": 450769.40755811625,
    "2": 191240.6021570958,
    "3": 30929.266161512693,
    "4": 265987.4290940657,
    "5": 521529.3555688125,
    "6": 377056.24062655284,
    "7": 114587.29475523219,
    "8": 70771.7036451879,
    "9": 99704.88311758066,
    "10": 296072.2004074336,
    "11": 60251.4330385019,
    "12": 260070.86560896676,
    "13": 250881.9051770518,
    "14": 94317.80942798288,
    "15": 737574.7460983493,
    "16": 488972.3923080056
}