{
    "1": 187741.68472353357,
    "2": 186178.66680730323,
    "3": 563554.243357468,
    "4": 57544.10537157603,
    "5": 423103.0583169146,
    "6": 1189252.258220881,
    "7": 165943.70239447497,
    "8": 396190.9858205043,
    "9": 387373.59606534697,
    "10": 240806.06364940974,
    "11": 79311.64570370481,
    "12": 40815.820425728125,
    "13": 295713.5141910109
}