{
    "1": 125046.53152041299,
    "2": 80620.46065616308,
    "3": 369993.21732676454,
    "4": 701964.7486199546,
    "5": 86982.90632926187,
    "6": 96347.51901948712,
    "7": 92458.68059041334,
    "8": 67760.03616589589,
    "9": 436717.93187192513,
    "10": 261740.9635947627,
    "11": 1004240.3512362092,
    "12": 97298.56010701248,
    "13": 317052.05642169894,
    "14": 447157.3869844455
}