{
    "1": 772312.0296662315,
    "2": 34440.07764333764,
    "3": 73425.96237854032,
    "4": 489049.1483860211,
    "5": 481958.48783717176,
    "6": 321543.0283248774,
    "7": 29172.796789454984,
    "8": 648946.2644808446,
    "9": 236525.33027802457,
    "10": 467791.3462646261,
    "11": 294263.39172442525,
    "12": 143190.25242243728,
    "13": 251650.0147615136
}