{
    "1": 724907.5353081627,
    "2": 865264.2049665712,
    "3": 109532.20658136396,
    "4": 343220.7286641164,
    "5": 105377.39310045916,
    "6": 113340.1295169873,
    "7": 100886.80539593677,
    "8": 199863.69254929764,
    "9": 260504.91219764503,
    "10": 396625.95350466797,
    "11": 296854.6088127803,
    "12": 395395.94233592635
}