{
    "1": 354777.37365507905,
    "2": 94599.02737101604,
    "3": 378363.62803896895,
    "4": 270536.0837506871,
    "5": 99479.02083342105,
    "6": 30770.955256561632,
    "7": 256895.20258959377,
    "8": 43510.13839059498,
    "9": 208592.44837833912,
    "10": 185404.03259051725,
    "11": 168778.01763336352,
    "12": 119300.54449868393,
    "13": 141320.26703226758,
    "14": 136068.88939198418,
    "15": 558891.2764352848,
    "16": 472771.7999314334,
    "17": 236456.51230630995,
    "18": 878764.1679513451
}