time,obj
0.2770083000000003,148240.01040538438
0.21326980000000084,145841.6252882116
0.20792649999999924,183237.6811024979
0.21641059999999968,182465.52918335205
0.17343379999999975,134903.72689374597
