obj,time,mip_gap
169186.3314212259,0.0013122000000000966,
