obj,time,mip_gap
183209.0434132524,0.0015744999999998122,
