obj,time,mip_gap
327176.84460136725,0.0010975000000001955,
