obj,time,mip_gap
417343.5886983331,0.001499499999999987,
