obj,time,mip_gap
295473.39246153715,0.0012041000000002633,
