obj,time,mip_gap
441965.45627534704,0.0012061000000000988,
