obj,time,mip_gap
378143.7583759778,0.0020455999999997587,
