obj,time,mip_gap
381776.64816532435,0.0017588999999995636,
