obj,time,mip_gap
385268.6584648993,0.0016006000000006182,
