obj,time,mip_gap
300813.9850497977,0.000688000000000244,
