obj,time,mip_gap
365103.21225025016,0.001651799999999426,
