obj,time,mip_gap
339803.5780524061,0.00155789999999989,
