obj,time,mip_gap
381027.94326737814,0.000929900000000039,
