obj,time,mip_gap
386953.9662037432,0.0009155000000005131,
