obj,time,mip_gap
373919.1158858829,0.0019673999999998415,
