obj,time,mip_gap
3828448.1646478097,0.008658500000000124,
