obj,time,mip_gap
3864825.5411634757,0.01542129999999986,
