obj,time,mip_gap
3804535.648224951,0.0033621000000003676,
