obj,time,mip_gap
3369390.492989107,0.014596199999999726,
