obj,time,mip_gap
3602772.986095761,0.010749300000000517,
