{
    "1": 0.23872130862606078,
    "2": 0.17510522961594724,
    "3": 0.2350128731197201,
    "4": 0.17904806799672052,
    "5": 0.19464498724595267
}