{
    "1": 0.16517057414824393,
    "2": 0.22330105111016213,
    "3": 0.21456187981845282,
    "4": 0.22481954058757675,
    "5": 0.22557721655405044,
    "6": 0.23022915996829346
}