{
    "1": 0.1540428026002975,
    "2": 0.16036710442819513,
    "3": 0.1589711435500894,
    "4": 0.21994475964951327,
    "5": 0.16378342362190512,
    "6": 0.16272046496434892
}