{
    "1": 0.21114859916356676,
    "2": 0.1963151876179715,
    "3": 0.15896743962658366,
    "4": 0.15542174422252647
}