{
    "1": 0.15895074642008136,
    "2": 0.23480061912661543,
    "3": 0.1788171152138409,
    "4": 0.24192791184074436
}