{
    "1": 0.16462320699767252,
    "2": 0.23147375616630658,
    "3": 0.23112013888491456,
    "4": 0.24634551920201442,
    "5": 0.2064942054708844,
    "6": 0.20907073514601776
}