{
    "1": 0.22634658031890265,
    "2": 0.20911050395090217,
    "3": 0.2193650213393381,
    "4": 0.19160909576594753,
    "5": 0.20006485903131177
}