{
    "1": 0.2446159990640775,
    "2": 0.1547146555194111,
    "3": 0.24304491940392842,
    "4": 0.18911119898126472,
    "5": 0.20009394136717373,
    "6": 0.24147618934917303
}