{
    "1": 0.1795574290565443,
    "2": 0.18053649550915327,
    "3": 0.2375655134993892
}