obj,time,mip_gap
457679.7704305494,4216.457510899985,0.04996830805693801
