obj,time,mip_gap
400869.2429161703,11089.695057400007,0.11400827650154327
