obj,time,mip_gap
432441.17488291644,1589.9699626000074,0.04992733144035545
