obj,time,mip_gap
392176.0812640543,2198.2904516000126,0.04986342040697944
