obj,time,mip_gap
349359.16422804794,519.8849669999909,0.048544865448488815
