obj,time,mip_gap
391597.15303186304,447.18547279998893,0.049198688603504924
