obj,time,mip_gap
357799.25647912844,2122.378245700005,0.04973202339658936
