obj,time,mip_gap
405000.3224955254,791.232913099986,0.04992892039498715
