obj,time,mip_gap
434412.9471522976,313.5781002000149,0.04972870265247829
