obj,time,mip_gap
429463.5524281095,10867.768181799998,0.15840238842801463
