time,obj
0.9702437999999987,208723.62694422036
0.34490789999999905,96429.62986540703
0.3274840999999995,110558.50425884544
0.5321451999999987,144085.39061078543
0.33668439999999933,75312.94595451008
