obj,time,mip_gap
496026.41313180956,0.0011613999999999791,
