obj,time,mip_gap
452801.8660277195,0.002029099999999673,
