obj,time,mip_gap
382274.7084438519,0.0013931999999998723,
