obj,time,mip_gap
426367.4749276909,0.0017204999999997916,
