obj,time,mip_gap
408168.6929570973,0.0016623000000000054,
