obj,time,mip_gap
384449.34961282654,0.001536599999999666,
