obj,time,mip_gap
431942.24707207247,0.0008700000000003705,
