obj,time,mip_gap
436441.42519362224,0.0008832999999999203,
