obj,time,mip_gap
426655.54507324914,0.0019250999999997909,
