obj,time,mip_gap
402979.84081426857,0.0016558999999998214,
