obj,time,mip_gap
412477.62080842175,0.001866999999999841,
