obj,time,mip_gap
473691.42145274056,0.0019517000000002227,
