obj,time,mip_gap
483452.2608904209,0.0019743999999999318,
