obj,time,mip_gap
502086.2893422157,0.0017689000000000732,
