obj,time,mip_gap
434758.9185372618,0.0015031999999997048,
