obj,time,mip_gap
374761.2078890313,0.0008010000000000517,
