obj,time,mip_gap
554859.8848039707,0.0009617999999997906,
