obj,time,mip_gap
479892.94021610543,0.0013431999999999888,
