obj,time,mip_gap
449163.61146408995,0.001644300000000154,
