time,obj
0.3627966000000029,470168.9832300757
0.37607500000000016,464152.7321640095
0.36958299999999866,457537.73672996805
0.3752044000000012,509196.2210387076
0.38162229999999653,453288.155588485
