obj,time,mip_gap
393953.080680968,0.0014362000000001096,
