obj,time,mip_gap
348146.80069955124,0.0012859999999998983,
