obj,time,mip_gap
355259.8148084227,0.002481700000000142,
