obj,time,mip_gap
418780.45502444694,0.0009364000000000594,
