obj,time,mip_gap
362999.0460493432,0.0014897999999998746,
