obj,time,mip_gap
2727758.82256906,0.024568100000000648,
