obj,time,mip_gap
2751945.3486332796,0.030166600000000265,
