obj,time,mip_gap
2736344.4210626725,0.01758850000000045,
