obj,time,mip_gap
2698039.541361618,0.012814000000000547,
