obj,time,mip_gap
2765248.60883389,0.05791190000000057,
