obj,time,mip_gap
2691355.746904279,0.013554899999999925,
