obj,time,mip_gap
3089378.6592678735,0.00971609999999945,
