obj,time,mip_gap
3028445.05983402,0.006010799999999428,
