obj,time,mip_gap
3036832.5851550805,0.007321200000000694,
