obj,time,mip_gap
2901113.9800880337,0.009248600000000273,
