obj,time,mip_gap
2892129.957679979,0.009906499999999596,
