obj,time,mip_gap
2890020.057615868,0.01573150000000023,
