obj,time,mip_gap
2777292.378351649,0.01452109999999962,
