obj,time,mip_gap
3059406.0723712454,0.017614599999999925,
