obj,time,mip_gap
2778423.882132286,0.01216850000000047,
