obj,time,mip_gap
2884710.6192100192,0.012847300000000672,
