obj,time,mip_gap
2977678.8220424578,0.014802800000000005,
