obj,time,mip_gap
2882598.4311039713,0.01210290000000036,
