obj,time,mip_gap
2564125.0286940825,0.00921739999999982,
