obj,time,mip_gap
2563240.721033371,0.009590199999999882,
