obj,time,mip_gap
2648422.7820880273,0.020849399999999463,
