obj,time,mip_gap
3270325.0973082026,0.01707949999999947,
