obj,time,mip_gap
3021282.3870789716,0.035320099999999854,
