obj,time,mip_gap
3267011.779008423,0.01932309999999937,
