obj,time,mip_gap
3096012.778422695,0.015863100000000685,
