obj,time,mip_gap
3096012.778422695,0.024548799999999815,
