obj,time,mip_gap
3092403.4396069897,0.014208800000000466,
