obj,time,mip_gap
2469074.515180557,0.012506499999999754,
