obj,time,mip_gap
2463654.8788341796,0.013985600000001597,
