obj,time,mip_gap
3052055.92946781,0.013727699999999565,
