obj,time,mip_gap
3074007.468150246,0.011176800000001208,
