obj,time,mip_gap
3158163.187397417,0.019461599999999635,
