obj,time,mip_gap
3068139.9476376497,0.009886099999999232,
