obj,time,mip_gap
2807867.7884266437,0.015916700000000006,
