obj,time,mip_gap
2807408.27716497,0.015958099999999753,
