obj,time,mip_gap
2905225.8878735583,0.026602500000000084,
