obj,time,mip_gap
3029134.38769058,0.012297099999999617,
