obj,time,mip_gap
3024494.1730799056,0.023981000000000918,
