obj,time,mip_gap
3047854.1823101556,0.013811999999999713,
