obj,time,mip_gap
2846250.607116689,0.008532699999999949,
