obj,time,mip_gap
2867778.336768627,0.021824499999999247,
