obj,time,mip_gap
2849781.621101581,0.008182000000001466,
