obj,time,mip_gap
2687824.7635494713,0.04276570000000035,
