obj,time,mip_gap
2640009.3860974284,0.01564280000000018,
