obj,time,mip_gap
2641226.6497230404,0.013807400000001024,
