obj,time,mip_gap
2877300.70594993,0.01448740000000015,
