obj,time,mip_gap
2966420.5451131407,0.02122489999999999,
