obj,time,mip_gap
2875089.8423753465,0.01528679999999838,
