obj,time,mip_gap
3515572.6215221756,0.010790000000000077,
