obj,time,mip_gap
3505770.5242044944,0.009838999999999487,
