obj,time,mip_gap
3746442.5450196723,0.01652819999999977,
