obj,time,mip_gap
2727267.878252249,0.057610099999999775,
