obj,time,mip_gap
2665614.023656788,0.03061010000000053,
