obj,time,mip_gap
2667549.2604777515,0.03391500000000036,
