obj,time,mip_gap
3175616.9317359286,0.015377400000000208,
