obj,time,mip_gap
3045478.6728902813,0.030717799999999684,
