obj,time,mip_gap
3171653.3739532963,0.013328399999998908,
