obj,time,mip_gap
2643628.5155851226,0.014710699999998411,
