obj,time,mip_gap
2973911.533345804,0.017880699999999194,
