obj,time,mip_gap
2639569.600091617,0.011729100000000159,
