obj,time,mip_gap
2884477.8003108264,0.033152400000000526,
