obj,time,mip_gap
2788043.6829405236,0.012442200000000625,
