obj,time,mip_gap
2782074.484368026,0.011742399999999265,
