obj,time,mip_gap
2926175.5254718587,0.022990000000000066,
