obj,time,mip_gap
2927458.7740558395,0.020841499999999513,
