obj,time,mip_gap
3035547.956701639,0.038343900000000986,
