obj,time,mip_gap
3013982.562851435,0.017475500000000643,
