obj,time,mip_gap
3008860.53329317,0.014858700000000447,
