obj,time,mip_gap
3118418.93549783,0.03223139999999969,
