obj,time,mip_gap
2694331.9032364516,0.043778500000000165,
