obj,time,mip_gap
2703611.40565716,0.022366000000000774,
