obj,time,mip_gap
2694331.9032364516,0.024366000000000554,
