obj,time,mip_gap
3467829.362285353,0.012684400000000373,
