obj,time,mip_gap
3464478.272299428,0.013555199999999878,
