obj,time,mip_gap
3496771.633466692,0.02349230000000002,
