obj,time,mip_gap
2560465.2993340087,0.018654699999999913,
