obj,time,mip_gap
2553147.814558988,0.018695600000000034,
