obj,time,mip_gap
2517507.3142804857,0.041862100000000346,
