obj,time,mip_gap
3044584.986021722,0.024961300000000186,
