obj,time,mip_gap
3045748.2621475263,0.024829699999999733,
