obj,time,mip_gap
3289661.194497425,0.015989000000000253,
