obj,time,mip_gap
2551033.855219466,0.009862700000000224,
