obj,time,mip_gap
2545249.5452735573,0.024224999999999497,
