obj,time,mip_gap
2552179.242145332,0.010264999999999525,
