obj,time,mip_gap
2324048.773333122,0.017407300000000347,
