obj,time,mip_gap
2356150.206126849,0.023246499999999948,
