obj,time,mip_gap
2323069.665409797,0.01819340000000036,
