obj,time,mip_gap
3067541.912684097,0.023169499999999843,
