obj,time,mip_gap
2802059.8488199394,0.026608500000000035,
