obj,time,mip_gap
2804222.003283914,0.0187577000000001,
