time,obj
77.10824120000007,425853.65783363505
36.44429059999993,429329.6618235791
31.487918300000274,426665.21383996954
34.354470299999775,461907.663629768
7.756433300000026,418493.5077350887
