{
    "1": 391550.2065563472,
    "2": 413554.2804635902,
    "3": 253519.67293962286,
    "4": 344087.45097124635,
    "5": 39167.75052193346,
    "6": 95423.16086720076,
    "7": 116336.42890025384,
    "8": 191998.52057752627,
    "9": 791974.2207003959,
    "10": 360600.9033035667,
    "11": 452831.39989471814,
    "12": 576201.0585929039,
    "13": 328314.913163437,
    "14": 187655.4903548424,
    "15": 72713.48297989041,
    "16": 314426.0760539142,
    "17": 358397.381217036,
    "18": 223423.41728634268,
    "19": 177404.00484329154,
    "20": 290011.9611242961,
    "21": 115621.73522502348,
    "22": 163492.0693648008,
    "23": 562855.6029804889,
    "24": 170259.0439574923,
    "25": 504578.2990985327,
    "26": 141842.91571026083,
    "27": 177635.24047652003,
    "28": 171638.89797493393,
    "29": 474485.2605630284,
    "30": 313957.6766288192,
    "31": 307487.6257096109,
    "32": 88528.70541941444,
    "33": 114366.64767679748,
    "34": 342089.83995038766,
    "35": 384120.3659163641,
    "36": 426161.62466234,
    "37": 143180.3543722532,
    "38": 410101.97946226184,
    "39": 352007.90282482235,
    "40": 768006.0390980715,
    "41": 411767.517675069,
    "42": 73290.47611488694,
    "43": 349606.0943552694,
    "44": 536426.8680310745,
    "45": 93326.92118256097,
    "46": 499178.746441144,
    "47": 377043.2246877654,
    "48": 278988.55940561177,
    "49": 121991.37829597936,
    "50": 176705.82246434645,
    "51": 47609.33570083525,
    "52": 70766.23724757555,
    "53": 291823.0505082416,
    "54": 416915.356356084,
    "55": 92829.44586073022,
    "56": 368131.02401329245,
    "57": 281986.06621829217,
    "58": 25381.677431708707,
    "59": 67659.32514400902,
    "60": 179157.8359955771,
    "61": 810302.8978717758,
    "62": 102064.81566296158,
    "63": 243067.76844718718,
    "64": 148766.38989347417,
    "65": 296686.47858138365,
    "66": 36938.95100889162,
    "67": 400923.40619805345,
    "68": 72073.96537474463,
    "69": 240852.23639097446,
    "70": 142222.18625149078,
    "71": 192169.23652245098,
    "72": 136087.0010802605,
    "73": 165042.9822659838,
    "74": 77450.66673648178,
    "75": 101113.19714792394,
    "76": 217184.01477184228,
    "77": 354387.35635424627,
    "78": 426528.9523958293,
    "79": 699654.0554259145,
    "80": 374057.4352519753,
    "81": 275253.4375917087,
    "82": 400217.7132655742,
    "83": 365375.238632092,
    "84": 341763.82672843063,
    "85": 354395.8583734733,
    "86": 44996.61597640142,
    "87": 246605.41304102167,
    "88": 220616.8473483433,
    "89": 109675.30235214082,
    "90": 41649.923603754774,
    "91": 588197.1653950011,
    "92": 408541.5260581924,
    "93": 73191.87210323829,
    "94": 369831.84171410906,
    "95": 182251.73756636598,
    "96": 199308.51883493803,
    "97": 197556.46868678057,
    "98": 172503.37883436005,
    "99": 294309.92336848186,
    "100": 247149.981351048,
    "101": 638137.7190008794,
    "102": 160626.3724569209,
    "103": 109383.93063637408,
    "104": 134588.68540374382,
    "105": 442303.431884243,
    "106": 32505.568086256048,
    "107": 32556.4685768543,
    "108": 110827.97010825838,
    "109": 544974.5910129005,
    "110": 74734.15601754707,
    "111": 136860.86670999601,
    "112": 249886.68019170515,
    "113": 161528.16498778973,
    "114": 65139.67493421516,
    "115": 477383.36301227525,
    "116": 179025.74637276292,
    "117": 189994.17080541,
    "118": 232888.93295649128,
    "119": 306423.2628091555,
    "120": 440507.2543270585,
    "121": 197909.925435085,
    "122": 108470.95331010956,
    "123": 274621.68836213805,
    "124": 89467.64273034879,
    "125": 218654.36117442,
    "126": 184560.05186159138,
    "127": 316735.0964641857,
    "128": 109425.21929815233,
    "129": 373005.379231736,
    "130": 180538.88158029798,
    "131": 171807.32198851084,
    "132": 117382.39133099538,
    "133": 222055.5896170901,
    "134": 138084.46296774756,
    "135": 172738.7594263056,
    "136": 154212.1126305796,
    "137": 434497.8732451127,
    "138": 351756.1395360869,
    "139": 409646.63945583825,
    "140": 192952.67048403205,
    "141": 38582.38071216146,
    "142": 467709.14925814315,
    "143": 914850.0747078533,
    "144": 103228.70234659231,
    "145": 468030.1546954203,
    "146": 287534.5651411512,
    "147": 217663.10920049142,
    "148": 171587.8610364183,
    "149": 383865.5410250637,
    "150": 398454.18980466947,
    "151": 462278.9450164205,
    "152": 150320.07284623125,
    "153": 967631.2638658254,
    "154": 156512.05370756204,
    "155": 340770.3222022536,
    "156": 123776.87209005115,
    "157": 146280.874072543,
    "158": 276487.4038281689,
    "159": 195318.0296043723,
    "160": 102120.91031595544,
    "161": 290758.96104002476,
    "162": 344849.5449921319,
    "163": 611843.9084760064,
    "164": 79654.57369821254,
    "165": 497920.1132612215,
    "166": 30030.588253121026,
    "167": 119402.9986726395,
    "168": 158860.89211251453,
    "169": 196613.3674454324,
    "170": 229394.479279932,
    "171": 305011.26348454057,
    "172": 669435.3809528361,
    "173": 55420.670772166566,
    "174": 87697.59132167249,
    "175": 275919.55749394925,
    "176": 221795.19913141913,
    "177": 441190.2448346089,
    "178": 192584.22974730597,
    "179": 377349.93554510124,
    "180": 362763.1051176754,
    "181": 501490.3590959906,
    "182": 300768.5834800946,
    "183": 259705.23802387752,
    "184": 38643.427333933294,
    "185": 89668.8755466114,
    "186": 531741.8897068395,
    "187": 349981.1734510168,
    "188": 333891.76198760106,
    "189": 115111.64451000825,
    "190": 140923.65655596196,
    "191": 19746.69805043932,
    "192": 269794.6173273208,
    "193": 113863.4566140095,
    "194": 325718.17576352344,
    "195": 303307.86778361024,
    "196": 132681.46569747734,
    "197": 438421.13658614334,
    "198": 868087.7972004007,
    "199": 143749.7785482219,
    "200": 172470.36931138084,
    "201": 218541.98233413108,
    "202": 282870.50770275976,
    "203": 402800.58947970293,
    "204": 484871.0491271869,
    "205": 70282.42641345227,
    "206": 865558.0663975243,
    "207": 326922.76134004927,
    "208": 53724.400215916954,
    "209": 326906.1611847278,
    "210": 229829.9666127866,
    "211": 477807.62305712985,
    "212": 11791.32734587849,
    "213": 49446.93423429371,
    "214": 479099.3661874265,
    "215": 189737.76383348272,
    "216": 162068.93870167204,
    "217": 275688.2249200286,
    "218": 114235.05361978363,
    "219": 182736.00243120245,
    "220": 681106.2232825927,
    "221": 144448.49291542737,
    "222": 268000.2067521876,
    "223": 615345.621483802,
    "224": 27087.04344378944,
    "225": 31082.1047944514,
    "226": 306078.0411714344,
    "227": 658633.284288701,
    "228": 119367.50429241326,
    "229": 178521.69192231048,
    "230": 25258.76314246992,
    "231": 299932.6060841264,
    "232": 224664.6506630528,
    "233": 130324.66102027496,
    "234": 445544.1419005141,
    "235": 108021.73129713141,
    "236": 364844.93748238677,
    "237": 241215.6702933245,
    "238": 266017.2345058296,
    "239": 260959.1217190062,
    "240": 839453.1715864235,
    "241": 332449.6849414115,
    "242": 91723.78306780246,
    "243": 310107.80147882795,
    "244": 263315.2872087681,
    "245": 332005.15788139607,
    "246": 150650.84360017034,
    "247": 593022.1043996256,
    "248": 78492.81986853344,
    "249": 158545.92990910832,
    "250": 341076.0840452287,
    "251": 219300.38359948687,
    "252": 556594.4476891242,
    "253": 344352.91076490673,
    "254": 266560.42287358886,
    "255": 299042.1245922832,
    "256": 452582.59845838486,
    "257": 181747.71118195713,
    "258": 113654.8303717005,
    "259": 839028.956889337,
    "260": 222093.01206773968,
    "261": 225434.0193943435,
    "262": 206368.30224927855,
    "263": 109829.75891239585,
    "264": 352199.69587953,
    "265": 175546.69480443775,
    "266": 313232.1489764532,
    "267": 142155.7253990037,