{
    "1": 99979.06767576515,
    "2": 160995.69346234747,
    "3": 200756.33353584158,
    "4": 338269.52677479933,
    "5": 163651.43904459113,
    "6": 96756.75195072404,
    "7": 265169.2894750924,
    "8": 209255.27147690463,
    "9": 341765.6897244104,
    "10": 272456.6764747009,
    "11": 74761.3681847977,
    "12": 412340.372099335,
    "13": 162116.38868367003,
    "14": 172084.71511575967,
    "15": 360511.92010227736,
    "16": 203102.5708994686,
    "17": 354867.96506235766,
    "18": 279914.9178231151,
    "19": 583935.8387380381,
    "20": 48396.53110345909,
    "21": 278617.2715727577,
    "22": 169084.03811130108,
    "23": 22747.30395524427,
    "24": 701137.4032463015,
    "25": 173314.79715756804,
    "26": 254765.35464803354,
    "27": 146231.54906765473,
    "28": 169869.45201575515,
    "29": 169224.42389469317,
    "30": 640237.6443335657,
    "31": 243615.44880010482,
    "32": 175589.09812909903,
    "33": 40618.50878270343,
    "34": 277315.54399988666,
    "35": 305071.41886157944,
    "36": 72186.2631086015,
    "37": 527982.912738439,
    "38": 103573.92738655978,
    "39": 366873.7002445258,
    "40": 136878.44289412178,
    "41": 170148.16235730136,
    "42": 1176672.0955276142,
    "43": 307038.12722091767,
    "44": 88084.47547511799,
    "45": 929774.5710806715,
    "46": 123105.69995913793,
    "47": 20858.64155725942,
    "48": 358277.3201285481,
    "49": 77980.82957700161,
    "50": 333033.485241328,
    "51": 530220.0936084397,
    "52": 118284.9687388435,
    "53": 174840.34140654022,
    "54": 107148.62207028228,
    "55": 738804.1362585452,
    "56": 326843.3901349709,
    "57": 119910.64617305722,
    "58": 27054.426032171894,
    "59": 167465.64100590453,
    "60": 105185.99028513356,
    "61": 92628.43512883078,
    "62": 107692.3597224976,
    "63": 423712.83124574105,
    "64": 87608.34106146682,
    "65": 293391.98864246934,
    "66": 281541.1894490667,
    "67": 115513.98463325479,
    "68": 163771.31593699587,
    "69": 479179.5854880847,
    "70": 262380.88167763385,
    "71": 34089.52599882146,
    "72": 98098.363261447,
    "73": 196105.80185833928,
    "74": 85049.14880298988,
    "75": 378729.53487042536,
    "76": 325817.60095635266,
    "77": 318354.8121733619,
    "78": 241673.83024704206,
    "79": 152264.95650680372,
    "80": 347887.88335703564,
    "81": 272248.7163846957,
    "82": 308256.2602550322,
    "83": 138709.8922485854,
    "84": 375574.83435899956,
    "85": 204889.81619328394,
    "86": 506911.6259264919,
    "87": 145041.38623646324,
    "88": 176729.2403717978,
    "89": 164220.4545927396,
    "90": 414681.8797105617,
    "91": 164857.37468422126,
    "92": 217559.2427502693,
    "93": 26967.502678471723,
    "94": 328413.6794620446,
    "95": 160008.7570064198,
    "96": 390621.0596895286,
    "97": 72075.165533787,
    "98": 945377.8642945562,
    "99": 737078.1379636708,
    "100": 204982.7319199144,
    "101": 299682.24542706454,
    "102": 264995.21198117774,
    "103": 377640.9231379867,
    "104": 84410.77279323712,
    "105": 431420.6164089822,
    "106": 118309.10621993599,
    "107": 415533.8662784432,
    "108": 256322.93280499394,
    "109": 232613.20200304507,
    "110": 287632.01416617725,
    "111": 242189.2432095769,
    "112": 45978.01740606722,
    "113": 284158.77492660086,
    "114": 232573.98642232688,
    "115": 564263.911322258,
    "116": 286975.65794446174,
    "117": 393476.66817245225,
    "118": 164334.19366336564,
    "119": 305487.53872892034,
    "120": 391020.63761547505,
    "121": 70119.42308001104,
    "122": 490442.05485783407,
    "123": 263012.6655604891,
    "124": 215872.6705936984,
    "125": 220834.9400993314,
    "126": 461947.36506690754,
    "127": 239347.24881228418,
    "128": 330220.5288857553,
    "129": 118976.4778263314,
    "130": 1004594.9761246487,
    "131": 122265.89447668391,
    "132": 41659.5858899009,
    "133": 255371.87854269551,
    "134": 112566.1416191032,
    "135": 108135.66783893191,
    "136": 457553.8632506403,
    "137": 163501.53077606967,
    "138": 253935.86112185832,
    "139": 55924.442209563014,
    "140": 296725.2671358377,
    "141": 136483.53129109473,
    "142": 455814.2448527732,
    "143": 556175.0520475819,
    "144": 388914.2552344811,
    "145": 425853.17241457786,
    "146": 148387.91196961323,
    "147": 247734.30684378123,
    "148": 246198.50738078746,
    "149": 261807.37474083295,
    "150": 152687.6368559184,
    "151": 182958.074583657,
    "152": 300830.35900940537,
    "153": 248007.22018998867,
    "154": 176940.6041558713,
    "155": 221098.5870585767,
    "156": 859300.0634606965,
    "157": 542164.4982929281,
    "158": 79422.65125489571,
    "159": 223665.93724848446,
    "160": 189700.3170166731,
    "161": 381482.79783799674,
    "162": 480797.8697997141,
    "163": 93146.35482458946,
    "164": 81801.8749322803,
    "165": 241203.79881945238,
    "166": 364704.28884913947,
    "167": 247808.6717552459,
    "168": 110915.47407721869,
    "169": 162259.49282518707,
    "170": 321463.4788350302,
    "171": 107902.51589126374,
    "172": 172507.23966304545,
    "173": 387142.7924330377,
    "174": 281808.4666410045,
    "175": 70638.86360314516,
    "176": 232916.1837386257,
    "177": 458208.42061843094,
    "178": 166326.33823644195,
    "179": 167823.73008443986,
    "180": 649851.6610796539,
    "181": 549073.0793562797,
    "182": 148942.2573463072,
    "183": 54687.98271037411,
    "184": 65989.49887932325,
    "185": 392636.17662314395,
    "186": 354517.7897230326,
    "187": 143894.74258487712,
    "188": 250438.3221505278,
    "189": 190945.4833395596,
    "190": 51297.78404403913,
    "191": 295778.98902276,
    "192": 212474.81429122295,
    "193": 297882.9763549172,
    "194": 82422.09095177284,
    "195": 86908.74370652533,
    "196": 219143.4798515046,
    "197": 434085.7627966143,
    "198": 297430.84539345227,
    "199": 301070.5192115397,
    "200": 269147.08856287634,
    "201": 132858.41530205013,
    "202": 112288.50819957136,
    "203": 38755.258215915834,
    "204": 178491.17415025225,
    "205": 461255.07523544494,
    "206": 150791.74299810498,
    "207": 229542.218935249,
    "208": 289034.1123713732,
    "209": 784735.8629075284,
    "210": 379397.6708177022,
    "211": 365475.2252729584,
    "212": 210406.43486279098,
    "213": 314573.02758490806,
    "214": 230386.82323557307,
    "215": 151741.1604983926,
    "216": 592240.1010260291,
    "217": 24187.866645019818,
    "218": 117040.86375118971,
    "219": 213575.3035233308,
    "220": 775876.0096847429,
    "221": 43284.790354878554,
    "222": 305719.0219530684,
    "223": 26056.057987911445,
    "224": 437213.0269970472,
    "225": 203819.71597780965,
    "226": 195470.435541993,
    "227": 489741.9425955305,
    "228": 81287.56952622611,
    "229": 573752.4005159653,
    "230": 776760.572808203,
    "231": 227421.88808887723,
    "232": 69000.21397134243,
    "233": 170362.78904884812,
    "234": 524266.86421410984,
    "235": 205759.20162301324,
    "236": 253192.9120234991,
    "237": 154284.09548426076,
    "238": 159158.8281373699,
    "239": 180506.26826287457,
    "240": 178082.03847748807,
    "241": 254210.4028694994,
    "242": 190414.46512753013,
    "243": 225094.06815677715,
    "244": 368708.8642188219,
    "245": 79073.06278576245,
    "246": 532433.9665589571,
    "247": 528417.2295411566,
    "248": 194624.29642416158,
    "249": 474245.95418359654,
    "250": 787537.6345108984,
    "251": 49561.75272961643,
    "252": 28167.619849456292,
    "253": 586423.2100873879,
    "254": 243414.44540541887,
    "255": 207699.69029527684,
    "256": 567796.9437851667,
    "257": 75064.78288981231,
    "258": 241551.70076467367,
    "259": 288972.6553053859,
    "260": 38759.201340877844,
    "261": 114948.24070140516,
    "262": 217092.5560675885,
    "263": 162439.2711517203,
    "264": 247460.18447781765,
    "265": 66163.9003928425,
    "266": 245619.85617930203,