{
    "1": 82446.68992062674,
    "2": 300008.7331334461,
    "3": 212214.99165852394,
    "4": 420908.648238492,
    "5": 318402.80774539005,
    "6": 140259.9522396073,
    "7": 114775.0251763664,
    "8": 169587.1672786189,
    "9": 111054.5798601345,
    "10": 258045.46529267638,
    "11": 142987.56799855066,
    "12": 337574.83230140916,
    "13": 62454.31186160736,
    "14": 459796.71402443975,
    "15": 418871.12563875923,
    "16": 599099.4230622371,
    "17": 142524.05705326755,
    "18": 172928.16107599632,
    "19": 195176.0899797876,
    "20": 191212.01313315067,
    "21": 328666.27749586373,
    "22": 297335.5255896119,
    "23": 379554.47619356174,
    "24": 199662.75333755257,
    "25": 110105.37352991788,
    "26": 488594.86416464875,
    "27": 212570.79501945927,
    "28": 201640.1229875432,
    "29": 204748.2906053718,
    "30": 375116.25946920074,
    "31": 230279.62462499476,
    "32": 122300.1168095185,
    "33": 411845.6973402345,
    "34": 570995.7213895341,
    "35": 204655.9668864962,
    "36": 42020.76932436731,
    "37": 287173.2185645302,
    "38": 133350.00481464065,
    "39": 343820.89813636773,
    "40": 235806.9176057743,
    "41": 223143.183989477,
    "42": 384900.13992218213,
    "43": 168772.88182125427,
    "44": 441983.32876565354,
    "45": 194554.93349003475,
    "46": 455867.9551878942,
    "47": 461427.4003901577,
    "48": 273282.7036627658,
    "49": 43812.844556711665,
    "50": 461252.28131091443,
    "51": 67473.43957502124,
    "52": 503340.22083070077,
    "53": 104737.81086296702,
    "54": 33707.521954084536,
    "55": 148580.45000320242,
    "56": 411373.19021615264,
    "57": 63756.19813285819,
    "58": 215480.39336925326,
    "59": 191401.38729334116,
    "60": 182300.52883685715,
    "61": 685224.4355179181,
    "62": 403780.73284974863,
    "63": 193111.7437822716,
    "64": 498897.2662161033,
    "65": 223828.2866320443,
    "66": 1017188.8822958199,
    "67": 420868.0971141846,
    "68": 143575.13981408114,
    "69": 329955.3598474613,
    "70": 655732.7077311545,
    "71": 194148.04946336182,
    "72": 127732.88316456962,
    "73": 86997.8635362887,
    "74": 122743.30414865863,
    "75": 472645.04358177236,
    "76": 130264.85115754233,
    "77": 208250.66562158134,
    "78": 102415.29052946833,
    "79": 285719.1133529458,
    "80": 142774.21922722567,
    "81": 376667.13801062386,
    "82": 174160.0315121149,
    "83": 440620.43790667254,
    "84": 548905.339640616,
    "85": 294721.38457115524,
    "86": 178585.7907342113,
    "87": 547086.8959904931,
    "88": 89839.55700593124,
    "89": 143755.21751633874,
    "90": 354713.7441910712,
    "91": 129762.47011871722,
    "92": 166013.02053695128,
    "93": 199555.41942669344,
    "94": 182658.39745347277,
    "95": 356616.18001333694,
    "96": 179900.9745961068,
    "97": 348698.3470004018,
    "98": 418531.2782625167,
    "99": 58326.07669210812,
    "100": 137888.04672800357,
    "101": 410189.5819922063,
    "102": 437144.7418269005,
    "103": 45198.48569796532,
    "104": 385111.4665100718,
    "105": 357938.4912155762,
    "106": 189356.7531201567,
    "107": 254626.7412470076,
    "108": 160867.24465448433,
    "109": 37887.404575976216,
    "110": 338961.3474001637,
    "111": 250698.75791173623,
    "112": 181801.03962798818,
    "113": 315586.9498753024,
    "114": 101349.52821546768,
    "115": 185749.92024069975,
    "116": 257345.26252463832,
    "117": 374168.03391332686,
    "118": 46414.407663941296,
    "119": 245715.29835572862,
    "120": 430317.9526371151,
    "121": 97991.47625107977,
    "122": 552160.827045569,
    "123": 243980.2726681343,
    "124": 394587.10820613813,
    "125": 270266.6482582311,
    "126": 91832.45526266407,
    "127": 254814.76264590723,
    "128": 17525.479211624577,
    "129": 167239.61848181504,
    "130": 140483.64083275935,
    "131": 203547.75010504847,
    "132": 481330.79261488735,
    "133": 255314.4075965318,
    "134": 321481.81191820645,
    "135": 128949.42834706658,
    "136": 378855.4244547412,
    "137": 28693.072323886114,
    "138": 26575.727982951143,
    "139": 158601.8505120984,
    "140": 63008.0637091934,
    "141": 270116.2941441802,
    "142": 153294.52265142373,
    "143": 487337.65111636714,
    "144": 54295.193527567484,
    "145": 325277.65200889116,
    "146": 341606.71924818447,
    "147": 391811.28049989283,
    "148": 101322.22825942769,
    "149": 351522.1321092259,
    "150": 265449.61047899385,
    "151": 129086.43545155146,
    "152": 487449.9732378733,
    "153": 402906.46697136085,
    "154": 732020.5703282949,
    "155": 613190.5349475502,
    "156": 267573.3399937276,
    "157": 371553.0188147889,
    "158": 79323.50751163902,
    "159": 394572.83299219847,
    "160": 227019.8310622011,
    "161": 383524.4997701496,
    "162": 416620.00865493057,
    "163": 380219.12653134536,
    "164": 191849.23328637466,
    "165": 456817.2132071555,
    "166": 62094.865765623326,
    "167": 471453.5452604586,
    "168": 1000665.4020452178,
    "169": 326671.736367668,
    "170": 91418.65341569686,
    "171": 258803.9026512506,
    "172": 546632.8392366539,
    "173": 142365.47725975892,
    "174": 321990.66294407577,
    "175": 151651.21397749757,
    "176": 113062.53712043665,
    "177": 719108.6630188526,
    "178": 241355.0995171198,
    "179": 256442.9850137572,
    "180": 355255.8903043307,
    "181": 223927.87431571464,
    "182": 423886.0285316831,
    "183": 513000.58568054606,
    "184": 225512.8225845433,
    "185": 404476.3411196347,
    "186": 121535.77609901132,
    "187": 18326.545968864455,
    "188": 81349.64745402662,
    "189": 271332.50622575544,
    "190": 214420.0070324126,
    "191": 162711.44606944782,
    "192": 683875.2741872425,
    "193": 70194.73013833049,
    "194": 535502.7696542516,
    "195": 321525.00912607217,
    "196": 91400.41957642687,
    "197": 481762.0577069197,
    "198": 876640.9890000469,
    "199": 873287.2843327506,
    "200": 552292.8546326102,
    "201": 157852.09142802286,
    "202": 604519.1476277456,
    "203": 55674.20111008552,
    "204": 362016.11369087,
    "205": 456360.0900927705,
    "206": 146097.8248418752,
    "207": 187998.54767438368,
    "208": 28291.27480716028,
    "209": 822317.6910487886,
    "210": 350661.61658476846,
    "211": 203972.2571157398,
    "212": 80633.98308182215,
    "213": 286327.7572574334,
    "214": 238942.48448317818,
    "215": 380165.4263095518,
    "216": 840101.3898852444,
    "217": 580877.991737586,
    "218": 330894.1105381396,
    "219": 246455.23256311193,
    "220": 256688.96430316096,
    "221": 371081.2756897013,
    "222": 536358.2350178367,
    "223": 629116.5497835453,
    "224": 364584.8232556269,
    "225": 125164.01514370968,
    "226": 605645.8246749656,
    "227": 403554.75947141094,
    "228": 190327.73565281476,
    "229": 138078.58322350853,
    "230": 217181.6911103621,
    "231": 48016.830000387345,
    "232": 65811.52191403696,
    "233": 62582.634022189486,
    "234": 298778.1738390186,
    "235": 446221.27962356503,
    "236": 134344.20615851306,
    "237": 496103.5553214076,
    "238": 162912.01877975877,
    "239": 662751.9702710129,
    "240": 229123.85092045527,
    "241": 250056.07228048827,
    "242": 18416.463435968202,
    "243": 318087.19585905084,
    "244": 185862.2847606577,
    "245": 58113.53870288371,
    "246": 123918.37622767997,
    "247": 314844.81771633675,
    "248": 286602.0095297658,
    "249": 219142.7914729738,
    "250": 204580.11234875378,
    "251": 132582.7653355567,
    "252": 276511.1941815922,
    "253": 213479.48358076336,
    "254": 66099.33873463534,
    "255": 161867.84650644587,
    "256": 813656.8540353049,
    "257": 309383.4961703429,
    "258": 75692.3672239224,
    "259": 398261.85869548493,
    "260": 153435.73022225252,
    "261": 255610.06749324844,
    "262": 1078893.8943422209,
    "263": 170770.8254077022,
    "264": 133409.5588145587,
    "265": 727894.8247314128,
    "266": 535247.2028135227,