{
    "1": 277289.08736501046,
    "2": 858657.5370007193,
    "3": 175803.46067700052,
    "4": 212258.83184730084,
    "5": 283814.04844110186,
    "6": 217914.51630438512,
    "7": 116906.00853923602,
    "8": 508843.57455753675,
    "9": 142449.09724117012,
    "10": 55926.096576843855,
    "11": 76364.59673587659,
    "12": 236292.7868404744,
    "13": 54646.94714428347,
    "14": 668429.0354711056,
    "15": 282589.90928711474,
    "16": 200447.0682163637,
    "17": 125353.22807371808,
    "18": 287468.66204242245,
    "19": 349182.6559701743,
    "20": 273967.7734846047,
    "21": 385929.1518211147,
    "22": 144214.16812064935,
    "23": 247720.29541087436,
    "24": 91621.02698825767,
    "25": 166804.99206154788,
    "26": 206055.7305507292,
    "27": 48405.86557530645,
    "28": 174552.76642872643,
    "29": 187797.7183558776,
    "30": 343245.7977102434,
    "31": 237030.54312889522,
    "32": 42133.880548574256,
    "33": 377296.436764489,
    "34": 268902.32890334656,
    "35": 146069.2474754714,
    "36": 267363.3951349572,
    "37": 193030.1272270069,
    "38": 788795.376805617,
    "39": 247876.90565106517,
    "40": 486794.2587340786,
    "41": 441573.265465815,
    "42": 642930.2754874128,
    "43": 208594.99130299175,
    "44": 111603.43024766877,
    "45": 150553.1526386108,
    "46": 214993.7831655479,
    "47": 92552.96656812343,
    "48": 361917.77442401875,
    "49": 340050.56690187036,
    "50": 261361.41291479365,
    "51": 204684.5308853842,
    "52": 206690.0318093059,
    "53": 119058.26832868431,
    "54": 172431.1447239516,
    "55": 358014.2764719172,
    "56": 454092.4972527684,
    "57": 124848.7396937614,
    "58": 207020.84653720015,
    "59": 460359.21921487537,
    "60": 565673.7832708367,
    "61": 294635.6851657445,
    "62": 348535.48313421384,
    "63": 92253.63630647266,
    "64": 129802.23010316349,
    "65": 82031.26073382457,
    "66": 534782.2879102378,
    "67": 101040.89692259599,
    "68": 103808.79141522008,
    "69": 540118.1032787412,
    "70": 767993.2834603358,
    "71": 46184.17655346166,
    "72": 227193.97819223598,
    "73": 195964.6157900463,
    "74": 108890.13696481273,
    "75": 148968.11743832723,
    "76": 47271.47830662698,
    "77": 246595.9476935317,
    "78": 105919.68893421312,
    "79": 134324.72818084533,
    "80": 61183.82972466341,
    "81": 586116.9106377477,
    "82": 162424.72697058428,
    "83": 462447.23601563566,
    "84": 714073.7118397594,
    "85": 141890.54846802648,
    "86": 630763.0862605852,
    "87": 92837.0558121777,
    "88": 257007.60792712664,
    "89": 420919.38454864646,
    "90": 153383.32436655308,
    "91": 383763.52366259095,
    "92": 90519.36490573063,
    "93": 265820.24477134953,
    "94": 279418.18584637303,
    "95": 396869.1849763224,
    "96": 878258.5705343648,
    "97": 322491.38244995597,
    "98": 179229.83256518707,
    "99": 164646.15453363393,
    "100": 429114.6085998508,
    "101": 306957.0458547913,
    "102": 236590.20594014676,
    "103": 111060.02475779723,
    "104": 237978.20590959743,
    "105": 346399.6191222433,
    "106": 119465.73222397368,
    "107": 156902.52208331035,
    "108": 139454.78412288727,
    "109": 226598.69647234952,
    "110": 119545.22964531637,
    "111": 133281.7732056346,
    "112": 105830.09389521502,
    "113": 293985.89670006116,
    "114": 619155.2097355119,
    "115": 489591.5132631286,
    "116": 97039.8180637983,
    "117": 364723.5018318133,
    "118": 693630.0063819463,
    "119": 383865.7612444425,
    "120": 29194.225231772532,
    "121": 69114.75403260934,
    "122": 316670.1140452882,
    "123": 137439.00047296486,
    "124": 238531.44992539316,
    "125": 774651.1438268967,
    "126": 243865.24780826832,
    "127": 76909.9749211685,
    "128": 294854.48780852696,
    "129": 70438.70560545973,
    "130": 98790.25411998224,
    "131": 148111.50672663862,
    "132": 33271.13494694961,
    "133": 154784.64539067782,
    "134": 40018.47283074165,
    "135": 227218.57219145086,
    "136": 342032.3899707904,
    "137": 343962.83000350674,
    "138": 92302.93872513865,
    "139": 90873.12194454923,
    "140": 839378.8887771106,
    "141": 220608.7862415753,
    "142": 121861.23872854913,
    "143": 303540.9251227287,
    "144": 223892.3395009526,
    "145": 697640.1308591028,
    "146": 220436.87257231094,
    "147": 170283.11714049266,
    "148": 104426.67198453475,
    "149": 637281.327638639,
    "150": 212782.5598176889,
    "151": 117522.53483539994,
    "152": 208343.26091800694,
    "153": 76607.65409461664,
    "154": 56943.58034755812,
    "155": 402754.8716758872,
    "156": 11488.330839954426,
    "157": 437656.5682243455,
    "158": 518247.8736573895,
    "159": 234111.57211498974,
    "160": 275983.26664125157,
    "161": 408466.60211759584,
    "162": 280025.8614463153,
    "163": 278222.29251346795,
    "164": 177828.56252787134,
    "165": 369800.32737542846,
    "166": 439063.76741335966,
    "167": 475487.4289729594,
    "168": 103538.22625155904,
    "169": 57152.27292123039,
    "170": 36490.795113878245,
    "171": 64390.29122674504,
    "172": 255038.48342699817,
    "173": 219153.82411968498,
    "174": 254903.14161505317,
    "175": 335275.7126399299,
    "176": 101642.53778680644,
    "177": 387340.29517805553,
    "178": 241800.85470205228,
    "179": 445198.7390252226,
    "180": 259221.25144310098,
    "181": 127453.01947900433,
    "182": 97421.95534312747,
    "183": 129149.90961772647,
    "184": 622141.1764325427,
    "185": 465868.68206191255,
    "186": 257045.1787847907,
    "187": 56101.48737643523,
    "188": 158159.45149471474,
    "189": 377204.93945143744,
    "190": 17026.102620922957,
    "191": 1008151.12273517,
    "192": 187888.49775720286,
    "193": 337798.1342372186,
    "194": 309306.357063276,
    "195": 581371.0182572072,
    "196": 168343.1086795272,
    "197": 241807.0112193962,
    "198": 173418.46088366947,
    "199": 54392.57405621184,
    "200": 506319.37609713356,
    "201": 115913.82631879581,
    "202": 210332.3557467262,
    "203": 309862.75856800325,
    "204": 21948.20296032608,
    "205": 53483.47238128033,
    "206": 58902.96145822333,
    "207": 98068.26573843317,
    "208": 123322.4472003995,
    "209": 181665.25592596864,
    "210": 254000.48904953114,
    "211": 115638.46441762424,
    "212": 458425.2172722186,
    "213": 120273.21527131612,
    "214": 625383.2827299323,
    "215": 234978.6660741168,
    "216": 324881.505220077,
    "217": 119769.30687015608,
    "218": 147832.85769627985,
    "219": 260384.4270156616,
    "220": 116564.0744454074,
    "221": 315305.1988417377,
    "222": 25951.667942887303,
    "223": 48854.29287353554,
    "224": 193786.00421956208,
    "225": 100087.06623417311,
    "226": 158863.14889459827,
    "227": 765957.9189995311,
    "228": 378845.6718577612,
    "229": 293129.1295623994,
    "230": 139072.9926950498,
    "231": 708846.955812923,
    "232": 154152.8519691641,
    "233": 101966.37531336448,
    "234": 138306.85716549473,
    "235": 478440.177080658,
    "236": 487942.89707400097,
    "237": 281168.30658730905,
    "238": 125646.64298062041,
    "239": 328261.16952557873,
    "240": 213608.42633109822,
    "241": 118532.70382840831,
    "242": 485392.29066519276,
    "243": 191625.54845115772,
    "244": 250449.64465364855,
    "245": 62748.4216922519,
    "246": 63755.97844352359,
    "247": 178308.57766087176,
    "248": 83237.78934103742,
    "249": 326022.5585380627,
    "250": 726738.1630451127,
    "251": 178573.74765466744,
    "252": 121242.77967484944,
    "253": 545932.8985338093,
    "254": 36344.70747146245,
    "255": 79829.63940163278,
    "256": 313699.77388986346,
    "257": 58301.80313114751,
    "258": 330748.0549899684,
    "259": 124923.93782770103,
    "260": 107051.11832049786,
    "261": 45740.593152953625,
    "262": 624333.9682256832,
    "263": 254604.26855975133,
    "264": 153980.3347406209,
    "265": 555948.8520922336,
    "266": 143283.90736355638,