{
    "1": 763733.1389667079,
    "2": 102597.16777943025,
    "3": 304804.5240884043,
    "4": 717781.1292825285,
    "5": 416669.9557017928,
    "6": 299424.26107047935,
    "7": 491983.3586710773,
    "8": 356852.6081114488,
    "9": 236769.53892137666,
    "10": 312034.07953014376,
    "11": 333994.3725986742,
    "12": 213068.74673364178,
    "13": 512195.79661425157,
    "14": 259018.58737991957,
    "15": 312210.4397801725,
    "16": 273689.0276465408,
    "17": 62730.110217484274,
    "18": 43098.737131166614,
    "19": 141420.35278219325,
    "20": 66110.42314674878,
    "21": 123376.98586724677,
    "22": 307465.6391548139,
    "23": 98702.36237714792,
    "24": 186916.3778806349,
    "25": 133648.38411148323,
    "26": 360309.83004181244,
    "27": 107613.61661457765,
    "28": 425412.1741648195,
    "29": 475038.98814717325,
    "30": 417618.35185629304,
    "31": 674324.3898588395,
    "32": 209037.84034166005,
    "33": 31682.00407745128,
    "34": 104906.96849332466,
    "35": 578281.6706049503,
    "36": 194050.65866098372,
    "37": 64098.90871975556,
    "38": 497202.3712201997,
    "39": 87661.04776810794,
    "40": 113958.5747396924,
    "41": 455722.32004959416,
    "42": 35894.94162156356,
    "43": 549245.2140028144,
    "44": 342433.8760736385,
    "45": 73685.95350934399,
    "46": 101159.92880258131,
    "47": 223595.13480819875,
    "48": 472191.65469928377,
    "49": 150584.48124320904,
    "50": 286377.4046962439,
    "51": 112551.97725534567,
    "52": 256207.45952721173,
    "53": 249305.18502138287,
    "54": 488235.36879059253,
    "55": 380594.15242596186,
    "56": 91259.00997501958,
    "57": 277360.38752898766,
    "58": 375371.7816422314,
    "59": 137110.2695930352,
    "60": 179718.8529748582,
    "61": 404792.5006290012,
    "62": 192196.4364820885,
    "63": 79602.77825861829,
    "64": 220452.5445288738,
    "65": 25920.953398919613,
    "66": 146953.180692605,
    "67": 177254.88604976697,
    "68": 441596.87709568266,
    "69": 234806.17283245153,
    "70": 91518.107100491,
    "71": 674263.5839952844,
    "72": 286558.50341057614,
    "73": 362862.432679167,
    "74": 111139.34475719486,
    "75": 132186.18486709154,
    "76": 512645.6608500638,
    "77": 130768.31695823262,
    "78": 433283.73635982693,
    "79": 44689.385386658156,
    "80": 163950.8241736872,
    "81": 540044.5038468487,
    "82": 219932.3452189459,
    "83": 58238.55824809496,
    "84": 192987.67148498094,
    "85": 325714.86533309723,
    "86": 307133.64817299653,
    "87": 253726.94081700192,
    "88": 102333.12436653627,
    "89": 76921.16430366575,
    "90": 22759.171938726628,
    "91": 39269.41561004034,
    "92": 130970.89487677014,
    "93": 584125.970447857,
    "94": 264604.18919404916,
    "95": 96427.27303595944,
    "96": 453852.74588784785,
    "97": 172008.52012845693,
    "98": 181238.44233487707,
    "99": 61647.78373432742,
    "100": 465344.0325683371,
    "101": 379171.6430654372,
    "102": 212374.4578526597,
    "103": 193075.97069378337,
    "104": 87297.008408307,
    "105": 461252.4734372842,
    "106": 277155.31242981704,
    "107": 83410.25109085716,
    "108": 949171.4942519366,
    "109": 572253.5254964237,
    "110": 189212.31742313018,
    "111": 643891.0921816697,
    "112": 496189.0041064773,
    "113": 202493.64041105538,
    "114": 217039.0537153469,
    "115": 73711.14726217683,
    "116": 279508.64933041594,
    "117": 130505.89715908251,
    "118": 140119.51402448706,
    "119": 167861.33020663186,
    "120": 186591.0432175255,
    "121": 94967.4248817355,
    "122": 349391.1797694434,
    "123": 549307.0851911511,
    "124": 202800.76243796668,
    "125": 415532.298118389,
    "126": 215721.1806287547,
    "127": 287932.43316927995,
    "128": 181513.63448294834,
    "129": 337969.4055234744,
    "130": 27492.85628908984,
    "131": 490247.93060499313,
    "132": 34889.00320622201,
    "133": 49261.503814892494,
    "134": 368914.12003464147,
    "135": 281755.6735395542,
    "136": 343468.0300454396,
    "137": 136587.53536203882,
    "138": 214418.6657561085,
    "139": 348150.01900771196,
    "140": 31601.36981024232,
    "141": 257139.99491958265,
    "142": 334864.56671694986,
    "143": 75893.40828444036,
    "144": 695394.3910677625,
    "145": 198481.6398629143,
    "146": 355668.09201962734,
    "147": 155063.6949519817,
    "148": 299499.40172017214,
    "149": 184066.95496657823,
    "150": 104049.56832667664,
    "151": 352020.80200203066,
    "152": 318777.9125378967,
    "153": 224535.8387271638,
    "154": 183555.48785726333,
    "155": 197618.23803492033,
    "156": 350827.5762919321,
    "157": 574424.2454325258,
    "158": 159161.3094402993,
    "159": 503389.68979238404,
    "160": 341954.4534742097,
    "161": 542822.2197701944,
    "162": 166727.74093589577,
    "163": 304859.37193180795,
    "164": 359982.76579340815,
    "165": 39636.41420676516,
    "166": 137270.97933698306,
    "167": 278835.70511534484,
    "168": 202441.4020836062,
    "169": 121068.68302471148,
    "170": 329455.41308000864,
    "171": 298155.77977280476,
    "172": 180875.77781307255,
    "173": 156178.230488807,
    "174": 313448.5522209383,
    "175": 427574.41442434245,
    "176": 92220.44786704853,
    "177": 586905.8483568938,
    "178": 259975.56241818648,
    "179": 50021.0667346841,
    "180": 385901.3663073703,
    "181": 371631.5172419363,
    "182": 110571.85479553974,
    "183": 335201.2373669148,
    "184": 192916.93108194764,
    "185": 351356.77100452053,
    "186": 407212.7745240611,
    "187": 472207.45222021814,
    "188": 187838.56690259275,
    "189": 76206.88908701933,
    "190": 470079.53263464035,
    "191": 611171.9894100091,
    "192": 668485.0059471983,
    "193": 270920.2471139052,
    "194": 245955.61894115128,
    "195": 189637.35113250968,
    "196": 1351149.1901057728,
    "197": 289532.28666176513,
    "198": 239669.59030357958,
    "199": 308824.1503460964,
    "200": 49672.38980992178,
    "201": 211843.51605202554,
    "202": 534306.1211812405,
    "203": 45883.00052950648,
    "204": 293931.2945196616,
    "205": 290290.7563047294,
    "206": 362729.23529734113,
    "207": 214802.56205223693,
    "208": 252435.2336916835,
    "209": 206805.60545532114,
    "210": 688220.7830914084,
    "211": 117274.6909745051,
    "212": 160023.93223752736,
    "213": 521075.1489707888,
    "214": 225970.5078987903,
    "215": 84595.22158904336,
    "216": 318281.7062849505,
    "217": 113398.8187457537,
    "218": 338551.34185773786,
    "219": 516898.61327751796,
    "220": 467939.5942066314,
    "221": 98078.63168589016,
    "222": 44403.087554995385,
    "223": 138747.03422095324,
    "224": 579776.1733942111,
    "225": 119578.66124002212,
    "226": 299683.21491013473,
    "227": 359385.01979103027,
    "228": 287048.8043022481,
    "229": 167250.19054057956,
    "230": 422261.3974534129,
    "231": 113268.38132170196,
    "232": 116621.13814823082,
    "233": 82254.89554168111,
    "234": 599331.526234693,
    "235": 235628.9965584368,
    "236": 237190.7451988966,
    "237": 459737.2133308227,
    "238": 76526.47911333485,
    "239": 475496.2872829078,
    "240": 135039.58950459003,
    "241": 422882.81299647473,
    "242": 146610.80696479173,
    "243": 249354.7857327905,
    "244": 149816.98708003535,
    "245": 722770.4653337715,
    "246": 115005.25529816421,
    "247": 124858.09133600348,
    "248": 66151.07295699627,
    "249": 593831.9109264066,
    "250": 391874.6400115286,
    "251": 363141.07546723617,
    "252": 35398.71644325,
    "253": 154513.57748110904,
    "254": 105826.6764836676,
    "255": 290220.73983905005,
    "256": 136624.78557760312,
    "257": 203989.8858643142,
    "258": 1071147.0162122499,
    "259": 237113.12964320398,
    "260": 347974.70094979496,
    "261": 226735.5603250071,
    "262": 306731.179666234,
    "263": 114470.63318993428,
    "264": 178091.122287085,
    "265": 218623.48030338978,
    "266": 119135.52025583101,