{
    "1": 62341.84247569844,
    "2": 314051.57027322036,
    "3": 571537.3326905493,
    "4": 390943.3496086849,
    "5": 250940.53373904998,
    "6": 21417.330853759933,
    "7": 317218.29673559795,
    "8": 157080.6859845367,
    "9": 8317.031961919165,
    "10": 286264.1095168799,
    "11": 447202.2949587218,
    "12": 613941.0051616462,
    "13": 33967.05015610093,
    "14": 482644.2888506264,
    "15": 237611.39773156948,
    "16": 264874.8112468841,
    "17": 501699.0181085828,
    "18": 596495.9016340718,
    "19": 29602.157637486325,
    "20": 251129.2744738631,
    "21": 119290.95045189225,
    "22": 206591.04246120062,
    "23": 43335.568507750984,
    "24": 192240.13952936808,
    "25": 158845.79223852349,
    "26": 497829.3951427199,
    "27": 442548.4859503768,
    "28": 63130.42024323616,
    "29": 202853.7173991378,
    "30": 179525.66149218095,
    "31": 371014.25586223416,
    "32": 466993.9141316411,
    "33": 802458.9586711943,
    "34": 752986.1130219488,
    "35": 122158.09834829198,
    "36": 389541.63766710204,
    "37": 321126.98444617185,
    "38": 152726.11091757278,
    "39": 42306.19455664304,
    "40": 427650.63347579155,
    "41": 401954.12055363745,
    "42": 178150.55662665117,
    "43": 168976.58216519136,
    "44": 309389.2947258069,
    "45": 271711.4180947372,
    "46": 175195.51130190346,
    "47": 59983.73435577738,
    "48": 116871.33700132267,
    "49": 167486.3447680225,
    "50": 139723.34148925357,
    "51": 328446.5532906577,
    "52": 132193.32536432866,
    "53": 272241.92833239574,
    "54": 635455.5117386671,
    "55": 651316.6062862949,
    "56": 150334.0061501967,
    "57": 495235.23265387985,
    "58": 633372.7073121954,
    "59": 821808.2453991974,
    "60": 185645.62030237127,
    "61": 93917.56912295641,
    "62": 573183.5151648251,
    "63": 249614.41405986328,
    "64": 77390.79777200735,
    "65": 71487.54128401674,
    "66": 92204.71309471948,
    "67": 290122.8116320331,
    "68": 202453.34428927262,
    "69": 355729.3583452766,
    "70": 247344.36823536406,
    "71": 36411.018736539176,
    "72": 112652.84880844028,
    "73": 239955.31833226717,
    "74": 159120.62764970027,
    "75": 282336.0554816666,
    "76": 286469.7335743493,
    "77": 251825.66403270047,
    "78": 264585.738016638,
    "79": 378563.27088157303,
    "80": 467651.2847426635,
    "81": 221050.9087080919,
    "82": 269053.02897270024,
    "83": 240723.63479857997,
    "84": 141522.47993787727,
    "85": 882252.8928004091,
    "86": 119734.93927207506,
    "87": 241813.0292099552,
    "88": 350981.6974566299,
    "89": 295724.01735293964,
    "90": 273556.6341651174,
    "91": 474589.3554039288,
    "92": 428362.3199965099,
    "93": 409896.7453151624,
    "94": 56010.39273246913,
    "95": 99830.25660788495,
    "96": 46248.33952316401,
    "97": 50518.13451023555,
    "98": 793088.1532564767,
    "99": 254158.64084162936,
    "100": 258224.04370415796,
    "101": 420069.2312900466,
    "102": 233748.16459746097,
    "103": 278604.6497883012,
    "104": 387363.1772620871,
    "105": 217979.3127606684,
    "106": 552225.6852165941,
    "107": 187031.2505629962,
    "108": 243820.90852493088,
    "109": 847069.2622697311,
    "110": 349553.2891836625,
    "111": 369831.07961899985,
    "112": 223754.59625656984,
    "113": 72651.24638180422,
    "114": 241644.87432631795,
    "115": 254960.03351612733,
    "116": 783015.0663766091,
    "117": 575268.3725023406,
    "118": 720384.154681785,
    "119": 143119.688449594,
    "120": 171914.99059108505,
    "121": 485092.22859664157,
    "122": 413619.102744817,
    "123": 35126.427711916935,
    "124": 21452.114048478583,
    "125": 297832.85161988233,
    "126": 101432.68193694635,
    "127": 400103.0136456391,
    "128": 309756.9164105812,
    "129": 137499.7218978968,
    "130": 110462.11642160428,
    "131": 115602.09128287753,
    "132": 111601.88949961858,
    "133": 324041.6962367868,
    "134": 346221.57078816235,
    "135": 235074.60173866266,
    "136": 260044.21648734846,
    "137": 205221.2805965657,
    "138": 366288.7295857617,
    "139": 242255.9117806124,
    "140": 228692.68769268558,
    "141": 333888.5370493527,
    "142": 227711.03839990817,
    "143": 268950.3594294704,
    "144": 152796.37934960707,
    "145": 228816.67416811187,
    "146": 553632.5026744549,
    "147": 461084.6612576964,
    "148": 413278.67133520544,
    "149": 615588.8489378355,
    "150": 441490.4695411608,
    "151": 638008.0659657738,
    "152": 248143.96898019008,
    "153": 127566.76993892899,
    "154": 74514.8325508808,
    "155": 352761.0456118691,
    "156": 378829.15851433534,
    "157": 252585.53811053073,
    "158": 325672.96293978073,
    "159": 248845.07699086404,
    "160": 319063.9495262114,
    "161": 108119.84267769201,
    "162": 567686.1936421967,
    "163": 407246.3893625257,
    "164": 79897.04629429475,
    "165": 143327.94773943513,
    "166": 171165.2689114985,
    "167": 144887.72148176198,
    "168": 222617.05151854397,
    "169": 174600.60462789793,
    "170": 134981.90651196372,
    "171": 166286.6399571751,
    "172": 257259.60610797696,
    "173": 572945.2446871748,
    "174": 185814.51370990492,
    "175": 167522.23976589448,
    "176": 304385.66704899457,
    "177": 315917.6776745665,
    "178": 233244.88623205858,
    "179": 141088.08142853124,
    "180": 172721.4800659034,
    "181": 176506.15435615173,
    "182": 215471.34972260703,
    "183": 778160.8298277435,
    "184": 946552.2147498042,
    "185": 400814.38977926545,
    "186": 360986.170930871,
    "187": 84496.20032969845,
    "188": 308278.86800876947,
    "189": 417828.9447121591,
    "190": 141088.19850585674,
    "191": 327739.3417463028,
    "192": 211118.06667504803,
    "193": 210356.32196276088,
    "194": 497089.82959707326,
    "195": 533134.1241957496,
    "196": 764701.7244515773,
    "197": 233946.23405113915,
    "198": 222431.12175894005,
    "199": 137385.57343358523,
    "200": 154277.93098331292,
    "201": 650112.8659498013,
    "202": 400654.56431616994,
    "203": 238390.5604726526,
    "204": 343270.99901798595,
    "205": 306109.14615108795,
    "206": 77768.06228779914,
    "207": 379649.7918484198,
    "208": 256820.66845187094,
    "209": 604554.359445838,
    "210": 300368.6329977879,
    "211": 92514.77149754386,
    "212": 162477.06075272823,
    "213": 117060.09934202388,
    "214": 152032.5044116443,
    "215": 816034.5921067868,
    "216": 263884.9423226723,
    "217": 640340.530486993,
    "218": 245869.0680436254,
    "219": 443038.66944417707,
    "220": 202732.75348981965,
    "221": 202036.35215008567,
    "222": 380134.1308935459,
    "223": 608724.7317328065,
    "224": 217206.10958912608,
    "225": 234428.51783465064,
    "226": 167588.5090942761,
    "227": 99550.90191674812,
    "228": 66828.24612991615,
    "229": 63266.09111299399,
    "230": 237270.49764623167,
    "231": 457785.3325301461,
    "232": 951492.2968644074,
    "233": 346321.924581656,
    "234": 232600.70868481277,
    "235": 496514.55161537376,
    "236": 104911.03584024808,
    "237": 692505.4409088544,
    "238": 81484.73254851301,
    "239": 38456.18467619374,
    "240": 135851.96470631938,
    "241": 737480.9483729269,
    "242": 407175.90514984,
    "243": 430005.272702508,
    "244": 12621.931572309904,
    "245": 312607.1491248023,
    "246": 163389.5459481779,
    "247": 139897.09779196518,
    "248": 250373.6390148308,
    "249": 262605.5308924666,
    "250": 101748.20499251224,
    "251": 711709.8775371899,
    "252": 350027.52145558066,
    "253": 392873.91461617546,
    "254": 434819.5503757075,
    "255": 261009.30595390275,
    "256": 116277.74095667154,
    "257": 155061.2775552667,
    "258": 310047.25346204045,
    "259": 351899.6318101343,
    "260": 740541.3342722021,
    "261": 323954.38800533564,
    "262": 202009.68377760306,
    "263": 991411.2887658172,
    "264": 239617.45139601608,
    "265": 233177.83141848174,
    "266": 103128.66501726203,