{
    "1": 648381.6631397089,
    "2": 83724.475706768,
    "3": 107496.7895284269,
    "4": 258979.04865499627,
    "5": 214386.20543088886,
    "6": 192887.78448529687,
    "7": 51065.72254808658,
    "8": 516281.48043576407,
    "9": 152179.18367657776,
    "10": 182885.89753261997,
    "11": 136398.61588083603,
    "12": 180615.0183549227,
    "13": 38238.64010616803,
    "14": 302300.73127801414,
    "15": 213145.33844222935,
    "16": 366195.8218475079,
    "17": 560423.4006598318,
    "18": 370860.03618410556,
    "19": 89702.11776431622,
    "20": 212696.11201931947,
    "21": 558516.8361370751,
    "22": 571713.5120279017,
    "23": 408851.1936499337,
    "24": 234649.03019469988,
    "25": 638356.7451697496,
    "26": 344070.9234506596,
    "27": 46402.66540886307,
    "28": 397322.72765047906,
    "29": 544273.0341673893,
    "30": 229074.3480663324,
    "31": 216699.444321006,
    "32": 85599.45074573146,
    "33": 799055.5197298533,
    "34": 303311.2143681392,
    "35": 115062.89963762244,
    "36": 230770.31387638827,
    "37": 305157.0989157331,
    "38": 243806.1895456623,
    "39": 224793.12247334456,
    "40": 481478.7204734374,
    "41": 89518.48638854915,
    "42": 139994.99344575845,
    "43": 498640.44885813585,
    "44": 155996.24898722544,
    "45": 200385.95688337047,
    "46": 144686.79621713268,
    "47": 662602.0645097006,
    "48": 188195.44859631968,
    "49": 238053.47096115525,
    "50": 65279.818843445835,
    "51": 515961.0401381118,
    "52": 311039.8378518073,
    "53": 378768.1374870024,
    "54": 253635.29775323893,
    "55": 130565.06308043578,
    "56": 269779.3297180719,
    "57": 434744.6384084347,
    "58": 269696.4001955518,
    "59": 720428.1129144212,
    "60": 65072.92076922019,
    "61": 192667.13166665152,
    "62": 257234.3421670366,
    "63": 226634.0615614569,
    "64": 79475.95110065729,
    "65": 436937.3763616586,
    "66": 513214.36801566853,
    "67": 319047.6812210976,
    "68": 494623.1124794984,
    "69": 180689.86030481104,
    "70": 95076.73339722356,
    "71": 282697.94989839813,
    "72": 158894.11666874524,
    "73": 421690.79915482335,
    "74": 307494.19941783266,
    "75": 153730.07638294794,
    "76": 163812.93615952448,
    "77": 242049.46819771008,
    "78": 361850.5938955211,
    "79": 94356.65613505726,
    "80": 258471.21392970064,
    "81": 668268.1624536358,
    "82": 99317.97381998609,
    "83": 67529.0496516548,
    "84": 100883.46728483087,
    "85": 318158.78280188405,
    "86": 363043.5627024939,
    "87": 291882.99924713647,
    "88": 149165.73382660947,
    "89": 286252.7338014272,
    "90": 32371.11523037092,
    "91": 967714.2488060032,
    "92": 122862.6529831939,
    "93": 194960.5686873134,
    "94": 8197.035154723213,
    "95": 245252.80392927068,
    "96": 349849.6879637692,
    "97": 295265.0072627187,
    "98": 272822.341893847,
    "99": 83845.4276217665,
    "100": 155426.22440793423,
    "101": 165463.30006935808,
    "102": 213029.3927732546,
    "103": 165086.58624287057,
    "104": 280823.6489509311,
    "105": 340698.7755599857,
    "106": 127564.92124581315,
    "107": 193844.4085170623,
    "108": 245593.29848896107,
    "109": 335795.3903484177,
    "110": 272721.1824511701,
    "111": 633267.3937568143,
    "112": 466097.71020698105,
    "113": 384529.5387420083,
    "114": 506470.497454113,
    "115": 462494.7894408601,
    "116": 192794.91263882944,
    "117": 229954.23721496682,
    "118": 87760.86096133225,
    "119": 288222.9903495945,
    "120": 155217.2125907008,
    "121": 1137218.2502259666,
    "122": 291241.57338111143,
    "123": 272974.6713489879,
    "124": 94555.947935989,
    "125": 166512.33434229027,
    "126": 141535.7037367538,
    "127": 679357.9558928898,
    "128": 199917.47948162365,
    "129": 817148.5515062828,
    "130": 479877.97340608144,
    "131": 187270.70572537355,
    "132": 345371.9540862381,
    "133": 82276.59442574062,
    "134": 111233.6060920138,
    "135": 127042.18316046173,
    "136": 218238.86314079695,
    "137": 475694.520131686,
    "138": 707631.864015425,
    "139": 56752.20761826988,
    "140": 453309.12040413695,
    "141": 141288.25776287256,
    "142": 83419.16119587628,
    "143": 400633.1370704907,
    "144": 222666.92448578155,
    "145": 288105.61274668796,
    "146": 271452.8143941615,
    "147": 44143.62387509859,
    "148": 329401.507368215,
    "149": 474050.5315996768,
    "150": 95566.47715534683,
    "151": 89170.56292284392,
    "152": 185532.68958629735,
    "153": 218688.85995638024,
    "154": 388198.1265488991,
    "155": 253125.15345294378,
    "156": 203729.54568479364,
    "157": 111036.11438043846,
    "158": 155118.67035741018,
    "159": 158122.97994560451,
    "160": 183681.3116892696,
    "161": 112300.15774739449,
    "162": 289971.9697062746,
    "163": 82722.50010494565,
    "164": 262136.78217647856,
    "165": 462617.3543412421,
    "166": 30934.611659233193,
    "167": 167961.031195699,
    "168": 302467.3813884138,
    "169": 250668.30784741716,
    "170": 285720.60247171496,
    "171": 180465.9354774803,
    "172": 76683.88270382234,
    "173": 590189.6814551409,
    "174": 318829.1168740569,
    "175": 987544.7920536874,
    "176": 78501.4719719327,
    "177": 56082.47762181417,
    "178": 301712.4219180994,
    "179": 240193.35275415095,
    "180": 393488.295920003,
    "181": 128266.8353544358,
    "182": 111619.01611354537,
    "183": 246823.47885649485,
    "184": 198255.25464511334,
    "185": 293938.6007047415,
    "186": 247135.28894304635,
    "187": 216754.98777602278,
    "188": 414117.5160768157,
    "189": 337296.2975941186,
    "190": 80371.78739508225,
    "191": 80310.89045096668,
    "192": 294692.8810473448,
    "193": 89715.44544130852,
    "194": 331513.0723873052,
    "195": 244553.28052447762,
    "196": 107205.59453112211,
    "197": 219192.27709087494,
    "198": 532836.9852985945,
    "199": 297157.11105459917,
    "200": 94215.25808571244,
    "201": 246911.79743838529,
    "202": 287897.89405474765,
    "203": 371987.2179314309,
    "204": 279553.39301437355,
    "205": 21863.934093987857,
    "206": 202501.67966796368,
    "207": 282978.80043662805,
    "208": 315673.0392491707,
    "209": 172691.24155187033,
    "210": 327154.01333597454,
    "211": 521764.63939866907,
    "212": 38095.510360926826,
    "213": 332847.08090122015,
    "214": 38883.66134678165,
    "215": 240942.7616659476,
    "216": 90400.19708153045,
    "217": 63971.37073482891,
    "218": 103403.1277369771,
    "219": 109045.73888159171,
    "220": 123345.49837561099,
    "221": 300505.3293546636,
    "222": 337068.50222800055,
    "223": 525631.9705543173,
    "224": 468597.0878173304,
    "225": 388197.50976510666,
    "226": 195234.314480096,
    "227": 371220.6764779554,
    "228": 927320.8639908108,
    "229": 132734.4636874071,
    "230": 28774.172590942362,
    "231": 499882.27219063835,
    "232": 39020.306061517374,
    "233": 423073.46661237587,
    "234": 495655.5228327237,
    "235": 295640.6066599112,
    "236": 145590.1910440334,
    "237": 71181.58430563426,
    "238": 272978.7873766304,
    "239": 228986.99669915883,
    "240": 602770.4439825232,
    "241": 561422.9979689475,
    "242": 349694.30231878214,
    "243": 358636.48814683827,
    "244": 168342.90085811506,
    "245": 603343.6366084893,
    "246": 153590.61948935373,
    "247": 219850.13830151892,
    "248": 342336.111236477,
    "249": 204378.28682758717,
    "250": 80538.10019810927,
    "251": 788868.3750872882,
    "252": 65117.95547478463,
    "253": 262670.8606675272,
    "254": 100345.00214432843,
    "255": 185757.25389240473,
    "256": 113478.98999272693,
    "257": 243089.48424995024,
    "258": 613562.8387781664,
    "259": 447970.8794911898,
    "260": 173169.41165554902,
    "261": 43276.00754383697,
    "262": 266855.3980119095,
    "263": 62914.85556950528,
    "264": 135237.08472916385,
    "265": 388665.5727665925,
    "266": 185590.57815855555,