{
    "1": 88179.24535414345,
    "2": 44955.31221956902,
    "3": 525606.8986617074,
    "4": 454929.5689392727,
    "5": 253751.10549486795,
    "6": 130714.30715348375,
    "7": 105897.23751902267,
    "8": 103769.61736999112,
    "9": 96545.01326735155,
    "10": 242360.9331681249,
    "11": 497503.6438812878,
    "12": 21226.51969787764,
    "13": 483560.2494311112,
    "14": 80451.55727615026,
    "15": 546607.8008149918,
    "16": 307800.17401842773,
    "17": 183555.386203918,
    "18": 163399.72510336907,
    "19": 407066.68904233776,
    "20": 259548.88290612417,
    "21": 287342.2024882666,
    "22": 460572.2063875339,
    "23": 433630.614283024,
    "24": 177817.7643957787,
    "25": 116927.20015875832,
    "26": 199502.596806817,
    "27": 53226.5511342405,
    "28": 207725.47904539076,
    "29": 503017.8322354189,
    "30": 134272.19708978094,
    "31": 445311.64770157594,
    "32": 507908.36204481334,
    "33": 369551.10268827266,
    "34": 575177.116513138,
    "35": 261887.92535450033,
    "36": 299585.89828614367,
    "37": 367878.32078481204,
    "38": 270124.22198857344,
    "39": 222021.35867516606,
    "40": 280667.75881279213,
    "41": 164633.86077597344,
    "42": 354185.53797206015,
    "43": 452538.4098954173,
    "44": 221792.89245677032,
    "45": 379591.0700809175,
    "46": 45958.34502582693,
    "47": 126308.62508423552,
    "48": 177105.41752738788,
    "49": 586765.6839600935,
    "50": 737984.887557451,
    "51": 250377.4540246223,
    "52": 338102.4093387952,
    "53": 437745.1562678216,
    "54": 91817.55074139677,
    "55": 112043.99789316322,
    "56": 366501.3317030582,
    "57": 281626.96870745305,
    "58": 168715.93493896138,
    "59": 157232.5189158926,
    "60": 148486.15638967522,
    "61": 266571.368641983,
    "62": 152609.96675098344,
    "63": 126024.24131143976,
    "64": 209964.60168194436,
    "65": 345646.2293814517,
    "66": 605993.1516470625,
    "67": 302393.2473589375,
    "68": 848347.6411068945,
    "69": 51919.47554328176,
    "70": 330737.34378071356,
    "71": 281629.3667245381,
    "72": 241058.38281514365,
    "73": 24245.156249238837,
    "74": 580945.7048176554,
    "75": 105832.97877843518,
    "76": 73244.3296441857,
    "77": 337257.44569165097,
    "78": 132227.6363611185,
    "79": 595991.7977370933,
    "80": 376929.59264816425,
    "81": 689908.6197335413,
    "82": 394015.986447398,
    "83": 403290.0834819638,
    "84": 335114.4586848782,
    "85": 82285.31695429994,
    "86": 13044.975168001949,
    "87": 101840.24612352422,
    "88": 251050.84352094057,
    "89": 395822.4354465031,
    "90": 39600.0064249186,
    "91": 247747.94842380474,
    "92": 374046.06157168944,
    "93": 120641.88326485376,
    "94": 540905.1752667302,
    "95": 647824.9026174187,
    "96": 246052.4425341044,
    "97": 103501.80740174437,
    "98": 141305.35859681488,
    "99": 229025.6259086008,
    "100": 482267.1258988466,
    "101": 736828.6539292604,
    "102": 623822.5594052677,
    "103": 130427.39254994827,
    "104": 83980.94540349928,
    "105": 663485.4836442582,
    "106": 122013.5834311672,
    "107": 194667.35027866747,
    "108": 125033.55696296027,
    "109": 485831.4142068327,
    "110": 400205.4344733741,
    "111": 606750.5328913142,
    "112": 66042.20639090303,
    "113": 22205.629417505577,
    "114": 75282.83945068886,
    "115": 200857.16288562826,
    "116": 665884.6879269225,
    "117": 450536.16863354406,
    "118": 427213.6251824439,
    "119": 125555.10956026173,
    "120": 465549.8567006444,
    "121": 268831.5570548706,
    "122": 65810.06070755098,
    "123": 510990.25162430305,
    "124": 250856.22332274725,
    "125": 348254.5339449447,
    "126": 581073.4334200053,
    "127": 209797.62484475318,
    "128": 254072.4939265401,
    "129": 44249.036708668806,
    "130": 458738.2460611988,
    "131": 270841.47034908674,
    "132": 82942.10345899012,
    "133": 668811.5855181899,
    "134": 218286.42181808196,
    "135": 181909.42256298522,
    "136": 390803.26494050026,
    "137": 155356.1219406598,
    "138": 285743.4649071113,
    "139": 260228.43015789372,
    "140": 354500.4462169095,
    "141": 420018.89187793294,
    "142": 215584.2241436764,
    "143": 67796.70241418414,
    "144": 204019.21359938988,
    "145": 277338.3121133832,
    "146": 93644.37109684882,
    "147": 56186.57359448012,
    "148": 215399.82719675318,
    "149": 130220.75620335019,
    "150": 421210.7597986145,
    "151": 189590.53938404247,
    "152": 365811.6686620158,
    "153": 188401.91079160062,
    "154": 66641.67465882738,
    "155": 229113.79668086112,
    "156": 923151.6686475986,
    "157": 205704.05067022252,
    "158": 142066.3918733528,
    "159": 123090.12393603307,
    "160": 341391.65340747917,
    "161": 264562.7943378034,
    "162": 972254.6689167818,
    "163": 73540.23977852441,
    "164": 164393.93813854156,
    "165": 125479.17427645905,
    "166": 151606.96172217702,
    "167": 255576.9291673424,
    "168": 344390.5833983632,
    "169": 365298.603471378,
    "170": 130585.63833703988,
    "171": 163918.7637610463,
    "172": 183190.03439168344,
    "173": 33742.28383345621,
    "174": 408156.86612328765,
    "175": 319097.0341575439,
    "176": 255134.48642900796,
    "177": 116376.8649877434,
    "178": 401804.69966934057,
    "179": 247632.64868906405,
    "180": 433231.6957212969,
    "181": 525609.7621917067,
    "182": 199055.0743858175,
    "183": 298795.65807407245,
    "184": 125247.68563547381,
    "185": 78123.9221506401,
    "186": 131958.24852265063,
    "187": 139957.71377126893,
    "188": 143790.2288215482,
    "189": 77194.71368836686,
    "190": 240103.97690081486,
    "191": 297354.31204889313,
    "192": 380722.9554896518,
    "193": 438506.8400474358,
    "194": 34623.560175700375,
    "195": 32400.296436309975,
    "196": 306254.41546835355,
    "197": 294449.1908623059,
    "198": 617489.0297639681,
    "199": 130622.873255731,
    "200": 334212.8377892156,
    "201": 122058.79470038992,
    "202": 236767.49311867656,
    "203": 346734.89006312564,
    "204": 64664.669441438426,
    "205": 315740.4309757126,
    "206": 369290.58413082454,
    "207": 244183.24276982262,
    "208": 41143.10679257391,
    "209": 157777.13216353208,
    "210": 220051.5494377626,
    "211": 353167.870334869,
    "212": 82098.74213380176,
    "213": 119517.30842607982,
    "214": 183945.53310811386,
    "215": 118547.88623311734,
    "216": 25438.534106767984,
    "217": 403292.5379664403,
    "218": 222073.37417394845,
    "219": 131900.50983180173,
    "220": 330822.617836296,
    "221": 252016.16074798143,
    "222": 94017.54948431648,
    "223": 255471.4102422191,
    "224": 501427.17935830745,
    "225": 530564.5415321258,
    "226": 200652.04905653567,
    "227": 436567.8368928154,
    "228": 472555.43198034767,
    "229": 167576.8353968871,
    "230": 53607.542903587,
    "231": 365191.59763668425,
    "232": 220395.37909883377,
    "233": 148286.2181367606,
    "234": 513259.5667035842,
    "235": 80299.43364814464,
    "236": 62546.11138001129,
    "237": 120403.61326893745,
    "238": 237755.9754824125,
    "239": 241335.4820490703,
    "240": 181295.05589454758,
    "241": 286261.15422615537,
    "242": 124227.46764622649,
    "243": 112032.55899987058,
    "244": 762487.0671611627,
    "245": 91138.8134240319,
    "246": 107326.05844294917,
    "247": 65818.55920609919,
    "248": 40406.67055578121,
    "249": 333050.4375034856,
    "250": 21207.81736333842,
    "251": 348507.45810978377,
    "252": 640073.4495181028,
    "253": 146716.2603690663,
    "254": 489773.39790186996,
    "255": 273898.274280512,
    "256": 134888.30586138077,
    "257": 469054.96162318194,
    "258": 490334.1929476665,
    "259": 306096.6006885774,
    "260": 113048.49470089651,
    "261": 71850.53621482139,
    "262": 439434.1384982933,
    "263": 545256.9414546452,
    "264": 441106.8865391346,
    "265": 87227.93909344242,
    "266": 659479.7861978112,