{
    "1": 165084.07722477528,
    "2": 60165.75667558038,
    "3": 571961.7756087608,
    "4": 93984.23442601987,
    "5": 295227.10861498106,
    "6": 579985.0465941025,
    "7": 285477.320258989,
    "8": 201933.5685824549,
    "9": 70492.53545782114,
    "10": 164527.04135391282,
    "11": 69348.44667343734,
    "12": 257333.0348006392,
    "13": 103527.57658032847,
    "14": 251366.92598405835,
    "15": 209337.27240818206,
    "16": 169865.88480373472,
    "17": 632445.2691218654,
    "18": 123940.92213511083,
    "19": 181593.28531176888,
    "20": 103290.63177357812,
    "21": 469969.10333160986,
    "22": 242826.0507214951,
    "23": 449828.4693848007,
    "24": 146813.90630181725,
    "25": 93526.30977517665,
    "26": 183319.0190408672,
    "27": 273279.9710670718,
    "28": 138361.4761872893,
    "29": 233949.7537147051,
    "30": 32122.489596076946,
    "31": 316311.3118718248,
    "32": 155118.90631418876,
    "33": 452327.76408274553,
    "34": 208972.09688685084,
    "35": 229700.074135024,
    "36": 127108.726430574,
    "37": 262762.53933176276,
    "38": 53731.68159079721,
    "39": 299288.1096635639,
    "40": 176432.58915304003,
    "41": 470773.40706213017,
    "42": 202613.78975094162,
    "43": 608516.279370098,
    "44": 361256.67429145065,
    "45": 236009.16266181562,
    "46": 115761.63170286735,
    "47": 309746.3965818821,
    "48": 41867.12989661958,
    "49": 59207.461778408186,
    "50": 328933.678699482,
    "51": 191107.57145928123,
    "52": 206011.89073871626,
    "53": 47203.571133133235,
    "54": 889068.4309688609,
    "55": 226693.78254090235,
    "56": 212873.7213598571,
    "57": 215114.12939495474,
    "58": 250575.00438743003,
    "59": 299131.755718579,
    "60": 131456.78649420076,
    "61": 282919.81993516046,
    "62": 562812.5197023298,
    "63": 161389.18801090049,
    "64": 622025.8572666965,
    "65": 49045.35530988006,
    "66": 690582.1632595449,
    "67": 209657.20711928498,
    "68": 82754.29378244268,
    "69": 556331.3682955252,
    "70": 450443.20134048234,
    "71": 477417.9376848874,
    "72": 73758.47803469827,
    "73": 277046.3684432315,
    "74": 302586.86277861986,
    "75": 527168.2514345673,
    "76": 220072.85717953832,
    "77": 373220.294957128,
    "78": 299012.5029533444,
    "79": 358475.34655437805,
    "80": 220876.70116848283,
    "81": 313782.4789384677,
    "82": 135196.07761864027,
    "83": 467797.22051230876,
    "84": 86362.55348366889,
    "85": 302783.10381198843,
    "86": 624312.2299886635,
    "87": 174772.64177454772,
    "88": 398898.94469604513,
    "89": 433060.824030427,
    "90": 281489.1808442285,
    "91": 392303.07546248584,
    "92": 70229.5980136313,
    "93": 120750.66920425357,
    "94": 166811.23816198736,
    "95": 548894.8911454652,
    "96": 62347.1594940519,
    "97": 795627.6160905706,
    "98": 186125.36646830535,
    "99": 79420.53653425587,
    "100": 548815.317963879,
    "101": 323379.1992708803,
    "102": 122338.03325086505,
    "103": 231271.41974522133,
    "104": 288745.54327926406,
    "105": 64854.850980167954,
    "106": 370663.96566713665,
    "107": 25791.93722701642,
    "108": 139114.73289105383,
    "109": 273357.88332351303,
    "110": 296011.81358000264,
    "111": 542322.3032596736,
    "112": 332673.3729852687,
    "113": 225851.0537711423,
    "114": 297204.8344296078,
    "115": 13449.366847471965,
    "116": 136955.29666230635,
    "117": 272279.4992101176,
    "118": 119345.98461496923,
    "119": 327199.73662246944,
    "120": 314328.1648045411,
    "121": 158149.47532699275,
    "122": 45803.89045342554,
    "123": 167935.48143570925,
    "124": 458842.9672610109,
    "125": 147921.45282432952,
    "126": 719791.7373344823,
    "127": 198600.41320344358,
    "128": 139453.7816865228,
    "129": 103946.95561347,
    "130": 219521.8169344917,
    "131": 163998.3040177016,
    "132": 202532.58652051384,
    "133": 143088.7038909044,
    "134": 245697.9657376574,
    "135": 84327.98663755706,
    "136": 327294.36254338035,
    "137": 66849.14960758154,
    "138": 23590.557201713935,
    "139": 305856.6587147682,
    "140": 184633.37657316556,
    "141": 213632.29006352453,
    "142": 367431.4095466236,
    "143": 615051.7558079888,
    "144": 140141.09213835548,
    "145": 412406.3233765953,
    "146": 272559.204425782,
    "147": 140807.41822679254,
    "148": 238670.46821729033,
    "149": 30225.22290316023,
    "150": 645955.8029140575,
    "151": 248711.42180034664,
    "152": 160041.13550196844,
    "153": 116194.51385081123,
    "154": 497827.303484377,
    "155": 402016.7855378177,
    "156": 209163.10489428364,
    "157": 416439.7491833878,
    "158": 82162.68174843774,
    "159": 36847.35110831353,
    "160": 30428.90818048155,
    "161": 177598.5131144136,
    "162": 29438.698440260145,
    "163": 113737.00052672312,
    "164": 121372.83243563151,
    "165": 913208.8560558353,
    "166": 192337.8944410314,
    "167": 519698.12320197845,
    "168": 404536.0770859938,
    "169": 45230.81893144921,
    "170": 53724.19293619519,
    "171": 204383.98917904161,
    "172": 253531.37513887993,
    "173": 261974.46237613162,
    "174": 77357.0857457208,
    "175": 147101.6652604887,
    "176": 101798.03820066852,
    "177": 131876.34152156176,
    "178": 186510.5493548906,
    "179": 267182.0721705797,
    "180": 454954.0758453455,
    "181": 145189.88686484058,
    "182": 587983.024532697,
    "183": 101697.12954000378,
    "184": 527800.7614981707,
    "185": 258317.33011253356,
    "186": 252585.65382100962,
    "187": 149115.8470747356,
    "188": 446353.776385516,
    "189": 302097.63445003296,
    "190": 468574.3172740251,
    "191": 230209.28200582237,
    "192": 51776.47591222436,
    "193": 387710.0970825426,
    "194": 457953.15613364294,
    "195": 821373.5992310789,
    "196": 89850.76772975981,
    "197": 448399.29361052497,
    "198": 334670.52175746846,
    "199": 47828.94363964509,
    "200": 338818.68937983067,
    "201": 32648.198735903392,
    "202": 538022.138747209,
    "203": 271894.5390848112,
    "204": 444321.6602575059,
    "205": 374560.4500836414,
    "206": 80522.17632157696,
    "207": 593409.2044804068,
    "208": 189812.86917492386,
    "209": 154531.1921103714,
    "210": 399190.1943224794,
    "211": 72535.61928876926,
    "212": 656197.4465791073,
    "213": 137950.15704998776,
    "214": 198723.92019227982,
    "215": 793999.271777891,
    "216": 235963.57971107314,
    "217": 47383.94411347471,
    "218": 57324.1538497451,
    "219": 97127.3506501944,
    "220": 317647.4387921807,
    "221": 442076.4212085592,
    "222": 47512.66289874681,
    "223": 83438.62664230164,
    "224": 503433.4410594737,
    "225": 457956.9845206678,
    "226": 567010.5140000227,
    "227": 173425.236109212,
    "228": 327175.1747994627,
    "229": 279773.7098269955,
    "230": 232228.06949045556,
    "231": 269966.71282251173,
    "232": 164022.07480612144,
    "233": 229762.7911222691,
    "234": 201800.90707826064,
    "235": 27487.77647510558,
    "236": 509547.32392865495,
    "237": 395986.4633070431,
    "238": 177836.37271563208,
    "239": 332143.1661596433,
    "240": 136634.8846584947,
    "241": 153816.50945250102,
    "242": 165808.97503002977,
    "243": 217852.5181864986,
    "244": 328117.84478745714,
    "245": 546576.0232039924,
    "246": 464056.4506110662,
    "247": 269146.57997151674,
    "248": 123479.7734491163,
    "249": 294230.588881055,
    "250": 290151.2877393939,
    "251": 327280.57873612305,
    "252": 324747.195058986,
    "253": 170499.7874492961,
    "254": 82143.89012731334,
    "255": 111338.37732673578,
    "256": 327098.4860719337,
    "257": 133152.01827374942,
    "258": 230465.40373009903,
    "259": 145790.81891268495,
    "260": 54192.11506885722,
    "261": 592289.3441528468,
    "262": 263865.0222525202,
    "263": 217771.38128780184,
    "264": 346117.5891272483,
    "265": 105828.0981464389,
    "266": 18524.23367489628,
    "267": 337228.48834640725,