time,obj
0.14363790000000032,184913.32598166185
0.1423783000000003,182691.17822406432
0.14554210000000012,208183.64467905168
0.1382266999999997,215411.26961218988
0.1461901000000001,167921.26830729927
