time,obj
0.13929930000000024,149063.07391688766
0.16505370000000008,65622.42237311223
0.15558989999999984,79832.00473177852
0.14763349999999997,110866.5312025011
0.15494999999999992,42679.25777349952
