obj,time,mip_gap
1983948.010417326,0.007796699999999657,
