obj,time,mip_gap
2618300.5358315227,0.007924599999999948,
