obj,time,mip_gap
2150265.118100599,0.015630199999999927,
