obj,time,mip_gap
2086468.781011928,0.017926899999999968,
