obj,time,mip_gap
2518426.119373992,0.01338399999999984,
