obj,time,mip_gap
3135722.933922831,44.952426199999536,0.03905882545368342
