obj,time,mip_gap
2873791.561867074,117.6743047,0.047043908876601925
