obj,time,mip_gap
3023281.0668960074,19.77621840000029,0.024670486077840892
