obj,time,mip_gap
3151370.0630122256,55.21628950000013,0.0
