obj,time,mip_gap
3129439.803731676,38.95718289999968,0.026385410930740368
