obj,time,mip_gap
2861942.09589117,77.30093850000048,0.016438510650800906
