obj,time,mip_gap
2880832.2118175114,28.904555799999798,0.04302901715215526
