obj,time,mip_gap
3252441.5941923903,94.18864829999984,0.007176503671521283
