obj,time,mip_gap
3190746.680075586,130.10251570000037,0.04118882225575455
