obj,time,mip_gap
3032196.971433877,213.23128720000022,0.04415920774266976
