obj,time,mip_gap
3105154.6705372594,25.752642999999807,0.00544968016158544
