obj,time,mip_gap
2863018.080261084,46.33497360000001,0.0464215103620625
