obj,time,mip_gap
3068198.6782026254,75.01965609999934,0.0032759367053897107
