obj,time,mip_gap
2959528.050152761,79.22156209999957,0.012679700976319576
