obj,time,mip_gap
2878088.109280804,21.901922600001853,0.018550097302615143
