obj,time,mip_gap
3027212.7909379383,88.39797890000045,0.008899389185351662
