obj,time,mip_gap
3534535.0615276964,26.41672010000184,0.006678740639637414
