obj,time,mip_gap
3002500.95041556,40.83034199999747,0.03431291933417028
