obj,time,mip_gap
3200797.0219613723,22.23608520000198,0.029738906274228084
