obj,time,mip_gap
3076677.983940542,45.991724700001214,0.03250301464949904
