obj,time,mip_gap
3333497.045729009,124.79846820000239,0.0
