obj,time,mip_gap
3149599.5915356423,295.1529287000012,0.034518459054286084
