obj,time,mip_gap
3347063.6350304065,189.94948079999995,0.002486186343884177
