obj,time,mip_gap
3299907.487351592,315.2758952000004,0.0009585760923974319
