obj,time,mip_gap
3232905.1408241494,95.34493199999997,0.0365094609407243
