obj,time,mip_gap
2947515.0838609664,49.23323249999885,0.03774975653226374
