obj,time,mip_gap
3033632.0435281037,157.5329305999985,0.03379832479242283
