obj,time,mip_gap
2961355.8428375428,18.76298510000015,0.0
