obj,time,mip_gap
2981934.3861176996,24.55198139999993,0.002951246911692906
