obj,time,mip_gap
3183955.076938805,28.550606300001164,0.014769174135044605
