{
    "1": 289798.02198243875,
    "2": 652259.3729580404,
    "3": 195042.9225488793,
    "4": 62308.08224626684,
    "5": 253077.7076070138,
    "6": 309617.91050047515,
    "7": 214311.35924247038,
    "8": 321965.73141653615,
    "9": 475038.60509001306,
    "10": 641410.8228656795,
    "11": 250662.64491268742,
    "12": 228374.93750655916,
    "13": 130438.0805666471,
    "14": 97560.60517287556,
    "15": 136429.01271997354,
    "16": 328972.2054473371,
    "17": 215175.41422426066,
    "18": 147067.8783140285,
    "19": 538669.4434477983,
    "20": 31434.033675010072,
    "21": 590819.051981854,
    "22": 196681.18155535657,
    "23": 458536.643548304,
    "24": 120735.01409946856,
    "25": 103705.54382505412,
    "26": 295650.489156929,
    "27": 163472.42697185365,
    "28": 31076.569083326198,
    "29": 337841.3204684484,
    "30": 566043.8472637862,
    "31": 440672.1015117284,
    "32": 99594.26960368147,
    "33": 73901.59711771122,
    "34": 302783.06825679535,
    "35": 109026.3579898037,
    "36": 400131.86798281036,
    "37": 152476.9081361121,
    "38": 214282.39357057173,
    "39": 311676.49306768266,
    "40": 123037.42093271187,
    "41": 232451.44463715388,
    "42": 311889.1816946819,
    "43": 84970.57880022317,
    "44": 63573.15147147388,
    "45": 325493.72997425817,
    "46": 259015.07776829883,
    "47": 79397.83974934,
    "48": 61695.325356567366,
    "49": 112393.03210191231,
    "50": 120261.92471116575,
    "51": 316673.175861347,
    "52": 320453.3923662622,
    "53": 427901.044075137,
    "54": 223069.9520725306,
    "55": 43059.05415774766,
    "56": 43640.24649710512,
    "57": 362302.44684561976,
    "58": 328845.28784579184,
    "59": 127592.79680763904,
    "60": 432693.9239096097,
    "61": 146788.26835933435,
    "62": 325102.40018957347,
    "63": 698303.6769325061,
    "64": 80556.00957847733,
    "65": 165811.12746776975,
    "66": 619603.7397709476,
    "67": 509183.83686128067,
    "68": 106083.52334500705,
    "69": 235862.05623189,
    "70": 107350.54973358079,
    "71": 102506.50918779343,
    "72": 85984.80255393434,
    "73": 210545.5297163258,
    "74": 437265.62067113473,
    "75": 179961.2247679223,
    "76": 141818.00851451422,
    "77": 349257.8175338009,
    "78": 619927.5563461342,
    "79": 263112.1269162018,
    "80": 111349.87676961684,
    "81": 378512.5951637708,
    "82": 55799.58584768163,
    "83": 101806.82045046496,
    "84": 346106.83483039495,
    "85": 139057.30980849414,
    "86": 675197.454021146,
    "87": 96225.06295553342,
    "88": 358881.61742658494,
    "89": 83619.55602213586,
    "90": 99826.9643240399,
    "91": 477587.2344814232,
    "92": 372245.4887759324,
    "93": 314155.64493061,
    "94": 321780.4627369973,
    "95": 184638.16263427516,
    "96": 240979.19195851102,
    "97": 152809.44974765752,
    "98": 217556.00610204195,
    "99": 102712.20042979537,
    "100": 150272.6978037962,
    "101": 429372.80328912236,
    "102": 227381.6467895451,
    "103": 121466.37830355077,
    "104": 647231.7919510328,
    "105": 78057.99709628147,
    "106": 307630.76357721264,
    "107": 285574.15749222273,
    "108": 106524.07050998085,
    "109": 430116.68317960255,
    "110": 189067.4062297548,
    "111": 16623.85867622557,
    "112": 196348.28864140765,
    "113": 331499.05459663726,
    "114": 139840.0505645717,
    "115": 179923.39731676006,
    "116": 186267.48191600203,
    "117": 200727.9933264617,
    "118": 219337.71267539894,
    "119": 128078.79592894069,
    "120": 403855.40017662005,
    "121": 151688.25174373944,
    "122": 48619.281132382,
    "123": 37838.175440285595,
    "124": 159130.68094579043,
    "125": 486354.76657619776,
    "126": 78523.57300521062,
    "127": 170557.7901680941,
    "128": 44241.13282661604,
    "129": 403016.56828231213,
    "130": 880561.485058632,
    "131": 334824.560815548,
    "132": 777768.6416996806,
    "133": 142769.4551901062,
    "134": 250278.88620172214,
    "135": 117634.50387866976,
    "136": 247384.6927611258,
    "137": 181223.53057981975,
    "138": 77053.19282177431,
    "139": 34561.72973568133,
    "140": 102386.09164372507,
    "141": 400116.57243782055,
    "142": 148919.90476462076,
    "143": 122187.20412455368,
    "144": 277079.72333874996,
    "145": 29219.391899994233,
    "146": 210909.01280121107,
    "147": 323031.0078758373,
    "148": 77105.7896717258,
    "149": 33321.89337502065,
    "150": 718608.15469227,
    "151": 158020.5990887612,
    "152": 205846.03269425352,
    "153": 184806.5460447074,
    "154": 316965.4080689597,
    "155": 625847.5516166862,
    "156": 50740.005515104705,
    "157": 137314.1277510105,
    "158": 145698.07943199578,
    "159": 141093.47832709632,
    "160": 47802.28961783591,
    "161": 172191.51426999696,
    "162": 177367.40625212571,
    "163": 351657.23730857077,
    "164": 302571.2043005397,
    "165": 58367.067809002045,
    "166": 215760.46895025292,
    "167": 140741.19748243302,
    "168": 171089.89703886106,
    "169": 177281.23975371054,
    "170": 472927.49197670835,
    "171": 156800.34261878638,
    "172": 133839.28809931237,
    "173": 141701.4982907294,
    "174": 197571.3392650149,
    "175": 333123.808970642,
    "176": 180492.5156306271,
    "177": 4584.422746884646,
    "178": 377739.766714931,
    "179": 73331.83474349589,
    "180": 193165.33653234853,
    "181": 237225.3954187405,
    "182": 207060.38992793814,
    "183": 205063.048693345,
    "184": 494115.7912288375,
    "185": 113598.9320180089,
    "186": 93880.8615092624,
    "187": 80851.63427462362,
    "188": 542062.9601233124,
    "189": 217712.6412917517,
    "190": 307082.1514718925,
    "191": 298146.09116849094,
    "192": 225444.04082991643,
    "193": 216191.197307564,
    "194": 272803.0557812401,
    "195": 169878.5777584464,
    "196": 86772.34792366571,
    "197": 108073.84000978398,
    "198": 703268.2839370142,
    "199": 222295.80989922112,
    "200": 280826.3824398422,
    "201": 114774.32346277896,
    "202": 54991.97335951233,
    "203": 391525.33386262524,
    "204": 1071952.8127618714,
    "205": 213724.52096565563,
    "206": 68313.19091208294,
    "207": 279353.7723087249,
    "208": 334116.72245966055,
    "209": 369654.8310531803,
    "210": 173423.89429213497,
    "211": 176799.59374203996,
    "212": 546380.3696607276,
    "213": 347687.08392796415,
    "214": 94214.27611974558,
    "215": 135391.14783829064,
    "216": 315254.670099213,
    "217": 93584.22259512733,
    "218": 193338.923275456,
    "219": 341919.0416195662,
    "220": 287433.7188875061,
    "221": 68242.84015300055,
    "222": 63578.89284550692,
    "223": 470439.66780386766,
    "224": 103737.42388437409,
    "225": 219508.51267605615,
    "226": 562423.5750613667,
    "227": 452428.2445092418,
    "228": 47085.189066624574,
    "229": 335659.99515894253,
    "230": 344152.54245940485,
    "231": 77662.66252005598,
    "232": 85133.60186284434,
    "233": 563997.1690750903,
    "234": 93010.18715194792,
    "235": 332939.71095567127,
    "236": 253351.14010857703,
    "237": 78166.58127760692,
    "238": 50000.09548571836,
    "239": 168541.26653696754,
    "240": 313762.175775505,
    "241": 323065.31398148934,
    "242": 424467.9192818867,
    "243": 262049.0912206282,
    "244": 206807.2234071594,
    "245": 79421.86401358168,
    "246": 191263.83018271648,
    "247": 28577.488981287166,
    "248": 301166.2418632788,
    "249": 296314.29711169604,
    "250": 45125.347393627926,
    "251": 160523.41051108483,
    "252": 103399.83930444582,
    "253": 208395.67927464357,
    "254": 296528.33317656437,
    "255": 554828.5173524356,
    "256": 304249.00602925476,
    "257": 61537.484402314265,
    "258": 153825.28282558755,
    "259": 78488.04023717646,
    "260": 357171.0601479357,
    "261": 340767.85180330544,
    "262": 648233.603216364,
    "263": 518447.4801960448,
    "264": 268474.4783492235,
    "265": 182981.59104000524,
    "266": 452602.034788728,