{
    "1": 321642.2005639909,
    "2": 123757.80329914938,
    "3": 134967.2928420435,
    "4": 112311.86523475124,
    "5": 646862.3780864875,
    "6": 23598.26736255138,
    "7": 28972.25032127033,
    "8": 219336.12612248448,
    "9": 95042.55844978885,
    "10": 122668.78528328131,
    "11": 172149.39575978435,
    "12": 335428.9244746534,
    "13": 90476.57450499854,
    "14": 160152.73502654274,
    "15": 318623.56647382025,
    "16": 44026.47247811961,
    "17": 240614.10919459877,
    "18": 327065.3863787539,
    "19": 138332.0083439622,
    "20": 66987.8871455807,
    "21": 34762.651734833635,
    "22": 39128.629143337916,
    "23": 99756.79507837919,
    "24": 173244.0702742288,
    "25": 73697.13196570848,
    "26": 150929.8726047238,
    "27": 311024.8966795017,
    "28": 136364.12573189792,
    "29": 341950.6026387667,
    "30": 229311.98213060087,
    "31": 214295.82750051637,
    "32": 236301.17049019187,
    "33": 135248.05843376977,
    "34": 339590.48835974257,
    "35": 143479.8752729752,
    "36": 337424.78133149043,
    "37": 269199.60845742613,
    "38": 196727.46787460893,
    "39": 494130.3728932271,
    "40": 199771.78687587488,
    "41": 238541.0029457949,
    "42": 286112.807367682,
    "43": 166199.8170920846,
    "44": 226403.17043586768,
    "45": 65828.44092218713,
    "46": 168477.85969538163,
    "47": 150336.57507966217,
    "48": 171098.63556897265,
    "49": 451327.3671076005,
    "50": 94855.4784918218,
    "51": 50933.63288004769,
    "52": 378515.1251530781,
    "53": 143412.05641528763,
    "54": 292400.4447717549,
    "55": 236106.35379449936,
    "56": 180491.7557127639,
    "57": 513978.1604219341,
    "58": 64645.37226508034,
    "59": 164850.2215939546,
    "60": 220883.86276283555,
    "61": 226636.75834574402,
    "62": 187237.86669916954,
    "63": 208893.21949852942,
    "64": 213142.17392120347,
    "65": 271449.2890629556,
    "66": 250268.2040758829,
    "67": 334259.83322268515,
    "68": 161993.47703883427,
    "69": 102747.40794026939,
    "70": 266283.34849808144,
    "71": 106458.82034118247,
    "72": 36709.97044137666,
    "73": 84313.73692621042,
    "74": 215644.33869975133,
    "75": 218966.15448883644,
    "76": 211515.01219598736,
    "77": 237900.21996830706,
    "78": 114715.18366188585,
    "79": 73275.10600102336,
    "80": 175809.0795448582,
    "81": 433141.9002588623,
    "82": 471865.5304458343,
    "83": 346538.86514396133,
    "84": 141616.56979296927,
    "85": 186310.50315858796,
    "86": 260351.23688506236,
    "87": 202940.93311571746,
    "88": 197624.9017409602,
    "89": 90913.56080711057,
    "90": 259512.85123239405,
    "91": 63776.023475207796,
    "92": 268835.6387490606,
    "93": 139039.71652393826,
    "94": 258601.18942188082,
    "95": 299128.31226181006,
    "96": 237670.86534959037,
    "97": 39005.14178696913,
    "98": 155153.75399510437,
    "99": 343301.79324107856,
    "100": 250168.10954290393,
    "101": 167202.26305911114,
    "102": 145365.63118952233,
    "103": 248354.13743138645,
    "104": 682139.366473484,
    "105": 133526.1096660047,
    "106": 143260.47625440158,
    "107": 187104.4373851512,
    "108": 299214.8548904297,
    "109": 208033.99403437748,
    "110": 55386.890135820984,
    "111": 67299.72906895657,
    "112": 208864.09824697228,
    "113": 107161.56755330294,
    "114": 263480.3376244188,
    "115": 118144.9006211576,
    "116": 66302.56284262738,
    "117": 81821.6787029146,
    "118": 130717.31356253201,
    "119": 305024.92101661186,
    "120": 81910.14907654928,
    "121": 173558.266474823,
    "122": 346949.6573997191,
    "123": 554084.1605335645,
    "124": 192961.05034307772,
    "125": 253916.25636135877,
    "126": 566647.2086675892,
    "127": 91961.68644329098,
    "128": 234104.73898380678,
    "129": 126128.60667166127,
    "130": 400710.683021001,
    "131": 143138.42876064897,
    "132": 314962.0327013351,
    "133": 115925.71408563893,
    "134": 268696.77352378017,
    "135": 143566.93458668538,
    "136": 261392.26571808232,
    "137": 163661.77823789662,
    "138": 471990.05352003,
    "139": 132425.69063735937,
    "140": 216730.66344801686,
    "141": 241250.19405025,
    "142": 349126.9138405188,
    "143": 152662.3231819618,
    "144": 135408.3652871955,
    "145": 116071.92907096146,
    "146": 193980.2017715631,
    "147": 342282.08403182885,
    "148": 109042.99147116768,
    "149": 214115.75576835865,
    "150": 392641.3743418913,
    "151": 385503.2980924426,
    "152": 647928.621578595,
    "153": 319255.6470419681,
    "154": 129078.89386737274,
    "155": 366957.5601067744,
    "156": 475077.0375425764,
    "157": 14872.92701704382,
    "158": 280167.36187413987,
    "159": 194070.16556548246,
    "160": 296085.001209157,
    "161": 95809.70799406985,
    "162": 314064.05632689444,
    "163": 138029.5767646513,
    "164": 178608.74754143137,
    "165": 206665.9210307697,
    "166": 432355.8969652937,
    "167": 395777.81097819196,
    "168": 136670.8700160775,
    "169": 181764.24438653805,
    "170": 349725.31917731545,
    "171": 95832.62563031241,
    "172": 373957.8629936765,
    "173": 66363.07543143074,
    "174": 44274.50194838761,
    "175": 141801.80449201792,
    "176": 178354.09147350423,
    "177": 333851.1981612919,
    "178": 831438.1915528941,
    "179": 96219.74624429987,
    "180": 108130.62067519524,
    "181": 467146.7944083935,
    "182": 425310.6532965401,
    "183": 162131.89315675132,
    "184": 656515.1779422037,
    "185": 77602.9804469924,
    "186": 330934.156347737,
    "187": 16051.114205516227,
    "188": 239405.32716167337,
    "189": 314902.088608768,
    "190": 772435.0302236046,
    "191": 217298.46227132523,
    "192": 311584.7666995582,
    "193": 970612.7343376094,
    "194": 511521.3267280655,
    "195": 30061.21869848593,
    "196": 46588.739319838816,
    "197": 327915.130163556,
    "198": 671279.5436022241,
    "199": 546838.1055522778,
    "200": 275025.00342228275,
    "201": 215863.09429471873,
    "202": 384767.3975883789,
    "203": 314615.83890517993,
    "204": 156700.637240304,
    "205": 625602.9875295088,
    "206": 185106.4078183659,
    "207": 283008.17588693614,
    "208": 301969.6779370991,
    "209": 587395.5208244614,
    "210": 187187.03815322026,
    "211": 37819.31488550749,
    "212": 385620.77514333633,
    "213": 205706.71577041887,
    "214": 116964.566603956,
    "215": 249782.09134170666,
    "216": 460275.61458165257,
    "217": 193020.95566358496,
    "218": 95014.34697927149,
    "219": 66444.38997808011,
    "220": 150750.85315398307,
    "221": 212641.30811387487,
    "222": 208674.54011834212,
    "223": 26129.57026676622,
    "224": 696821.7957549655,
    "225": 860954.6926350561,
    "226": 336672.2714275119,
    "227": 193879.72278030717,
    "228": 290677.36957117065,
    "229": 317870.93130339,
    "230": 141752.07263454076,
    "231": 203154.6101877928,
    "232": 135834.96113020804,
    "233": 429206.98194744147,
    "234": 134565.6884864112,
    "235": 54774.229649357345,
    "236": 60959.2739735709,
    "237": 98375.09743980749,
    "238": 296602.1264755835,
    "239": 65484.326982065344,
    "240": 182734.40964700715,
    "241": 157658.45547994884,
    "242": 87182.57628541543,
    "243": 261176.63393723944,
    "244": 401911.8106946218,
    "245": 191415.90865438333,
    "246": 176860.64057925585,
    "247": 13511.90258441112,
    "248": 231952.48985860756,
    "249": 304438.5436999417,
    "250": 105025.9073740341,
    "251": 465872.95568802295,
    "252": 431019.7935694464,
    "253": 73108.15922656619,
    "254": 194218.4433172991,
    "255": 163454.1331830508,
    "256": 591486.2438944926,
    "257": 286710.6529777115,
    "258": 163792.5990014683,
    "259": 313195.205733992,
    "260": 69475.0890296869,
    "261": 113898.9829991049,
    "262": 218483.0397097564,
    "263": 119854.0184383071,
    "264": 297066.3774955399,
    "265": 112591.43720965768,
    "266": 241453.4172578844,