{
    "1": 46084.51454700106,
    "2": 144373.01555967698,
    "3": 43447.378125043535,
    "4": 31837.462467415222,
    "5": 266717.27115397365,
    "6": 238686.36441573658,
    "7": 258953.68934983542,
    "8": 315862.42370847653,
    "9": 342128.0208363415,
    "10": 60512.839688270215,
    "11": 325909.7981610817,
    "12": 616753.5183705378,
    "13": 142543.13860746424,
    "14": 700956.3886763573,
    "15": 303790.6413680845,
    "16": 88823.49780732727,
    "17": 77351.73697897625,
    "18": 16722.742922143752,
    "19": 279546.27324609266,
    "20": 253465.61477633307,
    "21": 193853.33174689967,
    "22": 354266.5945869553,
    "23": 189587.2047858378,
    "24": 840438.4282985654,
    "25": 556638.021969886,
    "26": 198584.35703558032,
    "27": 170637.56403069617,
    "28": 152488.49252636882,
    "29": 423159.1234673326,
    "30": 224500.4300089507,
    "31": 344145.4767263078,
    "32": 213378.40205701627,
    "33": 264434.6708436969,
    "34": 272324.2668302333,
    "35": 83846.61243873717,
    "36": 67555.56782927933,
    "37": 162903.03401151282,
    "38": 234253.0466010366,
    "39": 330211.066543696,
    "40": 146274.29232090313,
    "41": 72056.60171771611,
    "42": 123156.15456225957,
    "43": 143221.2296068132,
    "44": 663598.3524371657,
    "45": 142537.98384485717,
    "46": 49380.04919001733,
    "47": 340262.4476199126,
    "48": 252450.80916781723,
    "49": 613270.9905557092,
    "50": 199580.68526747552,
    "51": 141772.26168664097,
    "52": 191678.08239749254,
    "53": 341089.3970040234,
    "54": 198990.48099468474,
    "55": 204178.88682152974,
    "56": 30423.24323762276,
    "57": 81137.42703356182,
    "58": 378641.06334309326,
    "59": 254315.91411200844,
    "60": 248475.19344294185,
    "61": 454084.2829688243,
    "62": 138825.16584671373,
    "63": 154735.36028143024,
    "64": 222687.01739057756,
    "65": 192827.71455020315,
    "66": 261709.94189562078,
    "67": 97273.71304654737,
    "68": 487368.9939993275,
    "69": 233206.1880944175,
    "70": 65573.36454363837,
    "71": 258845.57667413552,
    "72": 114873.57617270979,
    "73": 95254.89782378057,
    "74": 196719.221455602,
    "75": 410436.64476612164,
    "76": 85582.83445176829,
    "77": 34891.65359981708,
    "78": 309871.3851784932,
    "79": 114664.84670331531,
    "80": 263494.3327925165,
    "81": 301098.34642078524,
    "82": 291172.3153629825,
    "83": 105424.20915615125,
    "84": 263705.49509070726,
    "85": 381027.742233352,
    "86": 80876.632566631,
    "87": 35085.8406103861,
    "88": 552113.5888541918,
    "89": 196618.64803997832,
    "90": 50062.513081014644,
    "91": 74254.73482773836,
    "92": 331569.77831031673,
    "93": 28345.46682148076,
    "94": 464795.925726144,
    "95": 179718.0546086894,
    "96": 281873.7971236667,
    "97": 137777.28317430938,
    "98": 573258.1294347192,
    "99": 144029.6563997541,
    "100": 149530.73677035765,
    "101": 54999.7420000261,
    "102": 121362.66347570268,
    "103": 127515.30673005029,
    "104": 87752.87415571361,
    "105": 83151.22730469493,
    "106": 519076.02531156095,
    "107": 146662.15692392012,
    "108": 150737.03428958997,
    "109": 446341.07849763235,
    "110": 163640.85195923317,
    "111": 143420.2644695271,
    "112": 35894.703406765984,
    "113": 127505.08273095766,
    "114": 240286.35295928718,
    "115": 248870.99178971606,
    "116": 61741.30052306609,
    "117": 194017.6070369788,
    "118": 194515.86076439806,
    "119": 241279.47439176575,
    "120": 120078.20438999614,
    "121": 254553.52409611974,
    "122": 112753.34597276263,
    "123": 240114.6016982767,
    "124": 97749.64659523616,
    "125": 126982.2111933168,
    "126": 613855.531426476,
    "127": 617077.9814520538,
    "128": 31535.015504334206,
    "129": 424900.5594062031,
    "130": 117260.02488782805,
    "131": 373746.8938059619,
    "132": 221711.03037664166,
    "133": 381592.3577497257,
    "134": 72826.14066058784,
    "135": 303021.6650172714,
    "136": 183463.05231149535,
    "137": 147010.91241737275,
    "138": 107183.80404455363,
    "139": 184478.4899449891,
    "140": 111705.2840916572,
    "141": 73213.01838690546,
    "142": 138757.47933140493,
    "143": 37038.43628557493,
    "144": 114292.58569050208,
    "145": 306848.6314366989,
    "146": 171032.25616080756,
    "147": 152054.23840703216,
    "148": 132086.22855697392,
    "149": 273771.07674915326,
    "150": 196188.4098523903,
    "151": 358608.79895583406,
    "152": 166582.77128982317,
    "153": 72782.25223182313,
    "154": 354844.67804625136,
    "155": 503416.8378224986,
    "156": 409851.70482049027,
    "157": 270130.9412658969,
    "158": 27837.38666613647,
    "159": 251219.71768373158,
    "160": 637967.1092416352,
    "161": 305902.9097772278,
    "162": 48901.48310629183,
    "163": 153964.39598362666,
    "164": 128392.66607155015,
    "165": 218058.5332714361,
    "166": 645420.1248817269,
    "167": 184141.71325163325,
    "168": 403093.36801729223,
    "169": 310907.1983457738,
    "170": 399939.5965092882,
    "171": 80783.06352716658,
    "172": 96553.73810415833,
    "173": 232665.80596886,
    "174": 277705.0701052044,
    "175": 289094.92229751137,
    "176": 694398.0173300623,
    "177": 53878.64826470936,
    "178": 378428.40957950696,
    "179": 198725.59325859972,
    "180": 406251.4744195448,
    "181": 62256.9144892402,
    "182": 42466.31434165526,
    "183": 242235.81632932005,
    "184": 211348.22896894763,
    "185": 157009.37227758428,
    "186": 256570.77718519967,
    "187": 250975.4293481179,
    "188": 82492.02104916613,
    "189": 335201.9297426015,
    "190": 233858.28531090653,
    "191": 25108.738248067573,
    "192": 92002.31925095254,
    "193": 291803.7568404336,
    "194": 89025.75415792105,
    "195": 519492.1060808101,
    "196": 5447.82125984199,
    "197": 211575.38510257372,
    "198": 390035.3155524041,
    "199": 159249.5556799826,
    "200": 107437.0014048861,
    "201": 134919.2989451052,
    "202": 473523.13771781774,
    "203": 466696.5879986763,
    "204": 89969.80416804645,
    "205": 284585.704857438,
    "206": 434226.57967299974,
    "207": 81335.92018843764,
    "208": 155848.5184926793,
    "209": 74560.41679304538,
    "210": 591361.2608919126,
    "211": 203337.62300109735,
    "212": 37322.53618320228,
    "213": 305383.88083635236,
    "214": 110566.42781121974,
    "215": 352584.5201426908,
    "216": 275144.2579946779,
    "217": 142039.93126484702,
    "218": 59226.784511688005,
    "219": 326695.29908620164,
    "220": 139397.40856960864,
    "221": 328571.35875305394,
    "222": 47972.266538965356,
    "223": 161634.46352672286,
    "224": 309162.31925120077,
    "225": 268238.6650607266,
    "226": 11827.12902730978,
    "227": 290466.1309664579,
    "228": 522868.43037683755,
    "229": 150175.6964601468,
    "230": 503639.2684788169,
    "231": 412834.15458160406,
    "232": 181923.63964669793,
    "233": 299902.1148179062,
    "234": 549968.2658418324,
    "235": 226754.33389309337,
    "236": 90752.38302325779,
    "237": 202625.10089530042,
    "238": 640142.5447147806,
    "239": 81843.02914038081,
    "240": 56687.09292717544,
    "241": 92111.98197378799,
    "242": 88111.79984459018,
    "243": 170187.94317771491,
    "244": 25074.168828200236,
    "245": 58243.09432477172,
    "246": 64308.62406493987,
    "247": 56314.90070539741,
    "248": 442171.6887575034,
    "249": 332653.6528753808,
    "250": 247295.34256893562,
    "251": 168494.98507373166,
    "252": 106012.6848731457,
    "253": 394759.10007465736,
    "254": 459979.7376748342,
    "255": 53968.81604269783,
    "256": 84106.70917818537,
    "257": 248921.86611883406,
    "258": 184859.62820790595,
    "259": 71262.5705347632,
    "260": 161733.96817265154,
    "261": 461295.25251737225,
    "262": 480745.05638124264,
    "263": 116189.39858086997,
    "264": 137276.88595507835,
    "265": 285154.99441560096,
    "266": 446720.7015404122,