{
    "1": 476162.91014432046,
    "2": 152772.6753993596,
    "3": 327225.701758914,
    "4": 360631.30168487964,
    "5": 115490.90403766911,
    "6": 199748.8038209742,
    "7": 291805.87269326445,
    "8": 364421.54228278354,
    "9": 118024.91969938226,
    "10": 170832.62626516484,
    "11": 224904.28801530966,
    "12": 337972.8880276303,
    "13": 347700.0090614383,
    "14": 242666.40396556657,
    "15": 285720.6253807794,
    "16": 296376.5548710612,
    "17": 382013.5618021789,
    "18": 90108.15020803241,
    "19": 887753.8284058454,
    "20": 175871.40082436847,
    "21": 463848.01593009464,
    "22": 51347.83120060052,
    "23": 538035.6445739317,
    "24": 81905.47983964592,
    "25": 533205.7354839417,
    "26": 834252.8583404527,
    "27": 139954.6118065275,
    "28": 740335.2141077203,
    "29": 250078.31945396366,
    "30": 455206.03530387534,
    "31": 376465.4616801868,
    "32": 553060.0288320851,
    "33": 251590.09488220495,
    "34": 148133.47065534527,
    "35": 274090.3661637033,
    "36": 247464.49069825062,
    "37": 140656.28844178235,
    "38": 278815.38283256546,
    "39": 102463.39645261521,
    "40": 272396.4292341008,
    "41": 33269.01831065696,
    "42": 16558.455986237434,
    "43": 46800.68936536043,
    "44": 109739.40581366415,
    "45": 109809.48986869257,
    "46": 182891.52657441114,
    "47": 236682.58071564976,
    "48": 102920.10445130685,
    "49": 107478.43608570127,
    "50": 378332.0117992214,
    "51": 151585.82787974903,
    "52": 450855.20421146095,
    "53": 131400.7493115208,
    "54": 124232.4240077545,
    "55": 105319.72530489057,
    "56": 114054.6507941983,
    "57": 68452.39893071138,
    "58": 71919.21737233693,
    "59": 164189.97614968714,
    "60": 134536.32145987247,
    "61": 62770.059270010686,
    "62": 448387.42164102773,
    "63": 545574.4141833143,
    "64": 133567.50725929934,
    "65": 39162.33861446147,
    "66": 125191.7235361103,
    "67": 559537.2992980247,
    "68": 78962.55506221276,
    "69": 120799.87092123675,
    "70": 551637.1419222583,
    "71": 190481.1384215409,
    "72": 158153.35820202425,
    "73": 51559.31984498303,
    "74": 26883.39820524547,
    "75": 50557.47490417301,
    "76": 1123456.1731668885,
    "77": 81235.13925820016,
    "78": 152542.03171558047,
    "79": 136415.51899573332,
    "80": 495105.10200671275,
    "81": 330215.0910368211,
    "82": 115222.04893775526,
    "83": 481069.47012414347,
    "84": 238585.62296671805,
    "85": 314490.746081852,
    "86": 428746.6376996728,
    "87": 250828.10202013172,
    "88": 71636.27894628765,
    "89": 133950.75066038017,
    "90": 63263.845555331885,
    "91": 141042.92355726025,
    "92": 611840.1319695446,
    "93": 95802.37949778009,
    "94": 257174.67413073685,
    "95": 74707.25228287886,
    "96": 108432.86772770433,
    "97": 273401.14456356276,
    "98": 191483.9026251357,
    "99": 297853.75563985604,
    "100": 811592.5314704014,
    "101": 466644.11554249463,
    "102": 510008.149093454,
    "103": 295781.4238464776,
    "104": 118353.12369948991,
    "105": 178788.84009499266,
    "106": 94773.88219191828,
    "107": 119463.08441505759,
    "108": 75096.29380891641,
    "109": 120753.52469927265,
    "110": 105834.14037811809,
    "111": 316815.8842328784,
    "112": 471653.9471588184,
    "113": 276210.57342803467,
    "114": 174360.9077791191,
    "115": 160447.53181072412,
    "116": 111153.62676339826,
    "117": 43932.283390031065,
    "118": 289440.64975257183,
    "119": 91589.28632670728,
    "120": 182853.1623489731,
    "121": 232982.39289183548,
    "122": 135433.71739442286,
    "123": 547065.2018597395,
    "124": 135179.39088665895,
    "125": 582562.593041447,
    "126": 45839.86196071308,
    "127": 60944.39690003921,
    "128": 123818.66687428056,
    "129": 69389.13769743702,
    "130": 537440.7949415713,
    "131": 38138.67734371241,
    "132": 106831.45540701895,
    "133": 272624.8254694609,
    "134": 74391.68674005917,
    "135": 494252.39088830544,
    "136": 250907.17619685899,
    "137": 79279.33019410065,
    "138": 667683.0345639163,
    "139": 52708.143627402256,
    "140": 372277.6737390877,
    "141": 460623.0419937419,
    "142": 64405.348813908175,
    "143": 276003.69778531016,
    "144": 340633.07238621917,
    "145": 259360.262192473,
    "146": 232917.39127742438,
    "147": 224380.84316363392,
    "148": 118690.3823564408,
    "149": 91649.04182824063,
    "150": 79256.29451211114,
    "151": 111762.63333979019,
    "152": 294613.91605095216,
    "153": 136685.22217801443,
    "154": 223813.8959468999,
    "155": 206720.56299556076,
    "156": 286876.02386573533,
    "157": 516965.30347156344,
    "158": 164869.1140302511,
    "159": 356509.28390978335,
    "160": 527557.3570285117,
    "161": 430172.5877319982,
    "162": 537927.973692561,
    "163": 73037.04434266989,
    "164": 247892.0969434023,
    "165": 25314.495576151865,
    "166": 34135.50362642727,
    "167": 188807.79703554083,
    "168": 323492.42263845477,
    "169": 78837.96671631429,
    "170": 95894.73808347176,
    "171": 85581.75147269775,
    "172": 271822.1548110566,
    "173": 137348.12129176705,
    "174": 125896.75461773406,
    "175": 114052.53111497585,
    "176": 228165.7745321619,
    "177": 5861.899065217407,
    "178": 289904.3808312662,
    "179": 309254.1250445135,
    "180": 229988.4363156364,
    "181": 20614.88579570035,
    "182": 246565.76494937774,
    "183": 293959.51777450606,
    "184": 48637.475753195184,
    "185": 449021.6037138531,
    "186": 234203.7319536443,
    "187": 70538.13479919567,
    "188": 298681.03603211814,
    "189": 262543.94790871564,
    "190": 392241.6179119648,
    "191": 84826.0850896777,
    "192": 458355.74743583193,
    "193": 114661.92283172529,
    "194": 282657.88430123904,
    "195": 296629.77389159956,
    "196": 218844.08595967147,
    "197": 34147.06701719316,
    "198": 319389.77881022653,
    "199": 259143.07299095526,
    "200": 100697.06760609425,
    "201": 83007.23349418711,
    "202": 332924.5010103365,
    "203": 29990.631504371482,
    "204": 130550.37936166624,
    "205": 67178.81725904344,
    "206": 96465.08458204054,
    "207": 103186.2130506057,
    "208": 172664.5880901558,
    "209": 92814.34664747314,
    "210": 128675.09762492026,
    "211": 57231.52986139355,
    "212": 310573.6241140042,
    "213": 93012.40374084808,
    "214": 215534.80822409838,
    "215": 64110.90031837539,
    "216": 384746.4490583793,
    "217": 214234.7537303721,
    "218": 275074.770622428,
    "219": 97764.30047817818,
    "220": 119549.46393653216,
    "221": 2483.4923909637173,
    "222": 83576.80840314474,
    "223": 131206.78213907513,
    "224": 128593.43739964285,
    "225": 158223.0593566247,
    "226": 62341.06227747254,
    "227": 263521.3814723803,
    "228": 193140.86752470274,
    "229": 343894.0848035382,
    "230": 377240.6716561923,
    "231": 275129.68941981957,
    "232": 327162.49809925613,
    "233": 104747.52275401332,
    "234": 101066.54105536835,
    "235": 291435.1527255655,
    "236": 7384.494052790497,
    "237": 8801.841991048483,
    "238": 126453.41112118485,
    "239": 272272.7532085183,
    "240": 73479.036815346,
    "241": 178950.5350660697,
    "242": 520706.70588477945,
    "243": 522124.3861879652,
    "244": 179131.74661871613,
    "245": 552536.5446333111,
    "246": 275449.6026502489,
    "247": 219725.92562681533,
    "248": 62930.12800206754,
    "249": 137582.32048891578,
    "250": 485660.6081600097,
    "251": 259093.95792822732,
    "252": 283530.1718023936,
    "253": 23277.77276110287,
    "254": 362366.1245095493,
    "255": 428603.6921541681,
    "256": 140335.05498602233,
    "257": 356969.649430512,
    "258": 69615.63140647538,
    "259": 384201.54855226015,
    "260": 80696.72390888372,
    "261": 158225.63995138154,
    "262": 357650.4791119106,
    "263": 289611.0243075932,
    "264": 72903.89408117688,
    "265": 79220.54894129834,
    "266": 440304.71486417914,