{
    "1": 270781.7252533639,
    "2": 145162.89039352324,
    "3": 226231.47782357223,
    "4": 248165.16049037522,
    "5": 27890.833793985697,
    "6": 499589.79291979637,
    "7": 58427.4555093883,
    "8": 407999.68350462423,
    "9": 307088.0741074631,
    "10": 181352.01454722043,
    "11": 166859.39416239894,
    "12": 89241.06722069549,
    "13": 176335.87113142942,
    "14": 398157.52974390634,
    "15": 211268.4729206798,
    "16": 759048.5029973417,
    "17": 518257.79646659736,
    "18": 441632.6605584991,
    "19": 301470.46631636383,
    "20": 254491.33301953503,
    "21": 37909.45496667625,
    "22": 309192.494397934,
    "23": 161613.4794549946,
    "24": 417260.6695455245,
    "25": 80269.99055455076,
    "26": 209288.10998114382,
    "27": 136982.2120197008,
    "28": 272351.45936133596,
    "29": 101787.23515016312,
    "30": 362718.148750735,
    "31": 95667.48832414881,
    "32": 165347.32426234844,
    "33": 223074.2786978684,
    "34": 39069.74865870912,
    "35": 212125.14321480424,
    "36": 417374.7409970246,
    "37": 45826.63071066175,
    "38": 63898.41191828748,
    "39": 600814.595906229,
    "40": 135987.47578307762,
    "41": 594079.3620633145,
    "42": 655620.0200951211,
    "43": 131941.22730956422,
    "44": 207846.85363499649,
    "45": 394309.1281226404,
    "46": 497845.01771030703,
    "47": 204660.30661630008,
    "48": 146694.33828917926,
    "49": 240101.84824420468,
    "50": 181491.47621625554,
    "51": 114688.14053219461,
    "52": 100303.4930813049,
    "53": 638418.1616989258,
    "54": 220255.9383338766,
    "55": 131493.319693014,
    "56": 160830.59322879586,
    "57": 93047.30188116022,
    "58": 207159.81267723357,
    "59": 160715.60032050437,
    "60": 193423.42791885714,
    "61": 177769.5507521109,
    "62": 503444.3672864408,
    "63": 224723.60451580043,
    "64": 254075.43595411573,
    "65": 241062.33523974693,
    "66": 270747.5906342091,
    "67": 26715.965934983553,
    "68": 198770.9231107875,
    "69": 267772.5397717205,
    "70": 574020.8189422159,
    "71": 491161.2077695143,
    "72": 623585.2429553623,
    "73": 287460.3009052973,
    "74": 91495.39860860744,
    "75": 122214.28787695312,
    "76": 240653.9417934613,
    "77": 113253.82697304602,
    "78": 832636.0472787243,
    "79": 222706.32266530907,
    "80": 250936.66110164844,
    "81": 400608.49705030234,
    "82": 368166.0000529256,
    "83": 136727.54106250635,
    "84": 81894.69268462369,
    "85": 369315.0364418993,
    "86": 65519.23321671701,
    "87": 252766.20151610527,
    "88": 659714.433305816,
    "89": 253641.67356396694,
    "90": 481565.96270914574,
    "91": 273664.9541134208,
    "92": 25299.208692810113,
    "93": 938482.1199727167,
    "94": 196256.08074845755,
    "95": 807988.419244696,
    "96": 165424.0411375317,
    "97": 66575.12428111157,
    "98": 176012.61660236138,
    "99": 296385.8698526797,
    "100": 89717.47713821645,
    "101": 98518.51223513177,
    "102": 162120.73562722545,
    "103": 67291.48842717452,
    "104": 218541.25568569583,
    "105": 235836.6392676403,
    "106": 284100.5158805841,
    "107": 286058.3982031498,
    "108": 396131.69029038,
    "109": 234445.40596250788,
    "110": 257524.90332902785,
    "111": 713484.2839146736,
    "112": 173022.74775130406,
    "113": 56115.084166963876,
    "114": 332475.32179907744,
    "115": 285229.4219111707,
    "116": 192231.26000006686,
    "117": 179706.27321900247,
    "118": 267609.5442552545,
    "119": 482148.86020719167,
    "120": 557039.8378771635,
    "121": 70058.39317236743,
    "122": 39007.26931109666,
    "123": 291261.40899700543,
    "124": 29179.121886597226,
    "125": 652777.694625178,
    "126": 535213.8444266579,
    "127": 344429.2046842304,
    "128": 48675.91954900234,
    "129": 59835.24286457987,
    "130": 771604.507302987,
    "131": 176215.4259203704,
    "132": 135642.975516553,
    "133": 323230.8113535515,
    "134": 308690.72962183575,
    "135": 289838.3548488752,
    "136": 581537.453595209,
    "137": 131417.5960431203,
    "138": 291722.01862072496,
    "139": 125880.42328069464,
    "140": 146577.60742867118,
    "141": 17472.39152952098,
    "142": 78372.85356780226,
    "143": 75883.59932390854,
    "144": 283767.259832457,
    "145": 188828.7120137986,
    "146": 396578.9418646764,
    "147": 122288.46903092189,
    "148": 75117.3327079864,
    "149": 605645.7996424885,
    "150": 244130.93215465196,
    "151": 389526.6740678041,
    "152": 247281.1547866764,
    "153": 74686.45685951042,
    "154": 240377.6748153446,
    "155": 310463.70830155275,
    "156": 231303.87856328097,
    "157": 43749.79404425607,
    "158": 218793.32288630994,
    "159": 87060.46953808436,
    "160": 208115.32332007666,
    "161": 25361.72243944351,
    "162": 201863.80571500646,
    "163": 132657.29000817362,
    "164": 45158.35262847804,
    "165": 34264.03304815362,
    "166": 211157.3010911257,
    "167": 397650.06846759474,
    "168": 177704.14145912632,
    "169": 210269.08629144062,
    "170": 385039.5742619256,
    "171": 249916.4782475975,
    "172": 261834.37542519445,
    "173": 305313.08652465185,
    "174": 729411.4254342187,
    "175": 459414.7551754154,
    "176": 198231.72686983497,
    "177": 86196.56710830134,
    "178": 184215.92824299922,
    "179": 212740.3746920542,
    "180": 64609.183703489594,
    "181": 93025.28497239659,
    "182": 504611.9920973996,
    "183": 365785.1060062631,
    "184": 385694.2849278878,
    "185": 180216.83676756112,
    "186": 244305.15748300988,
    "187": 200123.53968142197,
    "188": 73081.28895730991,
    "189": 582960.1172557657,
    "190": 236221.11246038025,
    "191": 68567.81156524777,
    "192": 264830.2287390028,
    "193": 475042.50588607776,
    "194": 247259.02930950228,
    "195": 292113.0265738375,
    "196": 391371.6718170095,
    "197": 599983.1317341655,
    "198": 445421.98240523477,
    "199": 131653.157419073,
    "200": 82196.76015081613,
    "201": 97226.88456764862,
    "202": 260448.2813323339,
    "203": 49187.23122979507,
    "204": 569382.3115455235,
    "205": 381534.2651217037,
    "206": 261967.9757426775,
    "207": 194688.34935658358,
    "208": 271774.1338873768,
    "209": 124800.15735461522,
    "210": 164650.68110892826,
    "211": 312230.05081097333,
    "212": 402286.892183902,
    "213": 688720.5341743984,
    "214": 409194.94262130716,
    "215": 837753.0290387922,
    "216": 384635.709063023,
    "217": 170706.50383654702,
    "218": 214997.70735004544,
    "219": 401002.1239812902,
    "220": 898464.5127896313,
    "221": 450427.611117231,
    "222": 225149.5474760648,
    "223": 129982.31626027191,
    "224": 136169.20563300184,
    "225": 400174.87996309466,
    "226": 196748.25549657448,
    "227": 269228.8612519581,
    "228": 78122.84616490977,
    "229": 231024.32341663472,
    "230": 65621.81652017446,
    "231": 19795.321907554273,
    "232": 240750.72932170058,
    "233": 61073.56288090134,
    "234": 65305.840725755035,
    "235": 184546.1700684627,
    "236": 241303.51443529731,
    "237": 541729.0548358028,
    "238": 516146.7045108786,
    "239": 900089.1049103242,
    "240": 343442.0966685861,
    "241": 256085.02710322684,
    "242": 202733.41352468298,
    "243": 139006.58824397615,
    "244": 120607.10158848458,
    "245": 398580.78725427337,
    "246": 542878.6506839491,
    "247": 79758.73669789736,
    "248": 975624.6164410402,
    "249": 159377.01502704658,
    "250": 65015.637949686985,
    "251": 64055.349946841496,
    "252": 201315.55978642683,
    "253": 293378.9620479092,
    "254": 24014.19034083212,
    "255": 266429.2533908522,
    "256": 300741.0367819247,
    "257": 217249.89947193497,
    "258": 88708.23677223395,
    "259": 121264.23557288412,
    "260": 566866.0708052136,
    "261": 371081.7947107841,
    "262": 468158.71569517977,
    "263": 332665.2041392253,
    "264": 297287.28883309744,
    "265": 231754.50343884234,
    "266": 286785.1293311134,
    "267": 30301.75185629325,