{
    "1": 81000.5149658905,
    "2": 157091.7302083501,
    "3": 390377.41753354645,
    "4": 116396.05720012981,
    "5": 431534.6235151027,
    "6": 111552.76929002031,
    "7": 350624.03265112144,
    "8": 143331.27303059743,
    "9": 116992.17457442457,
    "10": 609639.898962533,
    "11": 160679.76091554674,
    "12": 134961.77950469285,
    "13": 415799.8190908394,
    "14": 117143.60018127208,
    "15": 253251.51278306774,
    "16": 24609.73130535776,
    "17": 247279.88224006866,
    "18": 692266.0486745356,
    "19": 237622.014494474,
    "20": 359248.77506733,
    "21": 102423.15015616675,
    "22": 156263.73827048801,
    "23": 246039.61243173236,
    "24": 275229.10839237995,
    "25": 133299.0771915684,
    "26": 392377.19814805844,
    "27": 583483.2371110253,
    "28": 162891.5802880539,
    "29": 512753.3956808868,
    "30": 234153.5873946155,
    "31": 300625.18138605345,
    "32": 296707.60291823477,
    "33": 406611.4187352762,
    "34": 232322.23050826817,
    "35": 116219.38028875561,
    "36": 308484.27800820064,
    "37": 157311.89729541977,
    "38": 101005.94204779917,
    "39": 432415.9135026227,
    "40": 175689.59972671868,
    "41": 257084.8607092791,
    "42": 240746.11019328458,
    "43": 334258.67818462587,
    "44": 66448.63911958906,
    "45": 186274.19230647598,
    "46": 188342.44983543633,
    "47": 28571.98204586428,
    "48": 307098.6583008882,
    "49": 840806.7043545593,
    "50": 264542.853348418,
    "51": 222517.3832121428,
    "52": 10669.261035547805,
    "53": 155317.48458080503,
    "54": 41171.78713124922,
    "55": 247826.3248803412,
    "56": 57241.39163847763,
    "57": 140144.8288261653,
    "58": 701385.9520072702,
    "59": 20393.351390346594,
    "60": 243349.57641079178,
    "61": 255551.18449595684,
    "62": 408048.1151569171,
    "63": 177255.5656066499,
    "64": 191169.96016153865,
    "65": 262241.97042387736,
    "66": 122591.98173684707,
    "67": 267239.9237391766,
    "68": 92360.78726222961,
    "69": 286270.2425887809,
    "70": 242340.54940109042,
    "71": 98714.78634317975,
    "72": 113139.6548546778,
    "73": 302687.71615841537,
    "74": 130456.75667895356,
    "75": 191146.58004370215,
    "76": 631942.5244568894,
    "77": 497429.8551394049,
    "78": 103021.27167532977,
    "79": 717288.5262708878,
    "80": 232189.1087354999,
    "81": 112816.67823696998,
    "82": 267082.0658038731,
    "83": 187008.3418901589,
    "84": 244670.81238913792,
    "85": 149098.6095313764,
    "86": 262233.4809583739,
    "87": 178087.242127394,
    "88": 101142.02926649715,
    "89": 338611.4087262624,
    "90": 103610.65215002443,
    "91": 131780.51492393966,
    "92": 370761.6458095899,
    "93": 288548.41210169555,
    "94": 128939.68904325688,
    "95": 120143.25030609776,
    "96": 297306.55377399304,
    "97": 202273.7407355517,
    "98": 226177.46214679393,
    "99": 239467.36188708144,
    "100": 84213.39096475496,
    "101": 415645.1590269764,
    "102": 210681.91118050975,
    "103": 90766.79582370633,
    "104": 237107.2779961617,
    "105": 253760.44927132258,
    "106": 146791.34101868613,
    "107": 79706.05415704576,
    "108": 120624.96144638016,
    "109": 65071.760707526584,
    "110": 252929.24857846217,
    "111": 234707.41299848346,
    "112": 204793.92359018855,
    "113": 258483.96192775093,
    "114": 217060.1237775188,
    "115": 932041.0762562187,
    "116": 208257.16687212858,
    "117": 443673.7252386571,
    "118": 496904.5840329583,
    "119": 224350.65491774332,
    "120": 136957.97648621755,
    "121": 231785.60061105352,
    "122": 18176.870356137337,
    "123": 161009.77359047625,
    "124": 465474.84859394556,
    "125": 317828.9823051014,
    "126": 274095.5263187478,
    "127": 216103.2333371343,
    "128": 133740.59213547647,
    "129": 124548.17310744048,
    "130": 470962.54821573163,
    "131": 295701.6179057736,
    "132": 89123.18186323787,
    "133": 82212.4861560627,
    "134": 572890.7563042874,
    "135": 235734.94635036765,
    "136": 194316.07756658294,
    "137": 190998.0416381283,
    "138": 188300.19914576196,
    "139": 71637.363734588,
    "140": 225540.2108026983,
    "141": 198005.2580927306,
    "142": 165059.17052875893,
    "143": 187619.741587762,
    "144": 99466.33401520552,
    "145": 178193.65153450862,
    "146": 131136.49947554426,
    "147": 187746.21720928725,
    "148": 465143.11847046326,
    "149": 160462.60785917236,
    "150": 323385.6145921983,
    "151": 193112.17642356546,
    "152": 104099.95396520708,
    "153": 78168.94701806194,
    "154": 367849.6971118455,
    "155": 395797.43022001133,
    "156": 370931.7669663534,
    "157": 262678.3173590062,
    "158": 68266.47497409098,
    "159": 108399.34391924138,
    "160": 310528.0219194339,
    "161": 218645.47392495585,
    "162": 226356.8446501799,
    "163": 83413.66344435274,
    "164": 495625.97030333005,
    "165": 465767.3606849511,
    "166": 652818.6139128582,
    "167": 42659.14571022315,
    "168": 472907.30331847956,
    "169": 199270.71736037525,
    "170": 318764.142939645,
    "171": 172209.37521636052,
    "172": 188522.78623684894,
    "173": 280984.04511986655,
    "174": 232556.53558630391,
    "175": 48616.1940050849,
    "176": 446701.76240208274,
    "177": 309465.0479810339,
    "178": 101035.21566326795,
    "179": 388827.7839200487,
    "180": 218162.59402253712,
    "181": 492384.5679362245,
    "182": 304389.1714795673,
    "183": 116457.7401163405,
    "184": 177790.2814825731,
    "185": 420408.17389297875,
    "186": 268945.3040447009,
    "187": 43125.3899263351,
    "188": 303556.32923750667,
    "189": 262523.8726556508,
    "190": 333052.28919573454,
    "191": 103354.01267398684,
    "192": 124885.90339040232,
    "193": 20290.78200840082,
    "194": 71606.66501992205,
    "195": 291666.3431931014,
    "196": 370838.45835821517,
    "197": 258564.9564455063,
    "198": 207154.92303660326,
    "199": 163975.28993005215,
    "200": 61213.46570314243,
    "201": 96882.6279263125,
    "202": 378686.38407061057,
    "203": 227574.39625859988,
    "204": 106555.40587945894,
    "205": 216876.03243052095,
    "206": 339164.62683696294,
    "207": 32569.291956395482,
    "208": 273633.8017809923,
    "209": 92264.59066977914,
    "210": 94617.05744429972,
    "211": 380785.9617509487,
    "212": 397280.92149208067,
    "213": 127599.99426507347,
    "214": 226582.38699259778,
    "215": 22832.47248001392,
    "216": 119050.00673884318,
    "217": 334721.9641018827,
    "218": 46335.030697658876,
    "219": 85634.66920689006,
    "220": 398632.664922779,
    "221": 53162.901069568914,
    "222": 122736.79861807289,
    "223": 102491.3539443375,
    "224": 108671.27619657456,
    "225": 260210.12530438657,
    "226": 160774.34636939655,
    "227": 134552.66966421338,
    "228": 450132.13552946184,
    "229": 262085.1834239218,
    "230": 152112.39195794368,
    "231": 60957.406036037355,
    "232": 125898.5043765977,
    "233": 79929.64479257302,
    "234": 132485.69479480642,
    "235": 201803.85627496045,
    "236": 181742.82680646647,
    "237": 254512.25091093278,
    "238": 252956.59871920175,
    "239": 52128.90618339231,
    "240": 103857.28386330542,
    "241": 196193.77047702557,
    "242": 109770.66311297659,
    "243": 179246.1715117722,
    "244": 12745.126986294104,
    "245": 46836.634376921116,
    "246": 39371.76725518283,
    "247": 215259.9233304392,
    "248": 193735.8102132131,
    "249": 397597.47510079725,
    "250": 303923.67755677714,
    "251": 480037.4416083709,
    "252": 62662.78079868682,
    "253": 438321.8137930237,
    "254": 269166.43727427593,
    "255": 321126.0805376605,
    "256": 86447.35300717108,
    "257": 323357.1737584581,
    "258": 714412.4669666698,
    "259": 86455.22810862989,
    "260": 184382.9727978597,
    "261": 379434.5991088904,
    "262": 188236.6103879443,
    "263": 290164.8643744433,
    "264": 223705.23982963045,
    "265": 15564.298112824637,
    "266": 42402.68266223935,