{
    "1": 297531.4910431692,
    "2": 216112.25190424224,
    "3": 378829.0001227076,
    "4": 473091.2621789961,
    "5": 121056.07207757253,
    "6": 41230.29150287558,
    "7": 264245.35788013716,
    "8": 61326.29300638086,
    "9": 102530.52153988564,
    "10": 437307.6976824708,
    "11": 140375.4252658772,
    "12": 49756.350418970476,
    "13": 323611.39452400163,
    "14": 66449.07966022356,
    "15": 63902.730117059524,
    "16": 182602.83542043425,
    "17": 37122.79450930657,
    "18": 288571.10384836374,
    "19": 196135.61296914765,
    "20": 147970.51641164013,
    "21": 242260.32510592154,
    "22": 21882.896986511405,
    "23": 273697.4219747546,
    "24": 660915.5774609332,
    "25": 185006.02333910414,
    "26": 169725.8950904096,
    "27": 444264.4025023274,
    "28": 256290.43479280072,
    "29": 219509.74930462733,
    "30": 223807.61229187998,
    "31": 28929.220261687347,
    "32": 41562.42869673,
    "33": 682940.7400936491,
    "34": 237310.3584355328,
    "35": 252797.71625246096,
    "36": 290327.86288300203,
    "37": 199523.51771423902,
    "38": 188419.5475515365,
    "39": 38300.95825708729,
    "40": 174352.80718740862,
    "41": 359276.36717299937,
    "42": 82329.7934057247,
    "43": 22990.53135538471,
    "44": 32290.079074704,
    "45": 381008.98192050104,
    "46": 104587.65475665437,
    "47": 173281.43106133377,
    "48": 206371.75116703598,
    "49": 113944.68094396789,
    "50": 234063.75824588508,
    "51": 373713.8805529815,
    "52": 323233.2902675767,
    "53": 301171.3449701712,
    "54": 56307.79825985776,
    "55": 201570.7636778284,
    "56": 331179.8848091052,
    "57": 314904.64493969776,
    "58": 51787.3436477426,
    "59": 351065.7669922513,
    "60": 236401.88270878626,
    "61": 323473.58169287076,
    "62": 246089.64614771938,
    "63": 77086.81760043408,
    "64": 14341.162274808936,
    "65": 131402.88053072421,
    "66": 147142.51853053176,
    "67": 231143.52101198505,
    "68": 229853.06432508174,
    "69": 532181.4967730518,
    "70": 926976.5224735191,
    "71": 65753.4500155665,
    "72": 62962.532070881236,
    "73": 537124.6458014013,
    "74": 202800.45333591476,
    "75": 28327.381886487645,
    "76": 80971.23504013258,
    "77": 31100.358336139747,
    "78": 332805.8316072735,
    "79": 232572.2776092586,
    "80": 265933.96627060877,
    "81": 646422.1547641603,
    "82": 159191.41531961973,
    "83": 85871.55440963722,
    "84": 227415.76093247917,
    "85": 248372.00586782835,
    "86": 545160.2036248287,
    "87": 385711.71807921946,
    "88": 173273.31585651025,
    "89": 82061.10014391929,
    "90": 159932.07890414342,
    "91": 125694.71572352144,
    "92": 260702.56168305688,
    "93": 72183.28038777578,
    "94": 194425.96011983848,
    "95": 202939.19133537883,
    "96": 91622.66598102135,
    "97": 158893.87684199394,
    "98": 96444.71451806309,
    "99": 214636.56460251228,
    "100": 115692.49843882276,
    "101": 142979.62252710224,
    "102": 142998.49620779118,
    "103": 98542.04596831542,
    "104": 81588.10727556208,
    "105": 220464.1477172086,
    "106": 202441.78559868914,
    "107": 77760.80710661404,
    "108": 37658.717054365974,
    "109": 458285.3452141074,
    "110": 384999.29632518365,
    "111": 78516.32631205187,
    "112": 217314.9370560014,
    "113": 210601.67814644234,
    "114": 114080.12296273794,
    "115": 131816.22687206118,
    "116": 492922.1375856697,
    "117": 143784.5026499191,
    "118": 33671.5033746203,
    "119": 413765.020668395,
    "120": 48290.37352323661,
    "121": 114915.12045500246,
    "122": 139409.020402141,
    "123": 316965.7197860578,
    "124": 402278.29474731756,
    "125": 624978.1765619646,
    "126": 190434.65072545403,
    "127": 442311.4427933657,
    "128": 435410.5124735786,
    "129": 156423.30505437974,
    "130": 295312.31142022304,
    "131": 119132.42767124486,
    "132": 78430.85906240217,
    "133": 145457.74941233895,
    "134": 124782.04453325704,
    "135": 353773.51175075106,
    "136": 94492.48522086878,
    "137": 111707.3564565556,
    "138": 221513.5349694516,
    "139": 376486.50433275825,
    "140": 310825.97408478026,
    "141": 100521.45301403465,
    "142": 149509.62043188166,
    "143": 317368.7523370995,
    "144": 105047.70352775691,
    "145": 330483.151275813,
    "146": 470092.49681868736,
    "147": 358646.5403077197,
    "148": 675705.0846421747,
    "149": 220446.02624627203,
    "150": 28949.618747216162,
    "151": 305187.9661125129,
    "152": 145889.6109337633,
    "153": 207225.11463026103,
    "154": 17010.457628894554,
    "155": 270461.47079394007,
    "156": 224453.19363952367,
    "157": 422842.98005091,
    "158": 213178.86259069378,
    "159": 250528.7105032197,
    "160": 175168.92365155162,
    "161": 160298.65506580737,
    "162": 813230.9229575201,
    "163": 146817.7723851335,
    "164": 121904.50993900317,
    "165": 459906.9955069249,
    "166": 536361.9890623107,
    "167": 65246.94314590208,
    "168": 233399.48540578663,
    "169": 216219.93562729057,
    "170": 110589.89408434645,
    "171": 306312.90266685555,
    "172": 69248.17421036545,
    "173": 226091.4365152227,
    "174": 251157.6126293623,
    "175": 202352.96058884205,
    "176": 217853.31070778996,
    "177": 589126.243421629,
    "178": 366637.9695867913,
    "179": 67424.85632587723,
    "180": 147242.8430147649,
    "181": 132026.70446631854,
    "182": 102204.36339078506,
    "183": 758247.3150093228,
    "184": 139887.32606484968,
    "185": 236190.90809009288,
    "186": 364159.10443623684,
    "187": 765581.8208825486,
    "188": 156710.65156154937,
    "189": 88885.16866987225,
    "190": 127342.50971028215,
    "191": 303239.06189145555,
    "192": 158780.79584301932,
    "193": 151079.01779392562,
    "194": 242842.08043205476,
    "195": 334906.5824039429,
    "196": 115662.7994014642,
    "197": 67111.47752720528,
    "198": 40429.96555367095,
    "199": 143030.6134161174,
    "200": 65874.19005378535,
    "201": 106473.53161791615,
    "202": 163825.48822397125,
    "203": 209264.49191249293,
    "204": 224719.4466960502,
    "205": 21397.439890780774,
    "206": 17053.223636982744,
    "207": 100059.57930315351,
    "208": 230549.10191943482,
    "209": 28917.354490610836,
    "210": 301617.6567833801,
    "211": 225657.4595098026,
    "212": 182879.87843303138,
    "213": 580223.338795493,
    "214": 170845.23933847604,
    "215": 175131.0887553887,
    "216": 30053.992417605692,
    "217": 242118.43697550986,
    "218": 294862.98468625953,
    "219": 88456.60632817808,
    "220": 328136.7115405247,
    "221": 330956.2742248323,
    "222": 304041.546906255,
    "223": 147059.8868858113,
    "224": 111627.59488854095,
    "225": 245591.7592512315,
    "226": 252269.41220380727,
    "227": 181688.61601254466,
    "228": 217061.8035171341,
    "229": 66324.06361582979,
    "230": 338813.7670570103,
    "231": 238744.25261605572,
    "232": 199246.27890058458,
    "233": 215721.55003000036,
    "234": 186967.9131019901,
    "235": 125278.40495353556,
    "236": 55189.90151096462,
    "237": 223495.70151562977,
    "238": 120525.69562060015,
    "239": 46700.895606103986,
    "240": 108876.1849008659,
    "241": 21271.735035012814,
    "242": 256402.44196269824,
    "243": 396172.9549364249,
    "244": 172488.96340783747,
    "245": 245298.71187539154,
    "246": 62356.92572676492,
    "247": 87197.88457962066,
    "248": 346586.76128295826,
    "249": 79081.35754769937,
    "250": 35438.903719577946,
    "251": 316809.3303291785,
    "252": 273221.24224220525,
    "253": 10016.221820563751,
    "254": 207026.20533583596,
    "255": 175425.48097507263,
    "256": 147336.1042410863,
    "257": 578489.1016277524,
    "258": 33913.12888164685,
    "259": 42645.21754932586,
    "260": 86016.6707648793,
    "261": 400925.02819986496,
    "262": 239454.35398208274,
    "263": 218197.7263019381,
    "264": 138624.61506774815,
    "265": 27449.24777456944,
    "266": 79250.6214896333,