{
    "1": 651071.9437916576,
    "2": 493784.6212313298,
    "3": 299310.65327416925,
    "4": 247044.3971895566,
    "5": 462552.1289268313,
    "6": 154760.2551201708,
    "7": 101834.80185730435,
    "8": 320443.5901632794,
    "9": 100411.02939772782,
    "10": 160428.3603611764,
    "11": 145598.19090114813,
    "12": 366828.51363166654,
    "13": 349927.67164592433,
    "14": 153391.50146947664,
    "15": 126154.17842937428,
    "16": 185815.81151683012,
    "17": 346169.8392658862,
    "18": 202466.3771822991,
    "19": 101948.14100420655,
    "20": 120216.13057223547,
    "21": 467624.46016434394,
    "22": 307937.2006814677,
    "23": 141109.6370470129,
    "24": 276416.8163899798,
    "25": 202142.67406881377,
    "26": 38600.325341958254,
    "27": 303106.83989427885,
    "28": 177483.80753242454,
    "29": 262599.3341703028,
    "30": 151373.55317368955,
    "31": 213103.12981385083,
    "32": 235168.40909558884,
    "33": 81063.22557346732,
    "34": 120975.8219217501,
    "35": 423959.9148388269,
    "36": 201725.18464394694,
    "37": 146574.43492828694,
    "38": 283425.098811816,
    "39": 100633.02824020933,
    "40": 98939.69356534482,
    "41": 226594.70849960853,
    "42": 836467.6293010516,
    "43": 128854.21018019134,
    "44": 437058.0637961326,
    "45": 65278.70714564765,
    "46": 115597.37859843962,
    "47": 127180.4540619184,
    "48": 410339.9777729726,
    "49": 141771.32909808238,
    "50": 797309.9960894671,
    "51": 329900.74576411175,
    "52": 243304.48285130286,
    "53": 114862.98827331064,
    "54": 142297.23090479086,
    "55": 160879.14715078473,
    "56": 165941.9196055272,
    "57": 175284.35217645054,
    "58": 107248.37699586831,
    "59": 115888.28053897875,
    "60": 100242.98041291747,
    "61": 82861.18400393189,
    "62": 266867.12959254044,
    "63": 54501.02441999303,
    "64": 512583.3978533288,
    "65": 286402.6665673949,
    "66": 446562.7061095392,
    "67": 220876.51660056997,
    "68": 324079.16744025634,
    "69": 46668.09728845677,
    "70": 27334.00751490987,
    "71": 307877.26655477233,
    "72": 91574.9816626497,
    "73": 370912.2017379857,
    "74": 574778.2613648946,
    "75": 203551.0782302867,
    "76": 490774.4891101238,
    "77": 393426.44111770886,
    "78": 79231.91904646292,
    "79": 137522.13553047983,
    "80": 942400.4746104395,
    "81": 413426.3305597882,
    "82": 52473.85003994849,
    "83": 176425.6612149693,
    "84": 331616.05470923625,
    "85": 158123.3965741995,
    "86": 313811.66586941195,
    "87": 44210.31853949972,
    "88": 155102.44217467096,
    "89": 281424.4206811758,
    "90": 46455.61994911853,
    "91": 167178.49603420278,
    "92": 367929.603405292,
    "93": 120305.55472923469,
    "94": 159522.3728312899,
    "95": 403372.861443315,
    "96": 266420.4609914365,
    "97": 688255.2125611579,
    "98": 216547.96582079132,
    "99": 114788.14281886119,
    "100": 178830.5632700598,
    "101": 181214.84172968852,
    "102": 106786.0964058658,
    "103": 44857.7801550187,
    "104": 19925.47970086269,
    "105": 106102.37392604143,
    "106": 227289.8075884599,
    "107": 57277.74481311134,
    "108": 272508.20849774266,
    "109": 70248.58500945945,
    "110": 311146.139620763,
    "111": 315643.63573659805,
    "112": 312554.3101740379,
    "113": 278550.27419237496,
    "114": 127485.56698342171,
    "115": 72135.28739559541,
    "116": 285576.7079091629,
    "117": 613341.824383601,
    "118": 300970.6387656361,
    "119": 352095.944156375,
    "120": 123485.3830231019,
    "121": 22401.11788373613,
    "122": 177912.59170973956,
    "123": 276720.8903421158,
    "124": 353632.76363237196,
    "125": 246780.57893589063,
    "126": 49281.71683403906,
    "127": 150832.0960116849,
    "128": 192364.81977581163,
    "129": 77998.34476632856,
    "130": 297503.3011264239,
    "131": 116639.5812301903,
    "132": 77783.21462467956,
    "133": 131163.7162178166,
    "134": 351583.8091246165,
    "135": 101962.2256982363,
    "136": 180210.18823915772,
    "137": 97278.94448912166,
    "138": 189683.86510270662,
    "139": 108642.59417010882,
    "140": 96852.3390097821,
    "141": 466944.7901973963,
    "142": 279226.58228468127,
    "143": 36499.73608479819,
    "144": 221626.4938068409,
    "145": 37456.975738787456,
    "146": 574344.5091002829,
    "147": 253225.78648292198,
    "148": 276248.9707743523,
    "149": 261511.7417530126,
    "150": 424411.58263010526,
    "151": 49666.82386534581,
    "152": 65144.14410198638,
    "153": 43583.18798742337,
    "154": 452667.58804886,
    "155": 51482.24516715519,
    "156": 88487.562038278,
    "157": 430720.2468516774,
    "158": 207260.32786350074,
    "159": 252745.66744538513,
    "160": 49921.616719525606,
    "161": 735853.1333272832,
    "162": 346785.73900183686,
    "163": 105814.338384359,
    "164": 349816.692051931,
    "165": 167381.08070779048,
    "166": 152565.2280886594,
    "167": 40398.30364587975,
    "168": 183549.13211170366,
    "169": 871501.0691099456,
    "170": 266787.54699600255,
    "171": 26948.020022850364,
    "172": 105293.69321569397,
    "173": 696203.4400072283,
    "174": 54524.12096361958,
    "175": 137964.51042550747,
    "176": 124497.689671251,
    "177": 108855.89202808279,
    "178": 367620.42923123034,
    "179": 402118.5998752919,
    "180": 115760.00701992567,
    "181": 188859.78291228172,
    "182": 329131.02313669526,
    "183": 292422.2408955618,
    "184": 359595.9745726047,
    "185": 610539.5737775996,
    "186": 315384.7776521446,
    "187": 80593.25568541426,
    "188": 181140.50826571454,
    "189": 156549.8497396279,
    "190": 312740.9822846977,
    "191": 368268.9555940282,
    "192": 312580.0513767499,
    "193": 102737.65033007023,
    "194": 261256.9567846137,
    "195": 206941.3684805873,
    "196": 145462.17654647797,
    "197": 447880.69789250963,
    "198": 206133.51220953304,
    "199": 311652.2695818274,
    "200": 249705.5778093842,
    "201": 189933.66128101462,
    "202": 291530.20148062985,
    "203": 317188.43444666645,
    "204": 76105.96891014655,
    "205": 93609.69399870795,
    "206": 123741.85112270972,
    "207": 438556.4038242261,
    "208": 173055.28167376167,
    "209": 65403.15573195779,
    "210": 180302.08898663643,
    "211": 85082.42967628504,
    "212": 130375.01666628405,
    "213": 147876.7739925049,
    "214": 183113.24048979193,
    "215": 148001.3820823481,
    "216": 86588.24789140861,
    "217": 68633.21196209588,
    "218": 416134.0683754281,
    "219": 70428.3404298399,
    "220": 232487.3455138894,
    "221": 134175.59607386446,
    "222": 203976.61231350212,
    "223": 45444.23044354572,
    "224": 90809.18357966865,
    "225": 298967.40982164914,
    "226": 355502.43192355393,
    "227": 139196.94936829983,
    "228": 249340.67725040796,
    "229": 188922.7698899579,
    "230": 393571.189581624,
    "231": 416368.8045358193,
    "232": 166664.27756386617,
    "233": 441633.7322696978,
    "234": 104987.56188740178,
    "235": 31876.616636166,
    "236": 210084.11372715264,
    "237": 254498.0186392547,
    "238": 325755.727784936,
    "239": 85702.83356441876,
    "240": 215629.71885476584,
    "241": 207026.34869448017,
    "242": 222742.5042224094,
    "243": 235366.75801938825,
    "244": 196450.6465506933,
    "245": 22806.22312090933,
    "246": 280738.580857215,
    "247": 259999.30875194087,
    "248": 175416.88134439543,
    "249": 86942.51894013715,
    "250": 232264.4017200096,
    "251": 496562.7098075642,
    "252": 237877.33888080274,
    "253": 194686.9735992256,
    "254": 153651.02792023285,
    "255": 666556.393710624,
    "256": 201982.2963191494,
    "257": 160356.45023880491,
    "258": 77651.879267975,
    "259": 72741.1594947804,
    "260": 271409.0552815086,
    "261": 628666.2668939141,
    "262": 636297.6478116114,
    "263": 330922.94726929796,
    "264": 349161.6930995256,
    "265": 512583.2769846492,
    "266": 102664.4889284609,
    "267": 70629.86007405745,