{
    "1": 67980.03196409861,
    "2": 274954.19602357526,
    "3": 193259.3133252471,
    "4": 222876.83079837504,
    "5": 522100.4105543383,
    "6": 124931.09473171836,
    "7": 323558.225306344,
    "8": 279829.0891484044,
    "9": 204120.83859904378,
    "10": 73034.38192311506,
    "11": 16627.326383717416,
    "12": 45527.558359960865,
    "13": 158398.32980468636,
    "14": 254334.29844709588,
    "15": 352819.8164475877,
    "16": 428536.03531406773,
    "17": 15041.173310087994,
    "18": 241901.0181301547,
    "19": 261360.8154609074,
    "20": 457584.9170487241,
    "21": 578034.1017191287,
    "22": 328977.9273660214,
    "23": 158702.66828614916,
    "24": 410939.4168478074,
    "25": 313690.2782587626,
    "26": 92656.96707983095,
    "27": 32907.094535162,
    "28": 75932.06427091446,
    "29": 465096.88431482005,
    "30": 217336.23459271426,
    "31": 282725.71846565144,
    "32": 200863.89254991405,
    "33": 279717.3944831368,
    "34": 398517.1515834713,
    "35": 12412.392343095706,
    "36": 277551.3416880152,
    "37": 157170.70282928756,
    "38": 344163.12368629314,
    "39": 17002.90576074217,
    "40": 525371.2945394088,
    "41": 80142.56784243412,
    "42": 568125.0029755795,
    "43": 158999.39455995633,
    "44": 222453.7565382591,
    "45": 359651.5688313496,
    "46": 784152.3126550802,
    "47": 135786.02065454228,
    "48": 268398.86756310984,
    "49": 150719.61819683542,
    "50": 28441.78856552753,
    "51": 178252.94392183115,
    "52": 38207.60219139613,
    "53": 17679.964934156123,
    "54": 318126.20925956714,
    "55": 32686.89850632756,
    "56": 329917.78495662234,
    "57": 432442.44368600246,
    "58": 101395.05519224849,
    "59": 212987.1730467928,
    "60": 151886.9529327159,
    "61": 396955.32058635,
    "62": 432453.27657113527,
    "63": 23112.681528129273,
    "64": 370171.8187885851,
    "65": 426918.34930882877,
    "66": 115087.87577516305,
    "67": 209683.61107036457,
    "68": 238831.98630903082,
    "69": 163520.2497786731,
    "70": 317784.2537698176,
    "71": 565111.0378827617,
    "72": 168809.9247608009,
    "73": 36917.88892327679,
    "74": 49658.12386570022,
    "75": 140175.91282358635,
    "76": 78709.5525937667,
    "77": 129557.09872834258,
    "78": 163716.78896362675,
    "79": 157733.4954279515,
    "80": 144346.268751316,
    "81": 210759.97657474043,
    "82": 361629.8829168338,
    "83": 211209.66459002657,
    "84": 97978.38684593615,
    "85": 114053.01123599928,
    "86": 348943.77821634006,
    "87": 514813.4306992221,
    "88": 75398.44102433012,
    "89": 128586.18990105033,
    "90": 431211.6403508493,
    "91": 183987.78659480292,
    "92": 49035.234152098696,
    "93": 375300.34340830817,
    "94": 163541.9319886691,
    "95": 298572.9374519418,
    "96": 76403.58426085656,
    "97": 246903.17188020312,
    "98": 121962.50691485881,
    "99": 466883.8537792444,
    "100": 436891.95736078545,
    "101": 473557.2579344737,
    "102": 138630.8467364836,
    "103": 102700.2860514728,
    "104": 545745.5953525169,
    "105": 61760.30128022211,
    "106": 261617.2412418246,
    "107": 263579.41291970306,
    "108": 113549.51123869978,
    "109": 118228.42843811584,
    "110": 204812.79254374752,
    "111": 90257.46150221927,
    "112": 139513.13749805276,
    "113": 647922.8767333529,
    "114": 96674.82317276893,
    "115": 107809.5678351808,
    "116": 218536.07169086067,
    "117": 197849.8112864229,
    "118": 154456.3170033276,
    "119": 215005.03072071588,
    "120": 40416.71598567296,
    "121": 383314.4452199374,
    "122": 238908.59762444085,
    "123": 551537.1997795638,
    "124": 221827.78350738037,
    "125": 72367.2961021422,
    "126": 89529.1878696607,
    "127": 294885.6300861865,
    "128": 92165.0964731031,
    "129": 649598.1422671376,
    "130": 198687.64803833273,
    "131": 129926.47800023982,
    "132": 22938.543631232595,
    "133": 132840.4675434798,
    "134": 59239.875297717976,
    "135": 688383.145766096,
    "136": 121899.61542092534,
    "137": 156382.53111313737,
    "138": 480645.01144618285,
    "139": 170118.30294312417,
    "140": 486088.35139307677,
    "141": 184911.42431900976,
    "142": 336774.48075117683,
    "143": 195940.04082553662,
    "144": 494456.24940468627,
    "145": 33353.15417874803,
    "146": 409396.6814944033,
    "147": 120458.61709811418,
    "148": 154857.83143825695,
    "149": 680325.9881084916,
    "150": 363333.66668604023,
    "151": 41581.071917829504,
    "152": 205636.09252847917,
    "153": 393149.7679222365,
    "154": 379082.4842551687,
    "155": 401635.3476861857,
    "156": 372354.1560791962,
    "157": 6929.030060209299,
    "158": 13109.025649058864,
    "159": 284389.3933569981,
    "160": 3932.754925780302,
    "161": 110918.66737120635,
    "162": 95405.98818555857,
    "163": 585978.180574306,
    "164": 210775.0440970856,
    "165": 209053.5797931911,
    "166": 77568.68391511854,
    "167": 305667.58407035226,
    "168": 360012.75665645296,
    "169": 372054.8881212133,
    "170": 52606.429165020316,
    "171": 375402.3987463921,
    "172": 523521.55856271187,
    "173": 349532.48399348865,
    "174": 547893.1792902232,
    "175": 260741.7637141601,
    "176": 357291.704039982,
    "177": 92869.11766768388,
    "178": 98015.76903739001,
    "179": 124073.2862734956,
    "180": 256233.34644030163,
    "181": 558815.6420823792,
    "182": 130198.92627501719,
    "183": 149842.32045863388,
    "184": 224281.8886351498,
    "185": 252872.59528874504,
    "186": 479173.4282302048,
    "187": 741038.4626601073,
    "188": 485601.0935335555,
    "189": 49225.22768323607,
    "190": 265374.3012633108,
    "191": 131955.04653823707,
    "192": 197060.15589130516,
    "193": 80131.29672675864,
    "194": 181613.85949863866,
    "195": 362825.2188299063,
    "196": 242139.4028296905,
    "197": 226879.9851876394,
    "198": 189312.06663754053,
    "199": 296343.48943541327,
    "200": 177020.6899461523,
    "201": 387788.18034265295,
    "202": 144456.6925042459,
    "203": 1103029.8351942992,
    "204": 326659.92325654556,
    "205": 15107.680869941529,
    "206": 590801.760772502,
    "207": 82917.06141854715,
    "208": 34768.756145115,
    "209": 124955.00633855,
    "210": 181110.93882673397,
    "211": 204173.39927610688,
    "212": 562420.9548153463,
    "213": 123294.29437945117,
    "214": 496710.92676115973,
    "215": 188142.12973317874,
    "216": 771744.628710707,
    "217": 457842.47171738785,
    "218": 317646.26029023755,
    "219": 139980.01168751594,
    "220": 25745.82761225885,
    "221": 255889.82944442314,
    "222": 164368.33319555523,
    "223": 211035.14533564803,
    "224": 359241.38224943716,
    "225": 46138.219001951766,
    "226": 327244.31515843875,
    "227": 38238.57415243575,
    "228": 931212.0980620794,
    "229": 167469.27730769155,
    "230": 241508.3150042455,
    "231": 112986.55107966029,
    "232": 138319.5368576077,
    "233": 780113.9559128897,
    "234": 286702.372239032,
    "235": 401529.27700453345,
    "236": 275712.97258474556,
    "237": 175491.01177293248,
    "238": 624824.4213052561,
    "239": 98769.4890199439,
    "240": 312961.56932230113,
    "241": 435740.6447313373,
    "242": 341320.59338067716,
    "243": 120638.76829302224,
    "244": 126240.97012504855,
    "245": 208624.87881165967,
    "246": 948466.4413386037,
    "247": 249777.3482061121,
    "248": 65630.46687925387,
    "249": 182539.8554979114,
    "250": 258698.7925745859,
    "251": 244786.52567880737,
    "252": 141533.60697150792,
    "253": 490809.9736408206,
    "254": 84331.95373774403,
    "255": 444423.4135264783,
    "256": 65292.788845606825,
    "257": 382163.80900703266,
    "258": 288088.68757432036,
    "259": 288765.1670660055,
    "260": 160222.85549130623,
    "261": 175293.96751196467,
    "262": 297608.76367428515,
    "263": 193588.943443122,
    "264": 91440.52157384291,
    "265": 82653.40659002899,
    "266": 59435.39185468943,