{
    "1": 112094.18787919448,
    "2": 230350.93471785542,
    "3": 359005.1497184586,
    "4": 238099.06601759724,
    "5": 189593.86039696852,
    "6": 132908.81886845772,
    "7": 40496.55538836786,
    "8": 384053.9143553235,
    "9": 344328.63302626467,
    "10": 335025.3739426576,
    "11": 327575.4666586335,
    "12": 413257.4540686202,
    "13": 138498.29458065497,
    "14": 146793.3842500446,
    "15": 69580.68195086003,
    "16": 240369.32378613675,
    "17": 346368.72461049614,
    "18": 61803.76605343427,
    "19": 47372.912642050505,
    "20": 360793.52785879304,
    "21": 87737.77504008572,
    "22": 15441.177314288598,
    "23": 149284.45880976893,
    "24": 50224.33963810641,
    "25": 189310.67636624674,
    "26": 66195.82498548971,
    "27": 187212.85622931522,
    "28": 15050.068922866261,
    "29": 29833.779545447094,
    "30": 159900.76334939353,
    "31": 202550.38044881308,
    "32": 249159.3073589624,
    "33": 177270.24970159912,
    "34": 115119.36888540386,
    "35": 383680.3292110291,
    "36": 532387.2704773446,
    "37": 118970.24576912913,
    "38": 598584.3528645601,
    "39": 195314.20765964716,
    "40": 183955.30881756483,
    "41": 139472.69068697517,
    "42": 80679.10463303133,
    "43": 332797.2139192723,
    "44": 87060.27609074088,
    "45": 131733.71136913935,
    "46": 53548.087779949914,
    "47": 223276.59916004437,
    "48": 657272.1516197551,
    "49": 95908.38476304522,
    "50": 241771.08428226013,
    "51": 81039.29631790468,
    "52": 286336.8053802761,
    "53": 327348.14621434716,
    "54": 317497.1195177026,
    "55": 211964.73349101678,
    "56": 128272.6286502331,
    "57": 353762.60182171577,
    "58": 161359.66829357267,
    "59": 170857.27243422836,
    "60": 214475.24650180122,
    "61": 243275.70925414283,
    "62": 141304.27580211763,
    "63": 54719.930052237796,
    "64": 183657.7124715979,
    "65": 506916.8211552519,
    "66": 519010.9962284942,
    "67": 643140.6528528276,
    "68": 339837.6246057128,
    "69": 77874.65143023925,
    "70": 68755.66397271345,
    "71": 15325.458506740199,
    "72": 334017.90942052007,
    "73": 64094.38506426293,
    "74": 358114.73321668076,
    "75": 66018.19700995962,
    "76": 70611.21774998381,
    "77": 259740.83961464628,
    "78": 582452.2195328106,
    "79": 97376.65154930548,
    "80": 295375.1583310323,
    "81": 172642.73020620435,
    "82": 163551.9989842384,
    "83": 709928.4014653162,
    "84": 529117.5293483089,
    "85": 137170.126614433,
    "86": 180964.91842080915,
    "87": 106888.02124825882,
    "88": 331517.2963450506,
    "89": 279663.36470809655,
    "90": 70312.79431210281,
    "91": 145588.8581369504,
    "92": 404466.3110884069,
    "93": 173675.219377844,
    "94": 158032.54566120403,
    "95": 171438.50016333957,
    "96": 109680.34208786435,
    "97": 53738.73845392019,
    "98": 21348.68299062508,
    "99": 103146.75556277411,
    "100": 171981.31101240014,
    "101": 204651.44342600298,
    "102": 248411.07800933823,
    "103": 250574.34342973947,
    "104": 144180.78784357966,
    "105": 420934.3785675648,
    "106": 291059.185789683,
    "107": 179747.28771825848,
    "108": 250637.06065452372,
    "109": 291328.9577026853,
    "110": 534363.1549943342,
    "111": 334802.3280571597,
    "112": 370916.0456238592,
    "113": 335131.9247241598,
    "114": 193292.67294357065,
    "115": 221167.93206939686,
    "116": 265209.87386161694,
    "117": 169293.8047255271,
    "118": 266747.10596561054,
    "119": 131231.71889344274,
    "120": 78262.99938578678,
    "121": 129891.17906652145,
    "122": 62291.33065480497,
    "123": 823634.9820457423,
    "124": 160437.61176889102,
    "125": 154697.28068393626,
    "126": 31423.71307424453,
    "127": 164679.41140137866,
    "128": 81852.9514066824,
    "129": 148790.901704021,
    "130": 38200.04420757622,
    "131": 34608.867248098664,
    "132": 117187.923748192,
    "133": 19079.24086805888,
    "134": 190972.08230178422,
    "135": 33656.785215248565,
    "136": 136521.59434222284,
    "137": 697913.743933072,
    "138": 301707.20810754923,
    "139": 15699.030023176621,
    "140": 192200.31976515256,
    "141": 212452.37305065643,
    "142": 408546.09877674776,
    "143": 420414.7126295291,
    "144": 541712.2337247161,
    "145": 519469.38884047215,
    "146": 319161.86069076473,
    "147": 97226.13979291685,
    "148": 160022.09128181913,
    "149": 197996.76805551106,
    "150": 110406.8591065543,
    "151": 37571.231417444935,
    "152": 94116.25604447702,
    "153": 171923.06423669995,
    "154": 49441.83248383086,
    "155": 302206.4325596122,
    "156": 439875.18429218413,
    "157": 328822.7354902304,
    "158": 272418.15794163116,
    "159": 61253.63710454224,
    "160": 161094.91804699652,
    "161": 124479.64943923132,
    "162": 227574.83837309649,
    "163": 517251.09662412625,
    "164": 142579.543212168,
    "165": 164720.0363576521,
    "166": 956949.4223347867,
    "167": 436342.8765421032,
    "168": 165737.12938956774,
    "169": 251509.00645922698,
    "170": 10371.366982176667,
    "171": 201873.71568786827,
    "172": 111961.5896363524,
    "173": 161955.1346686392,
    "174": 194793.41024078615,
    "175": 102980.23369342924,
    "176": 186985.9871238248,
    "177": 91903.97232271142,
    "178": 269990.2568715101,
    "179": 346667.47138378076,
    "180": 273952.06113929366,
    "181": 368985.31008602673,
    "182": 271976.3929431067,
    "183": 500543.4233202206,
    "184": 124277.64634926795,
    "185": 174629.85741016088,
    "186": 594952.0626216579,
    "187": 379449.1251321995,
    "188": 257570.25115393303,
    "189": 65103.223657352675,
    "190": 235905.71114035655,
    "191": 214228.59826786423,
    "192": 413373.31960916496,
    "193": 206166.17407149659,
    "194": 213203.76297781858,
    "195": 537078.8472928121,
    "196": 187972.01606579867,
    "197": 254329.81195701592,
    "198": 88493.71568723377,
    "199": 517001.2097768851,
    "200": 337503.9844837105,
    "201": 272225.50160626863,
    "202": 148224.10682495273,
    "203": 382573.2119140366,
    "204": 424981.9237685777,
    "205": 435588.9671964982,
    "206": 267590.55553810723,
    "207": 119671.00252051033,
    "208": 44335.24109394276,
    "209": 394864.58080612135,
    "210": 432523.3346243768,
    "211": 121554.71335908904,
    "212": 105846.81556544974,
    "213": 325675.15204268123,
    "214": 147836.76023940332,
    "215": 232005.90045810424,
    "216": 504719.4457853648,
    "217": 229055.81404352677,
    "218": 54779.196641329385,
    "219": 175804.4783198582,
    "220": 269558.8576882041,
    "221": 75126.43584957975,
    "222": 43609.227946974155,
    "223": 309228.079609223,
    "224": 912574.1290233631,
    "225": 252466.6165773565,
    "226": 161167.88156754992,
    "227": 225755.0342584494,
    "228": 146148.3035950852,
    "229": 184263.08212518983,
    "230": 76148.11314242052,
    "231": 145665.72177486043,
    "232": 262892.1207225589,
    "233": 246496.03901368086,
    "234": 71231.4429803058,
    "235": 47475.35481705307,
    "236": 244759.55216336309,
    "237": 228982.52171749738,
    "238": 161595.81695940244,
    "239": 76995.54711109685,
    "240": 285439.4690619205,
    "241": 222765.57797675408,
    "242": 464472.0961741048,
    "243": 115985.37340983898,
    "244": 120717.84857031098,
    "245": 188135.71218339802,
    "246": 104473.56480022545,
    "247": 241399.30718973954,
    "248": 118260.11255236404,
    "249": 152579.58490818678,
    "250": 8639.677834614184,
    "251": 302229.76127791277,
    "252": 115142.99978412638,
    "253": 453614.0154460923,
    "254": 140199.91943194173,
    "255": 113424.99556411488,
    "256": 62060.7643228768,
    "257": 273529.81450040283,
    "258": 175733.61741029736,
    "259": 207827.36684003245,
    "260": 345625.9781913513,
    "261": 59048.45706686904,
    "262": 125624.75396396208,
    "263": 79159.20463294048,
    "264": 153469.43142991912,
    "265": 156778.0340145055,