time,obj
0.8993143000000003,208723.62694422036
7.68905629999999,295777.9216890034
8.482635299999998,327855.5947742511
0.5915243000000032,144085.39061078543
16.320434000000006,358554.595147414
