obj,time,mip_gap
312618.98647887853,0.001544299999999943,
