obj,time,mip_gap
386707.5515441628,0.0023022999999999794,
