obj,time,mip_gap
264371.09432477906,0.0015453000000000827,
