obj,time,mip_gap
319982.1113114315,0.0013068999999998887,
