obj,time,mip_gap
334852.6314940683,0.0007024999999998283,
