obj,time,mip_gap
250240.7111841565,0.0012744000000000089,
