obj,time,mip_gap
307717.2280081845,0.0016567999999999028,
