obj,time,mip_gap
327586.7252138084,0.001356300000000088,
