obj,time,mip_gap
280468.70473407075,0.0016823999999999728,
