obj,time,mip_gap
270482.8973596788,0.0019320000000000448,
