time,obj
610.863491600001,55804083.321799554
606.1728079999957,56394659.543376446
713.8651411000028,56599064.97659738
548.0484452000019,55009666.418471314
516.5717749000032,55887060.075775035
