obj,time,mip_gap
3211590.2314517847,104.9146844,0.020940781916400128
