obj,time,mip_gap
3241507.8152796887,49.157817900000055,1.4365576572505051e-16
