obj,time,mip_gap
2821297.8617024566,65.1527883,0.0026278412629049744
