obj,time,mip_gap
3114445.610443692,122.95842819999996,0.004335222384049522
