obj,time,mip_gap
3259593.6182548115,253.2799453,0.0
