obj,time,mip_gap
2819955.2943740757,175.0241074999999,0.014649524546240357
