obj,time,mip_gap
2971740.144998721,65.2000552999998,0.013466225740348399
