obj,time,mip_gap
3180927.5353683326,78.33572730000014,0.013628369674633318
