obj,time,mip_gap
3144789.0596649973,85.15780800000016,0.01688738853944604
