obj,time,mip_gap
3307059.9510685084,96.98759870000004,0.000623908225117771
