obj,time,mip_gap
3224497.671847689,124.04278509999995,0.0
