obj,time,mip_gap
3066112.5105871675,91.43920749999998,0.0048397383225673545
