obj,time,mip_gap
3097165.5613051425,67.09429090000003,0.0
