obj,time,mip_gap
2955051.6111478647,83.17009729999995,0.00718523940811195
