obj,time,mip_gap
2829983.7221442354,84.30785949999972,0.006791550417342257
