obj,time,mip_gap
3007129.7259549377,87.25385760000017,0.026801654528567698
