obj,time,mip_gap
3788188.7205599253,80.12667449999981,0.02237372685804167
