obj,time,mip_gap
3015119.655279829,53.31124890000001,0.012756334846628555
