obj,time,mip_gap
3193427.9162295884,89.4198578999999,0.0009605792171680064
