obj,time,mip_gap
2924378.6856141062,159.88636640000004,0.04839509281510147
