obj,time,mip_gap
3743867.4070049743,74.14830579999989,3.731392461467484e-16
