obj,time,mip_gap
3381509.7544376813,215.68283550000024,0.007816601115506527
