obj,time,mip_gap
3370000.917798078,121.8847686,0.03443698785496118
