obj,time,mip_gap
3549145.6698220144,132.24943399999998,0.03134991604771535
