obj,time,mip_gap
3588508.5946732606,25.40474039999998,0.03797312678366426
