obj,time,mip_gap
2927039.096442414,99.07549499999999,0.0030549301290974597
