obj,time,mip_gap
3143982.3777842517,136.4367044,0.049305079046130934
