obj,time,mip_gap
2761785.1502401317,161.36994500000003,0.0
