obj,time,mip_gap
2690151.868440544,24.381438200000048,0.009088587467215508
