obj,time,mip_gap
3260761.271189185,22.850530299999946,0.015479700117967014
