time,obj
0.24535060000000009,135009.82875034888
0.2521905999999987,201735.18216333812
0.24669139999999956,168580.52908509676
0.23901350000000043,220579.18972992798
0.23974079999999987,195459.9283063419
