time,obj
0.9215737999999996,187780.43181569374
7.5880554,273746.1579802021
8.183419299999999,309503.91544782824
0.6044167999999992,113001.86950281981
16.075231899999995,340070.5191900807
