time,obj
0.6666231000000025,125241.16784360568
0.3255588999999972,182111.78180240927
0.32418469999999644,155791.19787573355
0.515573400000001,202720.8776780952
0.33354880000000264,179645.3320680108
