obj,time,mip_gap
293655.5110206103,0.0016902000000005302,
