obj,time,mip_gap
337313.3270303998,0.0014420000000008315,
