obj,time,mip_gap
273395.8091220828,0.0014646000000002601,
