obj,time,mip_gap
401759.2704598881,0.001585399999999737,
