obj,time,mip_gap
310382.0957983969,0.0015520999999996121,
