obj,time,mip_gap
217349.25620998236,0.0011326000000000391,
