obj,time,mip_gap
399255.1135540684,0.0012822999999997364,
