obj,time,mip_gap
389091.1494102407,0.001362499999999045,
