obj,time,mip_gap
343629.5272320388,0.001443200000000644,
