time,obj
0.3816459000000023,466861.00624826626
0.3746262000000016,460793.3329026015
0.3783491999999953,453004.10250295704
0.36697800000000314,506656.5661667376
0.36346929999999844,449292.0635023969
