obj,time,mip_gap
465366.71283673437,0.0017954000000000025,
