obj,time,mip_gap
423509.36550552526,0.0018948999999999216,
