obj,time,mip_gap
351387.6781454268,0.0016186000000000256,
