obj,time,mip_gap
380202.0349364475,0.0014179999999996973,
