obj,time,mip_gap
347782.8283395597,0.0007063999999998849,
