obj,time,mip_gap
364662.55687903025,0.0015616999999998882,
