obj,time,mip_gap
349459.10404081503,0.001553400000000149,
