obj,time,mip_gap
397483.2226486692,0.001455500000000054,
