obj,time,mip_gap
351649.36542169354,0.001682999999999879,
