obj,time,mip_gap
350425.6151404404,0.001821900000000376,
