obj,time,mip_gap
344238.51099688053,0.0018553999999992854,
