obj,time,mip_gap
362239.9156065872,0.0018706000000001666,
