obj,time,mip_gap
409517.2276158208,0.001956399999999192,
