obj,time,mip_gap
426899.3815188381,0.0020080000000000098,
