obj,time,mip_gap
454353.67996822664,0.0009995000000007082,
