obj,time,mip_gap
389371.5405805905,0.001531500000000463,
