obj,time,mip_gap
332346.32284560474,0.0008561000000000263,
