obj,time,mip_gap
458135.88308056013,0.0010370000000001767,
