obj,time,mip_gap
423120.7578081325,0.0013488999999999862,
