obj,time,mip_gap
396075.2365728952,0.0016750999999999294,
