{
    "1": 95234.70901346857,
    "2": 84215.87511313823,
    "3": 39089.877059946266,
    "4": 157405.0975934835,
    "5": 194442.50504381754,
    "6": 130738.34545868738,
    "7": 173399.13942332982,
    "8": 62012.67881899202,
    "9": 74848.37781319462,
    "10": 97139.17384494071,
    "11": 92531.37268689221,
    "12": 108194.191949335,
    "13": 230009.92471682435,
    "14": 85249.27056079739,
    "15": 124021.3443984356,
    "16": 60357.79988721043,
    "17": 37972.43610806257,
    "18": 37338.827621476485,
    "19": 40966.38959421513,
    "20": 57134.58961090729,
    "21": 139357.22738194943,
    "22": 89997.54646150277,
    "23": 53399.99416269499,
    "24": 255753.45352537415,
    "25": 167563.49687931754,
    "26": 126964.54536304914,
    "27": 45704.47126937111,
    "28": 210579.1475505562,
    "29": 92630.30519095584,
    "30": 139454.62898236993,
    "31": 66460.20934350936,
    "32": 340874.3945255892,
    "33": 144008.24748029173,
    "34": 326475.55130776216,
    "35": 155953.16892841077,
    "36": 352587.7165833118,
    "37": 164010.76209100924,
    "38": 165881.85159276123,
    "39": 93171.20917954709,
    "40": 249522.91621817843,
    "41": 55736.708746576296,
    "42": 165116.09754450285,
    "43": 167775.5453124994,
    "44": 80180.7420620581,
    "45": 147123.55265373635,
    "46": 116184.8788564988,
    "47": 102673.74905887304,
    "48": 133385.58787641043,
    "49": 252051.62758898985,
    "50": 204801.22498262208,
    "51": 122714.78508196236,
    "52": 282591.53913127,
    "53": 233682.31068211465,
    "54": 81684.17893889976,
    "55": 126394.3130743635,
    "56": 223833.96875830766,
    "57": 88411.64287500086,
    "58": 130517.8469481421,
    "59": 251759.49223274732,
    "60": 95706.7677884453,
    "61": 307581.4075785567,
    "62": 226218.78105405235,
    "63": 201837.790776578,
    "64": 100755.57929155597,
    "65": 126232.35494659329,
    "66": 93485.77585092829,
    "67": 257792.94118577195,
    "68": 223762.6436706302,
    "69": 47550.31872974271,
    "70": 67715.97125073831,
    "71": 191359.78225623164,
    "72": 63947.18789994251,
    "73": 163601.23219572552,
    "74": 217914.48884787588,
    "75": 122417.21437837974,
    "76": 82379.39422743111,
    "77": 66783.53700579533,
    "78": 53760.455540738956,
    "79": 109105.80843421163,
    "80": 146099.2272799747,
    "81": 342440.25731075945,
    "82": 133717.10100480067,
    "83": 292080.9733543021,
    "84": 63391.10129831839,
    "85": 64880.38848857197,
    "86": 229638.37431916816,
    "87": 207188.3218886248,
    "88": 31366.361123308317,
    "89": 162505.40411179137,
    "90": 256138.9156174436,
    "91": 38937.26808383161,
    "92": 259503.9219839838,
    "93": 259706.39041191144,
    "94": 33997.344504320885,
    "95": 72684.65278416387,
    "96": 49239.63979595669,
    "97": 152976.548453521,
    "98": 89261.40243020385,
    "99": 251796.63639796557,
    "100": 215634.0841729797,
    "101": 85355.97922879619,
    "102": 67847.70172505746,
    "103": 264223.64771730016,
    "104": 176151.7494475126,
    "105": 43513.425995629834,
    "106": 407674.59836681315,
    "107": 118268.90339938317,
    "108": 139321.5416086121,
    "109": 136969.2597809125,
    "110": 142514.98023496976,
    "111": 88472.68018744123,
    "112": 76721.01155538225,
    "113": 87711.38081803898,
    "114": 215570.35645577373,
    "115": 263876.23029436497,
    "116": 253836.95331009,
    "117": 192967.88894770306,
    "118": 200292.46197042268,
    "119": 47903.686644831105,
    "120": 154272.2295576333,
    "121": 250363.71373267335,
    "122": 105568.73188329874,
    "123": 195433.63571849614,
    "124": 459919.8597345288,
    "125": 19848.614967974932,
    "126": 273685.39921393356,
    "127": 45619.989473333364,
    "128": 52340.20792440719,
    "129": 136925.17484881953,
    "130": 120216.92177193411,
    "131": 292146.1335202948,
    "132": 415000.17164932395,
    "133": 317242.4747039366,
    "134": 265069.03377331136,
    "135": 171145.5679091413,
    "136": 42193.893203137886,
    "137": 108575.2068519098,
    "138": 242363.2067163025,
    "139": 151137.90213894306,
    "140": 128739.36775293473,
    "141": 88531.20900370671,
    "142": 31983.767998539886,
    "143": 33281.974073933874,
    "144": 94675.65817244309,
    "145": 73967.83497829422,
    "146": 54797.074349071576,
    "147": 318100.27937055996,
    "148": 104405.17406400095,
    "149": 292907.54952445574,
    "150": 181496.1286601246,
    "151": 131352.11191282774,
    "152": 248198.6316683265,
    "153": 37425.193111952874,
    "154": 123797.41088379872,
    "155": 97769.64986414052,
    "156": 90043.28672588257,
    "157": 118866.21782564945,
    "158": 114945.55847684463,
    "159": 65813.33199982595,
    "160": 204417.93014030787,
    "161": 114170.8629989987,
    "162": 72055.59557101571,
    "163": 211651.64336566225,
    "164": 36161.91818243155,
    "165": 78925.48471693297,
    "166": 256439.85534222546,
    "167": 66373.7406230732,
    "168": 292171.0289740049,
    "169": 88893.32760785524,
    "170": 284895.3502076497,
    "171": 87310.13426439282,
    "172": 400239.8544634351,
    "173": 524980.738138861,
    "174": 150408.85845500827,
    "175": 45930.197830115234,
    "176": 84427.14850666108,
    "177": 112147.21133859943,
    "178": 39512.30812430993,
    "179": 288889.2972534934,
    "180": 125545.51045879714,
    "181": 55610.515296522535,
    "182": 224360.5263907756,
    "183": 121853.38923175138,
    "184": 124931.82727320379,
    "185": 97197.83132698124,
    "186": 218336.44839861515,
    "187": 316802.92494805093,
    "188": 447830.72375855123,
    "189": 588398.4449309428,
    "190": 300067.26933561475,
    "191": 351006.0342359909,
    "192": 82675.87598491357,
    "193": 115845.5773396867,
    "194": 89276.16628661143,
    "195": 131541.0725968229,
    "196": 488906.17751415423,
    "197": 139877.8388362227,
    "198": 331545.4409640939,
    "199": 318098.1920793728,
    "200": 181323.6422673994,
    "201": 331515.1500792213,
    "202": 143661.07310854268,
    "203": 106425.22799042022,
    "204": 103653.2757298039,
    "205": 67523.88995559207,
    "206": 168014.80177586255,
    "207": 108303.81592598588,
    "208": 203959.6187937841,
    "209": 83492.64189280126,
    "210": 150506.68764208505,
    "211": 75635.64075062382,
    "212": 66652.67085993715,
    "213": 38950.27181897679,
    "214": 243365.07028968583,
    "215": 99247.74580158315,
    "216": 70890.27632917467,
    "217": 216930.47322626808,
    "218": 153314.84972612065,
    "219": 77690.79616474405,
    "220": 344682.1179576861,
    "221": 70680.2635554311,
    "222": 299012.5592687945,
    "223": 206435.2092700164,
    "224": 26092.487342835077,
    "225": 400277.87100197683,
    "226": 283118.91011547984,
    "227": 51935.64054686797,
    "228": 156026.75204788073,
    "229": 135404.73089847682,
    "230": 290635.7863170082,
    "231": 15769.395288653259,
    "232": 137436.62902450532,
    "233": 234734.52840720478,
    "234": 187633.88982632034,
    "235": 269456.2217238947,
    "236": 76010.68955342272,
    "237": 124983.24254514641,
    "238": 179311.03292149978,
    "239": 142482.6887981299,
    "240": 283910.83031866787,
    "241": 254740.30655298958,
    "242": 402798.88176419836,
    "243": 125775.4641960248,
    "244": 133198.16159624452,
    "245": 247367.94090280271,
    "246": 55676.991596871434,
    "247": 49299.67650396008,
    "248": 183111.48974902488,
    "249": 141889.52034075712,
    "250": 121917.9151302926,
    "251": 448978.6895317209,
    "252": 68693.04111708903,
    "253": 386828.4423114221,
    "254": 28678.575892699148,
    "255": 170753.56454900518,
    "256": 170226.14310086094,
    "257": 14684.867053145748,
    "258": 209378.46644749967,
    "259": 50642.17091991054,
    "260": 103154.99360064321,
    "261": 112265.11077844577,
    "262": 289282.2956029619,
    "263": 128221.16561162708,
    "264": 277983.05250492104,
    "265": 143319.65340095034,
    "266": 291511.82947853825,