{
    "1": 115679.22495086398,
    "2": 161184.20335712683,
    "3": 163924.63448949662,
    "4": 56734.60684370246,
    "5": 180303.62194930238,
    "6": 39470.274402986935,
    "7": 154707.2937010711,
    "8": 30724.94482204006,
    "9": 162440.23401516615,
    "10": 196875.65145744066,
    "11": 57725.93371913689,
    "12": 21375.38718928095,
    "13": 172502.01506729232,
    "14": 176975.33079366773,
    "15": 251550.92723246707,
    "16": 193204.05689090822,
    "17": 86062.82493580483,
    "18": 50336.05149830478,
    "19": 86553.47358504146,
    "20": 146802.79339012323,
    "21": 528169.4030880021,
    "22": 56730.78548116544,
    "23": 345261.31383252225,
    "24": 185159.48849448704,
    "25": 371263.8674385679,
    "26": 38679.926835123064,
    "27": 228363.1010947093,
    "28": 112683.18012832143,
    "29": 206739.47320988894,
    "30": 548389.4639730093,
    "31": 119554.04398404839,
    "32": 101057.61171977017,
    "33": 82907.1079552192,
    "34": 116854.52617688858,
    "35": 172873.7706597807,
    "36": 231239.9698830847,
    "37": 33733.54622512661,
    "38": 196307.48123624537,
    "39": 132590.17175073564,
    "40": 520480.26269160846,
    "41": 130494.76613998055,
    "42": 81345.14817906893,
    "43": 114754.9127015663,
    "44": 66528.39095540547,
    "45": 93926.90683419828,
    "46": 63315.73251932709,
    "47": 178039.40025474885,
    "48": 258472.20940545222,
    "49": 53797.37891684,
    "50": 237354.54894246673,
    "51": 87633.92425469939,
    "52": 88269.67005746189,
    "53": 304379.9116318976,
    "54": 110055.05972685307,
    "55": 117844.3830147034,
    "56": 125279.75796835095,
    "57": 64729.788233360894,
    "58": 85172.4136472754,
    "59": 132471.8187825651,
    "60": 104052.91511228957,
    "61": 66435.88782781683,
    "62": 254384.86427531537,
    "63": 121062.72698642529,
    "64": 181752.5040150184,
    "65": 65204.160951470796,
    "66": 144027.43100193015,
    "67": 332418.5313286869,
    "68": 50325.47063738158,
    "69": 131918.74556464425,
    "70": 145726.50623051106,
    "71": 48621.625060328144,
    "72": 31558.205912456582,
    "73": 132443.50671105614,
    "74": 76835.51315815371,
    "75": 45824.95336202056,
    "76": 30561.228562210617,
    "77": 92336.7377897104,
    "78": 88466.3921682649,
    "79": 77668.09281178737,
    "80": 68188.6940412194,
    "81": 271465.7806455947,
    "82": 82492.66646570273,
    "83": 66632.96282627084,
    "84": 54631.51940058618,
    "85": 128570.68514608822,
    "86": 104932.3811010028,
    "87": 55003.79257026834,
    "88": 82012.04160140095,
    "89": 250596.3130910281,
    "90": 95312.5214823215,
    "91": 59672.3640059126,
    "92": 234526.58285662148,
    "93": 66115.1197263458,
    "94": 74285.27197466536,
    "95": 154610.46942560276,
    "96": 40952.7005443034,
    "97": 238632.43040303016,
    "98": 69335.42132366703,
    "99": 345009.64696091955,
    "100": 515826.1535289807,
    "101": 36242.217459333566,
    "102": 52174.620348446275,
    "103": 17575.994793547954,
    "104": 186350.00447675987,
    "105": 178302.1337354551,
    "106": 331530.2458378774,
    "107": 64098.735992137495,
    "108": 75928.72317313067,
    "109": 194496.37887824987,
    "110": 414121.38328710216,
    "111": 131072.30728101084,
    "112": 62918.17041737991,
    "113": 82650.76524842098,
    "114": 123698.66674784248,
    "115": 193450.54911263683,
    "116": 76611.90271742882,
    "117": 171405.4118525351,
    "118": 58026.81821810745,
    "119": 123702.09921161647,
    "120": 339968.02390836325,
    "121": 71303.88194885905,
    "122": 160875.66135423037,
    "123": 114115.45254913716,
    "124": 52950.0407464693,
    "125": 189930.72593342932,
    "126": 80297.81312687077,
    "127": 97125.3445581276,
    "128": 25071.017522650058,
    "129": 27680.978436829446,
    "130": 164773.54923233984,
    "131": 161877.60801019464,
    "132": 138587.8762096071,
    "133": 78418.76153057473,
    "134": 343946.4950953255,
    "135": 67592.11866016527,
    "136": 450197.5644632943,
    "137": 30956.036461680793,
    "138": 113596.2250765605,
    "139": 110225.52875308634,
    "140": 400439.5878359752,
    "141": 295350.8925791296,
    "142": 144249.06674972505,
    "143": 178676.58232083957,
    "144": 253480.76182967747,
    "145": 238778.6351174673,
    "146": 54516.69779297091,
    "147": 159237.57370197334,
    "148": 322964.39424388274,
    "149": 335795.53714491613,
    "150": 105202.4880313591,
    "151": 123132.84092355974,
    "152": 326280.41913695686,
    "153": 107696.99526443849,
    "154": 35061.71379908223,
    "155": 221564.2711029802,
    "156": 90412.91753305274,
    "157": 235823.48587015705,
    "158": 137753.6072158528,
    "159": 446680.702200942,
    "160": 206097.76136330538,
    "161": 350404.8334725316,
    "162": 111455.25511412344,
    "163": 187456.05081131204,
    "164": 24064.504097236484,
    "165": 171357.260681815,
    "166": 774166.5585450383,
    "167": 66606.4089468152,
    "168": 42214.515120805976,
    "169": 270813.223182526,
    "170": 141489.96610201482,
    "171": 115626.4180416169,
    "172": 40762.28078338859,
    "173": 552736.8761186412,
    "174": 95206.44695857458,
    "175": 133078.06606019026,
    "176": 327383.9039963848,
    "177": 90685.05609360688,
    "178": 215375.06306042374,
    "179": 96478.07906341608,
    "180": 49973.868069570315,
    "181": 306549.47376925475,
    "182": 623269.205366785,
    "183": 195333.23773461996,
    "184": 165696.32883232008,
    "185": 79518.02824841559,
    "186": 133741.26596495396,
    "187": 81295.6810484257,
    "188": 33687.72044123581,
    "189": 225506.63753085854,
    "190": 221268.20964349373,
    "191": 201719.4122025441,
    "192": 274057.8715494682,
    "193": 49005.23762740587,
    "194": 155353.30977505582,
    "195": 248322.51872529957,
    "196": 137285.0909047411,
    "197": 9869.228895947826,
    "198": 127088.95015640263,
    "199": 101069.54857846095,
    "200": 88402.55335969052,
    "201": 168465.0430108459,
    "202": 57119.178481079856,
    "203": 46751.277644190835,
    "204": 108885.63642720394,
    "205": 59333.19258001781,
    "206": 240131.94123978858,
    "207": 203824.43407823108,
    "208": 267357.1817936681,
    "209": 81087.89795899183,
    "210": 169575.8649260924,
    "211": 103961.17703297315,
    "212": 47613.709763781066,
    "213": 307790.25807160535,
    "214": 45189.699552153405,
    "215": 277250.8055134193,
    "216": 226437.4880546452,
    "217": 31902.07161090817,
    "218": 60034.030346900065,
    "219": 256708.3402796247,
    "220": 99732.09947520429,
    "221": 410092.45535137877,
    "222": 103899.4749818036,
    "223": 360369.6133053417,
    "224": 199470.33238722276,
    "225": 46210.58769415036,
    "226": 96087.61484282819,
    "227": 508871.30097983626,
    "228": 135782.08915940925,
    "229": 240635.13227398042,
    "230": 47204.36390877812,
    "231": 30854.257555242504,
    "232": 162536.4278322789,
    "233": 21891.88917793278,
    "234": 82020.34378818238,
    "235": 370647.0906223271,
    "236": 260120.34252338443,
    "237": 217388.2550968437,
    "238": 37234.75498519449,
    "239": 74316.00210489296,
    "240": 77540.50677228079,
    "241": 37094.25959731682,
    "242": 258297.5603610582,
    "243": 48272.83264050949,
    "244": 53607.906662787864,
    "245": 97651.7687793997,
    "246": 104747.06076930072,
    "247": 81483.9427897908,
    "248": 207521.6738363005,
    "249": 149219.72803550935,
    "250": 152392.58921638192,
    "251": 44947.64387131162,
    "252": 104051.43835478504,
    "253": 381289.89319562394,
    "254": 164511.57216155416,
    "255": 115847.62409178975,
    "256": 94943.37154943067,
    "257": 193214.91917401695,
    "258": 25659.063496768755,
    "259": 141029.478173868,
    "260": 92287.16767362396,
    "261": 69894.5736016035,
    "262": 68027.4493484714,
    "263": 71068.13707496958,
    "264": 130245.35027182676,
    "265": 552422.4435516628,
    "266": 129421.78511498775,