{
    "1": 131298.68047315415,
    "2": 271899.09863255965,
    "3": 66802.04691235306,
    "4": 92815.33662035326,
    "5": 122725.50002644036,
    "6": 74918.82123270589,
    "7": 91905.66551499588,
    "8": 113463.58175389963,
    "9": 288635.8538425319,
    "10": 183545.50888386735,
    "11": 358105.5148719144,
    "12": 245062.2316246411,
    "13": 24897.54072931601,
    "14": 80349.88389268487,
    "15": 220321.33909048454,
    "16": 237206.59388709342,
    "17": 145586.5023986019,
    "18": 501346.8209155092,
    "19": 83683.15594912595,
    "20": 78500.99817259928,
    "21": 430674.47354820895,
    "22": 176713.67455922044,
    "23": 159306.06221588058,
    "24": 499255.26977910113,
    "25": 267088.79331020114,
    "26": 293135.0848248679,
    "27": 56818.826136136995,
    "28": 178241.8470343175,
    "29": 276128.65641819866,
    "30": 43731.41451781846,
    "31": 164091.8722053002,
    "32": 230834.69667133378,
    "33": 74149.24969202785,
    "34": 87652.09760200983,
    "35": 122854.26581224096,
    "36": 52308.86973644042,
    "37": 159943.29128493386,
    "38": 105070.74264165078,
    "39": 405284.4612675225,
    "40": 16851.732223713338,
    "41": 484180.4635488098,
    "42": 27698.04382183115,
    "43": 134348.7397446443,
    "44": 330025.24961486686,
    "45": 134690.63150809705,
    "46": 245882.79242942607,
    "47": 84481.08797184243,
    "48": 303599.9926479836,
    "49": 126094.73789662492,
    "50": 99280.24354948777,
    "51": 313917.3389222301,
    "52": 457228.6133877693,
    "53": 182473.29421218418,
    "54": 80556.45253020569,
    "55": 58810.89904617922,
    "56": 167113.00889638424,
    "57": 198686.03075155758,
    "58": 127607.98997216708,
    "59": 73884.00868497956,
    "60": 171708.27420073797,
    "61": 402323.49072028673,
    "62": 112636.72737416928,
    "63": 415566.24464564276,
    "64": 114617.93336170955,
    "65": 52005.703885290764,
    "66": 52169.8309822087,
    "67": 209521.57569777523,
    "68": 91803.7104382689,
    "69": 82531.32652977327,
    "70": 108712.74964046938,
    "71": 66366.86386428034,
    "72": 184096.22843854871,
    "73": 179000.3737631337,
    "74": 31262.87182516991,
    "75": 64038.46374034821,
    "76": 146489.34806674495,
    "77": 154884.81394078257,
    "78": 29487.59709675868,
    "79": 517775.74682299385,
    "80": 262423.7482668618,
    "81": 93647.01446536684,
    "82": 107413.45806905247,
    "83": 72394.94858400147,
    "84": 245948.3174177897,
    "85": 92769.2835585669,
    "86": 29996.209915851443,
    "87": 44591.27747316946,
    "88": 139993.47310075854,
    "89": 262337.70228207565,
    "90": 219849.93682807274,
    "91": 274149.8862140667,
    "92": 420668.3207755812,
    "93": 43254.28687773167,
    "94": 33867.22065992375,
    "95": 160470.44664165875,
    "96": 252558.48572830006,
    "97": 357668.6416041841,
    "98": 361822.13257640664,
    "99": 277639.5439334789,
    "100": 179336.0717940473,
    "101": 116912.32060640522,
    "102": 218551.0048521435,
    "103": 385775.9699631503,
    "104": 64760.433813572236,
    "105": 88372.22817568113,
    "106": 65019.595696380595,
    "107": 78039.59818337948,
    "108": 23090.860114753687,
    "109": 100111.6565509116,
    "110": 124159.59010634237,
    "111": 168587.98655876546,
    "112": 163335.0380051214,
    "113": 413049.07083506265,
    "114": 204951.92886156985,
    "115": 80193.37159277307,
    "116": 199909.68903043965,
    "117": 51110.078775729795,
    "118": 256328.29595398947,
    "119": 120963.25436018436,
    "120": 350892.8959946502,
    "121": 421450.69679690176,
    "122": 192083.46051997223,
    "123": 193700.37195138025,
    "124": 185928.42877153287,
    "125": 54620.12277048644,
    "126": 120412.58421966608,
    "127": 222032.84851521376,
    "128": 76324.72293156298,
    "129": 53731.5971096505,
    "130": 114061.33003992966,
    "131": 129137.44783077914,
    "132": 139982.9687533196,
    "133": 329252.24406262074,
    "134": 149993.42305983693,
    "135": 37897.269010152246,
    "136": 595427.7779259667,
    "137": 159179.83386177756,
    "138": 178508.9218399063,
    "139": 78113.87653362202,
    "140": 306525.39290862787,
    "141": 118589.99385488045,
    "142": 56431.181073513755,
    "143": 191502.91399997153,
    "144": 18064.843367542893,
    "145": 211009.8531552695,
    "146": 139695.74354688864,
    "147": 26156.71628218245,
    "148": 184370.51484202,
    "149": 244418.47194697437,
    "150": 205618.6522724096,
    "151": 27669.34830869653,
    "152": 520182.7334133962,
    "153": 259354.2469756519,
    "154": 79136.46067483854,
    "155": 406548.01781286445,
    "156": 547040.3033507505,
    "157": 135644.95801646516,
    "158": 44659.90648029471,
    "159": 117393.83723958582,
    "160": 95002.05537144799,
    "161": 58964.705389211515,
    "162": 40418.290106269815,
    "163": 36847.51213385403,
    "164": 167800.86907246694,
    "165": 395193.53452166915,
    "166": 253667.13239277256,
    "167": 251938.20044661305,
    "168": 97748.97393823038,
    "169": 41857.10952402775,
    "170": 250933.92794195784,
    "171": 171374.12154775247,
    "172": 395762.83894245623,
    "173": 140837.77329372606,
    "174": 96332.67412493241,
    "175": 71619.34750155522,
    "176": 46756.93469786202,
    "177": 217368.247376244,
    "178": 276866.3033957278,
    "179": 133116.68898633507,
    "180": 122060.5942662044,
    "181": 74599.30062954393,
    "182": 48981.51294640714,
    "183": 20459.59665054309,
    "184": 158652.29424636,
    "185": 120772.37019701499,
    "186": 83084.12184085537,
    "187": 49451.45102922968,
    "188": 138190.35111962984,
    "189": 247712.17840891087,
    "190": 141345.11067467637,
    "191": 43086.36322215943,
    "192": 430691.30509524303,
    "193": 127453.6875851348,
    "194": 140624.79778142623,
    "195": 198514.62141687097,
    "196": 107928.32382269454,
    "197": 44866.01881040468,
    "198": 313092.2720824915,
    "199": 343635.0685339275,
    "200": 99950.60165118905,
    "201": 96623.7369925589,
    "202": 242944.64716900684,
    "203": 115058.03313669738,
    "204": 111540.29147104532,
    "205": 40184.07431776478,
    "206": 119049.37164165315,
    "207": 31865.46248788125,
    "208": 133240.4225766403,
    "209": 405527.7911437619,
    "210": 14744.146298056547,
    "211": 42613.41860580749,
    "212": 87119.7870206837,
    "213": 71361.33166581391,
    "214": 153671.58984789453,
    "215": 232438.14745075253,
    "216": 176924.98816800275,
    "217": 259444.32745317087,
    "218": 148318.34426118093,
    "219": 70552.41460134955,
    "220": 382854.5554433466,
    "221": 166427.33257871258,
    "222": 84547.986182998,
    "223": 319118.145485133,
    "224": 334261.98386433587,
    "225": 42127.74726107569,
    "226": 215753.005990224,
    "227": 49354.87348417338,
    "228": 124108.61634034112,
    "229": 79686.03073469154,
    "230": 274221.98021456314,
    "231": 111842.9055399211,
    "232": 299875.4757026515,
    "233": 251529.94426078652,
    "234": 91050.43371621252,
    "235": 173992.9008964053,
    "236": 485133.44375647383,
    "237": 327507.02962474356,
    "238": 110015.11363670755,
    "239": 97086.70953641832,
    "240": 96042.72705272365,
    "241": 88542.44124090558,
    "242": 101501.2811091141,
    "243": 124859.07036843796,
    "244": 254110.33672219503,
    "245": 231160.58107100116,
    "246": 68988.68293221177,
    "247": 182085.88749117978,
    "248": 63020.270735735365,
    "249": 230563.41686108618,
    "250": 51171.95502841932,
    "251": 62656.374140108164,
    "252": 148788.43623838108,
    "253": 112341.8044767506,
    "254": 171023.3183083745,
    "255": 47303.65472549184,
    "256": 350744.5235126259,
    "257": 43680.53201429819,
    "258": 22769.853145922258,
    "259": 54901.34226249886,
    "260": 33055.29650372263,
    "261": 181240.48493274703,
    "262": 500320.4189182136,
    "263": 224004.40281432812,
    "264": 212664.84556899534,
    "265": 280194.2422122558,
    "266": 184455.7511530834,