{
    "1": 261896.06633126442,
    "2": 199487.5388549189,
    "3": 252284.7036250196,
    "4": 322620.7711198826,
    "5": 228295.77953310893,
    "6": 337818.9450945685,
    "7": 299031.66063137195,
    "8": 117173.28500087392,
    "9": 338731.540159947,
    "10": 105136.3853600907,
    "11": 792344.4950367229,
    "12": 255650.67972974485,
    "13": 50110.94198835348,
    "14": 347597.35200469784,
    "15": 104557.64438971235,
    "16": 54237.550395695376,
    "17": 15103.991714128322,
    "18": 659448.4220958226,
    "19": 53508.64011087977,
    "20": 61732.94709119583,
    "21": 175914.28348412135,
    "22": 188622.0729811908,
    "23": 215462.73452605857,
    "24": 368405.60095171287,
    "25": 261827.15984217162,
    "26": 189461.04400226186,
    "27": 237727.04943482607,
    "28": 200042.57824231902,
    "29": 128103.27601859,
    "30": 81731.17811783738,
    "31": 102900.39288434829,
    "32": 65533.50494951929,
    "33": 18215.300830292803,
    "34": 124974.17638665512,
    "35": 84384.99100498628,
    "36": 325316.3008590052,
    "37": 93663.5205430051,
    "38": 246497.56099953692,
    "39": 154802.88158815674,
    "40": 182377.95855996368,
    "41": 55619.09681412383,
    "42": 95862.55979231757,
    "43": 128688.28227765429,
    "44": 149270.87157425348,
    "45": 58258.7698193234,
    "46": 64747.54713645329,
    "47": 318107.8420438452,
    "48": 54497.91764108343,
    "49": 101756.93644517803,
    "50": 72507.84344186711,
    "51": 28054.776078018724,
    "52": 360757.52815068595,
    "53": 185556.6388685296,
    "54": 188714.1127278056,
    "55": 178610.29720237767,
    "56": 77936.48937796801,
    "57": 415190.6412113279,
    "58": 124901.60558467307,
    "59": 54874.593812818224,
    "60": 326038.1452972301,
    "61": 48290.84779492185,
    "62": 37865.1908308756,
    "63": 81942.25528172542,
    "64": 497678.2583576987,
    "65": 376633.22118822805,
    "66": 273902.9852299019,
    "67": 316669.3617396293,
    "68": 343976.15220737027,
    "69": 141688.51935792778,
    "70": 225572.2037209862,
    "71": 254131.78024662577,
    "72": 136966.81274593808,
    "73": 90044.30633042955,
    "74": 40480.09739496141,
    "75": 49971.773841854294,
    "76": 127326.32486988447,
    "77": 90764.32577260905,
    "78": 79249.79818876222,
    "79": 96498.07302413596,
    "80": 78463.37931807272,
    "81": 47294.163303565554,
    "82": 33200.21049153608,
    "83": 108829.11144426257,
    "84": 290284.6839982383,
    "85": 246173.76809500318,
    "86": 83070.20745105029,
    "87": 231426.288142632,
    "88": 92912.46422073075,
    "89": 108921.07471782199,
    "90": 190781.50605543793,
    "91": 242409.13213478916,
    "92": 73697.97769335727,
    "93": 54807.81710199189,
    "94": 127327.30569787994,
    "95": 77597.43063743008,
    "96": 231622.44987627902,
    "97": 251416.21402327766,
    "98": 180735.30477550963,
    "99": 66511.1802222751,
    "100": 120123.41606725729,
    "101": 289290.62761885923,
    "102": 126470.71117385762,
    "103": 128818.87312609084,
    "104": 58556.45188230344,
    "105": 267436.86146847636,
    "106": 152758.05342235282,
    "107": 230085.48640701923,
    "108": 230236.0358247443,
    "109": 148736.25635369032,
    "110": 193975.35070743546,
    "111": 133086.67855115706,
    "112": 113304.50345821923,
    "113": 30546.179748590297,
    "114": 90165.41618195896,
    "115": 158584.55558353258,
    "116": 64542.3388225338,
    "117": 181345.6109220991,
    "118": 530039.5448950297,
    "119": 141393.4952575036,
    "120": 157765.6708265815,
    "121": 28447.265466193236,
    "122": 36498.864811139436,
    "123": 139229.4749015968,
    "124": 17482.5588585213,
    "125": 133315.0003013754,
    "126": 49826.03050213156,
    "127": 264897.4582509308,
    "128": 30165.097455199648,
    "129": 65570.09905812134,
    "130": 110460.93229644417,
    "131": 272986.46593475976,
    "132": 42244.992976253445,
    "133": 205995.7489458813,
    "134": 77694.39138594545,
    "135": 399367.23223963083,
    "136": 48408.49799611312,
    "137": 172528.22114304683,
    "138": 160778.9394594929,
    "139": 31669.57400337758,
    "140": 89932.46863011377,
    "141": 38630.981267391486,
    "142": 258664.93091184457,
    "143": 45047.12729447184,
    "144": 150174.25708579662,
    "145": 48294.75645541453,
    "146": 235992.8860464852,
    "147": 349457.80171835894,
    "148": 29292.318688845706,
    "149": 151453.16426669288,
    "150": 32126.771558601882,
    "151": 157098.63880605146,
    "152": 192010.76427785645,
    "153": 198386.00211361254,
    "154": 150053.42812791833,
    "155": 437979.74711602385,
    "156": 19795.91023039425,
    "157": 61351.80047252149,
    "158": 441971.40255512454,
    "159": 106684.12751046156,
    "160": 250525.42276468102,
    "161": 86422.18895549673,
    "162": 69773.58295267282,
    "163": 349990.6587903932,
    "164": 285338.8661065798,
    "165": 141504.92802221983,
    "166": 142978.54142002694,
    "167": 127746.50818811041,
    "168": 40861.98688482499,
    "169": 562317.6364580283,
    "170": 64744.1585646218,
    "171": 30611.540382103074,
    "172": 86601.7674109865,
    "173": 52695.89595723053,
    "174": 180900.9941394487,
    "175": 129416.55589852526,
    "176": 147421.71528221888,
    "177": 278301.3233098689,
    "178": 70026.82691823924,
    "179": 65032.619023630104,
    "180": 168144.6859352328,
    "181": 335442.0218609971,
    "182": 206951.8033119757,
    "183": 70469.92305917505,
    "184": 253328.8669072096,
    "185": 215941.71941248584,
    "186": 171825.68067300244,
    "187": 88240.27259214694,
    "188": 197745.2358628876,
    "189": 300899.26696849475,
    "190": 36036.85802398308,
    "191": 262124.2021100595,
    "192": 147153.39677737988,
    "193": 111105.43655024665,
    "194": 56562.835910601134,
    "195": 65370.26990435911,
    "196": 240376.18608948457,
    "197": 365006.8229114684,
    "198": 60327.06348385466,
    "199": 57560.460186150136,
    "200": 304401.6138540872,
    "201": 116935.17645224415,
    "202": 53958.77563358784,
    "203": 36443.944291467174,
    "204": 165527.59684586007,
    "205": 32709.432630663472,
    "206": 152082.11331128352,
    "207": 117349.6962994865,
    "208": 378562.90973407537,
    "209": 129506.4574062888,
    "210": 258732.28124106696,
    "211": 270171.8256879865,
    "212": 291629.63214694615,
    "213": 621989.6845757447,
    "214": 165652.43336176596,
    "215": 42598.40415900509,
    "216": 135318.86442076822,
    "217": 259703.76922241933,
    "218": 156964.7320152807,
    "219": 159947.12571048088,
    "220": 89663.15517797992,
    "221": 252666.00799187942,
    "222": 114824.26098677602,
    "223": 123406.79945816487,
    "224": 55991.17394579685,
    "225": 211665.9684292593,
    "226": 257043.34416558177,
    "227": 198561.0582474521,
    "228": 130867.60047137781,
    "229": 70238.49475139385,
    "230": 64374.470160999226,
    "231": 56931.31788069602,
    "232": 37765.79638570248,
    "233": 85442.03490331858,
    "234": 131501.32536548015,
    "235": 348837.31986713334,
    "236": 35275.28084839157,
    "237": 212814.79537958663,
    "238": 252761.331011409,
    "239": 142449.57404027242,
    "240": 64338.852204932366,
    "241": 268981.17091054004,
    "242": 84858.99495551542,
    "243": 389975.65302582755,
    "244": 30014.997364308696,
    "245": 23644.122154773668,
    "246": 263196.3281348755,
    "247": 50347.69970983535,
    "248": 166093.615178522,
    "249": 198801.07599368188,
    "250": 75652.81822674647,
    "251": 287071.21074380126,
    "252": 97209.99837583947,
    "253": 424321.3172152153,
    "254": 163415.71609285538,
    "255": 551972.1679204636,
    "256": 207231.16270003468,
    "257": 284956.20615126315,
    "258": 45401.7922104337,
    "259": 25002.79129292545,
    "260": 134511.62482581602,
    "261": 75881.33422951133,
    "262": 36878.831899533965,
    "263": 494478.6981502625,
    "264": 262203.56431075616,
    "265": 426175.51847343234,
    "266": 251245.3343035535,