{
    "1": 22242.22898342573,
    "2": 364942.0067069748,
    "3": 42805.25951588415,
    "4": 172602.7624896904,
    "5": 32525.06041622073,
    "6": 305881.119857233,
    "7": 387913.94203978265,
    "8": 42778.068922522965,
    "9": 202283.4331888612,
    "10": 179497.75847322453,
    "11": 474480.9832746621,
    "12": 77722.17702960015,
    "13": 206853.37491707952,
    "14": 208336.38925457568,
    "15": 327424.1811834725,
    "16": 58916.49109127718,
    "17": 152700.24526604338,
    "18": 87176.65993222737,
    "19": 191264.26360979636,
    "20": 68300.76368268943,
    "21": 162609.73671503627,
    "22": 124695.23599549857,
    "23": 38725.370727656686,
    "24": 380022.52881438413,
    "25": 41331.961059987865,
    "26": 49222.586114555896,
    "27": 110453.03228935218,
    "28": 72893.78192048577,
    "29": 223332.97612834052,
    "30": 67248.49303779584,
    "31": 221169.40308873553,
    "32": 164593.99222199438,
    "33": 300559.6450392118,
    "34": 128500.83326200696,
    "35": 324795.9294717835,
    "36": 32070.266778609475,
    "37": 248672.246057457,
    "38": 148706.0367580998,
    "39": 187604.45791396845,
    "40": 303489.7171100539,
    "41": 241937.50883698193,
    "42": 197907.484688745,
    "43": 254021.3999864795,
    "44": 208530.61242165824,
    "45": 30746.517892016,
    "46": 125495.42613842778,
    "47": 67371.3396057888,
    "48": 67101.15519681334,
    "49": 48648.31634689416,
    "50": 262063.92160980654,
    "51": 201472.82045668428,
    "52": 322378.1155334007,
    "53": 78333.4785553009,
    "54": 270324.62490770326,
    "55": 191438.691499387,
    "56": 52603.423858302434,
    "57": 150874.1601205247,
    "58": 266673.9635110773,
    "59": 114606.23078840866,
    "60": 20793.478609101803,
    "61": 48523.514484586885,
    "62": 91433.72500357477,
    "63": 53116.41078286118,
    "64": 100170.30553926279,
    "65": 363051.68038734776,
    "66": 173944.37667330512,
    "67": 214477.0250626717,
    "68": 356638.54430554516,
    "69": 61486.14696472515,
    "70": 80372.18495365088,
    "71": 263958.1671075589,
    "72": 267309.67444480216,
    "73": 25474.899607919062,
    "74": 17850.75228715133,
    "75": 290472.0237135895,
    "76": 45780.48801275463,
    "77": 171685.6335325473,
    "78": 212480.40789545095,
    "79": 97326.85444562855,
    "80": 43852.19743370353,
    "81": 126105.3643377519,
    "82": 125449.36966658261,
    "83": 241464.7443135998,
    "84": 73968.04444708225,
    "85": 115423.80402061994,
    "86": 56807.8686730706,
    "87": 482012.33757459203,
    "88": 70186.04735155415,
    "89": 115775.59426802893,
    "90": 282936.8674061588,
    "91": 356141.5102778801,
    "92": 304738.1123343768,
    "93": 175713.41112298117,
    "94": 160902.5267393874,
    "95": 93556.2746191845,
    "96": 107415.50359287571,
    "97": 125268.40057948553,
    "98": 61669.61296778623,
    "99": 411016.4415137191,
    "100": 64957.75491039331,
    "101": 90485.8475339595,
    "102": 148972.07985109196,
    "103": 127212.0647896538,
    "104": 229824.78904309997,
    "105": 299537.50479639095,
    "106": 118470.63729525433,
    "107": 262552.0781524193,
    "108": 318950.40754654264,
    "109": 210031.3147498706,
    "110": 227068.10968403978,
    "111": 101342.89405802697,
    "112": 223344.88985967834,
    "113": 255354.31700964237,
    "114": 111676.81033256336,
    "115": 251377.70360143605,
    "116": 66912.28307889518,
    "117": 86116.2877733163,
    "118": 413218.7159353091,
    "119": 38035.2407384257,
    "120": 143201.24582189528,
    "121": 391585.0121813811,
    "122": 414013.80342958786,
    "123": 32281.853727051322,
    "124": 69171.5781325385,
    "125": 82672.35015038944,
    "126": 51793.58707594236,
    "127": 165780.51067872136,
    "128": 188711.0190962354,
    "129": 62954.525470379755,
    "130": 60398.70314317981,
    "131": 126605.28759343903,
    "132": 387178.4227419514,
    "133": 88000.74464109982,
    "134": 73253.14690061568,
    "135": 407443.5881947776,
    "136": 268364.58357728214,
    "137": 36400.554487283625,
    "138": 92869.64089090061,
    "139": 100487.8070715361,
    "140": 29177.268799438898,
    "141": 125637.40522586113,
    "142": 126327.81110985593,
    "143": 121376.09790606794,
    "144": 96016.20052527507,
    "145": 29535.70820896085,
    "146": 446261.15020017186,
    "147": 531732.6401281434,
    "148": 54323.60223950311,
    "149": 132368.32891777824,
    "150": 75234.55952182804,
    "151": 142024.1878064456,
    "152": 176372.44637974302,
    "153": 130819.09477021365,
    "154": 276095.4285637099,
    "155": 74768.85818243044,
    "156": 46909.47086381634,
    "157": 81349.73395564548,
    "158": 164359.16784456125,
    "159": 18430.985732452264,
    "160": 318816.0159342671,
    "161": 151668.05616567552,
    "162": 128658.55953045851,
    "163": 63807.109039914314,
    "164": 136120.08101420486,
    "165": 122527.17872027156,
    "166": 126086.18639276296,
    "167": 104852.2387950828,
    "168": 167548.59794767812,
    "169": 49796.38461568161,
    "170": 46793.142730197615,
    "171": 69541.30167713856,
    "172": 356773.05082486005,
    "173": 342557.8905640468,
    "174": 94881.05555283545,
    "175": 281847.94552796625,
    "176": 69119.37759628869,
    "177": 307307.4833091619,
    "178": 33985.20577651472,
    "179": 165534.10518705376,
    "180": 273690.9685241519,
    "181": 51771.581868726134,
    "182": 531711.932127396,
    "183": 142509.04705617242,
    "184": 45235.825668902515,
    "185": 224490.1417293262,
    "186": 43670.08473385291,
    "187": 235121.1118977679,
    "188": 60332.823814570766,
    "189": 79496.1155060025,
    "190": 201130.8627980921,
    "191": 333143.89155881293,
    "192": 246914.80010792642,
    "193": 33339.339184813165,
    "194": 168094.88323631755,
    "195": 137713.22643072222,
    "196": 148431.98884880907,
    "197": 75010.40137077236,
    "198": 93494.21783190031,
    "199": 47068.93002465855,
    "200": 31648.43974825179,
    "201": 355271.68701259274,
    "202": 153358.9196652,
    "203": 148342.6772169914,
    "204": 91261.08172238433,
    "205": 88382.32925880198,
    "206": 20170.752988606724,
    "207": 218360.59682965133,
    "208": 75291.99012041793,
    "209": 70327.61667480593,
    "210": 27870.910049926046,
    "211": 159543.7478265059,
    "212": 133234.00531787382,
    "213": 84091.00691391509,
    "214": 71450.97945009237,
    "215": 278594.33679882914,
    "216": 262816.4276817802,
    "217": 127610.32738375044,
    "218": 247704.4415106061,
    "219": 370352.3638438532,
    "220": 136923.65151922285,
    "221": 291580.53265887336,
    "222": 89075.52192397513,
    "223": 71272.19529594028,
    "224": 78454.18936642696,
    "225": 94158.79084202503,
    "226": 87585.39122294895,
    "227": 107866.68659662305,
    "228": 21451.720798092643,
    "229": 114158.4785916088,
    "230": 203433.36409370994,
    "231": 124516.65918727357,
    "232": 17033.674461036684,
    "233": 84984.76890682365,
    "234": 40962.96344109147,
    "235": 178126.02253011818,
    "236": 54735.629620472835,
    "237": 84120.31598777583,
    "238": 65759.29031103587,
    "239": 81467.61344509647,
    "240": 68458.41503525517,
    "241": 75897.69790307303,
    "242": 266180.95587361127,
    "243": 298292.10636502807,
    "244": 229653.13525771405,
    "245": 92680.641726366,
    "246": 79426.00804940064,
    "247": 242398.46313541086,
    "248": 25275.65838868538,
    "249": 272129.2930629097,
    "250": 66293.91801371468,
    "251": 257377.3569224876,
    "252": 44387.93605170812,
    "253": 170244.6075178587,
    "254": 142475.18151508164,
    "255": 77273.61006303072,
    "256": 225574.37099614955,
    "257": 189350.12118505203,
    "258": 148076.30056085534,
    "259": 34023.83375895466,
    "260": 203741.51688841617,
    "261": 65985.66809353746,
    "262": 22053.45186376695,
    "263": 234541.10084005396,
    "264": 96968.8096120848,
    "265": 26032.09744691962,
    "266": 56522.35625367791,