{
    "1": 51558.7337070119,
    "2": 91433.65093690487,
    "3": 54096.10357765633,
    "4": 126515.28858210577,
    "5": 269122.93708135124,
    "6": 101718.77851747882,
    "7": 227533.9083584923,
    "8": 69331.7523369128,
    "9": 195449.22307367212,
    "10": 264561.4459634097,
    "11": 132484.21157459466,
    "12": 268293.5866589469,
    "13": 102743.8873932378,
    "14": 320338.1451156767,
    "15": 211679.12248538327,
    "16": 106783.08676775129,
    "17": 103530.26754983743,
    "18": 100752.19322547063,
    "19": 499666.291893394,
    "20": 97747.44884109119,
    "21": 143095.66203238472,
    "22": 154665.84787000628,
    "23": 129805.20544271274,
    "24": 255600.18478313898,
    "25": 207511.39392683774,
    "26": 68718.77301874816,
    "27": 54497.745649805605,
    "28": 279192.26172808255,
    "29": 238533.33404142375,
    "30": 642160.3899873104,
    "31": 185159.71340570058,
    "32": 43562.46149294112,
    "33": 40178.826122375656,
    "34": 98613.38618683233,
    "35": 44551.103178960744,
    "36": 349535.84614159964,
    "37": 330079.1469436656,
    "38": 177450.8390632695,
    "39": 94585.36475209128,
    "40": 229554.54243619504,
    "41": 38039.66078703524,
    "42": 65721.3790672606,
    "43": 34399.20828284569,
    "44": 230989.90866815049,
    "45": 122267.39380291272,
    "46": 111551.52380090397,
    "47": 113386.80664614354,
    "48": 176815.73023390395,
    "49": 119281.00572687438,
    "50": 162040.8886814036,
    "51": 295755.7640390131,
    "52": 70826.26042862442,
    "53": 21189.785837951036,
    "54": 200622.23648795942,
    "55": 251013.67662931042,
    "56": 180825.12021233782,
    "57": 224463.31426906885,
    "58": 377996.5072125587,
    "59": 324185.1281294383,
    "60": 81969.10212158294,
    "61": 51019.833738624664,
    "62": 298250.382640095,
    "63": 148275.4948453072,
    "64": 129258.12519822673,
    "65": 199048.58413158738,
    "66": 115101.72443319623,
    "67": 54071.03125048947,
    "68": 266337.2847525442,
    "69": 368709.4065970939,
    "70": 264254.1304322709,
    "71": 28707.509030470417,
    "72": 250222.11995406405,
    "73": 303761.01572998124,
    "74": 227461.88181851225,
    "75": 261631.33872142652,
    "76": 161824.77010733983,
    "77": 124804.6785511959,
    "78": 222965.84539593622,
    "79": 197995.40811080387,
    "80": 99982.59991556303,
    "81": 147318.57247547794,
    "82": 51361.953444027975,
    "83": 311650.7647114939,
    "84": 337608.3495702436,
    "85": 262536.2530944722,
    "86": 130132.31111752422,
    "87": 144400.14208244227,
    "88": 51443.82901903676,
    "89": 132867.5453676761,
    "90": 74107.62286627879,
    "91": 332279.2711243008,
    "92": 112727.5128724809,
    "93": 458648.2343253774,
    "94": 181092.04610659095,
    "95": 129445.77636652954,
    "96": 241093.57770454974,
    "97": 274332.0118890837,
    "98": 179994.09712088946,
    "99": 103774.02311647976,
    "100": 88013.25109221364,
    "101": 120442.24678993436,
    "102": 104106.20200945706,
    "103": 143680.2952423837,
    "104": 250983.53174544201,
    "105": 141253.3189697562,
    "106": 133933.93042046728,
    "107": 42924.85942659446,
    "108": 107983.52763473726,
    "109": 52005.843699067045,
    "110": 122957.23714117917,
    "111": 191472.28730071124,
    "112": 293885.09823331854,
    "113": 301386.49926203577,
    "114": 261858.4259221023,
    "115": 225973.7506193517,
    "116": 70598.95036687389,
    "117": 176673.65526380218,
    "118": 107310.80729200956,
    "119": 41219.28018445824,
    "120": 99028.23366705318,
    "121": 133655.41220045096,
    "122": 363432.0285247314,
    "123": 52732.042712623974,
    "124": 203642.15182945898,
    "125": 160020.04740231103,
    "126": 88413.00268854677,
    "127": 341185.7779495225,
    "128": 121039.49363135333,
    "129": 108568.86536545119,
    "130": 51887.49883911006,
    "131": 624629.235861884,
    "132": 95280.31012299893,
    "133": 376119.6780113869,
    "134": 93112.0167966806,
    "135": 29820.961641936723,
    "136": 38470.1685528618,
    "137": 111789.80319969247,
    "138": 220110.93571974142,
    "139": 214739.88516308626,
    "140": 86983.08858392852,
    "141": 179633.77346438367,
    "142": 107844.30003980226,
    "143": 164540.7652824869,
    "144": 206878.13246230336,
    "145": 71969.85525461852,
    "146": 73232.72861608097,
    "147": 127022.26960640048,
    "148": 91063.07685350395,
    "149": 193536.82058072963,
    "150": 92028.79086906022,
    "151": 273648.86106962175,
    "152": 13194.0236591356,
    "153": 98309.4877539546,
    "154": 323173.55675647414,
    "155": 32201.53944768773,
    "156": 140196.6039691414,
    "157": 73795.54706159187,
    "158": 298565.1553066361,
    "159": 81006.49327823475,
    "160": 94671.77226788184,
    "161": 181440.926747409,
    "162": 122532.69347862502,
    "163": 102755.01689159828,
    "164": 138460.3108690425,
    "165": 93494.80660298068,
    "166": 152179.67367894197,
    "167": 162634.34676051608,
    "168": 95538.20815795979,
    "169": 152724.38584228366,
    "170": 255317.7756720545,
    "171": 128527.68999792034,
    "172": 183199.4991673352,
    "173": 278420.956081644,
    "174": 118691.7824447921,
    "175": 185953.57629679,
    "176": 63129.95686100822,
    "177": 163031.13000318417,
    "178": 134003.85018660573,
    "179": 250292.43725792482,
    "180": 203491.9325311514,
    "181": 41608.72067973202,
    "182": 131998.3522810599,
    "183": 67345.71677880912,
    "184": 397339.2665139869,
    "185": 82305.93044331523,
    "186": 60347.28487903971,
    "187": 180044.04526471562,
    "188": 88025.26420492008,
    "189": 64789.91136943162,
    "190": 84009.02284864469,
    "191": 163446.95002020273,
    "192": 253632.67880520129,
    "193": 191212.66614493524,
    "194": 215762.63994448973,
    "195": 19262.930262118316,
    "196": 284081.56684145966,
    "197": 377972.83140260796,
    "198": 176781.0217578952,
    "199": 35966.040320596294,
    "200": 104497.40335681425,
    "201": 61120.848132555046,
    "202": 33237.523800082185,
    "203": 78995.2679351598,
    "204": 134343.86628031018,
    "205": 123012.97511382922,
    "206": 229053.48417726316,
    "207": 148270.83883944084,
    "208": 14876.844757066332,
    "209": 43027.36297707375,
    "210": 181105.09871435404,
    "211": 103103.01324899556,
    "212": 247465.21877887775,
    "213": 73671.44468067166,
    "214": 109914.41851107604,
    "215": 25641.008276989975,
    "216": 62676.36032510623,
    "217": 349852.84557326464,
    "218": 165727.31275736567,
    "219": 293058.3734394357,
    "220": 114382.39034766257,
    "221": 72168.10146073383,
    "222": 57192.72403756002,
    "223": 118338.42915776857,
    "224": 44439.88720624146,
    "225": 161767.4646265657,
    "226": 210371.21458568293,
    "227": 124242.9958858504,
    "228": 215519.9523763697,
    "229": 259265.81148634222,
    "230": 17234.409772825536,
    "231": 232413.35469666187,
    "232": 426583.77674651286,
    "233": 65496.79340844929,
    "234": 319687.926988895,
    "235": 153398.18942099056,
    "236": 155796.77489143447,
    "237": 68975.66712084673,
    "238": 98312.31105776547,
    "239": 102479.90616091882,
    "240": 61363.95414147273,
    "241": 134039.3179855104,
    "242": 110416.62516745286,
    "243": 128850.84943500515,
    "244": 145197.46587037394,
    "245": 126645.27666903033,
    "246": 83104.54044732245,
    "247": 139647.65734118427,
    "248": 189634.2017422288,
    "249": 77952.11464215227,
    "250": 189771.73877699024,
    "251": 62909.593973298026,
    "252": 56737.22612427823,
    "253": 104161.8571758355,
    "254": 63978.04258434307,
    "255": 326652.42220113456,
    "256": 291799.18888291094,
    "257": 139889.92164247858,
    "258": 87435.94071366511,
    "259": 41168.57227725009,
    "260": 188033.37678767205,
    "261": 43994.46692342234,
    "262": 30629.36223032391,
    "263": 91496.6771116405,
    "264": 91872.91888541942,
    "265": 382175.4044416604,
    "266": 243970.7897469138,