{
    "1": 171143.90136404624,
    "2": 508075.718108236,
    "3": 50223.15127036658,
    "4": 172882.60605044762,
    "5": 69108.2877982514,
    "6": 161042.76035769584,
    "7": 42403.97238749825,
    "8": 191714.92556564946,
    "9": 160078.87758876837,
    "10": 214048.17548009584,
    "11": 87203.81152033644,
    "12": 283331.7167612865,
    "13": 151808.31590654346,
    "14": 227115.3265852974,
    "15": 178443.33324133945,
    "16": 117104.97015108338,
    "17": 74646.50962266747,
    "18": 52645.60753844285,
    "19": 90029.37425030158,
    "20": 131770.47327616732,
    "21": 22046.574873482783,
    "22": 70316.20538004431,
    "23": 308310.80534607224,
    "24": 117543.91629396635,
    "25": 64263.246974593705,
    "26": 299632.7640387343,
    "27": 76494.32553583321,
    "28": 73750.10708480181,
    "29": 71707.98364682964,
    "30": 98363.98795023172,
    "31": 496880.2556490597,
    "32": 48154.01596533824,
    "33": 114886.96262228288,
    "34": 217139.9068038045,
    "35": 255923.22710964584,
    "36": 137204.33897507584,
    "37": 65895.29242250392,
    "38": 408981.90265628224,
    "39": 27872.771117815246,
    "40": 344100.72752461483,
    "41": 31992.39017354171,
    "42": 51397.03258412512,
    "43": 343213.1699217793,
    "44": 22976.343904378682,
    "45": 274439.1386736839,
    "46": 102891.34629930835,
    "47": 153364.38428291286,
    "48": 93035.01489744835,
    "49": 288661.08018930635,
    "50": 81699.01841254983,
    "51": 176773.20106170245,
    "52": 84987.18423354047,
    "53": 599866.8010818455,
    "54": 371289.14307546883,
    "55": 402095.20013997436,
    "56": 168642.40330837073,
    "57": 21375.187549913113,
    "58": 36029.68630695784,
    "59": 186916.52308197424,
    "60": 48317.14686692839,
    "61": 364757.1678359649,
    "62": 223133.40285297311,
    "63": 343562.2771150461,
    "64": 241492.30490644273,
    "65": 334213.5669694063,
    "66": 79139.68759563539,
    "67": 386922.17514868657,
    "68": 36648.22232443361,
    "69": 163119.709848967,
    "70": 249914.79543390454,
    "71": 27285.90079863135,
    "72": 273056.9188628093,
    "73": 31517.401954422232,
    "74": 84240.62207204738,
    "75": 103227.48291378093,
    "76": 255073.29395240353,
    "77": 282277.93419410585,
    "78": 125637.85361280125,
    "79": 81412.14101972774,
    "80": 47347.21615934964,
    "81": 106434.00356614665,
    "82": 93230.18053514797,
    "83": 81430.45193141839,
    "84": 663456.345927858,
    "85": 155682.2354444867,
    "86": 209823.46673778596,
    "87": 289553.66340860527,
    "88": 23329.926807207954,
    "89": 38561.61605511662,
    "90": 62525.376556848256,
    "91": 57972.170352635665,
    "92": 31232.57230046631,
    "93": 81459.53353723457,
    "94": 194130.95088342094,
    "95": 147173.40936665537,
    "96": 132482.9660379069,
    "97": 21109.341030690262,
    "98": 141511.01459560855,
    "99": 128491.14453637942,
    "100": 293062.1601616208,
    "101": 160999.04422345877,
    "102": 161049.46459275647,
    "103": 136784.6331323588,
    "104": 65820.17882304243,
    "105": 196322.6292506866,
    "106": 156430.08694132764,
    "107": 57304.34574785434,
    "108": 236744.19901465223,
    "109": 109623.30346287515,
    "110": 256991.64547178647,
    "111": 101734.346768842,
    "112": 149142.66767355127,
    "113": 104237.93517052053,
    "114": 412030.4458083536,
    "115": 179685.5521507149,
    "116": 253161.7145514908,
    "117": 10948.342162158902,
    "118": 347009.7925381306,
    "119": 65577.29531698869,
    "120": 135444.67900843438,
    "121": 212073.51984453827,
    "122": 145141.64661968348,
    "123": 127690.57006764706,
    "124": 327455.6033846499,
    "125": 114763.30114786,
    "126": 206445.4682303443,
    "127": 28314.592362121755,
    "128": 106278.74057693251,
    "129": 278569.35124077473,
    "130": 272831.5713706348,
    "131": 64209.647899889,
    "132": 106669.80703511112,
    "133": 126719.52674661654,
    "134": 81401.01061444636,
    "135": 72324.03477679701,
    "136": 29985.08218636493,
    "137": 120065.12930595275,
    "138": 49963.90707176205,
    "139": 67770.42451074121,
    "140": 82736.80485267435,
    "141": 84184.63530322506,
    "142": 43758.29356313516,
    "143": 116859.06592835036,
    "144": 253524.16919196292,
    "145": 71532.12013319253,
    "146": 71687.23276578181,
    "147": 137848.93781733332,
    "148": 104596.76468634189,
    "149": 211093.62633607193,
    "150": 353744.41985480255,
    "151": 189101.73063712503,
    "152": 100269.2176635239,
    "153": 46647.22370297631,
    "154": 193310.1847089199,
    "155": 144936.41273845077,
    "156": 234659.31969542793,
    "157": 189952.9734087175,
    "158": 197248.949019422,
    "159": 211141.95722239016,
    "160": 246359.2522520924,
    "161": 159263.16578504242,
    "162": 73074.96533314048,
    "163": 119466.96469277774,
    "164": 46285.41242426285,
    "165": 132614.5078656098,
    "166": 123544.50837469743,
    "167": 95383.60755270174,
    "168": 146296.76742259902,
    "169": 373199.327960757,
    "170": 92721.54518461425,
    "171": 34347.881259211645,
    "172": 69364.64059027925,
    "173": 138213.17292969069,
    "174": 328454.849597588,
    "175": 284374.03903531656,
    "176": 126575.49972795718,
    "177": 231015.4474621957,
    "178": 25329.656290698756,
    "179": 185079.55188012667,
    "180": 112343.40033580546,
    "181": 451807.71543387824,
    "182": 118443.61424530233,
    "183": 483837.13972246886,
    "184": 141720.46840962008,
    "185": 86123.24442737635,
    "186": 151233.65179025594,
    "187": 319007.92767113185,
    "188": 339613.19499010214,
    "189": 342677.2263953558,
    "190": 48426.46870589621,
    "191": 49323.91368247919,
    "192": 103162.86840586821,
    "193": 105184.38070199739,
    "194": 299502.09370042174,
    "195": 38424.88416175662,
    "196": 34473.749406948744,
    "197": 84813.85253802568,
    "198": 28906.145123342,
    "199": 91890.12250642572,
    "200": 172010.85435899306,
    "201": 167549.3807128846,
    "202": 140689.41854403188,
    "203": 122682.90230983161,
    "204": 90554.29493440622,
    "205": 202018.1879543998,
    "206": 129843.10793150812,
    "207": 197411.2827851309,
    "208": 70462.87424445164,
    "209": 114788.35584985421,
    "210": 104480.02486492196,
    "211": 244408.72646917586,
    "212": 188769.9338155328,
    "213": 230678.915251204,
    "214": 50643.20378531867,
    "215": 206306.78464423257,
    "216": 221763.62385384768,
    "217": 133438.60810332748,
    "218": 49566.13910500051,
    "219": 82185.96065643993,
    "220": 366206.2204246432,
    "221": 298459.9652638479,
    "222": 466966.89076293237,
    "223": 72090.05640281831,
    "224": 65679.33690163647,
    "225": 158389.38470310115,
    "226": 155658.01769112863,
    "227": 177020.3292817559,
    "228": 264662.6461463985,
    "229": 90786.37088957102,
    "230": 131418.87313873577,
    "231": 59033.38320788022,
    "232": 78049.64883704035,
    "233": 62110.318839919324,
    "234": 73205.81898794758,
    "235": 46727.33705501038,
    "236": 185372.45712914158,
    "237": 190355.4391870259,
    "238": 54216.03118505789,
    "239": 342325.1376669171,
    "240": 181794.90018711396,
    "241": 78689.92310923473,
    "242": 109520.70708426453,
    "243": 24797.017942538016,
    "244": 266241.2517090539,
    "245": 233291.74106184804,
    "246": 66719.23238028024,
    "247": 552550.0500969618,
    "248": 241529.27695432308,
    "249": 449181.2737416041,
    "250": 46589.197310936564,
    "251": 272817.895045958,
    "252": 325466.71272373263,
    "253": 60598.88249972614,
    "254": 156730.9419717941,
    "255": 73940.767047793,
    "256": 60777.379479748066,
    "257": 308002.67533774447,
    "258": 415915.7618827244,
    "259": 269900.07967245084,
    "260": 126916.79180989058,
    "261": 151131.76416659806,
    "262": 185330.68723554065,
    "263": 90475.65389165179,
    "264": 32940.853477516015,
    "265": 138017.6618486143,
    "266": 372219.64464107435,