{
    "1": 99788.31458146407,
    "2": 50490.79858684329,
    "3": 273336.2133481583,
    "4": 125832.42720935779,
    "5": 140359.47038195512,
    "6": 110778.32371762133,
    "7": 154352.63374745447,
    "8": 305472.8285103272,
    "9": 88469.10100698637,
    "10": 329703.6114797069,
    "11": 148335.00031926302,
    "12": 222862.4864068484,
    "13": 219673.02159823946,
    "14": 63472.18037594362,
    "15": 284070.79977489245,
    "16": 94729.19537043585,
    "17": 192402.20342942205,
    "18": 115072.27326842153,
    "19": 255898.85339108703,
    "20": 44346.356325327426,
    "21": 227973.0142697991,
    "22": 173097.3565218526,
    "23": 184554.47731812415,
    "24": 76267.09728281807,
    "25": 55328.743668688236,
    "26": 288836.7180628113,
    "27": 126997.68988222984,
    "28": 130122.66549401185,
    "29": 137755.7826908521,
    "30": 131466.72693075886,
    "31": 82843.76895911088,
    "32": 141078.2116387466,
    "33": 547796.6079287643,
    "34": 57002.04012745241,
    "35": 96119.58382640894,
    "36": 95713.88725390208,
    "37": 263598.3681459915,
    "38": 456534.4360128296,
    "39": 68439.42594777564,
    "40": 264253.0700049375,
    "41": 216894.49294186133,
    "42": 208613.77585989438,
    "43": 107979.33859178884,
    "44": 25906.337998111452,
    "45": 37030.81859339447,
    "46": 33980.927462725325,
    "47": 425400.86101447826,
    "48": 157674.00478784263,
    "49": 132513.87908306823,
    "50": 429180.84873575496,
    "51": 180289.69059115642,
    "52": 124639.66230242579,
    "53": 315033.6151544173,
    "54": 116804.69033427282,
    "55": 81044.26060115488,
    "56": 45437.159403796715,
    "57": 73070.72625869283,
    "58": 163944.67408180612,
    "59": 161558.96098736807,
    "60": 80859.62735005179,
    "61": 119706.1336872573,
    "62": 168964.11650874783,
    "63": 55567.5263389494,
    "64": 97482.2888205704,
    "65": 238313.06058560056,
    "66": 70371.4994356736,
    "67": 219085.70190107918,
    "68": 76477.94705515546,
    "69": 180708.84768849125,
    "70": 108054.16818569296,
    "71": 45874.36965878149,
    "72": 42113.217772338045,
    "73": 180710.03955734163,
    "74": 32568.520173957826,
    "75": 55657.13539616544,
    "76": 194777.10654553666,
    "77": 417899.37513519835,
    "78": 239856.57704444914,
    "79": 170986.9715243247,
    "80": 87213.88200940567,
    "81": 269833.661277483,
    "82": 308211.3637960656,
    "83": 418859.0983799621,
    "84": 85297.50278924107,
    "85": 218597.2366578772,
    "86": 78325.61802036008,
    "87": 173390.23540435525,
    "88": 184769.49420780042,
    "89": 199452.90200115732,
    "90": 417084.1050272638,
    "91": 582182.3088166995,
    "92": 60417.76381590089,
    "93": 298536.28617351037,
    "94": 88818.98298961356,
    "95": 114250.34794246263,
    "96": 8503.600655291997,
    "97": 160203.98075814123,
    "98": 72824.058463123,
    "99": 40579.11235701049,
    "100": 234185.02611836357,
    "101": 284038.97125857923,
    "102": 81861.45447440392,
    "103": 45060.698730188145,
    "104": 63510.43402641905,
    "105": 112950.41577560276,
    "106": 417824.47039276554,
    "107": 31247.547428569975,
    "108": 428167.64188634715,
    "109": 29901.556676390173,
    "110": 86344.71542960724,
    "111": 278003.323307071,
    "112": 66574.59631339792,
    "113": 203505.0866204737,
    "114": 85858.17915890171,
    "115": 292528.07665418263,
    "116": 320832.47732696857,
    "117": 115011.95192733948,
    "118": 282381.0771329495,
    "119": 54749.462335726115,
    "120": 48774.621192702514,
    "121": 431458.53380822384,
    "122": 62756.59867271757,
    "123": 233220.0321845377,
    "124": 560572.5737444662,
    "125": 188143.01611164046,
    "126": 81477.88996884381,
    "127": 425571.72549981624,
    "128": 113633.33779338193,
    "129": 112975.43296642338,
    "130": 370943.4003387214,
    "131": 247578.50121209357,
    "132": 269950.33829826995,
    "133": 68500.41648679333,
    "134": 184303.3406792642,
    "135": 403496.0890582393,
    "136": 213144.06616047324,
    "137": 89965.02892927278,
    "138": 47943.31432882472,
    "139": 321324.5005847909,
    "140": 143070.6001102046,
    "141": 235541.55382986955,
    "142": 107510.73415450315,
    "143": 172137.97247404442,
    "144": 229302.2591365114,
    "145": 188202.65383619006,
    "146": 320790.45695266343,
    "147": 20538.15406769587,
    "148": 145769.62163973672,
    "149": 313475.5217835273,
    "150": 29366.77414164507,
    "151": 143498.41653973705,
    "152": 68113.03605553988,
    "153": 168627.5976043639,
    "154": 26697.112753035068,
    "155": 209662.17823216761,
    "156": 126644.77281715271,
    "157": 259210.23303859474,
    "158": 166225.1059051322,
    "159": 127006.94468677386,
    "160": 154373.33995118045,
    "161": 100023.71380280126,
    "162": 11664.503368512902,
    "163": 184525.31703606527,
    "164": 95463.01472800258,
    "165": 175690.56787138607,
    "166": 126930.89578585215,
    "167": 223399.75590493332,
    "168": 336084.91193591536,
    "169": 205467.5351412736,
    "170": 40925.912186176116,
    "171": 44618.20379517419,
    "172": 134983.23693196458,
    "173": 74179.5485856768,
    "174": 263806.47291375545,
    "175": 194693.67936787568,
    "176": 48404.79908943094,
    "177": 334762.9378833884,
    "178": 86446.7503477214,
    "179": 61964.78308432352,
    "180": 222678.08331537963,
    "181": 29081.270376428296,
    "182": 12751.801138427789,
    "183": 186046.55474351966,
    "184": 36751.44290867576,
    "185": 111198.19945597165,
    "186": 48502.0590290442,
    "187": 97998.32529099293,
    "188": 37467.80700228597,
    "189": 406580.07810017397,
    "190": 433543.44238293596,
    "191": 121960.38934778963,
    "192": 125198.1975724097,
    "193": 268666.58844607294,
    "194": 80445.2637694847,
    "195": 173940.6818478213,
    "196": 70760.31396521298,
    "197": 75510.50781920493,
    "198": 323928.7339803959,
    "199": 153594.25889814572,
    "200": 113801.80909962172,
    "201": 419275.47646030143,
    "202": 73983.08916456974,
    "203": 412621.6265928245,
    "204": 40333.921463672385,
    "205": 87870.9809998943,
    "206": 370712.9375796019,
    "207": 72276.00427482347,
    "208": 74011.80667935545,
    "209": 204790.64016699983,
    "210": 124859.67591547192,
    "211": 127565.39447327008,
    "212": 187312.86260557326,
    "213": 154904.61301528,
    "214": 117185.65694300197,
    "215": 121704.58654722299,
    "216": 198136.34630876026,
    "217": 145870.80921765039,
    "218": 79463.53798840502,
    "219": 59293.0666776355,
    "220": 149433.95737023256,
    "221": 114155.30627122651,
    "222": 75873.22308665885,
    "223": 259132.06733733832,
    "224": 245664.9285323298,
    "225": 60768.01157142736,
    "226": 205134.2337353548,
    "227": 175256.0427725734,
    "228": 318031.94712835713,
    "229": 89668.41900944573,
    "230": 228982.9718544151,
    "231": 110779.33623145607,
    "232": 77210.05876272457,
    "233": 272797.5051465257,
    "234": 295038.62996444927,
    "235": 197176.27585850458,
    "236": 25908.27024254515,
    "237": 87817.44089100219,
    "238": 24970.410710256856,
    "239": 74004.69878509425,
    "240": 25984.049834138666,
    "241": 153678.51999300503,
    "242": 287740.34591454687,
    "243": 182066.22180671614,
    "244": 544477.0160670102,
    "245": 163888.13997559997,
    "246": 90367.81982449388,
    "247": 163794.66330998228,
    "248": 375485.0445381719,
    "249": 104166.01689256036,
    "250": 17528.842127265714,
    "251": 155267.82792796608,
    "252": 221098.81017189712,
    "253": 208704.02200574573,
    "254": 20117.112980282483,
    "255": 182772.07161980448,
    "256": 143729.1374299583,
    "257": 147454.23695289544,
    "258": 206564.9631273224,
    "259": 281809.55638082407,
    "260": 220128.0471665599,
    "261": 187064.60267136365,
    "262": 257037.51548515825,
    "263": 34405.675812353606,
    "264": 637901.3052356931,
    "265": 487313.4981594458,
    "266": 328509.2711599664,