{
    "1": {
        "1": 2800.0,
        "2": 2800.0,
        "3": 2800.0,
        "4": 2800.0,
        "5": 2800.0,
        "6": 2800.0,
        "7": 2800.0,
        "8": 2800.0,
        "9": 2800.0,
        "10": 2800.0,
        "11": 2800.0,
        "12": 2800.0,
        "13": 2800.0,
        "14": 2800.0
    },
    "2": {
        "1": 4200.0,
        "2": 4200.0,
        "3": 4200.0,
        "4": 4200.0,
        "5": 4200.0,
        "6": 4200.0,
        "7": 4200.0,
        "8": 4200.0,
        "9": 4200.0,
        "10": 4200.0,
        "11": 4200.0,
        "12": 4200.0,
        "13": 4200.0,
        "14": 4200.0
    },
    "3": {
        "1": 7699.999999999999,
        "2": 7699.999999999999,
        "3": 7699.999999999999,
        "4": 7699.999999999999,
        "5": 7699.999999999999,
        "6": 7699.999999999999,
        "7": 7699.999999999999,
        "8": 7699.999999999999,
        "9": 7699.999999999999,
        "10": 7699.999999999999,
        "11": 7699.999999999999,
        "12": 7699.999999999999,
        "13": 7699.999999999999,
        "14": 7699.999999999999
    },
    "4": {
        "1": 9800.0,
        "2": 9800.0,
        "3": 9800.0,
        "4": 9800.0,
        "5": 9800.0,
        "6": 9800.0,
        "7": 9800.0,
        "8": 9800.0,
        "9": 9800.0,
        "10": 9800.0,
        "11": 9800.0,
        "12": 9800.0,
        "13": 9800.0,
        "14": 9800.0
    }
}