obj,time,mip_gap
357527.95616330544,0.9203701999999999,0.0
