obj,time,mip_gap
421127.7160462633,1.0588876000000003,0.0
