obj,time,mip_gap
399825.8178393718,0.9873384000000001,0.0
