obj,time,mip_gap
463322.898585103,0.9252271000000003,0.01679425150959185
