obj,time,mip_gap
499008.4663822707,0.9208261999999996,0.024536835721805105
