obj,time,mip_gap
395143.83328780415,0.9466306000000007,0.020798253066949
