obj,time,mip_gap
289599.27519703814,0.8500420000000002,0.01657288606232809
