obj,time,mip_gap
520168.0756103816,1.0457581999999999,0.0
