obj,time,mip_gap
501845.3498053321,0.9634675000000001,0.0
