obj,time,mip_gap
365727.9525236996,1.0482271,0.042567362847218404
