order,from type,to type,upgrade amount
1,1,2,4.000000000000003
2,1,2,0.0
3,1,2,0.0
4,1,2,6.000000000001446
