obj,time,mip_gap
362316.74805954506,1.0008008000000075,0.0188395284704063
