obj,time,mip_gap
333672.9253446505,1.0050583999999958,0.0005133441575408339
