obj,time,mip_gap
342686.06423336314,0.9805516999999924,0.01651130666953537
