obj,time,mip_gap
281221.8952646709,0.9954950000000053,0.003316096652278289
