obj,time,mip_gap
275132.3628951047,0.8450973000000062,0.0
