obj,time,mip_gap
270663.1612012556,0.9069668000000064,0.0
