obj,time,mip_gap
260488.7991630581,0.9157899000000072,0.036256565847334915
