obj,time,mip_gap
291180.27999351185,0.9183021999999994,0.0
