obj,time,mip_gap
340586.07115609804,0.9845335999999918,0.0
