obj,time,mip_gap
329388.40674640075,0.9504171000000099,0.0
