obj,time,mip_gap
392347.727552598,0.0010833999999997346,
