obj,time,mip_gap
336001.1593113033,0.0014839000000002045,
