obj,time,mip_gap
372689.9258827278,0.0019450999999994778,
