obj,time,mip_gap
477838.171611053,0.0015743999999999758,
