obj,time,mip_gap
488525.0346043665,0.0011640999999995572,
