obj,time,mip_gap
195372.6272041407,0.0025865999999999945,
