obj,time,mip_gap
243942.73871699203,0.0025047000000000263,
