obj,time,mip_gap
254114.87808612728,0.0022756000000000443,
