obj,time,mip_gap
488041.46345076786,0.0008931999999999274,
