obj,time,mip_gap
235296.01803752632,0.00186989999999998,
