obj,time,mip_gap
495056.12558054656,0.0012761999999995055,
