obj,time,mip_gap
453909.67969562986,0.001427500000000137,
