obj,time,mip_gap
425729.760752716,0.001487799999999595,
