obj,time,mip_gap
417241.08443573624,0.0024284000000003303,
