obj,time,mip_gap
355994.0089302618,0.0010130000000003747,
