obj,time,mip_gap
402987.8141964016,0.001973099999999839,
