obj,time,mip_gap
397013.5001917856,0.0012863999999996878,
