obj,time,mip_gap
444018.970818093,0.0012854000000004362,
