obj,time,mip_gap
442055.5174590153,0.0011765999999999721,
