obj,time,mip_gap
454252.966009912,0.002347599999999339,
