obj,time,mip_gap
2653572.3627981655,148.23115710000002,0.029162457172683696
