obj,time,mip_gap
2610767.2054544413,143.23352879999948,0.0034974150394496985
