obj,time,mip_gap
2409915.364346208,69.07887750000009,0.017337670398890743
