obj,time,mip_gap
2632113.9159086645,121.06539429999975,0.0
