obj,time,mip_gap
2672637.811813292,133.72355120000066,0.01089358316063363
