obj,time,mip_gap
2289691.9997832826,27.94276019999961,0.033899670574490365
