obj,time,mip_gap
2458334.371109994,83.4582477999993,0.0
