obj,time,mip_gap
2614556.577052428,97.53668870000001,0.016056579795607307
