obj,time,mip_gap
2697102.5113323685,138.38779160000013,0.009220147419197518
