obj,time,mip_gap
2689725.949757967,100.42730130000018,0.008831574916290916
