obj,time,mip_gap
2635908.9252532623,116.60970129999987,0.0007636542354192571
