obj,time,mip_gap
2453039.2544821524,52.062048400000094,0.02305099127012059
