obj,time,mip_gap
2439499.956840098,83.25866859999951,0.04869754407375106
