obj,time,mip_gap
2507527.861815173,185.47150949999923,7.248642061144094e-07
