obj,time,mip_gap
2347675.782078716,22.150854899999104,0.03425678603858394
