obj,time,mip_gap
2557850.2320811274,119.10583499999848,0.026780565394936406
