obj,time,mip_gap
3127214.202586638,173.49941840000065,5.8368881072795554e-05
