obj,time,mip_gap
2562448.017633306,46.49957180000092,0.013307910687968855
