obj,time,mip_gap
2598902.1572387824,145.08884690000014,0.04404740720415394
