obj,time,mip_gap
2468997.4020213056,112.28961100000015,0.04137255801085013
