obj,time,mip_gap
3025041.4791407445,60.740593999998964,6.157420194317589e-16
