obj,time,mip_gap
2776079.7558535007,261.08531930000026,0.013796115531891912
