obj,time,mip_gap
2824478.380852934,290.4755776999991,0.035295365359464904
