obj,time,mip_gap
2929423.06148801,233.2228486999993,0.009680240283083216
