obj,time,mip_gap
2918189.5221540118,66.9113565000007,0.020900282374573333
