obj,time,mip_gap
2471541.0045028543,134.6025064000005,0.0010125292853732089
