obj,time,mip_gap
2595876.610059394,84.31302919999871,0.022045114367993432
