obj,time,mip_gap
2305332.081154019,146.5071022000011,0.00025681761528384986
