obj,time,mip_gap
2318166.566797757,111.88475909999943,0.0013671039102087872
