obj,time,mip_gap
2639712.265552322,135.7947636000008,0.03971346730461632
