obj,time,mip_gap
402469.0562291349,0.0014856999999999232,
