obj,time,mip_gap
449626.65303146874,0.0013810000000002987,
