obj,time,mip_gap
483796.66751734185,0.002285600000000443,
