obj,time,mip_gap
492789.965170986,0.0023455999999999477,
