obj,time,mip_gap
502285.702766452,0.0020461000000002727,
