obj,time,mip_gap
449300.0457748561,0.0015622000000004022,
