obj,time,mip_gap
369298.79400158476,0.0011100000000006105,
