obj,time,mip_gap
553242.5327141786,0.0012727999999997408,
