obj,time,mip_gap
474103.0661766727,0.0019014000000003861,
