obj,time,mip_gap
502062.15156250075,0.0016823000000005806,
