time,obj
0.13717369999999995,185693.05973124126
0.13316729999999977,161020.92865014685
0.13567209999999985,118436.22792892465
0.12458760000000035,172195.35999526776
0.13986460000000012,173539.43217706107
