time,obj
158.1154674999998,432634.3500276101
204.98177199999918,437332.63159072265
32.792020999999295,436400.790308382
80.92688479999924,469271.435174243
8.536075300000448,431867.38729158393
