time,obj
0.16240670000000001,175266.3070019199
0.15106929999999963,101773.17623298557
0.15365500000000054,116201.36685418329
0.15869160000000004,141509.52697811447
0.15359109999999987,78382.2683334043
