obj,time,mip_gap
415824.1984816439,0.0014194000000014029,
