obj,time,mip_gap
389047.25124227576,0.001409600000000566,
