obj,time,mip_gap
337032.2357595199,0.0016128000000001919,
