obj,time,mip_gap
378451.01565132727,0.0017756000000002103,
