obj,time,mip_gap
287235.3670489654,0.001001099999999866,
