obj,time,mip_gap
358850.167414046,0.002199299999999127,
