obj,time,mip_gap
344934.3313183154,0.0012762999999988978,
