obj,time,mip_gap
396243.38730384386,0.0016855000000006726,
