obj,time,mip_gap
392212.2380931408,0.0018201999999991614,
