obj,time,mip_gap
397784.8972492171,0.0018026000000013198,
