time,obj
0.1512910999999999,130460.17324156634
0.1525534000000004,180235.18216333806
0.15454849999999976,153117.27040989674
0.16074400000000022,191319.37177964047
0.1697457999999994,172384.6225395669
