obj,time,mip_gap
2285984.316968918,0.012464099999999978,
