obj,time,mip_gap
3148532.677811899,0.00745410000000013,
