obj,time,mip_gap
2543842.397464655,0.01754699999999998,
