obj,time,mip_gap
2107956.5376157034,0.024619500000000016,
