obj,time,mip_gap
2902155.632427358,0.013510999999999829,
