obj,time,mip_gap
312445.94251804886,0.0014598999999999585,
