obj,time,mip_gap
315752.5033423735,0.0018553000000001152,
