obj,time,mip_gap
382736.6167990124,0.0015342999999998774,
