obj,time,mip_gap
531000.5115542164,0.0010951000000001265,
