obj,time,mip_gap
439643.6393776472,0.0009432000000000329,
