obj,time,mip_gap
453877.1990585927,0.002260600000000057,
