obj,time,mip_gap
407470.85501328396,0.001374699999999951,
