obj,time,mip_gap
403626.3210486127,0.0017610000000001236,
