obj,time,mip_gap
510352.37380729994,0.0011760000000000659,
