obj,time,mip_gap
392526.6172186407,0.0014365000000000627,
