obj,time,mip_gap
367734.2601972447,0.0013868999999999687,
