obj,time,mip_gap
303622.0967745921,0.001548300000000058,
