obj,time,mip_gap
348182.51458573213,0.0016062999999997274,
