obj,time,mip_gap
466494.1553885436,0.0014732000000003964,
