obj,time,mip_gap
465228.25877714664,0.0011878999999996864,
