time,obj
0.2456233999999995,153787.62787820637
0.24452229999999986,215235.18216333806
0.23832510000000084,184780.52908509673
0.27542410000000217,233909.2946852405
0.23789090000000002,210547.74186756692
