obj,time,mip_gap
295661.14778212045,0.0016379999999998063,
