obj,time,mip_gap
220405.80222355394,0.0015828999999998317,
