obj,time,mip_gap
289077.27353727055,0.0013516999999998447,
