obj,time,mip_gap
396061.1425276771,0.0021855999999997877,
