obj,time,mip_gap
352872.50953553175,0.0013455000000002215,
