{
    "1": 313251.4195678275,
    "2": 48063.19128405853,
    "3": 302718.1028490037,
    "4": 83488.44071322346,
    "5": 168479.89690363305,
    "6": 363115.0459098719,
    "7": 130050.52802083522,
    "8": 31786.70122689363,
    "9": 191894.28606847572,
    "10": 299921.32237930974,
    "11": 275168.9361445226,
    "12": 117627.46969654641,
    "13": 116099.3238468295,
    "14": 525211.4819239526,
    "15": 179836.34854479614,
    "16": 83875.75259280407,
    "17": 516472.8163286161,
    "18": 169087.585451703,
    "19": 59430.23613840435,
    "20": 102909.96759824101,
    "21": 299781.72799100954,
    "22": 89752.4785869529,
    "23": 300669.4555331608,
    "24": 709259.8767328402,
    "25": 183078.08201041067,
    "26": 245665.0124631817,
    "27": 707325.1145286362,
    "28": 158723.69682822068,
    "29": 122706.1114629968,
    "30": 185503.46149059615,
    "31": 430180.26249289024,
    "32": 54621.695269285745,
    "33": 44538.21202314434,
    "34": 566066.8212011214,
    "35": 111117.21933890383,
    "36": 304866.75575443206,
    "37": 433809.1527245703,
    "38": 702843.2822166384,
    "39": 94973.99514304694,
    "40": 43648.43980041402,
    "41": 65166.68642111866,
    "42": 338365.9181285476,
    "43": 340965.8184779491,
    "44": 55923.61523391279,
    "45": 47133.97378803286,
    "46": 132452.76613069957,
    "47": 150284.89437444133,
    "48": 72997.72125693924,
    "49": 568244.8648998406,
    "50": 372697.4148342517,
    "51": 282189.0218915919,
    "52": 102593.96235233845,
    "53": 182361.07354948716,
    "54": 182474.7285740784,
    "55": 241704.58120384923,
    "56": 729982.7110191316,
    "57": 401324.1386332852,
    "58": 394680.8649351576,
    "59": 393886.0570298586,
    "60": 594191.8062358609,
    "61": 437791.8176525912,
    "62": 419380.7391382435,
    "63": 805465.0102223641,
    "64": 103079.5165803386,
    "65": 144994.9735100721,
    "66": 393838.95421206724,
    "67": 246477.0333670526,
    "68": 314820.4419980724,
    "69": 79742.62636262528,
    "70": 115560.82937205314,
    "71": 108205.46809224205,
    "72": 47195.466567029325,
    "73": 107798.1054005301,
    "74": 107745.79249255262,
    "75": 128157.28001336685,
    "76": 249407.64035127804,
    "77": 518851.7752634345,
    "78": 446125.9117296281,
    "79": 157465.48671202833,
    "80": 290039.8157833506,
    "81": 84635.60989660276,
    "82": 72256.15597878062,
    "83": 233653.79349193908,
    "84": 202929.1010441381,
    "85": 151601.4091446322,
    "86": 259277.81024445963,
    "87": 217387.98146565346,
    "88": 714076.7597443192,
    "89": 49549.108174662666,
    "90": 285582.52986138524,
    "91": 155748.54402354764,
    "92": 611626.970920366,
    "93": 342614.816107602,
    "94": 839290.5495634897,
    "95": 862937.1165477609,
    "96": 175905.24511561202,
    "97": 373963.8206970773,
    "98": 709880.9424815718,
    "99": 268659.767032434,
    "100": 113424.67645626368,
    "101": 497054.98163125763,
    "102": 274243.1135323826,
    "103": 91496.51698917369,
    "104": 101886.29010583236,
    "105": 122271.04619069565,
    "106": 134392.4305565728,
    "107": 134466.44223864435,
    "108": 29083.74676787247,
    "109": 121682.74156027462,
    "110": 122489.13353519859,
    "111": 57523.81402552847,
    "112": 262038.89312553592,
    "113": 150237.40212334637,
    "114": 134393.30151917695,
    "115": 151505.8664021938,
    "116": 180250.298859257,
    "117": 42271.42279051917,
    "118": 376529.0115953951,
    "119": 207307.994006919,
    "120": 235877.56556537052,
    "121": 387800.33380999824,
    "122": 107035.80828446258,
    "123": 174180.13668185228,
    "124": 117974.20924667231,
    "125": 399151.48017450224,
    "126": 263210.0432189136,
    "127": 817446.4603655589,
    "128": 313701.50064510776,
    "129": 376500.63802998443,
    "130": 374091.42287568696,
    "131": 304526.84108128014,
    "132": 215444.07522779034,
    "133": 159453.60388401986,
    "134": 125650.12654870356,
    "135": 71145.91986288637,
    "136": 358312.73669438023,
    "137": 326589.2409041432,
    "138": 59588.076866366515,
    "139": 98003.51077456612,
    "140": 418362.567498447,
    "141": 84374.8773297216,
    "142": 119318.12730333766,
    "143": 310067.8882609397,
    "144": 315183.11040645215,
    "145": 127372.66496061823,
    "146": 485846.8059192831,
    "147": 62161.25709339513,
    "148": 107148.75368806436,
    "149": 299458.53578227886,
    "150": 160832.68058234864,
    "151": 225650.47074039714,
    "152": 201071.75061250548,
    "153": 48923.235599257736,
    "154": 46244.16753380058,
    "155": 186367.46822898093,
    "156": 202428.05778240447,
    "157": 354947.8230012522,
    "158": 103687.35422274444,
    "159": 61775.597464698345,
    "160": 389949.76972446206,
    "161": 186640.65860729973,
    "162": 255456.9840973563,
    "163": 105280.58902680699,
    "164": 132917.86354078856,
    "165": 39560.17732142777,
    "166": 212933.0298543868,
    "167": 136700.99703075198,
    "168": 91614.68234498403,
    "169": 696817.3554753981,
    "170": 106020.79426405748,
    "171": 199408.3372762883,
    "172": 157926.34231806864,
    "173": 50517.92296706624,
    "174": 211793.832242599,
    "175": 439780.50696612103,
    "176": 186341.14270004348,
    "177": 17763.852287608992,
    "178": 244349.2822477237,
    "179": 294281.167239251,
    "180": 32025.91237579023,
    "181": 403302.77932621323,
    "182": 819322.5073957735,
    "183": 202659.33112069796,
    "184": 388322.5989228835,
    "185": 97724.2475114017,
    "186": 118295.90287520028,
    "187": 179453.2579618976,
    "188": 43245.460494854466,
    "189": 99230.5279301498,
    "190": 280596.136457733,
    "191": 320183.39972380863,
    "192": 150969.54790559958,
    "193": 112846.67564794698,
    "194": 370287.27381441166,
    "195": 209068.440226437,
    "196": 280440.5414853925,
    "197": 138270.92942598418,
    "198": 68324.43249349073,
    "199": 202166.21130414127,
    "200": 279543.5805832344,
    "201": 132107.1621111126,
    "202": 459706.8492869215,
    "203": 377692.51186906284,
    "204": 350026.62435134535,
    "205": 216127.72802917624,
    "206": 215792.09828344279,
    "207": 44028.872480049155,
    "208": 451156.0207798659,
    "209": 167077.01001088563,
    "210": 154676.31429617704,
    "211": 216927.27366317372,
    "212": 203926.85837284333,
    "213": 426038.59573398816,
    "214": 172282.8404267834,
    "215": 238279.69941063464,
    "216": 122996.99700579996,
    "217": 171433.02013550492,
    "218": 205521.32591022082,
    "219": 92200.29191726814,
    "220": 260831.81253308602,
    "221": 191937.9053286695,
    "222": 124514.02189901737,
    "223": 102755.72621827558,
    "224": 448716.9183101529,
    "225": 83436.27198481247,
    "226": 169362.14242762508,
    "227": 323734.45490257395,
    "228": 90848.07616058113,
    "229": 254223.3364714223,
    "230": 111766.4675256785,
    "231": 268846.5710867428,
    "232": 163276.50913347685,
    "233": 421599.90516372444,
    "234": 356135.74953696533,
    "235": 187669.73104862857,
    "236": 256547.80952543678,
    "237": 20689.188225227375,
    "238": 349559.46116127924,
    "239": 184196.87135221148,
    "240": 550886.4152372536,
    "241": 80525.60540954341,
    "242": 273197.8931291235,
    "243": 229589.58466222347,
    "244": 314589.342407488,
    "245": 142877.23184206235,
    "246": 356034.5377983491,
    "247": 373035.276362297,
    "248": 139171.69019045055,
    "249": 292791.0585829902,
    "250": 212201.1863584338,
    "251": 212732.64362727996,
    "252": 634471.260250056,
    "253": 214775.46657487078,
    "254": 322171.9918902849,
    "255": 364315.77565597376,
    "256": 269286.3871056449,
    "257": 61079.14682941953,
    "258": 498944.66480300744,
    "259": 166127.29053507687,
    "260": 232154.76676009936,
    "261": 306159.10736033326,
    "262": 124962.9612741248,
    "263": 652958.0285542341,
    "264": 111968.79708786489,
    "265": 231534.09915500833,
    "266": 78276.05183405877,