{
    "1": 472223.5013672015,
    "2": 108375.30418980216,
    "3": 162784.23217800277,
    "4": 83566.5533201381,
    "5": 630463.0922637287,
    "6": 81128.19858469565,
    "7": 224821.94051450593,
    "8": 54553.58521162288,
    "9": 739631.1890509763,
    "10": 855381.1445207772,
    "11": 117034.57583172146,
    "12": 207399.0394464479,
    "13": 26374.866935885973,
    "14": 179732.35959607788,
    "15": 39425.55025662613,
    "16": 257419.6118912312,
    "17": 37208.353152250136,
    "18": 50696.62093350943,
    "19": 116840.4545108736,
    "20": 78886.89910594693,
    "21": 168173.0192673189,
    "22": 487339.27547108184,
    "23": 284254.86569819594,
    "24": 309041.8581810387,
    "25": 450080.1653939954,
    "26": 167674.6185683184,
    "27": 49174.66820994267,
    "28": 197700.80015832355,
    "29": 47524.59759536388,
    "30": 330345.01772266545,
    "31": 62952.17295715943,
    "32": 426463.07408540574,
    "33": 461195.6268579344,
    "34": 279451.63128384587,
    "35": 280735.5533887474,
    "36": 252993.62799277884,
    "37": 117842.7275374342,
    "38": 164285.41736740852,
    "39": 32035.560028724776,
    "40": 221244.34324655854,
    "41": 97737.26060500692,
    "42": 223117.64960631664,
    "43": 99931.50958808442,
    "44": 507847.56311515387,
    "45": 374021.3101276932,
    "46": 215912.44134301238,
    "47": 302570.54380502214,
    "48": 175163.59562256266,
    "49": 296895.1760395587,
    "50": 251154.56691258302,
    "51": 609510.0992724911,
    "52": 101373.89937582197,
    "53": 59597.23667564626,
    "54": 75348.29983759792,
    "55": 246432.61037723502,
    "56": 16891.786419615826,
    "57": 162271.25541268077,
    "58": 138042.70211141734,
    "59": 108159.55073659016,
    "60": 389283.8489730341,
    "61": 80299.58245179137,
    "62": 131464.56260112327,
    "63": 122199.97736292235,
    "64": 41917.42361445785,
    "65": 63159.647701086855,
    "66": 182611.15660634273,
    "67": 74885.2531950264,
    "68": 104337.50812979157,
    "69": 190444.4582939306,
    "70": 125539.4020264712,
    "71": 347210.0470179954,
    "72": 256329.21881057997,
    "73": 339974.21750624967,
    "74": 115746.58098906482,
    "75": 213994.10099767617,
    "76": 204447.7254042414,
    "77": 69443.74553848062,
    "78": 149814.95587964848,
    "79": 52272.03816807678,
    "80": 172504.03680880487,
    "81": 90817.76702479525,
    "82": 247522.89933210012,
    "83": 439223.6266358464,
    "84": 68100.13100829413,
    "85": 154042.27918320318,
    "86": 194880.387126742,
    "87": 426364.53828108445,
    "88": 52909.241334571656,
    "89": 94145.331144012,
    "90": 176787.49591537,
    "91": 198859.15094953717,
    "92": 171733.357176835,
    "93": 264620.83235409437,
    "94": 163290.42976829654,
    "95": 445505.3658109881,
    "96": 180903.45783435725,
    "97": 255742.40357283782,
    "98": 96883.60038359606,
    "99": 118095.3114043353,
    "100": 90326.68160830282,
    "101": 666285.4117479109,
    "102": 169271.4275898597,
    "103": 262990.5546380408,
    "104": 98057.54257111078,
    "105": 215278.19214990266,
    "106": 205472.23498733263,
    "107": 109228.28151933126,
    "108": 501352.96201014606,
    "109": 743469.3765472813,
    "110": 280918.5909911855,
    "111": 298526.3207683976,
    "112": 368493.58663191326,
    "113": 188876.74941882488,
    "114": 351875.7306323483,
    "115": 325481.76295538916,
    "116": 33695.918193925674,
    "117": 145514.05926522196,
    "118": 523960.6324406056,
    "119": 174866.88915575237,
    "120": 454052.870640897,
    "121": 140808.58093995156,
    "122": 42785.648957058984,
    "123": 468862.58534807863,
    "124": 311845.123521602,
    "125": 416483.6703515414,
    "126": 305252.4713941732,
    "127": 283260.6343801654,
    "128": 328949.5987907976,
    "129": 213359.5910220831,
    "130": 67460.03683180065,
    "131": 187817.26712905898,
    "132": 10130.187540644261,
    "133": 149280.9184131439,
    "134": 325776.32100889273,
    "135": 55431.63437087467,
    "136": 291401.9281690488,
    "137": 65809.6439435812,
    "138": 126891.78614747037,
    "139": 76734.09920169399,
    "140": 69484.44989988758,
    "141": 281134.1365069378,
    "142": 198469.56157337173,
    "143": 162562.2481511158,
    "144": 24243.997152183005,
    "145": 443761.9197298134,
    "146": 50668.19381512591,
    "147": 231830.47117910732,
    "148": 115366.95713536984,
    "149": 139391.91109509155,
    "150": 200695.14342829515,
    "151": 87793.73651607562,
    "152": 424855.66428408585,
    "153": 221334.33769594698,
    "154": 538227.5487343654,
    "155": 66752.85493132574,
    "156": 435222.47484054044,
    "157": 115636.96631240087,
    "158": 61538.31923672101,
    "159": 195044.46617605066,
    "160": 95531.15174414992,
    "161": 281588.6756948493,
    "162": 173200.10315210556,
    "163": 396740.71928142424,
    "164": 424814.62222153204,
    "165": 351345.9870145463,
    "166": 202154.12282581613,
    "167": 65161.3474260735,
    "168": 61438.08109183267,
    "169": 358318.0123157563,
    "170": 97771.69122059789,
    "171": 124146.68903444723,
    "172": 117184.31866871974,
    "173": 707990.5938181462,
    "174": 133682.56843685763,
    "175": 202858.2928554918,
    "176": 110264.5349032491,
    "177": 316211.13233167864,
    "178": 147990.4224113046,
    "179": 234584.44236185346,
    "180": 187025.73555850267,
    "181": 102243.54393819989,
    "182": 257008.8924871291,
    "183": 385397.7721573693,
    "184": 119019.68074890981,
    "185": 80760.78238154566,
    "186": 57737.14317195415,
    "187": 173653.0927587072,
    "188": 153518.50335444932,
    "189": 187654.70900700885,
    "190": 25464.814467703618,
    "191": 267011.04118909605,
    "192": 28634.520526301752,
    "193": 160713.55058397155,
    "194": 66757.85349986497,
    "195": 32837.42645176668,
    "196": 133934.86157727253,
    "197": 148708.63472757002,
    "198": 283232.14161998726,
    "199": 471874.8316136971,
    "200": 432891.6178049679,
    "201": 99861.99772079912,
    "202": 149810.66916874071,
    "203": 199962.83346916997,
    "204": 269186.63350242074,
    "205": 83928.44696128381,
    "206": 469575.6095581694,
    "207": 241775.80771318212,
    "208": 180309.35398384623,
    "209": 64543.34539354495,
    "210": 434693.5258441294,
    "211": 60171.804474005534,
    "212": 279670.7378664357,
    "213": 194893.16420750986,
    "214": 96309.03446894044,
    "215": 139538.13694223316,
    "216": 465533.9270945181,
    "217": 37205.76154253721,
    "218": 360153.9840985518,
    "219": 241287.76497973662,
    "220": 330682.8954425778,
    "221": 52110.53626694756,
    "222": 132373.41101152496,
    "223": 424143.84453062474,
    "224": 133487.8746836537,
    "225": 100675.90161951487,
    "226": 40826.112926636946,
    "227": 63156.62913708266,
    "228": 156384.55574877636,
    "229": 216790.31880491888,
    "230": 222624.7040663519,
    "231": 492834.8420029202,
    "232": 337509.85214644513,
    "233": 299459.8739602543,
    "234": 187262.90596511,
    "235": 210725.74344692923,
    "236": 104464.97160107335,
    "237": 370989.842815032,
    "238": 133468.26878131134,
    "239": 233608.56182959402,
    "240": 75683.37769394899,
    "241": 348743.71582676953,
    "242": 129730.96229165047,
    "243": 151156.19778115192,
    "244": 158679.16582361818,
    "245": 319800.6197625042,
    "246": 250002.67080483356,
    "247": 313413.41253299714,
    "248": 175272.69658185611,
    "249": 313203.7930534844,
    "250": 546592.6033021335,
    "251": 46662.950052083404,
    "252": 250630.9674830521,
    "253": 94843.0719937377,
    "254": 244516.72350532605,
    "255": 204349.2470687789,
    "256": 482602.5151077669,
    "257": 75328.59208014085,
    "258": 492944.4599175792,
    "259": 294420.8193557909,
    "260": 261969.55483481736,
    "261": 169130.28356591417,
    "262": 258272.4654608197,
    "263": 185244.5311988711,
    "264": 228521.5489280889,
    "265": 160618.31784839145,
    "266": 146382.0931895071,