{
    "1": 165759.14943150643,
    "2": 357938.7641031105,
    "3": 280527.2066510753,
    "4": 39587.61404255252,
    "5": 122871.80887877273,
    "6": 395788.32597061986,
    "7": 317919.5033994389,
    "8": 138626.9992628411,
    "9": 99380.9466702112,
    "10": 184709.73440362266,
    "11": 378725.1681381229,
    "12": 164060.59618091522,
    "13": 168024.0606287715,
    "14": 47234.86408456544,
    "15": 84879.56277785722,
    "16": 136652.18889175745,
    "17": 187519.68161159958,
    "18": 414521.8150905588,
    "19": 610196.5208566394,
    "20": 28126.07714688723,
    "21": 299712.2357655247,
    "22": 197447.17073045534,
    "23": 157368.09877518288,
    "24": 163107.64759503418,
    "25": 104866.22622696092,
    "26": 38547.2001819832,
    "27": 201047.6213887787,
    "28": 109592.86659753436,
    "29": 326917.0186135495,
    "30": 87514.11563338156,
    "31": 169944.54523852945,
    "32": 11194.625384973275,
    "33": 250436.36980555908,
    "34": 127690.10504577351,
    "35": 237841.8662593253,
    "36": 110900.62047119843,
    "37": 182118.65058634014,
    "38": 435587.0230614243,
    "39": 268272.3563372887,
    "40": 504308.25344505167,
    "41": 105856.29696927176,
    "42": 252987.58761505646,
    "43": 177870.513051583,
    "44": 65498.88056752534,
    "45": 95088.7925103718,
    "46": 73003.1737453932,
    "47": 185266.38075668868,
    "48": 460252.26926815056,
    "49": 51069.22045320418,
    "50": 298950.294514168,
    "51": 209438.31885265757,
    "52": 342351.8458162558,
    "53": 221999.42011075772,
    "54": 367364.23086526693,
    "55": 81479.16012408999,
    "56": 320697.7172995028,
    "57": 592671.9416151276,
    "58": 19928.15933267802,
    "59": 326984.4135197214,
    "60": 312331.9245408876,
    "61": 134992.76554422738,
    "62": 257204.68084845453,
    "63": 97700.79239753133,
    "64": 10265.293280401913,
    "65": 149160.85201955197,
    "66": 217368.87658069076,
    "67": 450121.3394522924,
    "68": 102554.53760457893,
    "69": 57503.00943026746,
    "70": 171411.1331534556,
    "71": 215925.16642344158,
    "72": 146054.55149479618,
    "73": 469813.78869677614,
    "74": 647262.0214563347,
    "75": 217919.46705771267,
    "76": 192145.72856564945,
    "77": 435676.61725218827,
    "78": 65102.4081014735,
    "79": 102324.07518306801,
    "80": 124442.03257910651,
    "81": 99951.18339081333,
    "82": 51769.05553899855,
    "83": 205906.88009242187,
    "84": 254214.67234129144,
    "85": 502230.997443947,
    "86": 249962.31319112517,
    "87": 264155.4524901509,
    "88": 326366.59713955654,
    "89": 399911.54512426845,
    "90": 232212.34640894408,
    "91": 505442.2155437772,
    "92": 151061.50683355352,
    "93": 593178.3240505143,
    "94": 459102.30639633624,
    "95": 57936.847057144536,
    "96": 102709.85715128428,
    "97": 65605.48196835553,
    "98": 161095.3091320453,
    "99": 203411.07209013076,
    "100": 251844.26565925352,
    "101": 49462.99364034407,
    "102": 250923.50179161452,
    "103": 359248.0245272928,
    "104": 246208.82000423674,
    "105": 193582.8604341435,
    "106": 60041.906949757766,
    "107": 526048.270151148,
    "108": 87513.99422092861,
    "109": 211142.97072852933,
    "110": 128999.71620194218,
    "111": 36051.03756732947,
    "112": 123509.779497819,
    "113": 270545.31464055827,
    "114": 269066.7611073461,
    "115": 63406.475509576456,
    "116": 256865.52283085196,
    "117": 322024.9324406404,
    "118": 42062.62473901808,
    "119": 92476.85152902862,
    "120": 83738.54933283431,
    "121": 154352.88632009766,
    "122": 75957.40576420639,
    "123": 16431.779974526075,
    "124": 430060.2427973173,
    "125": 177931.51804969308,
    "126": 47245.44418534922,
    "127": 346647.53856168676,
    "128": 237777.2576779999,
    "129": 208451.52211697356,
    "130": 58849.096389485465,
    "131": 41142.2730193085,
    "132": 38522.09166980204,
    "133": 381093.40909037687,
    "134": 129305.82157078017,
    "135": 252014.1771545154,
    "136": 594787.885302164,
    "137": 728941.8803940758,
    "138": 234536.67974346044,
    "139": 85415.2769175348,
    "140": 64351.38774683808,
    "141": 25660.07990941637,
    "142": 136009.30162258298,
    "143": 144347.6462483648,
    "144": 328350.3241277664,
    "145": 319280.3437447187,
    "146": 179538.02398082885,
    "147": 539662.6673160235,
    "148": 119718.70110464469,
    "149": 363491.33534187335,
    "150": 355993.7776152197,
    "151": 159775.7965522937,
    "152": 86755.44057810068,
    "153": 71210.24425952294,
    "154": 281561.9007333849,
    "155": 411369.8819015173,
    "156": 516846.74979602086,
    "157": 77989.40500284452,
    "158": 619988.669389806,
    "159": 324836.8960683877,
    "160": 456175.67364182003,
    "161": 227765.046402977,
    "162": 754416.157495915,
    "163": 169525.74818227327,
    "164": 72388.66559056414,
    "165": 449357.5223317361,
    "166": 128933.43203041745,
    "167": 138924.71789034345,
    "168": 84928.239514804,
    "169": 130738.93504152549,
    "170": 282581.6601930562,
    "171": 101338.43541883623,
    "172": 44600.887590515624,
    "173": 43577.920366189515,
    "174": 183992.2606080941,
    "175": 205212.67715065446,
    "176": 115723.98204449879,
    "177": 322714.0603151691,
    "178": 611011.1589408064,
    "179": 765936.6709749663,
    "180": 146111.47181884275,
    "181": 181200.90812771814,
    "182": 319739.0256389304,
    "183": 142027.4240259008,
    "184": 394999.987131202,
    "185": 201341.55735697475,
    "186": 65266.19627124272,
    "187": 311473.2938873711,
    "188": 170137.69380476442,
    "189": 76817.81756023415,
    "190": 431764.00712438184,
    "191": 79209.1753291324,
    "192": 235308.9079608395,
    "193": 580040.3528240053,
    "194": 58311.6876187794,
    "195": 191819.8052160545,
    "196": 460224.17726924864,
    "197": 32601.737431381833,
    "198": 488184.5564383155,
    "199": 112671.47450202347,
    "200": 81033.80479726884,
    "201": 155952.47730004037,
    "202": 76953.2058154107,
    "203": 33323.19144796448,
    "204": 124986.69473177969,
    "205": 77413.59804192238,
    "206": 353555.78315296,
    "207": 398471.6879194369,
    "208": 86897.13843629572,
    "209": 169426.2855861192,
    "210": 446266.10564644384,
    "211": 117161.35473863728,
    "212": 219591.37768657456,
    "213": 71559.58776662605,
    "214": 142821.72396817835,
    "215": 120146.33955887971,
    "216": 406874.7991308821,
    "217": 255886.77134024302,
    "218": 160556.39331957285,
    "219": 375023.9404155116,
    "220": 167555.3056008224,
    "221": 79400.99366794457,
    "222": 248809.770841123,
    "223": 309625.2611980341,
    "224": 208276.71987499253,
    "225": 89495.84585921676,
    "226": 52912.32661853018,
    "227": 177961.30625021452,
    "228": 423603.7644194272,
    "229": 116194.24461141939,
    "230": 96459.32032476118,
    "231": 190270.55027285355,
    "232": 200831.14546876433,
    "233": 252316.5584416583,
    "234": 145845.2569477888,
    "235": 417220.9700200596,
    "236": 54529.098313376606,
    "237": 711103.9978430894,
    "238": 208846.17903816805,
    "239": 315293.029643482,
    "240": 278854.80841267743,
    "241": 91776.28770524515,
    "242": 139882.9503221488,
    "243": 367881.6906530376,
    "244": 369236.2309423582,
    "245": 107114.03253620634,
    "246": 816059.3183423752,
    "247": 172456.107921565,
    "248": 198815.68214806207,
    "249": 301879.8047962416,
    "250": 80153.51295380744,
    "251": 219208.72180805315,
    "252": 165751.0216591794,
    "253": 489466.93578741496,
    "254": 552448.8110815351,
    "255": 182261.523499636,
    "256": 510428.3622935419,
    "257": 161690.1854066461,
    "258": 221842.16296414845,
    "259": 170497.28353907116,
    "260": 46808.077797570746,
    "261": 110877.04565766793,
    "262": 233216.52205673637,
    "263": 533120.2092582629,
    "264": 224299.0740979568,
    "265": 421320.273821795,
    "266": 215376.07873750431,
    "267": 160913.18868202358,