{
    "1": 42193.01829723539,
    "2": 159284.5399165941,
    "3": 163159.6525543307,
    "4": 103639.02382704831,
    "5": 94305.82427095517,
    "6": 365894.39398652595,
    "7": 404167.77078898996,
    "8": 138957.8026698257,
    "9": 462818.6495569233,
    "10": 391515.4340602576,
    "11": 69206.79021202058,
    "12": 279586.3580069656,
    "13": 70506.96809822562,
    "14": 685361.0267499427,
    "15": 207723.6793427546,
    "16": 142171.08537844365,
    "17": 511808.6216036033,
    "18": 654383.8797157682,
    "19": 377615.5209543516,
    "20": 444571.6749831991,
    "21": 170400.15782640982,
    "22": 335259.32142345275,
    "23": 77585.96052190338,
    "24": 19485.491227814233,
    "25": 108197.20943137252,
    "26": 794938.4178446605,
    "27": 202072.6417309219,
    "28": 620384.2932232246,
    "29": 14564.854656081754,
    "30": 232795.17582808042,
    "31": 407437.0959729939,
    "32": 158665.92387573057,
    "33": 143909.6854518453,
    "34": 153262.1391987034,
    "35": 80928.5888757045,
    "36": 190979.49800943403,
    "37": 286073.04084691487,
    "38": 280887.99792541214,
    "39": 46917.38294832742,
    "40": 183732.00642576208,
    "41": 210761.04733694383,
    "42": 159354.22365349426,
    "43": 135063.02744219586,
    "44": 171385.32604567736,
    "45": 196434.62040204048,
    "46": 223612.98123209242,
    "47": 203781.3062018988,
    "48": 117438.22978979598,
    "49": 319892.13824177266,
    "50": 195490.30834065308,
    "51": 106941.09975481928,
    "52": 164708.58924309516,
    "53": 200810.8946437434,
    "54": 465182.1617091015,
    "55": 79655.59792830423,
    "56": 56037.63371973776,
    "57": 356509.5713472589,
    "58": 261729.93131437225,
    "59": 171216.80684546902,
    "60": 550573.7812804017,
    "61": 96752.39833112428,
    "62": 61806.0809810445,
    "63": 266615.4649395306,
    "64": 345276.5677343975,
    "65": 153409.865755766,
    "66": 185439.51356004272,
    "67": 597069.9979226502,
    "68": 420212.8193573495,
    "69": 323343.11853210814,
    "70": 92760.68772780595,
    "71": 205308.1232153651,
    "72": 290254.1873912449,
    "73": 196817.11277512158,
    "74": 218951.4046223171,
    "75": 76280.12927168306,
    "76": 529295.4032533448,
    "77": 788708.8301927156,
    "78": 72561.64417138325,
    "79": 263859.46721909224,
    "80": 469679.86091352685,
    "81": 782330.8660050911,
    "82": 351305.19430481957,
    "83": 127846.82797367856,
    "84": 223842.0501849863,
    "85": 50600.84230833737,
    "86": 488353.5864907222,
    "87": 184563.98221298086,
    "88": 99318.05804597068,
    "89": 241610.01788689336,
    "90": 70144.61782242925,
    "91": 75421.04876422712,
    "92": 297256.44657773693,
    "93": 156314.53118437703,
    "94": 94506.36031748267,
    "95": 141002.60099101998,
    "96": 60158.91032768876,
    "97": 397020.0190147774,
    "98": 345805.87071899616,
    "99": 193321.45365329995,
    "100": 164943.86228139867,
    "101": 791100.0396984026,
    "102": 199734.37858180833,
    "103": 323207.662562453,
    "104": 110355.29828969006,
    "105": 122794.94561108056,
    "106": 328111.68617737043,
    "107": 294550.2320212305,
    "108": 77261.55605164211,
    "109": 123252.1584013366,
    "110": 239877.89655167042,
    "111": 183109.65528789762,
    "112": 578201.7542616987,
    "113": 390162.794178319,
    "114": 136445.2601244721,
    "115": 633229.3100809075,
    "116": 73537.26158435181,
    "117": 172654.28174117487,
    "118": 257377.81489428936,
    "119": 245873.7368022371,
    "120": 17910.918419782724,
    "121": 233761.7278132186,
    "122": 338151.28717615973,
    "123": 202723.1175643122,
    "124": 112237.13753202902,
    "125": 759606.4537729527,
    "126": 216802.633902887,
    "127": 90516.21479066047,
    "128": 354860.7338491044,
    "129": 114236.02864182639,
    "130": 375976.45924809045,
    "131": 58944.0909016316,
    "132": 296347.02406381135,
    "133": 111268.41365896842,
    "134": 169686.81022271258,
    "135": 216034.5416783936,
    "136": 321055.0600355585,
    "137": 293465.7254680603,
    "138": 727384.4534814352,
    "139": 253022.6253815006,
    "140": 100381.96976057881,
    "141": 389322.28775775863,
    "142": 703049.5907984336,
    "143": 347914.06478295184,
    "144": 584470.5110822073,
    "145": 138937.53217618912,
    "146": 278512.0203051902,
    "147": 205364.4222467878,
    "148": 488338.48342110193,
    "149": 225326.16432709564,
    "150": 421222.82972662925,
    "151": 100817.41792477811,
    "152": 364035.5818308791,
    "153": 44945.87316043266,
    "154": 422417.73425540625,
    "155": 427393.02125440777,
    "156": 680386.2966541369,
    "157": 316361.24790990754,
    "158": 111888.06715269394,
    "159": 354061.2752425088,
    "160": 703660.6947621573,
    "161": 31051.878124420004,
    "162": 393878.5713275157,
    "163": 255187.3695688425,
    "164": 400941.1421093172,
    "165": 177184.3546589129,
    "166": 82325.09327709791,
    "167": 324773.25846982555,
    "168": 368219.73390498816,
    "169": 116811.68568024001,
    "170": 536932.3600143611,
    "171": 358798.8066942714,
    "172": 276764.20801272296,
    "173": 32155.953525355842,
    "174": 287729.6323908989,
    "175": 325815.6984779324,
    "176": 255896.88836262547,
    "177": 301491.1141376674,
    "178": 126995.8868142657,
    "179": 366378.7551914091,
    "180": 152377.35065340422,
    "181": 316128.00121499033,
    "182": 398013.33969953295,
    "183": 332980.7088412307,
    "184": 347185.36065698,
    "185": 199185.75981254494,
    "186": 98139.90708480684,
    "187": 289567.61943637644,
    "188": 13628.666312885513,
    "189": 305396.2136128824,
    "190": 373416.4884580317,
    "191": 247095.18176586472,
    "192": 591392.2526902666,
    "193": 403721.52024162305,
    "194": 514470.2380302117,
    "195": 176939.00838050945,
    "196": 193365.88055127967,
    "197": 201005.29086386776,
    "198": 96160.92332124177,
    "199": 429622.97220566677,
    "200": 70835.07602313596,
    "201": 265726.794831719,
    "202": 37603.18116136782,
    "203": 206636.31494316756,
    "204": 377022.71768102236,
    "205": 729228.9601018041,
    "206": 150027.136033664,
    "207": 690682.3424946549,
    "208": 362089.439777722,
    "209": 319440.69193492894,
    "210": 437604.1253369372,
    "211": 108529.98514577113,
    "212": 322200.9694853617,
    "213": 296252.6420240688,
    "214": 45589.49923840087,
    "215": 75898.73882410853,
    "216": 158319.07080335374,
    "217": 391852.1095264023,
    "218": 41825.86624348325,
    "219": 336563.6274399711,
    "220": 34371.673941632485,
    "221": 201486.5960007424,
    "222": 186514.9990335892,
    "223": 297392.71245751483,
    "224": 35315.91984865929,
    "225": 86829.64085382273,
    "226": 132898.7529936646,
    "227": 348397.005245586,
    "228": 293739.8463912573,
    "229": 379004.1227580003,
    "230": 284164.4286813207,
    "231": 107617.86059095808,
    "232": 279801.55754018575,
    "233": 74539.28138890317,
    "234": 448887.6154235275,
    "235": 212154.02058392123,
    "236": 245231.48055540986,
    "237": 196758.17559053618,
    "238": 321860.55212107516,
    "239": 27984.315859155868,
    "240": 245681.9190080196,
    "241": 293496.34046571696,
    "242": 104256.2874858607,
    "243": 718288.8722893584,
    "244": 60148.47488893823,
    "245": 130400.66586616605,
    "246": 76334.04325738945,
    "247": 24663.433070994783,
    "248": 83931.25458658877,
    "249": 68697.59987035657,
    "250": 159313.03442383357,
    "251": 382428.7551374082,
    "252": 235527.0158052067,
    "253": 237182.59523509248,
    "254": 38394.28412061763,
    "255": 126046.03822464042,
    "256": 250241.91674308045,
    "257": 475594.3243692169,
    "258": 590959.2218440768,
    "259": 93775.15524899145,
    "260": 137602.4597473015,
    "261": 175250.6760956433,
    "262": 277854.5162584368,
    "263": 772510.6100717501,
    "264": 131760.80892101157,
    "265": 157773.35537036572,
    "266": 187840.64835655777,