{
    "1": 742350.573914035,
    "2": 120690.30075956148,
    "3": 65176.59166684775,
    "4": 257421.97817788177,
    "5": 217214.16539995195,
    "6": 87946.61527965452,
    "7": 283388.12000433146,
    "8": 535333.0606742642,
    "9": 29021.26525536387,
    "10": 256352.39875241945,
    "11": 188289.90851790263,
    "12": 40207.76734213954,
    "13": 122428.6046081325,
    "14": 328190.0398305933,
    "15": 241326.13296720313,
    "16": 167062.7611628841,
    "17": 198902.27493237527,
    "18": 488369.2664216168,
    "19": 48376.45130555479,
    "20": 201051.2899146587,
    "21": 36600.15892041679,
    "22": 125290.80007950218,
    "23": 193985.7167937524,
    "24": 100435.89909687295,
    "25": 360263.81600597437,
    "26": 100138.46191638085,
    "27": 674693.290473442,
    "28": 474234.65039315517,
    "29": 153880.74585092068,
    "30": 511658.79634471994,
    "31": 309116.8526050166,
    "32": 69869.60018519363,
    "33": 174474.8328251409,
    "34": 11559.890260169996,
    "35": 55027.47804684482,
    "36": 270169.58891252556,
    "37": 55352.19273234814,
    "38": 229819.41268708714,
    "39": 134968.67009758527,
    "40": 319885.53422762244,
    "41": 130659.88769323572,
    "42": 104355.69732221327,
    "43": 148078.28097331914,
    "44": 862361.1929335777,
    "45": 269707.7977138583,
    "46": 408772.8902641002,
    "47": 42331.55471686483,
    "48": 87263.94246246603,
    "49": 104548.52512399628,
    "50": 254386.54378993277,
    "51": 119491.971719849,
    "52": 199248.90423677056,
    "53": 123678.26873048057,
    "54": 178289.35354915247,
    "55": 366903.86213028873,
    "56": 211498.13706675227,
    "57": 69755.97016834033,
    "58": 151649.621991812,
    "59": 552870.411164202,
    "60": 655492.3489230894,
    "61": 313597.24243292096,
    "62": 199568.30457980142,
    "63": 125012.00816346744,
    "64": 93830.21910604056,
    "65": 308620.6632685762,
    "66": 298992.53787427547,
    "67": 154186.52186003004,
    "68": 288835.6238209548,
    "69": 444208.9852336172,
    "70": 313712.58531585644,
    "71": 296561.652946095,
    "72": 259234.674242484,
    "73": 265590.1668536467,
    "74": 157493.3586887381,
    "75": 447791.3385054584,
    "76": 132492.86571679098,
    "77": 144307.42671216992,
    "78": 95904.17984593484,
    "79": 49257.407681306606,
    "80": 497877.14991150936,
    "81": 323962.6624763633,
    "82": 127981.14002763692,
    "83": 103795.50950915547,
    "84": 185183.02803266406,
    "85": 215489.5031642225,
    "86": 125916.55286516242,
    "87": 402070.33316358784,
    "88": 140440.01615739375,
    "89": 229135.0196951727,
    "90": 73057.96367774493,
    "91": 119701.8658118903,
    "92": 137511.71481479768,
    "93": 339669.21296047984,
    "94": 203925.92587941582,
    "95": 125335.27145730723,
    "96": 179687.17421831927,
    "97": 98327.76491656693,
    "98": 159344.6580782963,
    "99": 142654.45204991085,
    "100": 183577.51455395893,
    "101": 254848.38352659886,
    "102": 222592.62969958794,
    "103": 250086.026534808,
    "104": 196377.22152230615,
    "105": 208361.30986700964,
    "106": 245983.5872081731,
    "107": 216198.31738630732,
    "108": 472435.98688959243,
    "109": 199350.27941191485,
    "110": 147149.49617942178,
    "111": 19259.52153204687,
    "112": 82473.68766831655,
    "113": 134523.16224853558,
    "114": 69307.43101115843,
    "115": 339845.4048064484,
    "116": 138265.98768452913,
    "117": 358029.2101417983,
    "118": 230914.87336822433,
    "119": 306203.7247249738,
    "120": 223528.83029308706,
    "121": 284696.7673705842,
    "122": 147670.77705445958,
    "123": 216775.455452621,
    "124": 354178.1323717604,
    "125": 91380.52173694507,
    "126": 590144.1161143634,
    "127": 141169.71468656635,
    "128": 216594.6721042647,
    "129": 351597.9601536628,
    "130": 291371.4837573727,
    "131": 719311.5943848443,
    "132": 15590.429095959735,
    "133": 794895.9331867532,
    "134": 162248.7905755834,
    "135": 303776.6861095089,
    "136": 181642.1195914501,
    "137": 322562.1777587532,
    "138": 162703.640007295,
    "139": 262329.12037702196,
    "140": 392266.2419768518,
    "141": 99777.74469391353,
    "142": 225062.9885553269,
    "143": 167473.94972650398,
    "144": 228878.21345650055,
    "145": 107369.43990996858,
    "146": 185664.4597848626,
    "147": 355279.02893609006,
    "148": 482879.97085100797,
    "149": 371533.5638510537,
    "150": 381641.600959348,
    "151": 693851.1104129691,
    "152": 90804.00663949687,
    "153": 292891.6503800596,
    "154": 36805.63182920929,
    "155": 130515.68010151912,
    "156": 230622.34135365908,
    "157": 144146.79769888485,
    "158": 352436.13213659165,
    "159": 476470.5236877797,
    "160": 686386.5368226446,
    "161": 462790.1462730872,
    "162": 330752.4101050854,
    "163": 274962.23772332305,
    "164": 31263.348435019736,
    "165": 168362.48884269784,
    "166": 353403.287706706,
    "167": 301899.50453720056,
    "168": 185087.07306568994,
    "169": 111388.46914682108,
    "170": 62977.92681629173,
    "171": 72961.87431917153,
    "172": 181127.7505483085,
    "173": 261968.98678313874,
    "174": 121269.68435881566,
    "175": 122676.57751352388,
    "176": 120961.04409448922,
    "177": 219711.94342187096,
    "178": 275878.54040753096,
    "179": 29582.714219860536,
    "180": 156329.01684385186,
    "181": 382778.18218910886,
    "182": 292261.62351074367,
    "183": 195851.7822866055,
    "184": 170357.5571870822,
    "185": 50733.2774989542,
    "186": 545735.2232668443,
    "187": 252431.1481809988,
    "188": 241877.74103674677,
    "189": 188945.2130211864,
    "190": 294547.81275257416,
    "191": 159756.92356172233,
    "192": 411169.69609586976,
    "193": 68443.73966098377,
    "194": 231382.6846284621,
    "195": 222849.6312044177,
    "196": 146431.21871014294,
    "197": 199120.67812782395,
    "198": 192945.96199856553,
    "199": 357438.0869075393,
    "200": 223671.76144826025,
    "201": 270799.3609206424,
    "202": 606895.2657437639,
    "203": 42046.3811087159,
    "204": 242268.71407524805,
    "205": 124172.73796100094,
    "206": 108879.07273330148,
    "207": 760898.1406030064,
    "208": 414625.1288800761,
    "209": 138086.77015498604,
    "210": 102391.27170961926,
    "211": 366492.97563219926,
    "212": 268929.73079193966,
    "213": 330911.57759741094,
    "214": 221488.12718987314,
    "215": 493302.166846267,
    "216": 379966.89811177406,
    "217": 153950.09349966154,
    "218": 132723.5342336929,
    "219": 126542.84679871124,
    "220": 165033.81614596266,
    "221": 280655.0786829182,
    "222": 126342.94112959846,
    "223": 22839.068577752263,
    "224": 155840.8890359761,
    "225": 86986.01039068865,
    "226": 345058.4204868325,
    "227": 219347.4503353505,
    "228": 64513.61064610005,
    "229": 171418.67586748677,
    "230": 219019.22777552388,
    "231": 121039.87154835377,
    "232": 157030.76898922859,
    "233": 57285.57256539916,
    "234": 896770.3418249213,
    "235": 238748.87066954016,
    "236": 204294.5497522962,
    "237": 194428.5847362875,
    "238": 198025.01967878768,
    "239": 393392.99073690426,
    "240": 186482.10801529294,
    "241": 304848.0715714103,
    "242": 243049.3188183196,
    "243": 378207.7838244748,
    "244": 701406.0474838068,
    "245": 98360.243526472,
    "246": 94994.41046590616,
    "247": 330909.92636858,
    "248": 143299.91708916763,
    "249": 99822.01985365154,
    "250": 80142.40145210456,
    "251": 102053.74880274973,
    "252": 237667.45681116104,
    "253": 147750.2321923983,
    "254": 267276.9075939684,
    "255": 639769.765868259,
    "256": 281575.2202108773,
    "257": 381072.13668686314,
    "258": 129939.82417775977,
    "259": 108531.39215769325,
    "260": 1004374.2926598497,
    "261": 294505.86533200886,
    "262": 12041.91250268883,
    "263": 126868.37466303697,
    "264": 211035.44685443837,
    "265": 116202.44805506173,
    "266": 241150.3953497651,