{
    "1": 141687.23297332192,
    "2": 406691.29910229065,
    "3": 625777.007820906,
    "4": 194858.41115560711,
    "5": 117779.75166016717,
    "6": 268515.70213412936,
    "7": 74385.58683515116,
    "8": 655551.4181654002,
    "9": 184205.72875350504,
    "10": 120680.71553753069,
    "11": 104618.46765460423,
    "12": 400746.7130282045,
    "13": 134084.0576757853,
    "14": 141966.1394652973,
    "15": 242108.03345334582,
    "16": 41377.35377968441,
    "17": 177206.8489712117,
    "18": 15487.154322032076,
    "19": 191289.54743308562,
    "20": 110531.49116778094,
    "21": 159070.99699930346,
    "22": 508713.90491280315,
    "23": 290898.7642723497,
    "24": 203032.5091868837,
    "25": 182520.1673460987,
    "26": 108739.51958249616,
    "27": 207606.8777047895,
    "28": 273393.5855787862,
    "29": 271014.9350922674,
    "30": 89168.74884352034,
    "31": 196683.85474497388,
    "32": 288924.70696445514,
    "33": 242397.51914743386,
    "34": 339729.072017444,
    "35": 54886.64113365673,
    "36": 102022.73191424568,
    "37": 450074.7637886659,
    "38": 242643.29475193302,
    "39": 352492.0697743743,
    "40": 450965.53238545015,
    "41": 72130.22660240672,
    "42": 102151.93072383327,
    "43": 284732.3112097878,
    "44": 117930.12786459296,
    "45": 774572.07107341,
    "46": 368639.15332506783,
    "47": 132430.55966838458,
    "48": 186187.46172038993,
    "49": 769877.9135446862,
    "50": 436915.4319588226,
    "51": 113597.77103527168,
    "52": 27499.196975794046,
    "53": 281410.54104178934,
    "54": 43995.565057122316,
    "55": 236250.37251533722,
    "56": 52191.949501360956,
    "57": 56747.5886385808,
    "58": 379682.6272344425,
    "59": 238287.1680138593,
    "60": 281109.7829145364,
    "61": 391649.2820248441,
    "62": 241528.54828516868,
    "63": 109079.81437623748,
    "64": 239755.34451515324,
    "65": 95791.89350527558,
    "66": 380444.3601262631,
    "67": 282326.57155713456,
    "68": 18940.910884363122,
    "69": 81205.66009922409,
    "70": 210083.03995268975,
    "71": 378271.2486140791,
    "72": 224921.22430291297,
    "73": 124532.22174111553,
    "74": 545528.0914481169,
    "75": 368918.6587573812,
    "76": 211438.63328802213,
    "77": 198923.12979333327,
    "78": 399188.1603770143,
    "79": 149950.97804795677,
    "80": 369327.2879060892,
    "81": 314078.0807879672,
    "82": 68403.33869422038,
    "83": 285136.98523407144,
    "84": 148972.03531915552,
    "85": 92695.28016343844,
    "86": 127906.46669611802,
    "87": 168799.1316675545,
    "88": 202697.19427038784,
    "89": 119548.64300573897,
    "90": 266196.3653960008,
    "91": 285157.0472016076,
    "92": 113702.62807074742,
    "93": 238178.67519069338,
    "94": 140484.48631080662,
    "95": 199392.284750419,
    "96": 93245.55755500922,
    "97": 503773.89463783044,
    "98": 433005.8531555473,
    "99": 154366.2005171624,
    "100": 203127.59915314554,
    "101": 513436.96302841796,
    "102": 122774.6447749132,
    "103": 468628.2803386937,
    "104": 369579.56984554825,
    "105": 48889.56054965575,
    "106": 108156.74043330381,
    "107": 129232.17742809579,
    "108": 119793.5836669308,
    "109": 136177.2751377721,
    "110": 510798.66780003504,
    "111": 299180.81523988413,
    "112": 73354.36080247906,
    "113": 36593.54293230285,
    "114": 48299.69657783429,
    "115": 121447.88005047088,
    "116": 31560.85102468093,
    "117": 125956.03116903892,
    "118": 352212.43234043225,
    "119": 32896.008534444285,
    "120": 228184.77370014065,
    "121": 197446.9929736815,
    "122": 25901.568444108034,
    "123": 99158.73924350194,
    "124": 37814.486398716974,
    "125": 204314.23640911453,
    "126": 43061.23470333937,
    "127": 253505.00166668792,
    "128": 160086.32683532158,
    "129": 160748.6971356315,
    "130": 51900.15648608039,
    "131": 279159.84516314516,
    "132": 668556.7057615317,
    "133": 268250.9654146778,
    "134": 147609.65760110316,
    "135": 724447.7748196998,
    "136": 200115.0491064848,
    "137": 622792.3455526809,
    "138": 241599.78615417916,
    "139": 81064.68507575535,
    "140": 175771.9508412868,
    "141": 492781.94784125424,
    "142": 179660.69184924816,
    "143": 108547.60992486916,
    "144": 428287.3411189911,
    "145": 322660.79620637355,
    "146": 112485.58103944833,
    "147": 186182.94681481825,
    "148": 160388.60785542193,
    "149": 249697.69187052507,
    "150": 293354.20326103474,
    "151": 69732.75477760323,
    "152": 52016.545314533454,
    "153": 1319093.0854190057,
    "154": 362897.4298656387,
    "155": 348300.1316199739,
    "156": 173417.49504378374,
    "157": 364968.31935727235,
    "158": 762825.829447049,
    "159": 751174.643932421,
    "160": 96976.38656547542,
    "161": 98376.69918418254,
    "162": 313681.44366493874,
    "163": 150917.251543265,
    "164": 240905.24621802926,
    "165": 141372.39557850326,
    "166": 145947.1285417131,
    "167": 123743.41059193005,
    "168": 503130.406825808,
    "169": 69313.53058953643,
    "170": 695404.1509137059,
    "171": 138744.74783863645,
    "172": 147283.22192064565,
    "173": 107382.9269623592,
    "174": 42706.065525236416,
    "175": 321951.88772139134,
    "176": 586618.9293427769,
    "177": 621934.6732406229,
    "178": 212270.27405932182,
    "179": 315224.8172659628,
    "180": 312048.55710656056,
    "181": 47383.99737535346,
    "182": 163085.8583228338,
    "183": 236887.23742789336,
    "184": 34072.191381170516,
    "185": 273381.26384733006,
    "186": 106866.97310029183,
    "187": 127458.32704425295,
    "188": 69347.69861107336,
    "189": 197697.95528463586,
    "190": 124520.05378251782,
    "191": 48421.90756452688,
    "192": 117617.49842432808,
    "193": 145661.01124690092,
    "194": 62393.082670496166,
    "195": 370443.2026651164,
    "196": 383460.49840285437,
    "197": 405604.81776159856,
    "198": 87880.39542442893,
    "199": 61225.72048312513,
    "200": 44970.67649970627,
    "201": 207669.0753853487,
    "202": 90691.98686037352,
    "203": 82350.04017596532,
    "204": 88024.82918172976,
    "205": 178586.66001846877,
    "206": 122846.64486044973,
    "207": 343951.735501428,
    "208": 259157.0648154425,
    "209": 700363.7957080837,
    "210": 239192.96883640013,
    "211": 192545.61309502865,
    "212": 221426.31643287683,
    "213": 65846.23824124328,
    "214": 120663.44278594996,
    "215": 140185.32281162936,
    "216": 165262.39754814561,
    "217": 426112.3977060161,
    "218": 60900.89621497606,
    "219": 135381.07480843744,
    "220": 242908.61716025593,
    "221": 39621.79859213847,
    "222": 382377.3502900053,
    "223": 138315.5864910309,
    "224": 86931.4401551955,
    "225": 194314.3420785812,
    "226": 223467.20705786743,
    "227": 178247.93236876826,
    "228": 124387.4512177024,
    "229": 30593.187111858097,
    "230": 98134.97741214087,
    "231": 171586.30240777135,
    "232": 44001.21348330035,
    "233": 64175.91185090808,
    "234": 516046.1863742209,
    "235": 375816.5424440783,
    "236": 107066.56383680853,
    "237": 368717.23295407894,
    "238": 223876.30890597616,
    "239": 601643.9875934017,
    "240": 164011.08384036864,
    "241": 600510.2579470365,
    "242": 372659.4407745613,
    "243": 177185.6343170528,
    "244": 98260.36711288607,
    "245": 183653.50845769784,
    "246": 616512.5138121214,
    "247": 214306.85870484507,
    "248": 178757.41331572965,
    "249": 491364.52258463006,
    "250": 320750.21075908,
    "251": 212431.4719251558,
    "252": 106305.538325498,
    "253": 86965.23666549062,
    "254": 150290.96513846825,
    "255": 136022.56504287664,
    "256": 357398.935425393,
    "257": 521196.697905809,
    "258": 121072.15259443398,
    "259": 100712.16983347927,
    "260": 140988.1471939293,
    "261": 568564.1808989614,
    "262": 55585.04840166687,
    "263": 337947.2117069307,
    "264": 109944.06609809352,
    "265": 239737.25846944563,
    "266": 91937.22754291483,