{
    "1": 38550.39752633525,
    "2": 385507.92507406644,
    "3": 434223.1607362922,
    "4": 646236.1039510688,
    "5": 120564.02439172984,
    "6": 64421.12852442485,
    "7": 133744.3798344131,
    "8": 65624.04760417866,
    "9": 208355.04039527234,
    "10": 121123.11455475388,
    "11": 276249.3809676385,
    "12": 290250.76912941854,
    "13": 68831.6201924396,
    "14": 38058.48476486478,
    "15": 117898.29813724385,
    "16": 187527.84437742,
    "17": 61999.908368149445,
    "18": 223388.75928981978,
    "19": 502699.11147991533,
    "20": 14164.723418429889,
    "21": 494649.31509878935,
    "22": 551723.1071097789,
    "23": 37986.43894467057,
    "24": 82260.2107004733,
    "25": 33055.16095164576,
    "26": 191947.85625056984,
    "27": 433902.01183359604,
    "28": 194029.26798198328,
    "29": 77928.71827501305,
    "30": 63361.69936284966,
    "31": 198055.52851394832,
    "32": 79656.05253997422,
    "33": 190847.86076338802,
    "34": 70753.25471940008,
    "35": 437938.1719880599,
    "36": 322810.577635586,
    "37": 135097.821233061,
    "38": 109886.06375701056,
    "39": 283275.0573114637,
    "40": 148647.9975143222,
    "41": 646923.9284382171,
    "42": 53432.642105526975,
    "43": 182767.45013071332,
    "44": 166257.14377616305,
    "45": 224924.42953507873,
    "46": 46303.28793000688,
    "47": 360238.03483609203,
    "48": 166599.88044096468,
    "49": 72186.20416240148,
    "50": 446268.87364026054,
    "51": 217540.18835221065,
    "52": 582937.9621082108,
    "53": 88653.80145806965,
    "54": 98444.48167997962,
    "55": 462050.7843404098,
    "56": 104492.68967396571,
    "57": 292167.24108133087,
    "58": 634085.5041463267,
    "59": 63697.15609713492,
    "60": 265858.13356615085,
    "61": 103245.43709663537,
    "62": 94803.4636588495,
    "63": 188538.7165650651,
    "64": 346206.039421729,
    "65": 471895.2505560452,
    "66": 166347.34323211582,
    "67": 119698.86572780635,
    "68": 274731.5445934568,
    "69": 527165.2946770116,
    "70": 301922.3889543989,
    "71": 160303.05270173153,
    "72": 86714.13038233519,
    "73": 299440.9933250568,
    "74": 99666.14137451442,
    "75": 67908.01768711754,
    "76": 24734.169818827224,
    "77": 199347.79356328616,
    "78": 21184.303589515614,
    "79": 223586.55343949268,
    "80": 118815.2527410997,
    "81": 202489.28673523403,
    "82": 295504.97436674446,
    "83": 526501.6819682275,
    "84": 206504.78293624724,
    "85": 71398.37241552024,
    "86": 274566.5904275717,
    "87": 286530.5713466331,
    "88": 467075.2383637264,
    "89": 394515.1597183858,
    "90": 199446.04643447962,
    "91": 250145.14592845817,
    "92": 322846.2006535764,
    "93": 248730.63774598902,
    "94": 218818.17305007862,
    "95": 93168.45653664628,
    "96": 576932.0089635564,
    "97": 80948.7185186814,
    "98": 268772.7433476225,
    "99": 170702.4427796191,
    "100": 714519.4977583074,
    "101": 42867.25692266151,
    "102": 133727.8424166787,
    "103": 349232.315951624,
    "104": 159918.81483930684,
    "105": 31115.351491539936,
    "106": 273787.3522656842,
    "107": 167706.96752351435,
    "108": 347476.3581339651,
    "109": 243429.78197392818,
    "110": 354428.6087971397,
    "111": 201870.51760861822,
    "112": 715529.1601934572,
    "113": 167792.02591802945,
    "114": 264477.65385648236,
    "115": 293460.07012720295,
    "116": 336408.1266801122,
    "117": 196079.8212084934,
    "118": 214184.1254721687,
    "119": 260820.2827278791,
    "120": 205867.68992503695,
    "121": 218607.988769446,
    "122": 164141.52482927876,
    "123": 135306.40030660454,
    "124": 136362.72740014567,
    "125": 208402.4522150249,
    "126": 465694.01794435055,
    "127": 161532.02818850882,
    "128": 306073.4861001812,
    "129": 101574.89291438468,
    "130": 51654.181324360216,
    "131": 64801.85087007075,
    "132": 392846.9393994213,
    "133": 142676.45165848784,
    "134": 152248.1700786708,
    "135": 203964.7849493901,
    "136": 48203.65808386812,
    "137": 168406.17686846433,
    "138": 367584.358682134,
    "139": 182102.51029415237,
    "140": 367392.7211483399,
    "141": 294760.6854021027,
    "142": 42941.1356216795,
    "143": 202871.6942218574,
    "144": 117356.94370508965,
    "145": 274389.1898776673,
    "146": 476745.69399979856,
    "147": 114404.68953299757,
    "148": 470817.2078887953,
    "149": 92305.7106637894,
    "150": 798497.087539437,
    "151": 85788.52591779054,
    "152": 891184.4523685921,
    "153": 360716.1715819785,
    "154": 129095.53378592742,
    "155": 335794.56122497405,
    "156": 180062.18905203778,
    "157": 81458.08916342263,
    "158": 340091.46668937005,
    "159": 405504.43063441693,
    "160": 103003.16339151985,
    "161": 107144.3958780319,
    "162": 144634.42950760003,
    "163": 224040.86707985942,
    "164": 220738.9439331902,
    "165": 189344.10965393312,
    "166": 131393.05548976202,
    "167": 143840.15882321142,
    "168": 430897.11975438084,
    "169": 45767.45302168838,
    "170": 256061.99403170228,
    "171": 184062.88413639527,
    "172": 142866.51384324275,
    "173": 383542.5545638594,
    "174": 259606.31443913325,
    "175": 77663.69771336744,
    "176": 49177.71912817221,
    "177": 179791.2512669203,
    "178": 37770.41684265706,
    "179": 317318.9998729837,
    "180": 95563.5362531678,
    "181": 239742.82866460495,
    "182": 907856.953769339,
    "183": 214563.8420132962,
    "184": 33555.57112402193,
    "185": 262082.0171008575,
    "186": 264573.0322653317,
    "187": 353089.98740047996,
    "188": 181000.416854357,
    "189": 344741.11464926996,
    "190": 35686.25291102901,
    "191": 646798.344708333,
    "192": 194523.1288882031,
    "193": 658923.2738716463,
    "194": 244264.44223309585,
    "195": 313873.9496543723,
    "196": 306058.15268629044,
    "197": 118174.89838636214,
    "198": 418993.91835599,
    "199": 143299.78602405198,
    "200": 276748.38599352946,
    "201": 403281.12125364743,
    "202": 73299.63499550214,
    "203": 733775.3108728548,
    "204": 205764.32207766117,
    "205": 564331.2228739132,
    "206": 454799.01629912463,
    "207": 294778.6595809597,
    "208": 65212.5149775706,
    "209": 901187.1368873952,
    "210": 214734.5916066613,
    "211": 217191.96262737503,
    "212": 180630.2693875294,
    "213": 146165.83018112698,
    "214": 224778.60649113945,
    "215": 211980.23308037088,
    "216": 50095.08951957764,
    "217": 282410.1794080576,
    "218": 39168.48882847646,
    "219": 244404.7699591685,
    "220": 155804.63262108283,
    "221": 359759.0771148549,
    "222": 471684.03840768686,
    "223": 437314.361876465,
    "224": 24462.177885629968,
    "225": 283549.6229087396,
    "226": 565293.6655261349,
    "227": 368515.16721471417,
    "228": 526493.0173947486,
    "229": 140664.94584030786,
    "230": 383366.39702928276,
    "231": 211328.29929594544,
    "232": 340909.24765326903,
    "233": 286853.18593941774,
    "234": 198913.17418776854,
    "235": 23888.282424186324,
    "236": 197164.57953645143,
    "237": 185877.63717235997,
    "238": 231351.97522104223,
    "239": 280485.0500943881,
    "240": 367083.6841719715,
    "241": 64258.923977010134,
    "242": 394884.6195608333,
    "243": 152807.0445309069,
    "244": 192639.71277239447,
    "245": 205154.9036390646,
    "246": 54706.77206363227,
    "247": 554276.8293932218,
    "248": 556539.9871658662,
    "249": 102680.87390289425,
    "250": 260971.14860495224,
    "251": 278572.0762854907,
    "252": 322032.0428664713,
    "253": 182340.3427658874,
    "254": 195981.33222938693,
    "255": 259775.41470232178,
    "256": 153635.36417035735,
    "257": 485548.81096475036,
    "258": 146253.26519801226,
    "259": 605670.1022723645,
    "260": 257449.46693103857,
    "261": 299803.01362555893,
    "262": 211503.4498208057,
    "263": 239462.00331928337,
    "264": 467837.8012168515,
    "265": 125592.0846137402,
    "266": 594831.7243065592,