{
    "1": 72880.43183805638,
    "2": 421071.85008343635,
    "3": 74279.30634138135,
    "4": 534665.7751022317,
    "5": 258967.05665171723,
    "6": 260425.20369088778,
    "7": 165882.6237805323,
    "8": 42354.21396827132,
    "9": 359702.5153927862,
    "10": 49997.50780935604,
    "11": 144139.2739735862,
    "12": 119466.23417661992,
    "13": 387028.8814778856,
    "14": 647715.705230738,
    "15": 355474.2902780934,
    "16": 208591.44337384784,
    "17": 122645.1493705511,
    "18": 258162.45849151452,
    "19": 182434.3698799628,
    "20": 249492.63310529687,
    "21": 34292.439322348524,
    "22": 161728.6607677583,
    "23": 63561.863042968434,
    "24": 142310.1461244112,
    "25": 67976.96033623989,
    "26": 101034.46362416954,
    "27": 239995.00682228073,
    "28": 80760.78906852518,
    "29": 115968.82632741386,
    "30": 227574.42055661237,
    "31": 36129.34742251076,
    "32": 264162.2671617825,
    "33": 49061.52497114892,
    "34": 270948.987646907,
    "35": 197114.93838136044,
    "36": 142637.8998654901,
    "37": 56749.061460735946,
    "38": 46096.752273046506,
    "39": 123888.70359356211,
    "40": 357276.8808815246,
    "41": 138075.01190514036,
    "42": 197728.3609914484,
    "43": 847348.0191863374,
    "44": 154710.7151096674,
    "45": 304935.33466523443,
    "46": 147523.18624867976,
    "47": 312905.682641059,
    "48": 239190.9404301389,
    "49": 221745.90237194858,
    "50": 127102.6816225448,
    "51": 135760.68449105052,
    "52": 159968.74368812522,
    "53": 266249.3036522544,
    "54": 559873.5284021685,
    "55": 282741.24234988063,
    "56": 19466.69300654222,
    "57": 293651.125604564,
    "58": 141293.35161314617,
    "59": 245169.80556789148,
    "60": 125868.9848699274,
    "61": 66196.85910022377,
    "62": 391691.6652713712,
    "63": 345674.95408114354,
    "64": 129364.80826457209,
    "65": 53563.35478563338,
    "66": 54695.319566403785,
    "67": 412182.4702904981,
    "68": 301771.89544644713,
    "69": 505551.326190126,
    "70": 530904.0640042562,
    "71": 54459.3968474837,
    "72": 207267.94699390122,
    "73": 69753.07413654674,
    "74": 170152.91850633526,
    "75": 53155.41963176947,
    "76": 510783.88465595845,
    "77": 294677.77920833713,
    "78": 318009.1607859481,
    "79": 248085.31348408884,
    "80": 206355.04944141133,
    "81": 116963.9154756104,
    "82": 70567.66010587593,
    "83": 200363.65894352706,
    "84": 163085.71916062085,
    "85": 108926.73663476165,
    "86": 69915.29549555763,
    "87": 135699.50392996764,
    "88": 182250.07965085807,
    "89": 223815.61084486038,
    "90": 162651.81778579243,
    "91": 272925.983794632,
    "92": 553978.0901597883,
    "93": 144300.57106628187,
    "94": 230835.49040868104,
    "95": 1249099.447949308,
    "96": 48399.25175881558,
    "97": 269425.7524548195,
    "98": 385808.81276491797,
    "99": 382390.84678860457,
    "100": 50230.16302122462,
    "101": 157552.75432912473,
    "102": 323466.69342505024,
    "103": 536716.4843662416,
    "104": 646989.494894366,
    "105": 254060.3456793853,
    "106": 76781.04947713204,
    "107": 561120.5915689865,
    "108": 218121.6157932328,
    "109": 103827.25818987378,
    "110": 249830.79492301954,
    "111": 382598.25171807763,
    "112": 246896.00301263292,
    "113": 97410.76416494299,
    "114": 126664.95867852564,
    "115": 138292.27834309204,
    "116": 619654.7186482134,
    "117": 346547.7026828648,
    "118": 112911.42083987549,
    "119": 61959.648358023536,
    "120": 470496.90111506876,
    "121": 148519.8290959677,
    "122": 84657.18354201918,
    "123": 67921.11268720608,
    "124": 188464.98376304813,
    "125": 309535.42206594895,
    "126": 267337.2268909975,
    "127": 304665.9188027318,
    "128": 317157.62208777806,
    "129": 159629.55554983442,
    "130": 61446.924891401875,
    "131": 92751.41561317032,
    "132": 370742.439124881,
    "133": 392331.25829917967,
    "134": 28655.588363366405,
    "135": 426367.6183396572,
    "136": 162795.57088955806,
    "137": 591538.5247156423,
    "138": 90115.82661407425,
    "139": 140274.05226050058,
    "140": 200058.12138653503,
    "141": 118066.78434912914,
    "142": 234690.7022919731,
    "143": 146252.7625220402,
    "144": 486958.5687212112,
    "145": 317851.7625855672,
    "146": 159745.748041577,
    "147": 271466.21833364526,
    "148": 395199.2138575122,
    "149": 180964.79393955466,
    "150": 566570.9126256317,
    "151": 82403.37452460591,
    "152": 197707.36153052578,
    "153": 458554.14385655615,
    "154": 232138.58929302805,
    "155": 144614.81733165783,
    "156": 27050.341426614075,
    "157": 173453.73718172451,
    "158": 106782.2542649224,
    "159": 299139.8653135925,
    "160": 99276.25640436802,
    "161": 165524.90866168553,
    "162": 331780.615040777,
    "163": 127916.09648075161,
    "164": 240754.42342092755,
    "165": 56280.39897352403,
    "166": 33015.043760604356,
    "167": 503002.848584974,
    "168": 200619.82725046735,
    "169": 37529.303921336395,
    "170": 255602.15981314363,
    "171": 27283.750272224654,
    "172": 61927.6167627093,
    "173": 189743.6107973066,
    "174": 274565.67736947595,
    "175": 454494.7930582279,
    "176": 388004.2031064928,
    "177": 288603.5711533079,
    "178": 133989.04648586328,
    "179": 425134.4643899888,
    "180": 175796.88748848604,
    "181": 214048.36272047358,
    "182": 114604.15490792684,
    "183": 171281.0255694251,
    "184": 258341.46039983717,
    "185": 209334.12788965728,
    "186": 226794.61105828444,
    "187": 192723.3031336048,
    "188": 105649.33506652279,
    "189": 570021.2107540553,
    "190": 38400.70682536573,
    "191": 78759.34051928892,
    "192": 110746.22774473143,
    "193": 113574.38990216158,
    "194": 319781.4898205689,
    "195": 42494.151349665146,
    "196": 67936.63351795549,
    "197": 200497.63789949205,
    "198": 243107.66677168384,
    "199": 479578.4370777566,
    "200": 172844.09086059654,
    "201": 346007.7296523382,
    "202": 117275.66670131755,
    "203": 359822.9685256081,
    "204": 356076.9334113843,
    "205": 167968.4042179773,
    "206": 147512.0960229445,
    "207": 117971.8999837325,
    "208": 106125.85442276203,
    "209": 397123.380033845,
    "210": 303266.70427952765,
    "211": 62798.4035712556,
    "212": 509226.2149603409,
    "213": 410926.05298212427,
    "214": 233129.64102941303,
    "215": 409620.8084428594,
    "216": 199882.14198263417,
    "217": 35933.84917327709,
    "218": 529536.595136688,
    "219": 63621.95275626813,
    "220": 323133.61772138707,
    "221": 141956.1000884728,
    "222": 254863.49599577714,
    "223": 337299.7288187526,
    "224": 358413.507269979,
    "225": 87919.45327821218,
    "226": 380764.7889719795,
    "227": 91947.30214244437,
    "228": 71702.10199807401,
    "229": 526973.8599026286,
    "230": 151169.12388317718,
    "231": 161277.55220445243,
    "232": 342207.18320290436,
    "233": 238238.68124444335,
    "234": 119583.99835537894,
    "235": 187128.29304520285,
    "236": 147805.5271606937,
    "237": 37670.14356947011,
    "238": 367318.3354524007,
    "239": 261876.47334824473,
    "240": 163411.85961731552,
    "241": 451639.2083769147,
    "242": 160724.35482834856,
    "243": 108163.31242576046,
    "244": 170669.43618829752,
    "245": 243261.34898819987,
    "246": 332800.2901967492,
    "247": 193426.2454745576,
    "248": 530849.7179669719,
    "249": 283725.4721579747,
    "250": 496846.7273713996,
    "251": 94741.21877673977,
    "252": 340333.33950959524,
    "253": 120025.52668693563,
    "254": 90969.6041432286,
    "255": 71453.8416348436,
    "256": 525888.6577606569,
    "257": 174243.11650093037,
    "258": 379410.6406832011,
    "259": 576248.2337240961,
    "260": 190720.50280506938,
    "261": 131860.1039502379,
    "262": 495627.627140396,
    "263": 243309.74283477783,
    "264": 500100.6275909909,
    "265": 74199.39415531915,
    "266": 47237.79557215192,