{
    "1": 497617.3086754276,
    "2": 405537.48687589134,
    "3": 41995.37990001312,
    "4": 350781.99812426465,
    "5": 365006.6496212057,
    "6": 156993.29941433086,
    "7": 154510.38178243997,
    "8": 37074.370652053294,
    "9": 246475.0071223295,
    "10": 273400.538064442,
    "11": 207678.28179901268,
    "12": 329824.17666928796,
    "13": 240499.4923520264,
    "14": 212025.8041247966,
    "15": 218170.99441273604,
    "16": 122463.72195801685,
    "17": 66010.58583114286,
    "18": 129135.94636735872,
    "19": 286271.7137983567,
    "20": 308249.99104617,
    "21": 425196.96895938716,
    "22": 315237.4842310639,
    "23": 61652.89129803818,
    "24": 135900.1572576258,
    "25": 85249.73314400544,
    "26": 142611.05592761436,
    "27": 279872.36234074784,
    "28": 81000.13028566839,
    "29": 464219.8096710368,
    "30": 50069.42423641949,
    "31": 925957.9515541109,
    "32": 225505.21455432472,
    "33": 90786.95727832521,
    "34": 370705.42645056994,
    "35": 802069.912434143,
    "36": 333688.7045473807,
    "37": 231653.88558496596,
    "38": 159869.87353351276,
    "39": 410852.437797063,
    "40": 328542.90298132173,
    "41": 313350.43213205517,
    "42": 213975.19094895138,
    "43": 118438.36861417543,
    "44": 79624.85456202221,
    "45": 195575.14659961325,
    "46": 170931.44574564463,
    "47": 361101.8820544858,
    "48": 126726.82166330406,
    "49": 34841.25412990905,
    "50": 216987.80666671015,
    "51": 130217.65888294998,
    "52": 271332.77563602355,
    "53": 561652.4468764635,
    "54": 545810.1665216914,
    "55": 259561.16652662706,
    "56": 208875.41226413488,
    "57": 638200.9774338531,
    "58": 259891.7376963265,
    "59": 447569.3855721916,
    "60": 122470.11620846995,
    "61": 152164.7849409105,
    "62": 147416.4774745141,
    "63": 398106.20289721707,
    "64": 175793.28038795252,
    "65": 524534.2641274098,
    "66": 284562.3515735239,
    "67": 41618.865803348264,
    "68": 102521.78279540512,
    "69": 473108.60034401296,
    "70": 214087.83110200422,
    "71": 159652.14998416248,
    "72": 698145.336644866,
    "73": 284969.8207616049,
    "74": 76935.41526361175,
    "75": 195254.30821660924,
    "76": 61763.244121381256,
    "77": 627269.98270733,
    "78": 271977.45498268853,
    "79": 242579.44299801922,
    "80": 272108.0585471146,
    "81": 200660.13747643854,
    "82": 71080.0284216557,
    "83": 52616.929595716145,
    "84": 173393.5270135995,
    "85": 279002.9604022059,
    "86": 60030.63766229717,
    "87": 110157.80041322009,
    "88": 69557.83005541028,
    "89": 305623.1685175861,
    "90": 538095.2406131803,
    "91": 195382.5410831795,
    "92": 611285.6649044609,
    "93": 257095.70456381058,
    "94": 76600.05581960581,
    "95": 499767.58960013336,
    "96": 163104.96099569797,
    "97": 386731.1153787229,
    "98": 121369.9906583031,
    "99": 102669.90712822063,
    "100": 321278.1204915524,
    "101": 163772.31194269174,
    "102": 336425.67709882505,
    "103": 311934.20836209744,
    "104": 271705.2179134279,
    "105": 83400.00362084061,
    "106": 466922.2450155067,
    "107": 132213.03291636874,
    "108": 109344.80930423048,
    "109": 328213.3526787375,
    "110": 186951.02761661436,
    "111": 108391.55863384937,
    "112": 76118.44657305241,
    "113": 143389.36096745962,
    "114": 256903.1101583763,
    "115": 164529.31046292683,
    "116": 265455.00084393384,
    "117": 214902.81841874646,
    "118": 196055.6630757022,
    "119": 253063.47605977763,
    "120": 160252.26913040577,
    "121": 293407.3163551738,
    "122": 221284.6921569749,
    "123": 164049.29348547908,
    "124": 120176.69310700649,
    "125": 43204.08838389648,
    "126": 128030.18085906113,
    "127": 130548.49911737198,
    "128": 674736.9059871517,
    "129": 7842.385523500171,
    "130": 179223.33449140357,
    "131": 369997.7011201651,
    "132": 51002.03271026122,
    "133": 121306.06096402448,
    "134": 79363.64765341906,
    "135": 223344.45735055165,
    "136": 361783.32041591976,
    "137": 237585.1919997322,
    "138": 135071.25902286396,
    "139": 546703.4162761868,
    "140": 475144.51991656364,
    "141": 50125.39104029107,
    "142": 122176.54373066373,
    "143": 542793.1967145815,
    "144": 257028.63839693746,
    "145": 554148.3470270443,
    "146": 403032.68086093984,
    "147": 192332.96922832905,
    "148": 297962.8143911958,
    "149": 112417.17941087544,
    "150": 211921.61081856955,
    "151": 355458.9150447379,
    "152": 250074.47797657418,
    "153": 612315.1233533926,
    "154": 250219.48639513264,
    "155": 129489.80599706994,
    "156": 106753.33350771108,
    "157": 312504.7803131997,
    "158": 461767.1264272853,
    "159": 266113.18259276013,
    "160": 214230.09978975085,
    "161": 67180.04129926887,
    "162": 162146.77268103667,
    "163": 687167.7319825676,
    "164": 255787.12811082712,
    "165": 233899.82210473495,
    "166": 166707.75538787007,
    "167": 216637.4610156575,
    "168": 174037.40908425307,
    "169": 267366.508781464,
    "170": 74307.74001667554,
    "171": 45358.58021565409,
    "172": 190705.9715566322,
    "173": 220335.56378477017,
    "174": 134103.5220853804,
    "175": 213739.87433171374,
    "176": 23797.456766204847,
    "177": 182700.7858583383,
    "178": 177795.89285713303,
    "179": 56915.24008382264,
    "180": 268711.1316318665,
    "181": 671980.7118782001,
    "182": 60106.81901552474,
    "183": 352056.23781877983,
    "184": 530011.5422776502,
    "185": 112091.13609653659,
    "186": 46442.041534061056,
    "187": 253969.77140555778,
    "188": 353853.6307412182,
    "189": 210474.61123660486,
    "190": 124448.26648994598,
    "191": 784656.469710255,
    "192": 167935.09133463938,
    "193": 198226.00168383773,
    "194": 300073.2389734738,
    "195": 411968.39922912704,
    "196": 96960.51867921944,
    "197": 34608.95391357063,
    "198": 330000.2413492216,
    "199": 68281.25389695966,
    "200": 178823.8010191109,
    "201": 252170.28043164004,
    "202": 403712.9940425765,
    "203": 1210184.5333446222,
    "204": 110201.90992706182,
    "205": 189887.54515755188,
    "206": 246309.61072403204,
    "207": 737550.4543814,
    "208": 75127.78628784839,
    "209": 583002.0258916223,
    "210": 117150.37384969667,
    "211": 93349.26987517235,
    "212": 305591.4079001401,
    "213": 104597.81460766877,
    "214": 175615.87079614718,
    "215": 258800.48390859264,
    "216": 105169.77486911423,
    "217": 43343.829013078146,
    "218": 461828.7524410863,
    "219": 140413.10358564687,
    "220": 30249.896202733715,
    "221": 470658.86004521325,
    "222": 318452.51907370234,
    "223": 279221.94224522216,
    "224": 269347.8104587926,
    "225": 173328.22664068924,
    "226": 187462.51947172376,
    "227": 49586.80994006695,
    "228": 71218.75681032443,
    "229": 131496.8642608937,
    "230": 24534.420242629138,
    "231": 218749.15939841568,
    "232": 116296.75453339366,
    "233": 340103.18091923924,
    "234": 259380.16588298808,
    "235": 386237.4228666877,
    "236": 25021.96157160348,
    "237": 231778.9551387858,
    "238": 173178.25796424446,
    "239": 33030.42824538564,
    "240": 135738.93817168364,
    "241": 28325.9777928469,
    "242": 235415.36564289866,
    "243": 258058.71185543833,
    "244": 129443.66423076612,
    "245": 315259.6284105466,
    "246": 296079.9088024108,
    "247": 311458.79628567275,
    "248": 321825.97143462644,
    "249": 63304.401387602484,
    "250": 164976.73977314038,
    "251": 74756.92945220057,
    "252": 516816.72097645485,
    "253": 250361.55227609625,
    "254": 45584.51348275477,
    "255": 49505.86406139465,
    "256": 725053.7075308901,
    "257": 251861.1907349926,
    "258": 234083.88590889872,
    "259": 216192.2897447678,
    "260": 499784.0109936152,
    "261": 280921.5780581138,
    "262": 78750.49962588996,
    "263": 152742.58702677232,
    "264": 76659.02934781299,
    "265": 94661.61798182638,
    "266": 247825.42649732498,