{
    "1": 160466.5774011637,
    "2": 82128.25868675037,
    "3": 30436.735471916738,
    "4": 388614.391443719,
    "5": 459768.13637878414,
    "6": 236409.117635943,
    "7": 295238.3410026066,
    "8": 562023.0823983656,
    "9": 123679.3189136827,
    "10": 156203.84222525524,
    "11": 174015.65916295265,
    "12": 276739.1573492578,
    "13": 153380.03557490255,
    "14": 372108.50279048085,
    "15": 282043.783730279,
    "16": 652155.0669940357,
    "17": 216597.6820853183,
    "18": 189097.3144670579,
    "19": 502766.805178669,
    "20": 86411.15678096532,
    "21": 138516.56529221515,
    "22": 194698.73019987007,
    "23": 179274.20252516813,
    "24": 104184.87104863986,
    "25": 156199.73260082782,
    "26": 356818.19099743594,
    "27": 40874.701580106645,
    "28": 107239.79118902556,
    "29": 263428.14450253133,
    "30": 194883.76063036147,
    "31": 576395.4061685354,
    "32": 135214.35330992623,
    "33": 151293.2671988151,
    "34": 192829.0708887506,
    "35": 147399.2498655725,
    "36": 220050.41853213072,
    "37": 284406.5269219944,
    "38": 372358.89605955884,
    "39": 290788.1817034103,
    "40": 379737.05456863117,
    "41": 244406.96161471636,
    "42": 488729.6284678706,
    "43": 416117.26010532194,
    "44": 155127.1544375593,
    "45": 67019.98840271568,
    "46": 145564.01299833597,
    "47": 551096.8983025678,
    "48": 745094.8673312521,
    "49": 485789.7594918442,
    "50": 208252.56360505256,
    "51": 313702.9953112106,
    "52": 197087.60899348275,
    "53": 316976.0506362085,
    "54": 63765.73841883,
    "55": 242129.48836419234,
    "56": 158811.91959812358,
    "57": 57610.548310891056,
    "58": 784246.8059141967,
    "59": 789386.0523560018,
    "60": 399725.8579352982,
    "61": 197807.17893259585,
    "62": 284874.9797037027,
    "63": 186320.93660030124,
    "64": 264402.9118092146,
    "65": 76993.95074522012,
    "66": 96428.0251585945,
    "67": 64309.27661028117,
    "68": 125271.10931997956,
    "69": 425853.72736561095,
    "70": 288632.47206470533,
    "71": 86909.96776222035,
    "72": 270708.42179177556,
    "73": 341709.32524871675,
    "74": 361674.964664143,
    "75": 289904.49625109386,
    "76": 610397.4684071583,
    "77": 122571.4143408946,
    "78": 154759.29214995852,
    "79": 50945.25663306885,
    "80": 76597.84702116165,
    "81": 625186.0238084738,
    "82": 492791.5314927369,
    "83": 211230.60403854505,
    "84": 347509.0241908044,
    "85": 1109298.0735261075,
    "86": 151785.5693172269,
    "87": 117838.40945429064,
    "88": 134918.79675298478,
    "89": 153307.7213813439,
    "90": 490400.2813401848,
    "91": 585514.2173265972,
    "92": 556077.6429386346,
    "93": 355381.71370744926,
    "94": 318972.8754271896,
    "95": 285093.6830883995,
    "96": 410645.2197633678,
    "97": 201255.25276841575,
    "98": 80951.19473653221,
    "99": 408400.6544787685,
    "100": 102604.05094138555,
    "101": 132196.55256976702,
    "102": 273771.32654800726,
    "103": 102584.78691375663,
    "104": 302777.8556422963,
    "105": 124990.28780646545,
    "106": 335938.35663385777,
    "107": 154468.86992072183,
    "108": 420783.08027219254,
    "109": 145381.31447715632,
    "110": 152416.17042967203,
    "111": 167550.7198445493,
    "112": 322928.53146479325,
    "113": 52934.03860680065,
    "114": 158168.83813462732,
    "115": 533581.4864026655,
    "116": 282672.0819537201,
    "117": 670117.3081182833,
    "118": 240228.1097298104,
    "119": 139394.57081721627,
    "120": 614751.4728160783,
    "121": 101469.32542119674,
    "122": 304349.86977165856,
    "123": 161710.1557806893,
    "124": 290162.3296050562,
    "125": 205935.4292321271,
    "126": 366711.91313214676,
    "127": 107501.34727019236,
    "128": 204563.94926269664,
    "129": 332919.5982467877,
    "130": 860314.8585479589,
    "131": 169414.04511742652,
    "132": 82439.86933244315,
    "133": 599064.6218490243,
    "134": 48563.88300352799,
    "135": 183383.31033838907,
    "136": 91826.3712614556,
    "137": 370442.18747650017,
    "138": 231919.69923460748,
    "139": 206227.8744547657,
    "140": 93205.29371337811,
    "141": 282842.1641130319,
    "142": 383130.2588092331,
    "143": 296684.5636887613,
    "144": 275045.44493010454,
    "145": 296902.15455245663,
    "146": 75315.40385266261,
    "147": 45736.7540125761,
    "148": 92577.67038630706,
    "149": 115730.26755611876,
    "150": 120626.22971736861,
    "151": 90121.77995433903,
    "152": 241276.5511403997,
    "153": 188466.70565441594,
    "154": 119885.66919313847,
    "155": 133124.9426703114,
    "156": 230904.51360061622,
    "157": 122555.83040462108,
    "158": 200065.689334841,
    "159": 118833.43434496335,
    "160": 60665.82718803046,
    "161": 263513.153255331,
    "162": 101579.82567590383,
    "163": 425194.38232707325,
    "164": 873804.4260850548,
    "165": 112030.19039982434,
    "166": 248422.93603681104,
    "167": 608597.1385575127,
    "168": 294476.1291221396,
    "169": 192531.61443342696,
    "170": 247271.2033939199,
    "171": 293856.8021099232,
    "172": 519466.5743581942,
    "173": 468315.9210861457,
    "174": 186611.38363853496,
    "175": 423471.2066751747,
    "176": 360368.10478558904,
    "177": 354059.08464593644,
    "178": 105890.91652989159,
    "179": 191114.99928615105,
    "180": 290546.32885825884,
    "181": 47603.8191384566,
    "182": 130525.76632530687,
    "183": 21685.79796773244,
    "184": 155699.7906873675,
    "185": 115674.4355578499,
    "186": 244792.5818374835,
    "187": 628284.1869921364,
    "188": 209193.02523239327,
    "189": 498224.8335020478,
    "190": 458099.21289310476,
    "191": 264760.3769143491,
    "192": 92375.97833446287,
    "193": 51071.647352055246,
    "194": 238953.73868932127,
    "195": 322391.9242574929,
    "196": 658596.1692515601,
    "197": 38869.512157186065,
    "198": 203382.12223999907,
    "199": 30405.413365694345,
    "200": 161367.08448131493,
    "201": 109094.55132832611,
    "202": 201436.52528729505,
    "203": 730166.4460552626,
    "204": 195216.91749628296,
    "205": 324786.4117193135,
    "206": 290686.0486136838,
    "207": 144283.69341398092,
    "208": 283513.43669691007,
    "209": 704635.2442146206,
    "210": 136560.39202830123,
    "211": 138691.319912432,
    "212": 151197.3688842022,
    "213": 96726.05194795296,
    "214": 281433.79300335166,
    "215": 137321.53393478127,
    "216": 105555.34780542199,
    "217": 292463.953959599,
    "218": 204997.47346266458,
    "219": 238018.76755894386,
    "220": 71132.40455170865,
    "221": 96614.47974124755,
    "222": 74249.43631263872,
    "223": 253370.66954768248,
    "224": 90006.43026890919,
    "225": 274209.04450425546,
    "226": 183669.205075332,
    "227": 169985.2755913164,
    "228": 327777.1490582301,
    "229": 207482.19518891958,
    "230": 268528.73861517676,
    "231": 35896.7595666283,
    "232": 84676.51874269002,
    "233": 104480.9485985325,
    "234": 43125.0459183726,
    "235": 77817.09279550883,
    "236": 270794.2897086001,
    "237": 103630.25549490884,
    "238": 189129.5937561511,
    "239": 341886.0034071364,
    "240": 336814.55795224704,
    "241": 281441.27121315437,
    "242": 133308.43400695495,
    "243": 116451.2700755531,
    "244": 330325.14793756825,
    "245": 170125.73140947588,
    "246": 336588.19558876526,
    "247": 64438.24879516905,
    "248": 238866.26612783963,
    "249": 114112.59069850379,
    "250": 284144.41013796185,
    "251": 39920.55188425519,
    "252": 333195.30437387,
    "253": 131141.1078957084,
    "254": 112044.07017101273,
    "255": 25460.96536638598,
    "256": 61309.84844834003,
    "257": 242511.31944719967,
    "258": 380381.1898764973,
    "259": 86527.70247445782,
    "260": 142361.41424952022,
    "261": 232244.47291008141,
    "262": 218091.80904903522,
    "263": 368392.6555212191,
    "264": 476790.45909374306,
    "265": 205708.86905733694,
    "266": 72142.61133234667,