obj,time,mip_gap
412316.9213910905,0.002585400000000071,
