obj,time,mip_gap
329724.32038564945,0.0023693000000000186,
