obj,time,mip_gap
295895.6526739253,0.002526999999999946,
