obj,time,mip_gap
504444.52824971615,0.0009440999999998922,
