obj,time,mip_gap
372388.9443464214,0.0021025999999999545,
