obj,time,mip_gap
352699.6089800576,0.0016044000000001724,
