obj,time,mip_gap
312049.44389242114,0.0022535000000001304,
