obj,time,mip_gap
234048.88463097252,0.0014865000000003903,
