obj,time,mip_gap
279542.23167831404,0.0011839000000000155,
