obj,time,mip_gap
275132.3628951047,0.0006935999999999609,
