obj,time,mip_gap
220462.5290279087,0.0012517000000000778,
