obj,time,mip_gap
263071.45644776407,0.0016014000000001971,
