obj,time,mip_gap
277709.8185171665,0.001342199999999849,
