obj,time,mip_gap
303103.28275585396,0.001496599999999848,
