obj,time,mip_gap
234134.42956162937,0.0018937999999999455,
