obj,time,mip_gap
3443737.563303687,80.44140210000023,0.01624690473481781
