obj,time,mip_gap
3376426.094413308,94.44105660000014,0.000590632386867036
