obj,time,mip_gap
3019066.245409904,51.28418809999994,0.04044378780294834
