obj,time,mip_gap
3358862.86194154,88.98910690000002,0.0005819412412013182
