obj,time,mip_gap
3380705.600692176,85.62553079999998,0.02817522443985984
