obj,time,mip_gap
3073684.665356585,133.1984625,0.017974328517243975
