obj,time,mip_gap
3286686.7809793428,145.0957684,0.0
