obj,time,mip_gap
3519788.2998374165,68.0884657000006,0.0014224049937409614
