obj,time,mip_gap
3478257.4436895237,140.87670750000052,0.016528571213631126
