obj,time,mip_gap
3461500.7189157894,136.07901779999975,0.0008250984443546415
