obj,time,mip_gap
3310758.5240204567,116.63080300000001,0.042422485600973676
