obj,time,mip_gap
3156650.1634290298,21.227011800000128,0.046040811247203675
