obj,time,mip_gap
3250351.6563182636,84.05973710000035,0.032092598176190604
