obj,time,mip_gap
3204704.5077545033,153.7846402999994,0.008353762273486009
