obj,time,mip_gap
3122447.848873617,69.06119810000018,0.0
