obj,time,mip_gap
3246327.5194207407,98.64932359999966,0.018930866741985453
