obj,time,mip_gap
4063822.6474978477,115.00523770000018,4.583480409455894e-16
