obj,time,mip_gap
3273950.8854847215,45.88535190000039,0.02622641207926732
