obj,time,mip_gap
3485384.202615909,122.08942910000042,0.012497490322241279
