obj,time,mip_gap
3263921.073781289,97.43280030000005,0.034299668545162726
