obj,time,mip_gap
3879353.1450977456,164.54410910000024,0.0001387044390315954
