obj,time,mip_gap
3464895.3083951045,60.2541411000002,0.04307983384826759
