obj,time,mip_gap
3660355.532283483,138.35765420000007,0.006461362494839989
