obj,time,mip_gap
3798661.3260464603,40.32014180000033,0.003908671173378934
