obj,time,mip_gap
3693589.6393972454,26.41416909999998,0.049660874517897954
