obj,time,mip_gap
3107947.716701848,190.68997880000006,0.03717687374523599
