obj,time,mip_gap
3385682.890985367,26.080629800000224,0.0492314884666141
