obj,time,mip_gap
3127070.6079087327,104.63904950000006,0.0003312616570224988
