obj,time,mip_gap
3003971.8927535173,36.01631959999986,0.004493609877928433
