obj,time,mip_gap
3449886.0313478676,25.406427999999778,0.024605839909398474
