obj,time,mip_gap
396510.60700472933,0.0017369000000009294,
