obj,time,mip_gap
368465.37254495354,0.0025703000000003584,
