obj,time,mip_gap
333353.64167717856,0.0016044999999991205,
