obj,time,mip_gap
306300.57574598433,0.0013328999999995261,
