obj,time,mip_gap
274616.54486607556,0.0009626000000011459,
