obj,time,mip_gap
329446.36813479394,0.0016356999999995736,
