obj,time,mip_gap
321655.3993108076,0.0019989000000002477,
