obj,time,mip_gap
340805.9276374936,0.0018758999999999304,
