obj,time,mip_gap
337825.47247451777,0.0020535999999999888,
