obj,time,mip_gap
349618.5292533296,0.0015091000000015953,
