time,obj
0.29683470000000156,156480.6585997541
0.2122704000000013,154253.75379201982
0.2142331999999989,187178.53103986793
0.23114890000000088,189992.82353502503
0.19018219999999886,144136.76199838181
