time,obj
0.5552892999999983,125241.16784360568
0.33993380000000073,182111.78180240927
0.3362294999999982,155791.19787573355
0.5414904000000007,202720.8776780952
0.35314419999999913,179645.3320680108
