obj,time,mip_gap
335952.9277734251,0.004678000000000071,
