obj,time,mip_gap
370904.531382574,0.0021248000000000378,
