obj,time,mip_gap
314944.91217008384,0.0019711000000000034,
