obj,time,mip_gap
224396.07227629493,0.0033920000000000616,
