obj,time,mip_gap
466754.02889391105,0.0022462999999999234,
