obj,time,mip_gap
285776.6861257096,0.0020592000000000388,
