obj,time,mip_gap
218121.90571734143,0.0019012000000000473,
