obj,time,mip_gap
518267.9888422068,0.0008775999999999229,
