obj,time,mip_gap
416857.7704803539,0.001610200000000006,
