obj,time,mip_gap
353507.0362907914,0.0017568000000001138,
