,cap_rev,cap_rev,cap_rev,cap_rev,cap_rev,cap_rev
time,1,2,3,4,5,6
room,,,,,,
1,19.0,19.0,12.0,11.999999999999968,10.999999999999998,12.0
2,10.0,10.0,0.0,0.0,0.0,0.0
