obj,time,mip_gap
357569.6908821617,7.723208900000003,0.0433952740494611
