obj,time,mip_gap
423033.6791496132,60.8500451,0.048106064377016075
