obj,time,mip_gap
413747.31604594697,52.25160450000001,0.04993942373499944
