,cap_rev,cap_rev,cap_rev,cap_rev,cap_rev,cap_rev
time,1,2,3,4,5,6
room,,,,,,
1,16.0,19.0,0.0,-0.0,0.0,3.0
2,0.9999999999999947,1.0,0.0,0.0,0.0,0.9999999999999938
