obj,time,mip_gap
465854.6150103818,74.97519870000002,0.04207632936361381
