,cap_rev,cap_rev,cap_rev,cap_rev,cap_rev,cap_rev
time,1,2,3,4,5,6
room,,,,,,
1,5.0,4.0,5.0,11.999999999999995,9.0,12.999999999999995
2,1.0,1.0,1.0000000000000007,1.0,0.9999999999999991,1.0
