obj,time,mip_gap
507074.1574041144,22.911100499999975,0.04504519271619836
