obj,time,mip_gap
413099.99358990573,73.1531397,0.048770893229142576
