obj,time,mip_gap
295382.72441202716,7.260312499999998,0.043085994065011415
