obj,time,mip_gap
521578.076322292,46.71048830000001,0.0452030708912224
