,cap_rev,cap_rev,cap_rev,cap_rev,cap_rev,cap_rev
time,1,2,3,4,5,6
room,,,,,,
1,19.0,3.9999999999999902,3.9999999999999805,4.0,4.0,4.000000000000151
2,0.0,0.0,0.0,0.0,0.0,10.0
