obj,time,mip_gap
503751.31290868187,37.38090979999998,0.04630207281033186
