obj,time,mip_gap
441110.84970318305,52.39996020000001,0.04897158275605846
