obj,time,mip_gap
313151.578133111,0.0020340999999999276,
