obj,time,mip_gap
347736.7033758451,0.0015537000000001022,
