obj,time,mip_gap
339481.2650345001,0.0018212000000001893,
