obj,time,mip_gap
253353.60831855057,0.0030375000000004704,
