obj,time,mip_gap
447495.1988210475,0.0009435999999993783,
