obj,time,mip_gap
329919.8833888588,0.0020143999999993056,
