obj,time,mip_gap
271678.6503426527,0.0018674999999994668,
