obj,time,mip_gap
440951.4181069631,0.0008378000000002217,
