obj,time,mip_gap
395226.12926652055,0.0013451999999993802,
