obj,time,mip_gap
341194.57713175094,0.0013990000000001501,
