{
    "1": 20862.084670786862,
    "2": 8808.16009358912,
    "3": 18064.910375047264,
    "4": 5912.213197676014,
    "5": 50531.58329563058,
    "6": 16037.313526534004,
    "7": 15119.881280513395,
    "8": 9883.632001481916,
    "9": 5454.217610568697,
    "10": 5810.851820687385,
    "11": 18244.743187580483,
    "12": 9600.721940400987,
    "13": 11076.833167871728,
    "14": 6508.774751904251,
    "15": 18844.927646013035,
    "16": 20948.65067858221,
    "17": 14615.94458699142,
    "18": 21709.440550897703,
    "19": 8621.746361327565,
    "20": 19147.493317642668,
    "21": 8285.997096394032,
    "22": 31733.516241534082,
    "23": 24115.075567938013,
    "24": 32053.934158297423,
    "25": 15482.476246323798,
    "26": 28255.69139222644,
    "27": 26418.162194319328,
    "28": 7204.142023110202,
    "29": 5268.797340344377,
    "30": 29283.690351141522,
    "31": 23329.26659573764,
    "32": 10465.649297774207,
    "33": 7675.475003868476,
    "34": 1721.9993562872023,
    "35": 11445.25607694909,
    "36": 8531.556330459734,
    "37": 37467.976911195205,
    "38": 3511.8496322641768,
    "39": 1516.4650280557996,
    "40": 5604.49072392933,
    "41": 19109.10606306212,
    "42": 10697.826224666935,
    "43": 3282.3892413928074,
    "44": 31722.694082352566,
    "45": 12999.868237756571,
    "46": 9545.937007608667,
    "47": 6550.204041144348,
    "48": 3997.527847967344,
    "49": 14221.586804639,
    "50": 15946.822730228096,
    "51": 12725.719760669099,
    "52": 10933.120633602923,
    "53": 27427.77932805295,
    "54": 32443.146468942556,
    "55": 26315.92896185228,
    "56": 48376.774726638454,
    "57": 5682.033253298158,
    "58": 28562.61888659222,
    "59": 13771.209973030902,
    "60": 14209.843260269348,
    "61": 4086.6101197825633,
    "62": 23275.42786352898,
    "63": 29894.681806707973,
    "64": 8646.394619553883,
    "65": 15070.87136138661,
    "66": 12166.290018582067,
    "67": 13085.967856188558,
    "68": 4319.7706395221685,
    "69": 9080.148782390874,
    "70": 30064.048325117044,
    "71": 6764.511304455599,
    "72": 19706.52466220544,
    "73": 11715.591174957755,
    "74": 14342.085274506506,
    "75": 1796.8145607621182,
    "76": 1136.477422126287,
    "77": 1133.89054150829,
    "78": 3167.957432232767,
    "79": 1805.6998839975097,
    "80": 17036.660942731312,
    "81": 20783.677484453732,
    "82": 12050.280367731726,
    "83": 11648.580307691915,
    "84": 14754.472147659953,
    "85": 6119.959580881719,
    "86": 9868.237639512714,
    "87": 2902.415111728674,
    "88": 24524.393519460944,
    "89": 27310.896646545123,
    "90": 18016.892124211667,
    "91": 6688.947188099194,
    "92": 5224.3626637599555,
    "93": 17052.472480398676,
    "94": 7684.134296220309,
    "95": 6468.854413581653,
    "96": 5107.878790049122,
    "97": 4635.476699271874,
    "98": 15928.49290669068,
    "99": 2282.752790104321,
    "100": 4917.886641646797,
    "101": 21691.75810348081,
    "102": 13702.534684158782,
    "103": 30353.758296288674,
    "104": 13743.372502314054,
    "105": 5015.795300049294,
    "106": 9881.127100206202,
    "107": 11500.889969337011,
    "108": 12469.000582794502,
    "109": 29092.5957591308,
    "110": 12783.409659054663,
    "111": 25623.449784909055,
    "112": 6602.141625233683,
    "113": 3910.341916214904,
    "114": 28191.889122533878,
    "115": 3243.133143915512,
    "116": 2143.220867810523,
    "117": 36149.78827813935,
    "118": 8309.510110547864,
    "119": 14362.364232028354,
    "120": 5254.374303348559,
    "121": 7070.716493319278,
    "122": 825.4396829328921,
    "123": 34404.99783283963,
    "124": 8401.017869308382,
    "125": 3812.9387541528877,
    "126": 11174.540591285646,
    "127": 9961.637630599433,
    "128": 1550.0762649583758,
    "129": 8072.900971159371,
    "130": 11377.757662127013,
    "131": 7327.301843717992,
    "132": 7856.493209541203,
    "133": 9201.249270184244,
    "134": 2961.9364898449408,
    "135": 6835.18817374413,
    "136": 17356.342918957256,
    "137": 26028.311860471436,
    "138": 7160.097177448679,
    "139": 18139.984491098356,
    "140": 33135.52005237312,
    "141": 12036.70531806776,
    "142": 10716.757550551521,
    "143": 4558.760871819633,
    "144": 14255.049255450995,
    "145": 20360.94521597914,
    "146": 29825.102245171765,
    "147": 18394.550197578337,
    "148": 18376.402585449578,
    "149": 8571.746530608307,
    "150": 2565.2317431672104,
    "151": 10823.864179853359,
    "152": 5920.385807200285,
    "153": 12467.164012181876,
    "154": 20717.101901866845,
    "155": 12356.529419835992,
    "156": 28397.202305506267,
    "157": 19069.592452185636,
    "158": 28760.60845569944,
    "159": 44485.993055502986,
    "160": 1515.8867180622979,
    "161": 30456.605731820975,
    "162": 15141.360309468073,
    "163": 15105.579437492825,
    "164": 17359.149499105315,
    "165": 9400.150528499515,
    "166": 28656.119430170857,
    "167": 19877.95346740182,
    "168": 19048.57447254835,
    "169": 11279.618930679131,
    "170": 40330.401874028685,
    "171": 9817.070471140876,
    "172": 19213.26470839587,
    "173": 14553.524466142682,
    "174": 28614.323100579324,
    "175": 2753.1541981745113,
    "176": 14745.330953401193,
    "177": 8568.901658922481,
    "178": 18414.805998688178,
    "179": 20504.69602715241,
    "180": 36982.68925677987
}