{
    "1": 16650.440620692356,
    "2": 28376.672762614446,
    "3": 33261.63141436701,
    "4": 29744.64783158894,
    "5": 42135.53456721088,
    "6": 24267.25208283864,
    "7": 12033.64272921461,
    "8": 22040.247873450204,
    "9": 12618.947956686077,
    "10": 11952.197715160519,
    "11": 20094.143958365297,
    "12": 11341.278830083083,
    "13": 1876.9006293133339,
    "14": 4134.377922277344,
    "15": 2654.3858088060647,
    "16": 27494.519657653247,
    "17": 23152.92509382616,
    "18": 36758.39686247004,
    "19": 10802.66134113888,
    "20": 20008.184308754484,
    "21": 5581.942566423614,
    "22": 11190.965442492941,
    "23": 10512.527564845966,
    "24": 17025.547221214452,
    "25": 41717.9912053348,
    "26": 22999.027898264598,
    "27": 36295.356747087746,
    "28": 23707.091971140882,
    "29": 48183.76207968549,
    "30": 36275.543981872506,
    "31": 47777.75498925519,
    "32": 22138.126496988207,
    "33": 41886.50278083506,
    "34": 37523.97875567927,
    "35": 20093.91507343087,
    "36": 27424.825606801103,
    "37": 13828.17765668005,
    "38": 22720.520977458724,
    "39": 30912.246889550486,
    "40": 8447.184767829609,
    "41": 57924.98354699718,
    "42": 34022.77212322088,
    "43": 2144.2897178243784,
    "44": 41245.36249428945,
    "45": 7454.5019668203,
    "46": 20101.19224067435,
    "47": 30294.89889987818,
    "48": 30769.611658831633,
    "49": 31551.303443650708,
    "50": 19646.90320261012,
    "51": 46395.62772726572,
    "52": 18572.390291014366,
    "53": 16032.603534909802,
    "54": 14796.262398476974,
    "55": 36233.472819473805,
    "56": 22479.916426078154,
    "57": 8228.818311241186,
    "58": 17648.380443045404,
    "59": 12220.558132174476,
    "60": 3929.600709895545,
    "61": 2771.8452931916368,
    "62": 21588.06726315667,
    "63": 31039.719731576843,
    "64": 31466.382840315484,
    "65": 25283.693181074657,
    "66": 17712.343225260058,
    "67": 7361.336067777499,
    "68": 5675.546368704633,
    "69": 6976.026326778121,
    "70": 23697.927801294016
}