{
    "1": 28086.28572328992,
    "2": 29317.691610642516,
    "3": 28455.59499688819,
    "4": 15357.881183783757,
    "5": 47584.58427050011,
    "6": 51249.658345796626,
    "7": 28360.5916327501,
    "8": 33419.28845770604,
    "9": 14808.767144339743,
    "10": 16722.79801953462,
    "11": 10631.24029430512,
    "12": 16361.71642078746,
    "13": 29725.59601954992,
    "14": 20033.677914719778,
    "15": 16120.98023195107,
    "16": 10436.182921517382,
    "17": 19927.96127607866,
    "18": 20893.02229647068,
    "19": 8186.290155665413,
    "20": 34521.780469615056,
    "21": 26550.084307040426,
    "22": 47028.379996556985,
    "23": 41914.47150587605,
    "24": 3453.27151159677,
    "25": 26787.412031255102,
    "26": 21328.75692476173,
    "27": 11194.622784995363,
    "28": 22805.957080241005,
    "29": 41849.06711369969,
    "30": 8379.47609212442,
    "31": 11405.017172641314,
    "32": 40915.9851402286,
    "33": 36089.37889621775,
    "34": 42651.05866115178,
    "35": 16731.119218084186,
    "36": 22233.397881211018,
    "37": 50969.15731734433,
    "38": 2172.2375086203947,
    "39": 25455.754805762524,
    "40": 25781.7638490003,
    "41": 8211.653756903605,
    "42": 13532.273932119935,
    "43": 18549.679663534702,
    "44": 15845.240679330087,
    "45": 15203.225833383633,
    "46": 27192.01855538867,
    "47": 20001.841815255902,
    "48": 19765.06863447197,
    "49": 9222.203560404601,
    "50": 7011.302609297851,
    "51": 42675.00233707917,
    "52": 34522.6774790465,
    "53": 46674.121753078034,
    "54": 20765.371623733536,
    "55": 12821.696534140872,
    "56": 25142.00526138856,
    "57": 12811.982866918768,
    "58": 1587.524399501378,
    "59": 39128.07732813604,
    "60": 17315.858418947882,
    "61": 16000.827929717076,
    "62": 38867.61779199021,
    "63": 44960.32551623881,
    "64": 11251.050072042775,
    "65": 22861.974745114156,
    "66": 25249.371303785036,
    "67": 34705.81757809234,
    "68": 12859.283644482852,
    "69": 16465.721182071185,
    "70": 15884.194550540074
}