{
    "1": 7845.320535344111,
    "2": 6687.784306744091,
    "3": 42038.23781291648,
    "4": 24213.627882910907,
    "5": 21641.44845779376,
    "6": 5803.28673122691,
    "7": 26198.269330888954,
    "8": 32813.93724637295,
    "9": 10426.10670451125,
    "10": 9046.607471141997,
    "11": 13552.973196373163,
    "12": 41295.78522318069,
    "13": 10011.98464006938,
    "14": 20071.678544248996,
    "15": 21952.402604779,
    "16": 29675.370303768505,
    "17": 26646.643603143857,
    "18": 1133.1473070190154,
    "19": 3051.2110870050296,
    "20": 21479.66934664449,
    "21": 10590.778539422454,
    "22": 7578.0209051340635,
    "23": 32142.680466519167,
    "24": 16890.349303439565,
    "25": 12685.711491935752,
    "26": 9833.011138542368,
    "27": 8122.943605743882,
    "28": 21055.434934071585,
    "29": 25268.095380123894,
    "30": 2158.8904011996465,
    "31": 3542.685132867478,
    "32": 4333.578547037837,
    "33": 10390.59339810509,
    "34": 2271.6110608097997,
    "35": 8621.51364051718,
    "36": 26525.178124639428,
    "37": 18650.010098355975,
    "38": 12293.472235229277,
    "39": 41764.00582025132,
    "40": 3931.026843353463,
    "41": 20827.16552390614,
    "42": 36218.860337687445,
    "43": 21635.267882670767,
    "44": 1854.3703527048494,
    "45": 31318.273085685032,
    "46": 19881.14742185562,
    "47": 11149.229732593125,
    "48": 4816.547739953882,
    "49": 19559.247565083464,
    "50": 25093.518874057892,
    "51": 6974.243250699112,
    "52": 14999.529941696488,
    "53": 15818.028006589175,
    "54": 27495.781440126444,
    "55": 13292.103503942091,
    "56": 28553.702551679515,
    "57": 1679.081457798531,
    "58": 30404.278960021045,
    "59": 42610.187653863344,
    "60": 17640.66668746321,
    "61": 18930.692096394912,
    "62": 22446.115208613166,
    "63": 27005.19894468586,
    "64": 19034.99870536118,
    "65": 46273.493718276564,
    "66": 4944.827263183275,
    "67": 15989.621163237818,
    "68": 24491.395582132707,
    "69": 25924.777335661813,
    "70": 7812.43925054575,
    "71": 15616.25634619621,
    "72": 12078.515794766976,
    "73": 28556.56166140742,
    "74": 28376.520069864593,
    "75": 13778.938003588752,
    "76": 22190.195859215037,
    "77": 7187.570201582098,
    "78": 7267.966773580624,
    "79": 21321.233670866284,
    "80": 10840.904397124707,
    "81": 3599.707753025138,
    "82": 42769.115098422044,
    "83": 17453.84361968915,
    "84": 15536.840365525444,
    "85": 30416.68341911585,
    "86": 34051.767754106935,
    "87": 16266.696666800119,
    "88": 19129.152756023173,
    "89": 16012.298692210003,
    "90": 4218.403801875261,
    "91": 1532.0011819560134,
    "92": 6160.882068922008,
    "93": 4519.558221716432,
    "94": 18154.529498198644,
    "95": 9849.937688082971,
    "96": 16035.736874620401,
    "97": 10840.995747324472,
    "98": 26233.152007559136,
    "99": 22212.982576702176,
    "100": 4943.451795003071,
    "101": 27216.838534582577,
    "102": 20030.347120581766,
    "103": 10235.579859188774,
    "104": 10708.475928140539,
    "105": 19660.101702262105,
    "106": 42693.99453456725,
    "107": 20794.095468071424,
    "108": 25526.244112364646,
    "109": 1960.870059138887,
    "110": 25853.53785318321,
    "111": 17350.68099971376,
    "112": 30190.03606167769,
    "113": 12948.328777899496,
    "114": 5655.0891349144085,
    "115": 8646.79929618507,
    "116": 11588.579353039484,
    "117": 9201.865158774011,
    "118": 17811.777702464206,
    "119": 7982.8441462111905,
    "120": 23300.58474391208,
    "121": 19044.470805241614,
    "122": 21531.68465687999,
    "123": 42063.89882847064,
    "124": 9002.874736053043,
    "125": 9470.686662622413,
    "126": 4432.431906367568,
    "127": 23788.53820001625,
    "128": 17129.01613505933,
    "129": 20426.194821458033,
    "130": 17069.794489682445,
    "131": 16358.539685320287,
    "132": 20515.331150793732,
    "133": 13972.842129301218,
    "134": 800.9042353483248,
    "135": 15326.18131093589,
    "136": 16342.123347882052,
    "137": 22142.60881454919,
    "138": 8844.851365609242,
    "139": 26744.869812082085,
    "140": 18216.097989624985
}