{
    "1": 34018.50116475707,
    "2": 22714.943808704928,
    "3": 11888.152748108763,
    "4": 24645.39750661881,
    "5": 7981.9622415952035,
    "6": 7009.359543099002,
    "7": 18333.21646382351,
    "8": 38048.498057024764,
    "9": 2575.661921397057,
    "10": 16765.193036417233,
    "11": 7796.637806958722,
    "12": 5246.0044899517825,
    "13": 9593.092647372812,
    "14": 6951.897510417978,
    "15": 11078.374357234421,
    "16": 31074.593518267204,
    "17": 8104.529432086154,
    "18": 36720.004678291916,
    "19": 18399.064955844544,
    "20": 15709.445465254104,
    "21": 25230.908546470822,
    "22": 4560.643469711325,
    "23": 17020.730727080834,
    "24": 23063.48174745203,
    "25": 41088.00838982383,
    "26": 34643.87302730324,
    "27": 18542.166286021686,
    "28": 22718.41805960574,
    "29": 43472.96376701034,
    "30": 12678.507609929984,
    "31": 20878.35604338584,
    "32": 25879.4909064658,
    "33": 44979.480323278425,
    "34": 11557.231624443744,
    "35": 16752.56952486429,
    "36": 27256.93026431015,
    "37": 15506.346908687849,
    "38": 18051.7890759093,
    "39": 10962.515529459066,
    "40": 9951.219403766861,
    "41": 37929.46331023325,
    "42": 18888.032115624992,
    "43": 33612.08733091337,
    "44": 25023.517325502115,
    "45": 15042.5625176762,
    "46": 18417.284067394638,
    "47": 15513.348806983411,
    "48": 21468.898050203323,
    "49": 20957.300022197633,
    "50": 21168.530347227294,
    "51": 12135.251760763966,
    "52": 4469.6061908939755,
    "53": 9904.799796061652,
    "54": 38310.50345170269,
    "55": 8033.06298260256,
    "56": 33570.12906351259,
    "57": 43686.834954059384,
    "58": 14092.797856043559,
    "59": 1742.3785805474688,
    "60": 48310.978273905384,
    "61": 19002.891361716345,
    "62": 36822.739888310316,
    "63": 3536.0000567498505,
    "64": 13201.721855772768,
    "65": 41842.99531639889,
    "66": 23951.223825497214,
    "67": 27817.90372744929,
    "68": 35714.85536567734,
    "69": 27513.828624518384,
    "70": 39924.19385225896,
    "71": 9679.253600817197,
    "72": 7758.264681578781,
    "73": 3224.9067032544863,
    "74": 9045.246817886275,
    "75": 12827.251907786182,
    "76": 22433.5053635215,
    "77": 16103.035168728273,
    "78": 35543.915427182474,
    "79": 18811.385146197128,
    "80": 8359.537411132625
}