{
    "1": 9260.053619251728,
    "2": 19891.103586127192,
    "3": 2630.0477163034016,
    "4": 23689.913056050267,
    "5": 10999.526330818346,
    "6": 7284.673292834912,
    "7": 47854.25766575367,
    "8": 12594.560746145078,
    "9": 40275.701994336116,
    "10": 13997.561465467823,
    "11": 9943.408661327352,
    "12": 18882.696400855224,
    "13": 21879.257552121373,
    "14": 15816.192858833509,
    "15": 12047.997668926651,
    "16": 7279.5987690771835,
    "17": 7031.396399479729,
    "18": 1498.8016765919567,
    "19": 18644.881051042797,
    "20": 10289.74091661543,
    "21": 36071.16015206572,
    "22": 23854.62217992911,
    "23": 23809.56169404644,
    "24": 1949.8554201118402,
    "25": 19842.731861661854,
    "26": 35438.16206990393,
    "27": 32148.061487589843,
    "28": 30381.054470022395,
    "29": 9591.623684841548,
    "30": 5741.818330593951,
    "31": 27599.931344718287,
    "32": 17933.708066522617,
    "33": 22868.949776407793,
    "34": 16969.47456385489,
    "35": 37528.21041007732,
    "36": 14738.462962571894,
    "37": 14503.73072818508,
    "38": 17964.089190368606,
    "39": 10607.773282703296,
    "40": 21056.97696565318,
    "41": 8763.09115765803,
    "42": 20239.015881268213,
    "43": 13052.3684966983,
    "44": 6260.855300805038,
    "45": 3066.4706708963595,
    "46": 11789.930567627634,
    "47": 26260.05164350426,
    "48": 29729.3231577518,
    "49": 9396.929407817079,
    "50": 20061.32038268603,
    "51": 17850.656885278826,
    "52": 22625.452562180282,
    "53": 21115.798044729963,
    "54": 11610.59692909184,
    "55": 15537.722961874986,
    "56": 12496.366212053223,
    "57": 9539.443535400382,
    "58": 11399.301680523778,
    "59": 4280.433794176487,
    "60": 23124.031163832624,
    "61": 35784.125036035206,
    "62": 19366.719656281384,
    "63": 8864.17775650287,
    "64": 27749.70870601154,
    "65": 28997.89545144421,
    "66": 34065.07005567407,
    "67": 21739.078660476924,
    "68": 6755.424394689104,
    "69": 9042.884491671417,
    "70": 6083.342542087995,
    "71": 17802.97526551201,
    "72": 28380.082460759706,
    "73": 8658.096497685272,
    "74": 40205.813855118126,
    "75": 25822.25841421339,
    "76": 16128.898561656899,
    "77": 23113.274326043564,
    "78": 7917.698778500588,
    "79": 7821.353791102144,
    "80": 9483.402873615854,
    "81": 8456.769123741542,
    "82": 12267.646649535816,
    "83": 1360.3288876225504,
    "84": 26133.904191395075,
    "85": 3849.752695794385,
    "86": 17601.431223593037,
    "87": 11929.206480734134,
    "88": 3279.774507229238,
    "89": 3061.5659838494407,
    "90": 21002.317036858894,
    "91": 11817.818897474219,
    "92": 4098.976583633172,
    "93": 12537.149242822255,
    "94": 9560.50083116808,
    "95": 3032.0044405059075,
    "96": 7774.939550226817,
    "97": 25029.668741459493,
    "98": 38315.252588130694,
    "99": 6231.7389244668575,
    "100": 15612.59745909629,
    "101": 31079.778751085087,
    "102": 36983.48092341847,
    "103": 20747.103769141988,
    "104": 26598.73565089574,
    "105": 20056.201938726823,
    "106": 10810.69063436968,
    "107": 14354.641440602149,
    "108": 1050.4884140266736,
    "109": 12243.701850159025,
    "110": 4006.0559757543356,
    "111": 17881.80141181641,
    "112": 18244.88738562138,
    "113": 2024.967457293681,
    "114": 6750.984636241645,
    "115": 2149.2804912784786,
    "116": 1361.6123922312415,
    "117": 23861.827151652302,
    "118": 17405.216131598798,
    "119": 18469.330502081735,
    "120": 17191.19422409324,
    "121": 15258.950736255003,
    "122": 13355.379454216994,
    "123": 27104.49357288761,
    "124": 7259.844809431767,
    "125": 9773.506136054928,
    "126": 9632.584270124475,
    "127": 8056.191257461024,
    "128": 5166.280175733086,
    "129": 3984.0264092254633,
    "130": 18686.534213561314,
    "131": 26437.46305632652,
    "132": 14548.585800782494,
    "133": 24550.63743571709,
    "134": 9115.301927739189,
    "135": 40978.996687939085,
    "136": 7834.254341590479,
    "137": 8613.508662406815,
    "138": 2519.6916457033867,
    "139": 9491.104188428257,
    "140": 5670.033962635149,
    "141": 5969.533595848771,
    "142": 25685.580676745525,
    "143": 25869.889315544136,
    "144": 7873.209952698215,
    "145": 24278.707120668172,
    "146": 10123.302806178866,
    "147": 15838.976236922057,
    "148": 46494.04891541027,
    "149": 6583.789725696028,
    "150": 20022.969263880925,
    "151": 13630.151598317025,
    "152": 5725.210884749221,
    "153": 15479.822038307957,
    "154": 18007.32849295119,
    "155": 4041.1438767044665,
    "156": 1326.5071067323238,
    "157": 20446.602254295532,
    "158": 13257.168231440004,
    "159": 11328.585456724757,
    "160": 1169.4460202093082
}