{
    "1": 10741.773747447542,
    "2": 44212.90068762781,
    "3": 6390.342173087348,
    "4": 10078.623401417308,
    "5": 20401.009922796686,
    "6": 11634.732482985779,
    "7": 3893.072932272011,
    "8": 18439.073862326422,
    "9": 24318.645959572004,
    "10": 30853.981139047344,
    "11": 35142.55893712176,
    "12": 16111.583805580982,
    "13": 20319.92175366911,
    "14": 13150.75590660846,
    "15": 4069.2557131277913,
    "16": 34197.788272664824,
    "17": 7881.906728343733,
    "18": 12379.356660416637,
    "19": 10773.480727702723,
    "20": 13319.123501202515,
    "21": 13825.102205479041,
    "22": 9116.874575210917,
    "23": 1881.6468433574628,
    "24": 9782.45901470497,
    "25": 14971.78258793332,
    "26": 32763.79333816749,
    "27": 15052.298866389137,
    "28": 19326.810306938885,
    "29": 36420.440755928306,
    "30": 31444.9073363625,
    "31": 19606.15655426083,
    "32": 12436.613920168913,
    "33": 26131.639593122512,
    "34": 17964.710319524926,
    "35": 21085.68761742168,
    "36": 24619.023379022023,
    "37": 43061.99028299998,
    "38": 8962.535065405755,
    "39": 11734.347021561529,
    "40": 22123.016712216075,
    "41": 27969.451168759573,
    "42": 21921.298618740813,
    "43": 29013.62235880671,
    "44": 16623.602080699926,
    "45": 7120.311076898196,
    "46": 23792.88609003291,
    "47": 3878.5277759620767,
    "48": 15395.410455527259,
    "49": 34439.4163020058,
    "50": 6049.560909638113,
    "51": 7607.079071229365,
    "52": 20349.882985915327,
    "53": 18317.631673131094,
    "54": 10731.093637917069,
    "55": 32575.144764445522,
    "56": 25619.875390406396,
    "57": 4303.746948976722,
    "58": 9416.078751786328,
    "59": 15038.660428979474,
    "60": 21831.237329772026,
    "61": 13770.062822209553,
    "62": 10566.584014616914,
    "63": 11405.39936387967,
    "64": 4422.353879067303,
    "65": 6726.389729979326,
    "66": 20845.988714221116,
    "67": 30421.371059401048,
    "68": 7415.88914761538,
    "69": 7377.941878053011,
    "70": 9906.186981640474,
    "71": 14135.494232761817,
    "72": 14764.696354212987,
    "73": 9775.256219631381,
    "74": 12640.100121736168,
    "75": 30468.44447177894,
    "76": 9609.199520533488,
    "77": 13157.808283668735,
    "78": 24811.071301105887,
    "79": 3251.020023471593,
    "80": 16088.840062645884,
    "81": 6755.30423978746,
    "82": 8872.788256857752,
    "83": 5204.88693171439,
    "84": 22336.999217861747,
    "85": 23698.826399861922,
    "86": 13623.059721592826,
    "87": 8316.20928861511,
    "88": 13187.182295969116,
    "89": 4451.338176236771,
    "90": 17011.666338452294,
    "91": 5460.491520512318,
    "92": 17845.05597799341,
    "93": 6717.141113005916,
    "94": 16781.779399022027,
    "95": 11200.464503237024,
    "96": 14517.098797277511,
    "97": 21520.725690766154,
    "98": 23045.56020785285,
    "99": 17074.05990845371,
    "100": 11641.114675928167,
    "101": 2956.5967037010614,
    "102": 30605.435564648764,
    "103": 15763.664904096288,
    "104": 6953.063349068816,
    "105": 29246.80996228165,
    "106": 33789.81564116134,
    "107": 27834.87736358983,
    "108": 12325.882924674772,
    "109": 11885.478795737603,
    "110": 18656.814939529682,
    "111": 27554.274016781295,
    "112": 3910.2229228006186,
    "113": 26570.547110630105,
    "114": 26376.523443679704,
    "115": 4550.455491643441,
    "116": 14865.416001652942,
    "117": 2992.754717119238,
    "118": 22576.83538069531,
    "119": 3648.7360228410016,
    "120": 30561.195234580762,
    "121": 34609.10801398166,
    "122": 14912.454118943526,
    "123": 9829.087405315082,
    "124": 3466.874635313001,
    "125": 16823.45070441952,
    "126": 24264.557035473474,
    "127": 27244.470669900835,
    "128": 7300.705812589106,
    "129": 31931.45047174958,
    "130": 19692.878959373327,
    "131": 18689.84833282752,
    "132": 2092.486686277128,
    "133": 8830.100362628194,
    "134": 31827.7201455163,
    "135": 12408.086136914973,
    "136": 29571.33464538185,
    "137": 24063.419625602295,
    "138": 13816.909869972642,
    "139": 14391.881384935095,
    "140": 12282.205428161376,
    "141": 31246.62280072943,
    "142": 14671.575310845239,
    "143": 12872.069175764882,
    "144": 15943.04062549128,
    "145": 16738.807666877958,
    "146": 10782.14616656127,
    "147": 30235.434296723266,
    "148": 32921.515512783386,
    "149": 10642.561282551265,
    "150": 25729.38129213746
}