{
    "1": 26543.740140758313,
    "2": 28290.874575659655,
    "3": 35942.596161533584,
    "4": 7989.0278842542275,
    "5": 5951.233635215569,
    "6": 37126.333787788266,
    "7": 15317.998696425333,
    "8": 28845.770669097772,
    "9": 18703.34119673025,
    "10": 26346.016032378997,
    "11": 26622.199930408355,
    "12": 1994.9000044114048,
    "13": 29249.800815394192,
    "14": 16991.70907725549,
    "15": 39045.69282061695,
    "16": 9244.201359417708,
    "17": 18669.157950453922,
    "18": 22144.825016317416,
    "19": 5512.619222061982,
    "20": 20587.118308909794,
    "21": 35237.5751552652,
    "22": 28766.680932032643,
    "23": 12095.947602057606,
    "24": 33059.52541571432,
    "25": 27124.03165551982,
    "26": 7991.905688562572,
    "27": 16952.636259888117,
    "28": 15849.183846196065,
    "29": 24392.65670274713,
    "30": 6355.731316324469,
    "31": 34907.253849093955,
    "32": 17536.837252805428,
    "33": 38698.64772658352,
    "34": 30725.875785938035,
    "35": 7382.741376918403,
    "36": 29825.089893416683,
    "37": 68301.83941603261,
    "38": 21964.708837713344,
    "39": 5782.894378849505,
    "40": 16309.083499918215,
    "41": 34298.925392132944,
    "42": 4048.5749688227033,
    "43": 12198.456841823421,
    "44": 13628.169467881096,
    "45": 45730.98164009532,
    "46": 25120.409176156296,
    "47": 10702.084192754934,
    "48": 37837.46891321852,
    "49": 22918.683000773697,
    "50": 48866.54429130592,
    "51": 30088.46100834993,
    "52": 42150.305700669254,
    "53": 39269.75608938707,
    "54": 20971.956270858605,
    "55": 21053.433851982518,
    "56": 51204.06590421789,
    "57": 11262.157105264403,
    "58": 40443.257998102075,
    "59": 22386.63047354777,
    "60": 18579.165572968792,
    "61": 49164.21483758776,
    "62": 16444.534145267036,
    "63": 2173.7320751450025,
    "64": 30238.627443297944,
    "65": 21473.259131860643,
    "66": 47043.838072067294,
    "67": 18374.1185034854,
    "68": 22154.642385288804,
    "69": 13652.385126908308,
    "70": 26339.88521580033
}