{
    "1": 31275.34425685216,
    "2": 19353.44890134413,
    "3": 3988.5981966768995,
    "4": 13296.564760167177,
    "5": 15006.16408852593,
    "6": 33437.52126551308,
    "7": 20202.97624348197,
    "8": 22445.707764023075,
    "9": 42034.33493208042,
    "10": 12585.843796198573,
    "11": 11629.283804702163,
    "12": 27415.903613287246,
    "13": 12714.05405729594,
    "14": 11815.535875773083,
    "15": 7558.155975737168,
    "16": 19585.369968857292,
    "17": 26534.813469889737,
    "18": 9934.6099215345,
    "19": 29647.816849599094,
    "20": 3355.399032945782,
    "21": 29719.180699379725,
    "22": 1044.2742014466437,
    "23": 7787.619406048669,
    "24": 3084.52012152178,
    "25": 11598.658195984972,
    "26": 4532.767052221981,
    "27": 29657.841979802517,
    "28": 16290.357958198618,
    "29": 10379.198284407423,
    "30": 6059.451403003485,
    "31": 5383.764468040264,
    "32": 10789.655903965819,
    "33": 14409.059911686049,
    "34": 17203.804408326763,
    "35": 24585.88668398274,
    "36": 11813.581928058462,
    "37": 5682.0468588191925,
    "38": 8937.66314133075,
    "39": 10918.554014789464,
    "40": 21380.204469450357,
    "41": 7738.93369783184,
    "42": 25521.359294301477,
    "43": 59785.75219194825,
    "44": 38958.86431532822,
    "45": 21597.921251464297,
    "46": 5203.269026869668,
    "47": 13412.548635120864,
    "48": 17826.9288213844,
    "49": 15921.588206578486,
    "50": 24382.451559457837,
    "51": 7746.352911442092,
    "52": 3841.1348374868167,
    "53": 12215.489776408594,
    "54": 11946.99224890723,
    "55": 10201.950649587296,
    "56": 35967.66578011354,
    "57": 3679.5905949840662,
    "58": 21681.672652543282,
    "59": 7594.139673394134,
    "60": 19556.580512775425,
    "61": 11773.516964327746,
    "62": 12185.397858697268,
    "63": 9704.98590067568,
    "64": 5620.1998064552745,
    "65": 9168.397989022233,
    "66": 16022.807802386993,
    "67": 1150.6020966329345,
    "68": 14780.02039351844,
    "69": 2321.169574618546,
    "70": 7659.834717473816,
    "71": 9326.353099352964,
    "72": 17512.038533365394,
    "73": 10614.34684800379,
    "74": 14782.123072831515,
    "75": 8487.440094261516,
    "76": 30776.395576537616,
    "77": 2759.9831301013546,
    "78": 7105.334770450809,
    "79": 7409.109211021464,
    "80": 1992.6662341204426,
    "81": 9239.567244186183,
    "82": 31278.91057383844,
    "83": 18379.380116071705,
    "84": 9337.172428228945,
    "85": 18463.60650482871,
    "86": 41454.62657106998,
    "87": 10817.229594415401,
    "88": 23657.91185635902,
    "89": 2495.2998224659673,
    "90": 12602.958386368868,
    "91": 5660.691482259435,
    "92": 6902.520599265978,
    "93": 15890.848429653719,
    "94": 25318.55301498867,
    "95": 17087.027473303042,
    "96": 14159.461943791717,
    "97": 40842.20254648902,
    "98": 15167.465869790873,
    "99": 4694.011362531592,
    "100": 15633.647577099879,
    "101": 18808.33049117842,
    "102": 13128.941777940432,
    "103": 5249.212229019229,
    "104": 11589.96132947099,
    "105": 9082.895143231835,
    "106": 8421.439873119303,
    "107": 1513.7139610135116,
    "108": 17223.073894716646,
    "109": 472.50114764961927,
    "110": 12633.359600051617,
    "111": 9635.038639432623,
    "112": 19253.135741034155,
    "113": 15444.745869661372,
    "114": 11370.040693481962,
    "115": 14322.385646321445,
    "116": 36904.76012765052,
    "117": 16456.154724562082,
    "118": 17607.356858877632,
    "119": 28068.411302198452,
    "120": 10086.583688241557,
    "121": 35911.91049000375,
    "122": 17129.409404954295,
    "123": 6395.222720074075,
    "124": 8030.6398616402375,
    "125": 18514.65099523228,
    "126": 16770.6760444858,
    "127": 15229.284467242338,
    "128": 10779.397166182187,
    "129": 7212.469495074835,
    "130": 6200.90394249347,
    "131": 14369.0239636867,
    "132": 14209.728671185407,
    "133": 1633.409286527415,
    "134": 13242.281053021192,
    "135": 33265.982208489324,
    "136": 14189.460586587402,
    "137": 12733.532679576818,
    "138": 2249.958192773161,
    "139": 1221.1510158905805,
    "140": 2062.9491687211394,
    "141": 1263.5599800982088,
    "142": 7739.239370152344,
    "143": 1891.9242067312578,
    "144": 36620.7384923795,
    "145": 3992.1773224621325,
    "146": 6174.744259465464,
    "147": 5749.634304346236,
    "148": 12324.207952056186,
    "149": 18739.757102937576,
    "150": 23319.468940628507,
    "151": 7184.339006943116,
    "152": 1684.3414668893583,
    "153": 14271.781266161965,
    "154": 10590.886925769935,
    "155": 6310.209642442551,
    "156": 14193.287248057448,
    "157": 6442.518331803176,
    "158": 25022.8319903279,
    "159": 12322.792685644174,
    "160": 28560.150140145048,
    "161": 16853.83917798881,
    "162": 37584.582527497514,
    "163": 3314.674449816751,
    "164": 14367.82709345013,
    "165": 10881.61865668759,
    "166": 29330.297703798733,
    "167": 11037.675845943055,
    "168": 13676.530475739703,
    "169": 34519.42444517686,
    "170": 838.3143815482041,
    "171": 12410.02067990269,
    "172": 5311.607794520471,
    "173": 11489.789235083186,
    "174": 15282.472011154972,
    "175": 26777.880498914205,
    "176": 10034.90453051226,
    "177": 5922.736585435588,
    "178": 19517.62342676654,
    "179": 3260.916712052711,
    "180": 6422.506679509614
}