{
    "1": 27036.105051152223,
    "2": 22175.901334701484,
    "3": 29804.652871592603,
    "4": 37373.417414255804,
    "5": 37826.867127772544,
    "6": 13359.46152413871,
    "7": 3251.2480439226483,
    "8": 7481.767266914374,
    "9": 27820.730064865566,
    "10": 36422.78610777716,
    "11": 24060.072089521444,
    "12": 23386.837557896382,
    "13": 35621.2501578498,
    "14": 7343.651108628428,
    "15": 9968.10750953754,
    "16": 5822.8964957795515,
    "17": 21067.182812541796,
    "18": 30892.66615677308,
    "19": 14214.515387901583,
    "20": 4853.692697963257,
    "21": 14834.777460267636,
    "22": 1445.2113915638865,
    "23": 2556.042742532904,
    "24": 24223.082171501253,
    "25": 19880.160369912155,
    "26": 11199.759818304192,
    "27": 8353.34641226381,
    "28": 4546.0134078321025,
    "29": 10152.349875172671,
    "30": 10938.70448438042,
    "31": 28876.654492519472,
    "32": 14397.51086988276,
    "33": 15576.678339121258,
    "34": 26876.493816254846,
    "35": 9649.451403107681,
    "36": 24976.214632400974,
    "37": 13964.48450256929,
    "38": 19464.88385154474,
    "39": 33742.251007456936,
    "40": 20553.238134636704,
    "41": 4522.8501104423085,
    "42": 24416.429822985407,
    "43": 35284.25712092789,
    "44": 20523.251698044704,
    "45": 30375.585145340778,
    "46": 40231.67041880325,
    "47": 22945.632866820855,
    "48": 48736.616216658505,
    "49": 26315.406889382342,
    "50": 2707.857870256008,
    "51": 12680.510658760351,
    "52": 45919.79107196916,
    "53": 15390.891502688224,
    "54": 15817.47924840176,
    "55": 27323.180683805127,
    "56": 12788.719359878376,
    "57": 27759.921875017106,
    "58": 20906.47401919222,
    "59": 18155.12599681936,
    "60": 6149.161760026285,
    "61": 36164.8978864101,
    "62": 26489.413106319204,
    "63": 25057.832576085428,
    "64": 32740.38630168268,
    "65": 28049.02905295284,
    "66": 28482.412821525748,
    "67": 12591.65299797455,
    "68": 38172.74839579709,
    "69": 57146.21947087307,
    "70": 10211.887130655598
}