{
    "1": 9858.395804614318,
    "2": 21791.39239042356,
    "3": 1212.3796438370512,
    "4": 9845.227141493922,
    "5": 23675.893706265237,
    "6": 28816.16030542903,
    "7": 14202.725537841776,
    "8": 34162.82498819199,
    "9": 15395.796426163706,
    "10": 10357.46556046906,
    "11": 29845.345844981257,
    "12": 2774.5638791185743,
    "13": 11046.244679540414,
    "14": 10329.61020865684,
    "15": 13286.56751918296,
    "16": 10172.266928521458,
    "17": 36833.21515135502,
    "18": 17984.85046410853,
    "19": 13023.927021938045,
    "20": 12815.483088282142,
    "21": 14424.771376555218,
    "22": 1492.2847351290095,
    "23": 10787.162096651082,
    "24": 18041.681087766254,
    "25": 8675.632315603385,
    "26": 34337.22136564504,
    "27": 10641.493644763594,
    "28": 26230.583062768514,
    "29": 11412.36885013947,
    "30": 15316.201807557547,
    "31": 8839.011284960587,
    "32": 5280.787256875442,
    "33": 7447.655591217262,
    "34": 20164.131559200952,
    "35": 26689.810056908755,
    "36": 5520.496162171829,
    "37": 8526.957574004833,
    "38": 12446.127316470984,
    "39": 7764.229060524337,
    "40": 10118.268884832049,
    "41": 10870.530163691814,
    "42": 39430.73777298743,
    "43": 17369.65886979835,
    "44": 2872.750073178414,
    "45": 11385.8518030055,
    "46": 4598.004691727261,
    "47": 10107.258272196581,
    "48": 16947.06766026351,
    "49": 14896.360239465026,
    "50": 23724.9767582288,
    "51": 25136.743312820683,
    "52": 13225.915047494556,
    "53": 3688.263600185349,
    "54": 14063.726919550709,
    "55": 13785.741746418234,
    "56": 19232.229084208706,
    "57": 6704.656034879956,
    "58": 12486.492299024974,
    "59": 7675.743296953472,
    "60": 15154.38916178728,
    "61": 6426.343402586113,
    "62": 12990.818891928162,
    "63": 33576.810925079866,
    "64": 5632.397742329085,
    "65": 2635.9561491655145,
    "66": 8993.250682101769,
    "67": 42651.3778404237,
    "68": 8325.30034318077,
    "69": 7518.302854571444,
    "70": 39243.197590335956,
    "71": 3105.607747348904,
    "72": 25546.867526883812,
    "73": 11241.800046124941,
    "74": 2429.323628944681,
    "75": 10465.682651285204,
    "76": 3270.6171357285957,
    "77": 2705.86999666802,
    "78": 32347.52648726726,
    "79": 40722.04081597538,
    "80": 19076.910941659815,
    "81": 11309.04651038912,
    "82": 2628.6991826386375,
    "83": 5260.974672156059,
    "84": 2825.149407921989,
    "85": 11771.562440850716,
    "86": 13218.56549306107,
    "87": 11924.932116283786,
    "88": 3829.9625773044822,
    "89": 8114.06408219395,
    "90": 24535.62188142354,
    "91": 8807.359678580513,
    "92": 12639.487507158508,
    "93": 30977.50595994477,
    "94": 16927.636431697098,
    "95": 36361.62233889111,
    "96": 22605.836627624914,
    "97": 16375.728482972148,
    "98": 14522.531243312049,
    "99": 28656.092500071696,
    "100": 19414.068180895196,
    "101": 5156.965695581827,
    "102": 31726.72060139066,
    "103": 13889.191443263846,
    "104": 7205.034737857491,
    "105": 23210.739712814455,
    "106": 24949.041915773472,
    "107": 27138.370073602244,
    "108": 21374.010616939304,
    "109": 6828.23555440082,
    "110": 32801.968929239934,
    "111": 46543.87711481417,
    "112": 19977.372379419565,
    "113": 10604.08328443703,
    "114": 14624.340813582703,
    "115": 27402.863703937415,
    "116": 11851.381200113032,
    "117": 10821.813541315858,
    "118": 2109.6906907951757,
    "119": 16101.372711983682,
    "120": 35184.525941066124,
    "121": 7418.1362680155735,
    "122": 4985.496478435725,
    "123": 8819.931684048604,
    "124": 34091.61267603948,
    "125": 8451.282399336798,
    "126": 4759.952663866037,
    "127": 14973.796709851113,
    "128": 17003.406850461964,
    "129": 25239.85597117072,
    "130": 29326.40815045492,
    "131": 4469.15510069707,
    "132": 1251.447709086165,
    "133": 10177.46445495265,
    "134": 1266.5016709327258,
    "135": 11382.143042375066,
    "136": 13020.94182231333,
    "137": 28733.08481525166,
    "138": 14056.771789300657,
    "139": 12021.783099881453,
    "140": 7947.869990773697,
    "141": 21319.853246063132,
    "142": 15786.955134009399,
    "143": 21929.334311482085,
    "144": 20240.29924214026,
    "145": 11774.812760355157,
    "146": 22647.849282689258,
    "147": 8271.257022044372,
    "148": 6966.623996067132,
    "149": 8624.130884866197,
    "150": 17414.325752987534,
    "151": 10908.320692529669,
    "152": 8614.461634957437,
    "153": 2157.284178196682,
    "154": 16097.57528168324,
    "155": 2628.5976479936257,
    "156": 17552.89076365589,
    "157": 48080.34568718928,
    "158": 26462.427498938887,
    "159": 5811.035547433824,
    "160": 24857.16363093774
}