{
    "1": 35986.61987853273,
    "2": 34591.59751232489,
    "3": 22804.871925668318,
    "4": 5481.182108527941,
    "5": 39539.0155392366,
    "6": 19269.49672894675,
    "7": 14318.774286255311,
    "8": 30558.167170125424,
    "9": 48921.20331112488,
    "10": 29718.678116465526,
    "11": 10307.601396348738,
    "12": 6232.885365099535,
    "13": 35913.93902835722,
    "14": 21750.178485365606,
    "15": 4206.691044547365,
    "16": 27632.210069504523,
    "17": 17769.96137217028,
    "18": 27120.203965501965,
    "19": 6320.263871535054,
    "20": 12725.803031674168,
    "21": 4167.5988620496555,
    "22": 6964.714069034381,
    "23": 20343.196490135804,
    "24": 28979.711246839102,
    "25": 11705.100757854356,
    "26": 30086.700345640533,
    "27": 5151.0458932978745,
    "28": 31545.306294197613,
    "29": 46281.822532153536,
    "30": 2612.3147570516426,
    "31": 9138.947542897491,
    "32": 14475.450745842676,
    "33": 37915.97125786212,
    "34": 4859.178225765348,
    "35": 27839.144429792854,
    "36": 12933.13079308947,
    "37": 11130.71188072657,
    "38": 2127.149691460963,
    "39": 1090.2887213562713,
    "40": 32637.917095701705,
    "41": 14773.307454816515,
    "42": 21749.32048200232,
    "43": 27555.789329628213,
    "44": 24698.866011595266,
    "45": 31160.675827305888,
    "46": 19407.44884367297,
    "47": 34176.33134206163,
    "48": 34271.95923540198,
    "49": 5169.094222266917,
    "50": 15953.29281531039,
    "51": 33528.23681331752,
    "52": 23408.300601057417,
    "53": 29160.47008437181,
    "54": 34315.10206724343,
    "55": 17078.36969562489,
    "56": 14483.408934621335,
    "57": 33387.42960474551,
    "58": 5487.738638701124,
    "59": 39858.82763278468,
    "60": 23498.5090572477,
    "61": 7174.9998153589995,
    "62": 4266.655967063821,
    "63": 13828.418741975782,
    "64": 18997.57781947971,
    "65": 29929.10316606007,
    "66": 28416.36809681486,
    "67": 12068.61687813026,
    "68": 16230.671979053963,
    "69": 8251.312967609221,
    "70": 18682.04400476086,
    "71": 33729.52697569979,
    "72": 2998.306390000994,
    "73": 30557.055800082864,
    "74": 43829.69412108764,
    "75": 27392.179661446517,
    "76": 20629.768702490543,
    "77": 30094.467138900087,
    "78": 35813.76168973246,
    "79": 2193.5402279905866,
    "80": 3079.7793741399432
}