{
    "1": 2529.8112792840834,
    "2": 14404.176123109808,
    "3": 24632.50173075398,
    "4": 12193.398391005057,
    "5": 29681.3932231055,
    "6": 14939.249470859186,
    "7": 16396.293286585227,
    "8": 6717.305074067992,
    "9": 7064.332289658383,
    "10": 7164.462550479669,
    "11": 41172.44709193306,
    "12": 41421.77051881291,
    "13": 3851.6249191771553,
    "14": 18949.969728942066,
    "15": 30172.13054006536,
    "16": 17367.130179522122,
    "17": 20629.501091975264,
    "18": 11043.396677261811,
    "19": 28308.92380602353,
    "20": 14921.413996440953,
    "21": 11931.169575816584,
    "22": 45464.41711940166,
    "23": 17885.994206194006,
    "24": 48810.0226423514,
    "25": 17265.228658641343,
    "26": 7985.071089661043,
    "27": 1163.2534204194653,
    "28": 23862.180170251864,
    "29": 19168.212686462597,
    "30": 14603.59994874351,
    "31": 9422.600965962283,
    "32": 12507.207345835195,
    "33": 12667.919399136841,
    "34": 38098.868166234955,
    "35": 19162.290882586818,
    "36": 2707.9756234824567,
    "37": 15365.145811377073,
    "38": 23800.158257968014,
    "39": 6829.013432526413,
    "40": 8905.743695186222,
    "41": 6734.529616506372,
    "42": 32032.059709863828,
    "43": 28985.69173277225,
    "44": 29724.463521749887,
    "45": 21501.37679611162,
    "46": 12237.966717869274,
    "47": 34814.82485739402,
    "48": 33898.40877793743,
    "49": 45872.48655030132,
    "50": 34141.32985678028,
    "51": 41721.044225343285,
    "52": 18364.03212235205,
    "53": 8246.075124230636,
    "54": 19067.68656872124,
    "55": 16402.253016200742,
    "56": 14775.780907248722,
    "57": 2116.4375711819507,
    "58": 2204.9328464009905,
    "59": 20060.811768361706,
    "60": 3433.3173123577976,
    "61": 14465.716357171686,
    "62": 37014.428315770085,
    "63": 24849.79768824682,
    "64": 38361.263195661704,
    "65": 40939.48801765168,
    "66": 28992.203537859812,
    "67": 41130.23407651649,
    "68": 29662.014476101165,
    "69": 39246.49716162838,
    "70": 13070.990924574138,
    "71": 24129.013571209136,
    "72": 54487.21097626991,
    "73": 29786.44248438483,
    "74": 21313.251386736734,
    "75": 12086.369342743377,
    "76": 3052.4876486980784,
    "77": 70074.78786311726,
    "78": 27988.949409369918,
    "79": 6390.967457035247,
    "80": 42814.131320138855
}