{
    "1": 28035.026361105804,
    "2": 13667.804103172675,
    "3": 1077.7724991293542,
    "4": 19129.77729692714,
    "5": 22264.036416159583,
    "6": 41608.081255901525,
    "7": 5664.082531509537,
    "8": 19382.28931499345,
    "9": 12861.859715173196,
    "10": 20091.53560597961,
    "11": 13009.383340988183,
    "12": 10992.245158877695,
    "13": 11872.637472970118,
    "14": 5153.5568523014545,
    "15": 4045.400867941731,
    "16": 25158.993140861592,
    "17": 12255.616213645715,
    "18": 7125.088397453488,
    "19": 1686.6104165181066,
    "20": 15822.136093130475,
    "21": 33853.884465018346,
    "22": 17740.78601577464,
    "23": 9787.171893757586,
    "24": 26443.88372928144,
    "25": 12266.159941295029,
    "26": 13871.303886158985,
    "27": 22215.724926795847,
    "28": 11553.673573265094,
    "29": 16093.066031094362,
    "30": 2404.012223466902,
    "31": 6568.336599763437,
    "32": 22357.546539414398,
    "33": 24453.050191743976,
    "34": 23288.42561151989,
    "35": 15205.934568572906,
    "36": 28264.562640079243,
    "37": 31402.639281582524,
    "38": 18234.248267608215,
    "39": 11918.333761042015,
    "40": 1082.784049077409,
    "41": 11558.696848056972,
    "42": 12146.400124448532,
    "43": 39765.521111281494,
    "44": 23714.543592427377,
    "45": 28143.820974079787,
    "46": 13812.795230889104,
    "47": 12754.812588493576,
    "48": 2569.816272626341,
    "49": 22592.71786279026,
    "50": 36030.94905677191,
    "51": 19194.909354606098,
    "52": 12579.273037041583,
    "53": 3587.7926804773547,
    "54": 11312.91817728504,
    "55": 6704.4301410612225,
    "56": 3099.1578707700646,
    "57": 12942.103768691026,
    "58": 1660.059312137161,
    "59": 7389.151667346061,
    "60": 13452.304034276369,
    "61": 23873.18453423985,
    "62": 2725.610511978348,
    "63": 29494.42740089028,
    "64": 4489.13328821602,
    "65": 15556.30255607336,
    "66": 4983.090078853641,
    "67": 2690.3948222033314,
    "68": 19693.693428724648,
    "69": 9321.944510196241,
    "70": 23562.49224538256,
    "71": 5730.773221773541,
    "72": 7702.055337876458,
    "73": 18026.37874037939,
    "74": 3360.858438195527,
    "75": 25393.906667219424,
    "76": 5299.667657749731,
    "77": 12813.42706968789,
    "78": 41343.02584755565,
    "79": 3263.3727918319273,
    "80": 9540.346911488981,
    "81": 20633.300733085707,
    "82": 23464.196256451338,
    "83": 20435.303144111636,
    "84": 6290.364238569593,
    "85": 7659.475865587294,
    "86": 32195.381307813986,
    "87": 5577.413604652785,
    "88": 23940.841582383004,
    "89": 18380.478926812368,
    "90": 30755.309680961807,
    "91": 18493.718856139974,
    "92": 26847.294491227927,
    "93": 45845.00724687443,
    "94": 7936.907553136172,
    "95": 7446.959833964559,
    "96": 7795.463286675876,
    "97": 14939.633402250756,
    "98": 45196.05058289316,
    "99": 35464.70530926028,
    "100": 16771.068381324767,
    "101": 37179.11598259519,
    "102": 32126.930073959018,
    "103": 7383.595558564772,
    "104": 31994.281317739915,
    "105": 20932.126545438095,
    "106": 19908.753836599106,
    "107": 15581.724713812107,
    "108": 10415.309573752857,
    "109": 28450.406632583243,
    "110": 3093.3931013026904,
    "111": 5271.11523938761,
    "112": 19346.654185171825,
    "113": 32834.130539245794,
    "114": 31183.095938697672,
    "115": 14995.161353410253,
    "116": 11874.446987863175,
    "117": 10735.728145180685,
    "118": 24069.179145319395,
    "119": 19156.225668748088,
    "120": 12661.45171878372,
    "121": 9337.483923813417,
    "122": 11878.58863888164,
    "123": 15585.882935419484,
    "124": 22740.88487918329,
    "125": 26839.333562374944,
    "126": 13560.854681195584,
    "127": 21295.569057852335,
    "128": 744.0322970858326,
    "129": 15364.334233637488,
    "130": 10218.441289369743,
    "131": 10629.583693543924,
    "132": 2636.9799648386934,
    "133": 23473.204703939507,
    "134": 15418.053489560707,
    "135": 10941.277254021912,
    "136": 11652.648726252439,
    "137": 23252.535307595517,
    "138": 8439.27036932243,
    "139": 6758.062423122917,
    "140": 1994.1748208886183,
    "141": 2109.6068214814586,
    "142": 20332.691224894872,
    "143": 17906.046036165877,
    "144": 12787.649577119802,
    "145": 3679.7829516732954,
    "146": 17527.78594040561,
    "147": 6208.847468484677,
    "148": 13022.910624203589,
    "149": 2430.7260527977533,
    "150": 12124.664257261138,
    "151": 21668.60749085046,
    "152": 7764.740867014414,
    "153": 7808.355856253159,
    "154": 23237.307308816507,
    "155": 5313.490940447693,
    "156": 5443.453640243837,
    "157": 19358.33027718688,
    "158": 7434.253830652598,
    "159": 34492.43652800774,
    "160": 30707.415793110005
}