{
    "1": 26639.009590313595,
    "2": 35701.86343472149,
    "3": 18685.74427450097,
    "4": 16431.620465135697,
    "5": 2254.622629532188,
    "6": 6746.186051830407,
    "7": 23957.288890366555,
    "8": 20102.549266056623,
    "9": 2662.8583560514103,
    "10": 13646.065014802412,
    "11": 14293.51535049182,
    "12": 1928.1350470105217,
    "13": 25858.186455434377,
    "14": 25794.40635765042,
    "15": 19188.60048880152,
    "16": 19684.24312032859,
    "17": 1884.7769661396956,
    "18": 12344.164557185915,
    "19": 19537.804792430154,
    "20": 30943.755834741143,
    "21": 15055.316109990184,
    "22": 11936.108578287874,
    "23": 5594.427464642668,
    "24": 11468.518984513374,
    "25": 1018.9921744853787,
    "26": 2629.7556312006604,
    "27": 21703.675111341534,
    "28": 23803.80051781246,
    "29": 3840.247821143109,
    "30": 17231.27065993636,
    "31": 15280.038682227223,
    "32": 10390.557309637601,
    "33": 16209.677148372657,
    "34": 11988.27750180442,
    "35": 8557.85150721842,
    "36": 15558.937592035505,
    "37": 23512.06445565698,
    "38": 15000.468351933292,
    "39": 32794.36571127861,
    "40": 22982.508947683822,
    "41": 7309.015362247605,
    "42": 14283.805276068006,
    "43": 10317.291194823794,
    "44": 2338.2132081953528,
    "45": 8248.79578597743,
    "46": 21304.86046814361,
    "47": 21389.802917946912,
    "48": 3055.3326808939833,
    "49": 8785.177041752726,
    "50": 13085.510413777547,
    "51": 31510.123630968556,
    "52": 19771.19543247429,
    "53": 18493.729100532975,
    "54": 20389.72931024768,
    "55": 5464.930256255351,
    "56": 12641.511280558754,
    "57": 41945.6317520342,
    "58": 11330.842344172477,
    "59": 38266.74312715512,
    "60": 32780.116426331486,
    "61": 16823.410223856074,
    "62": 11099.61450461062,
    "63": 11743.616010173606,
    "64": 17159.76541993329,
    "65": 23645.639585227567,
    "66": 2619.718696678755,
    "67": 19537.988309212236,
    "68": 10025.147025137434,
    "69": 14468.526053357915,
    "70": 19253.99875627917,
    "71": 5484.908608809596,
    "72": 21847.463907584144,
    "73": 24594.72024335661,
    "74": 24175.004236688346,
    "75": 14856.98447773995,
    "76": 6932.994659772253,
    "77": 12004.06581373932,
    "78": 10047.175839622963,
    "79": 14921.469946231246,
    "80": 5800.855172852238,
    "81": 13400.78907686545,
    "82": 1698.2692623594578,
    "83": 11499.586591021694,
    "84": 8527.27109451341,
    "85": 10607.624369990499,
    "86": 12769.118821161366,
    "87": 8181.869598088733,
    "88": 6342.871893121457,
    "89": 2183.9670709458396,
    "90": 23707.54149777522,
    "91": 21576.04230449017,
    "92": 8452.38218045806,
    "93": 9256.400935937356,
    "94": 19617.582180426398,
    "95": 2055.7503050074056,
    "96": 3403.9015603178023,
    "97": 34336.145408638775,
    "98": 1597.6841888477602,
    "99": 8947.471267326478,
    "100": 1726.9031093233311,
    "101": 11396.194637464314,
    "102": 5014.859800953431,
    "103": 5059.108033535973,
    "104": 21677.373340405327,
    "105": 20840.927157531627,
    "106": 2240.2468156848217,
    "107": 12937.705760630848,
    "108": 5032.936884822817,
    "109": 3795.0244224766393,
    "110": 12448.010781726958,
    "111": 22126.364257065983,
    "112": 33066.93791812976,
    "113": 22540.435225214133,
    "114": 9659.04056854658,
    "115": 12710.771224215776,
    "116": 21996.14797963063,
    "117": 20926.515779002253,
    "118": 42886.97380451697,
    "119": 9914.871335500527,
    "120": 16592.593403064046,
    "121": 11833.728640998223,
    "122": 3390.283151020502,
    "123": 3975.093955263366,
    "124": 9806.96304770715,
    "125": 14633.030371876359,
    "126": 8826.242376159495,
    "127": 18522.8709339548,
    "128": 22383.386672618883,
    "129": 29956.83330752386,
    "130": 7233.713831030881,
    "131": 7641.699677616596,
    "132": 13288.72571884201,
    "133": 17824.36849633432,
    "134": 8174.992125598197,
    "135": 1300.0032252048518,
    "136": 21415.89076961552,
    "137": 27872.650448456316,
    "138": 18789.93213496936,
    "139": 18908.53711369275,
    "140": 6878.460338219879,
    "141": 30485.909707432143,
    "142": 12145.35279731624,
    "143": 52746.704464769355,
    "144": 5933.015704478234,
    "145": 36298.16109526986,
    "146": 21704.731716025493,
    "147": 13655.511473554101,
    "148": 37344.53671049691,
    "149": 5800.703370361339,
    "150": 18867.826224093493,
    "151": 7306.133889740795,
    "152": 10655.417960720812,
    "153": 18407.07469008467,
    "154": 5330.761597259737,
    "155": 14801.075489408257,
    "156": 33835.58802491306,
    "157": 1100.2063164693961,
    "158": 36832.9000896235,
    "159": 12843.950352980102,
    "160": 13035.93719489513,
    "161": 31845.654791583176,
    "162": 7894.900780133359,
    "163": 10478.89822430129,
    "164": 6611.042164352954,
    "165": 24230.358899749383,
    "166": 3176.551671268613,
    "167": 9914.56436242588,
    "168": 10707.935986500213,
    "169": 19227.578052199704,
    "170": 11349.252581591823
}