{
    "1": 13865.542784606667,
    "2": 9805.995809693584,
    "3": 18746.54722225922,
    "4": 12794.185673795726,
    "5": 26358.18571529042,
    "6": 47899.91826814669,
    "7": 19649.719918786483,
    "8": 32786.81500479167,
    "9": 16227.723764051803,
    "10": 29848.659473949032,
    "11": 10364.658083795053,
    "12": 30577.483616055775,
    "13": 51167.52610220476,
    "14": 37673.282675085364,
    "15": 20098.9920155728,
    "16": 1297.3637893130656,
    "17": 23460.278519700965,
    "18": 7472.272582263658,
    "19": 29234.435353394976,
    "20": 16872.627740342312,
    "21": 37827.72525323855,
    "22": 28650.82370685189,
    "23": 21362.02017935006,
    "24": 19934.32423994911,
    "25": 17808.821139445503,
    "26": 11923.701524068238,
    "27": 16451.058653439097,
    "28": 2556.363603049464,
    "29": 33536.56466447135,
    "30": 44970.106800226546,
    "31": 28932.89769240538,
    "32": 16132.904508981073,
    "33": 33251.72660118239,
    "34": 18390.11031088026,
    "35": 27022.34934682705,
    "36": 32662.08727888346,
    "37": 34082.54525552503,
    "38": 25867.78076066394,
    "39": 7810.835817214368,
    "40": 17728.309427759228,
    "41": 3608.1970124879417,
    "42": 2687.5870420821307,
    "43": 23597.063444511517,
    "44": 53757.67375007077,
    "45": 4123.2579095369965,
    "46": 19843.3991078581,
    "47": 20889.12732112027,
    "48": 22340.553830443383,
    "49": 38043.548412847595,
    "50": 12808.197143282081,
    "51": 29308.069658213597,
    "52": 18562.81546560676,
    "53": 26891.93305652664,
    "54": 12515.708467737546,
    "55": 43442.433637561466,
    "56": 2791.926457384401,
    "57": 6434.339095006964,
    "58": 1277.7993518596568,
    "59": 11245.99504144847,
    "60": 16536.956042432674,
    "61": 2081.62360979478,
    "62": 32983.687311127986,
    "63": 29210.40027676594,
    "64": 11591.66804549261,
    "65": 3944.403426698889,
    "66": 31085.708273943284,
    "67": 37800.78788409339,
    "68": 39203.46385976085,
    "69": 4280.930865452861,
    "70": 5134.4437095326175,
    "71": 14751.004990657446,
    "72": 21120.991272671465,
    "73": 27484.435407485347,
    "74": 20003.359219931644,
    "75": 21712.95483273509,
    "76": 23115.07621819195,
    "77": 34570.46429862264,
    "78": 29010.788346883037,
    "79": 7122.8632219175915,
    "80": 67554.04372644205
}