{
    "1": 43182.50109630377,
    "2": 24651.853890435938,
    "3": 39107.29061002726,
    "4": 1451.1688518832261,
    "5": 13452.35941690262,
    "6": 29026.8274509512,
    "7": 24445.898987452394,
    "8": 38178.49232367182,
    "9": 6207.682652924495,
    "10": 4251.735675481663,
    "11": 51352.196013005465,
    "12": 46258.108739997144,
    "13": 13764.370883666948,
    "14": 6010.900036686895,
    "15": 38262.89798451087,
    "16": 11658.670316464046,
    "17": 14093.548209050146,
    "18": 39587.74223095693,
    "19": 7868.976722779653,
    "20": 43359.29218386852,
    "21": 12023.004950415721,
    "22": 26578.835337538163,
    "23": 16156.535753160373,
    "24": 14980.75030170343,
    "25": 16236.18640978618,
    "26": 11715.78556674709,
    "27": 45829.06354316199,
    "28": 16140.879520938652,
    "29": 9229.182343370607,
    "30": 28343.11870448271,
    "31": 30830.094651960073,
    "32": 10704.12552629916,
    "33": 42714.598774710386,
    "34": 7081.973902621846,
    "35": 18181.22866089867,
    "36": 20438.005682326726,
    "37": 4233.970554550963,
    "38": 26495.11075687736,
    "39": 3317.524459880204,
    "40": 22289.787202704203,
    "41": 30420.96464697491,
    "42": 35489.15163538983,
    "43": 11581.285757216967,
    "44": 34411.62986591015,
    "45": 4435.8670969078485,
    "46": 47495.925710171025,
    "47": 20407.51643809965,
    "48": 22401.83348177093,
    "49": 19094.068831850545,
    "50": 48653.23738438391,
    "51": 10012.701691913868,
    "52": 40269.31543877104,
    "53": 42370.037375133594,
    "54": 29332.627805176704,
    "55": 10506.450051305326,
    "56": 31103.635493743164,
    "57": 20538.829207089522,
    "58": 8193.277460443602,
    "59": 33424.25811227863,
    "60": 22841.60812044046,
    "61": 4265.137565996409,
    "62": 56816.784085783445,
    "63": 21295.86242323148,
    "64": 33092.12500515164,
    "65": 25089.89063817012,
    "66": 24781.026537300968,
    "67": 37043.454071939996,
    "68": 27462.517586971913,
    "69": 13292.715148717862,
    "70": 9354.754599731641
}