{
    "1": 32419.493834372035,
    "2": 62847.640168534264,
    "3": 28962.08317324365,
    "4": 21815.85161713035,
    "5": 6438.169893213277,
    "6": 13225.160011425685,
    "7": 13681.819029396012,
    "8": 6258.435607416405,
    "9": 29322.10880845362,
    "10": 1546.8736791497643,
    "11": 16377.54070182359,
    "12": 12476.12617583126,
    "13": 13996.900070718322,
    "14": 14469.527489710237,
    "15": 6779.836258028183,
    "16": 25055.714166181286,
    "17": 34774.09164310582,
    "18": 28696.580704608,
    "19": 10535.93328351653,
    "20": 5087.218693194184,
    "21": 31828.012066662726,
    "22": 11367.029404887038,
    "23": 11354.82068144658,
    "24": 5103.184748612308,
    "25": 21440.069024461725,
    "26": 18858.65070127134,
    "27": 25958.23582344946,
    "28": 6861.526943872271,
    "29": 8267.149026151421,
    "30": 2050.27307195587,
    "31": 17083.189139584505,
    "32": 18182.434868666292,
    "33": 11422.474912198513,
    "34": 5256.896219235617,
    "35": 20090.275215985246,
    "36": 2679.6821058031514,
    "37": 30135.430833298436,
    "38": 37419.81369891507,
    "39": 2131.0794438691382,
    "40": 6327.237902264311,
    "41": 16219.438959088437,
    "42": 5838.881603738019,
    "43": 20896.919508977375,
    "44": 9075.032218102682,
    "45": 14190.537836860505,
    "46": 24465.40333532679,
    "47": 26221.48642308989,
    "48": 7605.33555207413,
    "49": 20873.906037643552,
    "50": 21742.367866041288,
    "51": 17382.052534348335,
    "52": 3748.6177264828166,
    "53": 10888.601072365713,
    "54": 25551.190552039672,
    "55": 4826.693452577983,
    "56": 29662.617105918802,
    "57": 14839.44393823487,
    "58": 6111.248675337789,
    "59": 5590.094525914354,
    "60": 13923.197375574624,
    "61": 10391.844030064358,
    "62": 4819.151637871163,
    "63": 9566.647525469045,
    "64": 6846.374277417848,
    "65": 25329.34392187655,
    "66": 9642.210431911983,
    "67": 24125.48695755139,
    "68": 3373.2036646976385,
    "69": 9591.609727900883,
    "70": 17698.765921096077,
    "71": 26327.0350857186,
    "72": 5347.980688920128,
    "73": 17047.539834695206,
    "74": 4157.2767981638335,
    "75": 26774.067850767755,
    "76": 4467.0523512567315,
    "77": 10748.121611794093,
    "78": 21765.727599440434,
    "79": 8685.681675337912,
    "80": 31612.992245951486,
    "81": 7613.969215188914,
    "82": 9451.836063680743,
    "83": 42713.84304306491,
    "84": 13455.127101553622,
    "85": 20879.729323336844,
    "86": 1617.077611953892,
    "87": 17669.24211850198,
    "88": 17258.18600676346,
    "89": 15235.609166603565,
    "90": 17428.018111063637,
    "91": 11193.03279055875,
    "92": 14892.965360322485,
    "93": 12960.491654615236,
    "94": 2077.7104805180516,
    "95": 4326.712983549,
    "96": 6780.494811579331,
    "97": 11409.920317074133,
    "98": 7404.072302058958,
    "99": 21380.202707930257,
    "100": 14391.993926063338,
    "101": 975.198614024629,
    "102": 24590.63198914868,
    "103": 8248.13444037571,
    "104": 15429.728969400134,
    "105": 11568.768466230586,
    "106": 4771.330196189241,
    "107": 1223.1024836955164,
    "108": 23874.254342323446,
    "109": 9444.042804740824,
    "110": 3103.7399222066542,
    "111": 3950.0299103714333,
    "112": 36928.86993567286,
    "113": 12186.00416749762,
    "114": 2980.1334497841035,
    "115": 6061.504150516119,
    "116": 29925.84267585476,
    "117": 6846.454908748222,
    "118": 11153.506754527607,
    "119": 13443.886357315021,
    "120": 18676.800469693626,
    "121": 19937.01465403314,
    "122": 20323.759697737787,
    "123": 25878.474530587537,
    "124": 20444.746899918155,
    "125": 5745.414473720366,
    "126": 11076.537503750413,
    "127": 14752.269310333613,
    "128": 16068.472585749232,
    "129": 6583.208154708095,
    "130": 4510.01021255703,
    "131": 15229.384559568372,
    "132": 6673.272328926081,
    "133": 22314.431129762906,
    "134": 22029.326634056655,
    "135": 12110.908645847676,
    "136": 2104.5296916697,
    "137": 30701.324923401415,
    "138": 8346.255147432812,
    "139": 4066.78599690602,
    "140": 5078.794073134097,
    "141": 5458.568478587844,
    "142": 41411.47164524244,
    "143": 23481.1459411642,
    "144": 6720.549853042926,
    "145": 11898.416072070415,
    "146": 30659.99762221642,
    "147": 12371.058054456274,
    "148": 31634.219064923152,
    "149": 11532.116159557983,
    "150": 19129.20351270315,
    "151": 25093.383011764134,
    "152": 643.5295556587571,
    "153": 11337.976960196267,
    "154": 6548.613564214432,
    "155": 10253.334800026982,
    "156": 16841.907849342446,
    "157": 32516.923255245005,
    "158": 10185.674773521512,
    "159": 35078.594873468755,
    "160": 667.5142636204663,
    "161": 433.99672849716046,
    "162": 7091.14537277412,
    "163": 1977.5437511277955,
    "164": 33758.01219563443,
    "165": 13084.73072909043,
    "166": 11519.48187567491,
    "167": 25836.665246766377,
    "168": 12346.991960753423,
    "169": 26336.565090764292,
    "170": 13771.450693975843
}