{
    "1": 16264.648317046844,
    "2": 25142.490556382894,
    "3": 4490.810296748176,
    "4": 10404.100849252673,
    "5": 23239.32039468637,
    "6": 13453.368722670983,
    "7": 23770.454602319634,
    "8": 6368.565116786936,
    "9": 38983.672355877985,
    "10": 14417.298303419146,
    "11": 5155.455575357931,
    "12": 37699.72219915744,
    "13": 5314.659488403142,
    "14": 8639.308627455006,
    "15": 12368.00024999073,
    "16": 7492.038622787946,
    "17": 19326.13683724065,
    "18": 4582.878205446335,
    "19": 3025.5200990471544,
    "20": 38283.590968789285,
    "21": 25855.632030773326,
    "22": 11312.190306755565,
    "23": 31811.14841936845,
    "24": 28645.975070011307,
    "25": 19872.86047651306,
    "26": 19531.06566374207,
    "27": 10323.193140839589,
    "28": 24823.893846614934,
    "29": 19884.083433989796,
    "30": 31135.620183307008,
    "31": 15175.850744010811,
    "32": 25386.409805971034,
    "33": 12033.892005381338,
    "34": 47579.20682546314,
    "35": 5944.068415797621,
    "36": 8192.8813655983,
    "37": 41741.800868416554,
    "38": 31387.829975409433,
    "39": 19034.301644733823,
    "40": 37313.872623891635,
    "41": 32959.32502048063,
    "42": 51666.80001470688,
    "43": 22270.24194761691,
    "44": 29965.118311853013,
    "45": 4894.782004397332,
    "46": 5119.751888239582,
    "47": 13763.046201839285,
    "48": 34898.00261624191,
    "49": 24680.621551879398,
    "50": 27229.918542028867,
    "51": 32560.116542519514,
    "52": 2700.3443678134513,
    "53": 7264.154432503089,
    "54": 28084.586869635295,
    "55": 27973.596608840442,
    "56": 28579.686517720354,
    "57": 15125.274678637626,
    "58": 43812.541154096034,
    "59": 20695.57682568717,
    "60": 18999.418687967045,
    "61": 15059.439203842641,
    "62": 24497.33919074969,
    "63": 24917.373606568384,
    "64": 19150.201381938023,
    "65": 21116.761727117424,
    "66": 24415.255247042078,
    "67": 7519.009125288987,
    "68": 3935.344546909735,
    "69": 10715.967131785423,
    "70": 13015.196865071402,
    "71": 12813.99785261583,
    "72": 18437.397138258362,
    "73": 10265.389146458378,
    "74": 18907.493663743833,
    "75": 10041.061403110403,
    "76": 36346.19811479491,
    "77": 15902.220971653067,
    "78": 17752.29708239788,
    "79": 24973.248342175753,
    "80": 35110.26185037248
}