{
    "1": 1738.4059311462404,
    "2": 5484.907166534189,
    "3": 5783.5348467534195,
    "4": 7531.510911567816,
    "5": 8875.857671327229,
    "6": 16486.802180725368,
    "7": 55366.94451000671,
    "8": 41945.87203607772,
    "9": 13068.218849902267,
    "10": 921.253501809061,
    "11": 19819.984442536046,
    "12": 13331.6030717785,
    "13": 1575.633318757365,
    "14": 3090.204092861062,
    "15": 10307.486595141521,
    "16": 13356.185524480135,
    "17": 8266.12771810406,
    "18": 12523.456046081339,
    "19": 2474.6391309529145,
    "20": 11424.108914016602,
    "21": 27267.17894586945,
    "22": 12884.615927412897,
    "23": 10339.681276042917,
    "24": 14366.329853665868,
    "25": 8322.403462784112,
    "26": 18971.671713097665,
    "27": 38855.39143357645,
    "28": 21705.401965686968,
    "29": 24551.86752585339,
    "30": 13605.373784356656,
    "31": 8889.449787601527,
    "32": 13102.490849408383,
    "33": 4648.323983966036,
    "34": 6955.555982767725,
    "35": 20909.70901704033,
    "36": 11546.280936111732,
    "37": 8259.01124826392,
    "38": 8492.92534893864,
    "39": 24674.601151320578,
    "40": 28442.939805201004,
    "41": 39439.10214905214,
    "42": 2859.601492810194,
    "43": 6010.438790152545,
    "44": 40890.37337374028,
    "45": 14688.642782131083,
    "46": 5374.27602043563,
    "47": 8968.311026453493,
    "48": 20265.67673683328,
    "49": 6736.884360103256,
    "50": 20534.758859714624,
    "51": 33207.06789249399,
    "52": 24906.435761570432,
    "53": 6213.443731530303,
    "54": 18064.409782616192,
    "55": 10542.955118063634,
    "56": 41953.4973479538,
    "57": 6333.108311709488,
    "58": 16399.43548628595,
    "59": 7525.153302490867,
    "60": 12601.044848143294,
    "61": 7168.266232585432,
    "62": 22271.72723183649,
    "63": 4388.089466917188,
    "64": 10652.860029321397,
    "65": 8116.699872732687,
    "66": 14510.258640353406,
    "67": 12120.710014082917,
    "68": 21623.88523618535,
    "69": 16325.6548253211,
    "70": 10347.542894407816,
    "71": 16074.84934328216,
    "72": 29162.067228747856,
    "73": 15054.25813386776,
    "74": 15792.962134831272,
    "75": 11174.509581835153,
    "76": 19753.359456329657,
    "77": 15820.596433357225,
    "78": 19579.169851645634,
    "79": 26862.56066787319,
    "80": 26517.744467665092,
    "81": 25304.61900092686,
    "82": 5657.084688872253,
    "83": 10030.129223128524,
    "84": 11660.986607800065,
    "85": 14380.29348479367,
    "86": 10969.350733529705,
    "87": 5762.358952557126,
    "88": 22599.836266699596,
    "89": 1638.092636008586,
    "90": 25784.63167450143,
    "91": 4320.092503135927,
    "92": 16454.973103757224,
    "93": 8569.939918697743,
    "94": 10196.154821859565,
    "95": 21698.145924967306,
    "96": 15480.968390123226,
    "97": 13810.655804593913,
    "98": 13796.956430873191,
    "99": 13682.408330956629,
    "100": 19827.087920834652,
    "101": 33045.7186328795,
    "102": 15612.04124075433,
    "103": 9234.816697796394,
    "104": 14232.554657766894,
    "105": 5369.624952814953,
    "106": 29356.18759614715,
    "107": 2281.8878477442504,
    "108": 14816.201377784271,
    "109": 21128.62372851931,
    "110": 6077.1349590628515,
    "111": 22553.30962065838,
    "112": 13830.439005955548,
    "113": 382.7601448940757,
    "114": 29857.759274787924,
    "115": 12766.48879744529,
    "116": 7006.8544006692255,
    "117": 38196.90011139377,
    "118": 32451.107832450623,
    "119": 6385.3728246394885,
    "120": 10425.023429614928,
    "121": 7381.4032400065025,
    "122": 8578.826076763957,
    "123": 14700.290309651786,
    "124": 15165.238292943888,
    "125": 12460.825512257361,
    "126": 29798.046389942527,
    "127": 4977.949686098032,
    "128": 25567.795153239338,
    "129": 11459.34144276649,
    "130": 12406.69882257494,
    "131": 15492.34809361184,
    "132": 17847.541328948657,
    "133": 21693.32387824476,
    "134": 25647.050708899653,
    "135": 12672.142742988277,
    "136": 23878.663712042544,
    "137": 9443.327250363942,
    "138": 11744.060878273574,
    "139": 23231.51550727029,
    "140": 21977.47391629053,
    "141": 36995.45257574604,
    "142": 14089.384735358102,
    "143": 35510.30050834429,
    "144": 6779.6468293829275,
    "145": 8016.60826510308,
    "146": 5182.412081800289,
    "147": 8019.560084714971,
    "148": 17656.459747726516,
    "149": 4902.300141419272,
    "150": 23902.889968857522,
    "151": 16658.56433280692,
    "152": 11555.024671663125,
    "153": 14864.91585564226,
    "154": 20511.244182870352,
    "155": 8905.715256534899,
    "156": 1777.9742988410587,
    "157": 24124.112995773183,
    "158": 2545.776738806483,
    "159": 31946.212952746508,
    "160": 5348.652634874091
}