time,obj
0.16465969999999963,187525.94312427874
0.16756059999999984,162226.04353449686
0.17048569999999952,118497.24585768716
0.16189799999999988,172430.0362399177
0.15728299999999962,173539.15880206102
