obj,time,mip_gap
449157.0547731218,0.001414700000000213,
