obj,time,mip_gap
385434.2013752988,0.0014163999999998733,
