obj,time,mip_gap
390134.2461098895,0.0025366,
