obj,time,mip_gap
515513.81077239185,0.0009557000000000038,
