obj,time,mip_gap
410213.8052736296,0.001517400000000002,
