obj,time,mip_gap
438984.433754236,18.809743599999933,0.0476100614833974
