,cap_rev,cap_rev,cap_rev,cap_rev,cap_rev,cap_rev
time,1,2,3,4,5,6
room,,,,,,
1,19.0,19.0,6.0,5.999999999999986,6.0,7.000000000000003
2,10.0,0.0,0.0,0.0,-0.0,1.0
