obj,time,mip_gap
417605.8960102814,8.820145799999977,0.04449933736057097
