,cap_rev,cap_rev,cap_rev,cap_rev,cap_rev,cap_rev
time,1,2,3,4,5,6
room,,,,,,
1,9.999999999999378,10.0,9.999999999999346,0.0,10.000000000000002,9.999999999999988
2,8.0,0.0,0.0,0.0,0.0,2.0
