obj,time,mip_gap
412543.0069672846,11.04990040000007,0.047478898159490614
