obj,time,mip_gap
383212.70155602595,37.66979760000004,0.04869144475101822
