obj,time,mip_gap
334852.6314940683,15.456929100000025,0.04546351210842596
