obj,time,mip_gap
355984.69510736555,3.2641907999999376,0.005061717493644159
