obj,time,mip_gap
343529.7800872674,3.974262700000054,0.04615342140565281
