,cap_rev,cap_rev,cap_rev,cap_rev,cap_rev,cap_rev
time,1,2,3,4,5,6
room,,,,,,
1,19.0,7.000000000000009,7.000000000000044,8.999999999999995,7.0,18.0
2,10.0,3.0,4.0,4.0,0.0,5.0
