obj,time,mip_gap
360100.1477081878,13.531696299999908,0.04299572240954897
