obj,time,mip_gap
402860.54434234597,4.3796714000000065,0.04730917036825845
