obj,time,mip_gap
420181.69863923406,59.40119249999998,0.04870177903748132
