obj,time,mip_gap
316877.5062190009,0.0017633999999997485,
