obj,time,mip_gap
369561.5689333014,0.0014918000000001541,
