obj,time,mip_gap
288888.69347961916,0.0014037999999985118,
