obj,time,mip_gap
391959.81588810845,0.0014222000000003732,
