obj,time,mip_gap
451898.4224764301,0.002121400000000051,
