obj,time,mip_gap
331934.75809134846,0.0018177999999995365,
