obj,time,mip_gap
257792.26356037374,0.0014257000000004183,
