obj,time,mip_gap
431496.3053355109,0.0017378000000007887,
