obj,time,mip_gap
423400.2285974872,0.0015871000000000635,
