obj,time,mip_gap
369428.25676181057,0.0013221999999988299,
