order,from type,to type,upgrade amount
1,1,2,1.5612511283791264e-17
2,1,2,0.9999999999999963
3,1,2,0.0
4,1,2,9.000000000000012
5,1,2,2.999999999999999
