time,obj
0.24125099999999833,214841.5001107199
0.24496139999999933,77758.88029968558
0.23945930000000004,91981.3315676683
0.24574110000000005,133741.8035204145
0.2437643000000005,54741.866099704304
