time,obj
0.3662702999999965,488837.02396719385
0.3850252000000012,469944.798218433
0.39362739999999974,384045.55171216914
0.39636840000000007,478555.98038449587
0.4197841000000011,416813.09759266756
