obj,time,mip_gap
375563.5372161897,0.894264899999996,0.0
