obj,time,mip_gap
392194.9919798976,1.0022283999999928,0.016182353130453037
