obj,time,mip_gap
410064.3600696162,0.9897907999999944,0.018689673698464047
