obj,time,mip_gap
452117.8197528357,0.9204948999999942,0.008241291088146165
