obj,time,mip_gap
388174.4596014584,0.9974715999999972,0.021108516278403783
