obj,time,mip_gap
331562.8540743556,0.8420520999999894,0.026197919494038734
