obj,time,mip_gap
458135.88308055996,0.981331499999996,0.0
