obj,time,mip_gap
460894.1556112758,0.9410598999999991,0.0
