obj,time,mip_gap
409531.0342278639,1.0271998999999994,0.001930875395849368
