obj,time,mip_gap
2885191.519654092,0.012422600000000061,
