obj,time,mip_gap
3516730.787914349,0.009733900000000073,
