obj,time,mip_gap
3020914.211732756,0.01143929999999993,
