obj,time,mip_gap
2611901.4819049174,0.023041199999999762,
