obj,time,mip_gap
3077174.2740880577,0.02280149999999992,
