{
    "1": 73316.90052060751,
    "2": 137325.24982018152,
    "3": 150670.94251804875,
    "4": 303768.92637001694,
    "5": 136373.34380642063
}