{
    "1": 145007.95113009063,
    "2": 23487.230035683126,
    "3": 168758.72727781953,
    "4": 260740.30033111767,
    "5": 118915.83429750153,
    "6": 163523.64358557103
}