{
    "1": 26881.24841883359,
    "2": 303955.19565707335,
    "3": 217055.2372479417,
    "4": 76046.32899422152,
    "5": 42399.20393391929,
    "6": 130398.79048319109
}