{
    "1": 172748.73853607915,
    "2": 271538.2172986923,
    "3": 130727.59388869992,
    "4": 194346.12469076482
}