{
    "1": 228879.74362352653,
    "2": 378803.20479435165,
    "3": 65328.48696454489,
    "4": 63473.42837111364
}