{
    "1": 48203.387980154206,
    "2": 178826.32886210812,
    "3": 209483.03605660505,
    "4": 120395.93516377982,
    "5": 236684.67396169648
}