{
    "1": 99228.1798617416,
    "2": 317101.144632032,
    "3": 120807.11093274111,
    "4": 76815.42715141094,
    "5": 59168.53425450649,
    "6": 33670.772406420205
}