{
    "1": 111923.53146488205,
    "2": 269938.0436226113,
    "3": 175769.62111408752
}