time,obj
0.1656417999999995,161003.77550737167
3.0889826000000014,139978.4296085486
0.4818344999999997,97879.07620688975
1.4668782999999994,150169.92177549246
1.4942972,151025.2060569072
