obj,time,mip_gap
468846.10222079285,0.9215531000000006,0.013946006144831945
