obj,time,mip_gap
423509.3655055253,0.8966169000000015,0.04682002604041159
