obj,time,mip_gap
441762.4445270428,0.9339138000000062,0.01196407186239415
