obj,time,mip_gap
381863.7249077082,0.9819364000000022,0.022712599531316824
