obj,time,mip_gap
344322.1739487892,0.8464359999999971,0.014041117322432288
