obj,time,mip_gap
364662.5568790302,0.8659743000000049,3.192412262538744e-16
