obj,time,mip_gap
346027.3783865991,0.8666430000000034,0.04699900901114917
