obj,time,mip_gap
400049.4920783665,0.9098575000000011,0.0
