obj,time,mip_gap
447937.332409156,0.9386009999999985,2.5989198355228504e-16
