obj,time,mip_gap
437129.10536470055,0.9303900000000027,0.0
