time,obj
0.24971619999999817,228161.48005151987
0.24660090000000068,101807.72500098556
0.24004140000000262,116206.9484281033
0.24248130000000145,154109.85133011447
0.23909790000000086,78398.70679740427
