{
    "1": 47464.53999174718,
    "2": 491402.2523942741,
    "3": 105723.62233225825,
    "4": 224948.23240552578,
    "5": 499473.96127877757,
    "6": 75615.96458927734,
    "7": 363933.61658638733,
    "8": 67471.06182285106,
    "9": 654005.1849813235,
    "10": 344606.7262084709,
    "11": 629876.2817415795,
    "12": 187141.3566901425,
    "13": 94998.9887520992,
    "14": 492032.7111819469
}