{
    "1": 264636.8425925206,
    "2": 495641.03739091044,
    "3": 723419.9164863492,
    "4": 109376.50889778869,
    "5": 549223.3489505546,
    "6": 669057.8370354112,
    "7": 101570.65688983406,
    "8": 150734.13286746058,
    "9": 224843.20715826162,
    "10": 607550.1962892391,
    "11": 63078.539394279804,
    "12": 791591.8592972558
}