{
    "1": 321415.7293677797,
    "2": 327165.9098053654,
    "3": 303310.7966993607,
    "4": 384634.8155460052,
    "5": 51674.7716401512,
    "6": 339963.515495621,
    "7": 342245.36864078883,
    "8": 619060.592129878,
    "9": 63168.02112491265,
    "10": 143998.03600417057,
    "11": 383460.39078158914,
    "12": 292746.660207522
}