{
    "1": 1162254.3555706935,
    "2": 754425.6848191062,
    "3": 163356.9787475018,
    "4": 610746.7461537962,
    "5": 42890.36185851734,
    "6": 214699.25921423943,
    "7": 308405.40125832555,
    "8": 677122.1134882155,
    "9": 281117.5289805406
}