{
    "1": 494483.5251225572,
    "2": 252306.99343677488,
    "3": 700396.8513144194,
    "4": 121557.81330669369,
    "5": 73407.06571255116,
    "6": 440930.8482393206,
    "7": 197234.39729591433,
    "8": 227498.7966264504,
    "9": 129498.27755548511,
    "10": 545398.295286809,
    "11": 46201.223358045,
    "12": 578279.9650472798,
    "13": 410394.8763247538
}