{
    "1": 86642.22015738426,
    "2": 278843.9784692501,
    "3": 304782.7664111209,
    "4": 207514.16127287442,
    "5": 153142.79177671327,
    "6": 318266.44973043917,
    "7": 203139.0703219721,
    "8": 140766.7192381107,
    "9": 174997.3125836118,
    "10": 339863.4392044625,
    "11": 526888.1684078394,
    "12": 754289.3468453413,
    "13": 391760.58759375755
}