{
    "1": 974230.2893905903,
    "2": 127077.06413964603,
    "3": 237899.2759973991,
    "4": 274268.79595026677,
    "5": 203301.66679445896,
    "6": 219027.2682828351,
    "7": 106130.63936290305,
    "8": 640738.1914556101,
    "9": 326317.89490892563,
    "10": 47995.91454462098,
    "11": 620306.3099367348,
    "12": 408893.6379446979
}