{
    "1": 260254.86525393082,
    "2": 412137.8944426527,
    "3": 394767.4211965369,
    "4": 374474.7775118311,
    "5": 622966.36189943,
    "6": 668393.7528083994,
    "7": 43443.520574827846,
    "8": 251882.4186084174,
    "9": 267534.61558184354,
    "10": 901755.4641572582
}