{
    "1": 489725.82485508575,
    "2": 40845.45034658071,
    "3": 263384.0599355826,
    "4": 731557.5532747598,
    "5": 242141.00199409353,
    "6": 107791.98184735715,
    "7": 300930.70392582164,
    "8": 162198.64195794435,
    "9": 938805.5775960642,
    "10": 213245.7429366912,
    "11": 342054.41868760594,
    "12": 569049.8026915572
}