{
    "1": 451822.70085080736,
    "2": 298909.102041801,
    "3": 478333.90989043476,
    "4": 164865.77814616062,
    "5": 542715.0380458817,
    "6": 239718.7762240706,
    "7": 561524.6581677374,
    "8": 340298.27792536124,
    "9": 457422.9439256588,
    "10": 201283.5195835525,
    "11": 62505.04554214328,
    "12": 373224.7400285215
}