{
    "1": 403264.63380533346,
    "2": 210624.1605625449,
    "3": 369273.1981293858,
    "4": 193571.8858837717,
    "5": 234195.31998144015,
    "6": 402311.26421050273,
    "7": 693864.1587423625,
    "8": 473444.80383525416,
    "9": 328133.4072700371,
    "10": 57370.94308513576,
    "11": 667153.2322048801,
    "12": 403468.84093479573
}