{
    "1": 278171.03986314725,
    "2": 157793.7714023146,
    "3": 79581.04099910676,
    "4": 273390.0562973267,
    "5": 218828.50578636813,
    "6": 192696.1349612175,
    "7": 313221.4688081695,
    "8": 273936.3376670379,
    "9": 304607.2844087294,
    "10": 346127.46450502606,
    "11": 236937.37525524775,
    "12": 75918.20167654238,
    "13": 196976.27839627894,
    "14": 205929.54028898157,
    "15": 190105.34821824706,
    "16": 232841.0363775179,
    "17": 408858.48969629157
}