{
    "1": 538243.2485243967,
    "2": 739662.6750567676,
    "3": 151013.98880954398,
    "4": 127385.48926573295,
    "5": 112124.45768596872,
    "6": 275367.8063090717,
    "7": 100917.58483519584,
    "8": 791430.4606385593,
    "9": 670333.807260404,
    "10": 383123.59923436155
}