{
    "1": 267109.5709310673,
    "2": 453776.4684050175,
    "3": 397951.74450377206,
    "4": 397360.5252181429,
    "5": 502854.2490669404,
    "6": 58537.88639153843,
    "7": 137317.77773122754,
    "8": 226137.45796519786,
    "9": 631208.3656296085,
    "10": 443131.6101033315,
    "11": 68762.16698388295,
    "12": 53413.77274154567
}