{
    "1": 243019.33671206463,
    "2": 329297.7724354063,
    "3": 564971.90611914,
    "4": 130685.22216248994,
    "5": 131011.366538181,
    "6": 60849.581093031906,
    "7": 454154.9737340458,
    "8": 416985.8448311334,
    "9": 795514.0488692957,
    "10": 538496.2647739989,
    "11": 218895.5522679603
}