{
    "1": 304133.37331486336,
    "2": 132435.9947060448,
    "3": 57455.81340161211,
    "4": 339195.0861859156,
    "5": 596618.1724921716,
    "6": 258579.71485916091,
    "7": 337694.2645476149,
    "8": 86011.74050574351,
    "9": 734726.2938778376,
    "10": 214124.12339239314,
    "11": 44243.91912014496,
    "12": 449063.6093930106,
    "13": 406285.7125491159,
    "14": 184654.62969001164
}