{
    "1": 147090.44174476995,
    "2": 76163.56338750458,
    "3": 58743.73538432707,
    "4": 1258635.4793272114,
    "5": 617254.4822779072,
    "6": 337474.9062648439,
    "7": 200784.87913684643,
    "8": 453605.82871662447,
    "9": 462217.3594226746,
    "10": 191844.0118312378,
    "11": 593452.2222131967,
    "12": 336719.29540682794
}