{
    "1": 282468.96625825204,
    "2": 229953.7243473193,
    "3": 804995.3581510416,
    "4": 405757.73560782004,
    "5": 301642.20420836424,
    "6": 796992.258422499,
    "7": 297908.36960875156,
    "8": 128632.3435519755,
    "9": 304676.56697239325,
    "10": 107430.50430559495,
    "11": 412004.70842791704,
    "12": 230500.13688019585
}