{
    "1": 157435.3868565267,
    "2": 337804.3143532505,
    "3": 140530.8173231469,
    "4": 216409.5271724086,
    "5": 658413.5447736239,
    "6": 439374.14092365763,
    "7": 580582.5915945228,
    "8": 113074.00301908237,
    "9": 294291.7081500198,
    "10": 826307.2338122436,
    "11": 458515.4268995321
}