{
    "1": 1244079.186192309,
    "2": 653918.3592862167,
    "3": 234564.95981948083,
    "4": 78065.57725620603,
    "5": 95488.11214228469,
    "6": 118553.57469524018,
    "7": 173063.42535651164,
    "8": 77769.55343257924,
    "9": 608357.5452917182,
    "10": 528455.5441495486,
    "11": 222831.48532403845,
    "12": 124826.27136614108
}