{
    "1": 165635.4079359528,
    "2": 312097.19798521604,
    "3": 205139.57767379392,
    "4": 395536.3822432951,
    "5": 48333.136979757786,
    "6": 210939.85876039724,
    "7": 449380.4438554183,
    "8": 474883.112433309,
    "9": 358517.45313019387,
    "10": 221300.66474568186,
    "11": 87840.14875910031,
    "12": 283020.72940524766,
    "13": 507896.44558453024,
    "14": 85675.3617152723,
    "15": 130846.53605080744,
    "16": 367141.44714138197
}