{
    "1": 388890.8598811805,
    "2": 183222.65446027453,
    "3": 268181.48339671164,
    "4": 56677.898416221506,
    "5": 529126.8366066719,
    "6": 420273.65142430115,
    "7": 160250.48516327693,
    "8": 318176.21740761667,
    "9": 497888.0930658963,
    "10": 201608.18503053242,
    "11": 96176.24039568006,
    "12": 120279.91410000161,
    "13": 564877.7805589892,
    "14": 266586.6883454348,
    "15": 601519.8037110883
}