{
    "1": 482207.9684018626,
    "2": 141381.87071947166,
    "3": 336065.9347809235,
    "4": 368685.3445351482,
    "5": 279955.3798144337,
    "6": 183270.11127776265,
    "7": 639544.4530073933,
    "8": 121035.42690553631,
    "9": 158892.5014480472,
    "10": 124494.4360020937,
    "11": 69651.4592268448,
    "12": 237826.31356148963,
    "13": 416999.48988649505,
    "14": 362249.6867461447
}