{
    "1": 63394.16428922,
    "2": 334866.5444204244,
    "3": 275723.2726951938,
    "4": 558990.76179984,
    "5": 383476.8489034071,
    "6": 328983.30503327295,
    "7": 108620.74855295141,
    "8": 546836.8164572332,
    "9": 20480.780802102126,
    "10": 489571.0377829026,
    "11": 322610.31271214306,
    "12": 153358.8662590854,
    "13": 572219.1318619424
}