{
    "1": 89014.72041744248,
    "2": 57121.58727661688,
    "3": 672844.0703486579,
    "4": 191897.87867757678,
    "5": 419036.135222547,
    "6": 701006.0861106869,
    "7": 438809.8757259129,
    "8": 182573.73609530614,
    "9": 629947.1351571656,
    "10": 118768.21550898097
}