{
    "1": 260378.06651497883,
    "2": 431906.10987441934,
    "3": 139708.02516795218,
    "4": 184836.46761940396,
    "5": 424227.2117793901,
    "6": 450035.02143334865,
    "7": 534457.0085157607,
    "8": 185916.07847201911,
    "9": 72232.96839500166,
    "10": 163873.5925096895,
    "11": 893932.9575432417,
    "12": 72991.87135373996
}