{
    "1": 300506.34100961586,
    "2": 54296.519671571754,
    "3": 305810.316511987,
    "4": 754244.0450088918,
    "5": 383355.96385121223,
    "6": 321217.2342172773,
    "7": 877797.9690904663,
    "8": 171462.17167814495,
    "9": 129668.6422378816,
    "10": 434330.62520297966,
    "11": 148992.22958695336,
    "12": 521528.1465131071
}