obj,time,mip_gap
342631.26745781687,0.0013676000000000244,
