obj,time,mip_gap
269391.4087950711,0.0015252000000001154,
