obj,time,mip_gap
386674.29006262927,0.001522199999999696,
