obj,time,mip_gap
435598.61944065714,0.0014918999999999905,
