obj,time,mip_gap
414157.6964211774,0.0013841000000001102,
