order,from type,to type,upgrade amount
1,1,2,0.0
2,1,2,0.0
3,1,2,3.0000000000000004
4,1,2,0.0
5,1,2,0.0
6,1,2,6.000000000000001
7,1,2,0.0
