order,from type,to type,upgrade amount
1,1,2,0.0
2,1,2,2.000000000000007
3,1,2,0.0
4,1,2,0.0
5,1,2,6.999999999999994
6,1,2,0.0
7,1,2,8.0
