time,obj
0.15477019999999975,180658.31540775925
0.17649810000000077,154388.1349255851
0.16433399999999931,108080.73239955801
0.17018480000000036,165058.1225783002
0.1748649000000002,164356.94782857678
