time,obj
0.1787427000000008,168551.20217796188
3.0977756999999997,148396.8443944685
0.4785418000000021,108309.41452567483
1.5020430000000005,158927.66622075843
1.4738974999999996,160207.41703039137
