time,obj
0.23235569999999983,163681.09223481544
0.14777750000000012,161022.36605980835
0.16647489999999987,200042.59291689884
0.16369319999999998,199435.17013976586
0.1661488000000002,146508.0976945013
