obj,time,mip_gap
406176.336700581,0.9043317000000002,0.0
