obj,time,mip_gap
438450.64880835987,0.9582905000000004,0.018459041131775315
