obj,time,mip_gap
447682.12850862206,0.9802998000000009,0.00014635324379214123
