obj,time,mip_gap
481844.6387356812,0.9314420999999982,0.02126673497250268
