order,from type,to type,upgrade amount
1,1,2,4.000000000000007
2,1,2,5.000000000000004
3,1,2,5.999999999999996
4,1,2,0.0
5,1,2,0.0
