obj,time,mip_gap
519832.316603815,0.9610824999999998,0.008127599396068092
