obj,time,mip_gap
429338.27710294287,1.1182686000000004,0.0030546685820157893
