obj,time,mip_gap
337414.0905317247,0.9463719999999967,0.0
