obj,time,mip_gap
538838.3451067924,0.9781811000000005,0.0
