obj,time,mip_gap
519460.10206397803,0.9329375999999989,0.0
