obj,time,mip_gap
421121.42056129826,1.0469431,0.03466424578881439
