obj,time,mip_gap
2947734.5930449814,43.83236550000038,0.028999338566810307
