obj,time,mip_gap
2820487.3517247727,21.820752400000856,0.006408236821003978
