obj,time,mip_gap
2693013.166944555,55.233990199998516,0.02894718091507786
