obj,time,mip_gap
2829013.9610717082,26.069386799999847,0.03206650053439328
