obj,time,mip_gap
2893153.845939981,29.97335220000059,0.03353822119620861
