obj,time,mip_gap
2600290.234669773,98.52413549999983,0.006377966623839918
