obj,time,mip_gap
2757497.7299967,119.79799570000068,0.0
