obj,time,mip_gap
2931707.962457401,25.7641251999994,0.030116758834228867
