obj,time,mip_gap
3073657.862998329,35.2572882000004,0.009640750705297704
