obj,time,mip_gap
2863442.379364254,146.71567030000006,0.03125235916112725
