obj,time,mip_gap
2777033.4043993303,88.63257449999946,0.04415682566509399
