obj,time,mip_gap
2763483.283315077,68.91612239999995,0.0009856223262353389
