obj,time,mip_gap
2735345.282075918,90.20495599999958,0.042206509683051
