obj,time,mip_gap
2777227.0041316715,143.38739580000038,0.003077323384336309
