obj,time,mip_gap
2664287.479582778,19.614298000000417,0.015152564491536279
