obj,time,mip_gap
2851775.625176006,120.06652749999921,0.0009981601575955673
