obj,time,mip_gap
3316330.2821312756,150.3650392999989,0.005611224854256688
