obj,time,mip_gap
2765314.3316987404,53.00675130000127,0.0323897505777772
