obj,time,mip_gap
2966842.962290519,111.79161460000068,0.008349129854141008
