obj,time,mip_gap
2798338.719154053,101.03795660000105,0.04152233401013056
