obj,time,mip_gap
3119775.8693195367,146.67217770000025,0.015328177540761045
