obj,time,mip_gap
2956968.4715821114,143.28784160000032,0.0348378990599017
