obj,time,mip_gap
3146511.448109257,207.66077080000105,0.008548695204107379
