obj,time,mip_gap
3109784.8785091997,287.51678990000073,0.007129362018712971
