obj,time,mip_gap
3158149.6459954847,70.23531080000066,0.012212671436854896
