obj,time,mip_gap
2670591.590518119,157.2069845999995,0.04804897212806543
