obj,time,mip_gap
2857699.2967945687,157.50247669999953,0.014591636259743721
