obj,time,mip_gap
2679117.5478697806,181.70979070000067,0.0
