obj,time,mip_gap
2637311.49280003,64.39935479999986,0.0110326259509042
