obj,time,mip_gap
2960008.09279,49.66335679999975,0.005626555935309539
