time,obj
0.9209894999999975,195350.51157809215
7.632860399999998,281540.7264414409
8.143662599999999,314870.02166122495
0.5825831000000008,123639.42926886608
16.2485382,342945.26770669955
