obj,time,mip_gap
387394.7006292906,1736.1613174999948,0.049161121622612526
