obj,time,mip_gap
403317.7932661525,10832.302548799984,0.3389356041576787
