obj,time,mip_gap
428670.4386064375,10013.3699891,0.04995024747666209
