,cap_rev,cap_rev,cap_rev,cap_rev,cap_rev,cap_rev
time,1,2,3,4,5,6
room,,,,,,
1,14.0,14.0,14.0,14.0,14.0,4.107825191113079e-14
2,4.0,4.0,3.999999999999999,4.0,4.0,4.0
