obj,time,mip_gap
444488.6975670031,10832.421497600008,0.21291531261405677
