,cap_rev,cap_rev,cap_rev,cap_rev,cap_rev,cap_rev
time,1,2,3,4,5,6
room,,,,,,
1,4.000000000000004,4.0,4.0,4.000000000000008,7.999999999999999,8.0
2,2.999999999999999,3.0,3.0,3.0,3.0,3.0
