obj,time,mip_gap
463031.45605134213,10836.485129400011,0.08122465571432765
