,cap_rev,cap_rev,cap_rev,cap_rev,cap_rev,cap_rev
time,1,2,3,4,5,6
room,,,,,,
1,12.999999999999998,13.0,13.0,10.0,19.0,18.999999999999996
2,4.0,4.0,4.0,3.0,7.0,7.0
