obj,time,mip_gap
423103.34420229844,10834.617110599997,0.1719564419817666
