obj,time,mip_gap
345569.5443821666,10832.285153999983,0.057300493505270646
