obj,time,mip_gap
460764.86591974593,10816.119822499983,0.25304266658688956
