obj,time,mip_gap
466886.1384432973,10841.279927299998,0.14493198191950468
