obj,time,mip_gap
477933.0266885209,10816.0979315,0.08715118152089459
