obj,time,mip_gap
2838108.1407878706,143.501041,0.0036434409198613372
