obj,time,mip_gap
3047904.6282721073,44.58514809999997,0.025421108570672306
