obj,time,mip_gap
3015363.7591958772,114.17909550000013,0.02066756752231155
