obj,time,mip_gap
2852464.193275576,111.88316099999997,0.022127427398660218
