obj,time,mip_gap
3143499.530670185,94.66237980000005,0.00306416490356562
