obj,time,mip_gap
3353798.6683856645,0.012067700000000237,
