obj,time,mip_gap
3536783.318235413,0.009293399999999785,
