obj,time,mip_gap
3545582.988626495,0.00573200000000007,
