obj,time,mip_gap
3104356.2811863837,0.006549200000000255,
