obj,time,mip_gap
3430393.899118503,0.010898500000000588,
