obj,time,mip_gap
3345178.818245622,235.7152031999999,0.008545583734994614
