obj,time,mip_gap
3691467.665904195,20.145548899999994,0.01821697258509605
