obj,time,mip_gap
3513931.5974776587,123.05183649999981,0.011945402905999897
