obj,time,mip_gap
3377542.7565535037,25.59491459999981,0.013373324827055376
