obj,time,mip_gap
3536177.1033403235,18.000638499999695,0.033573195639779015
