{
    "1": 142623.14391081576,
    "2": 59426.91729541662,
    "3": 70666.00109936377,
    "4": 106039.48349492153,
    "5": 77538.44905970393,
    "6": 22062.21363966124,
    "7": 25560.164627457252,
    "8": 85439.57419385297,
    "9": 107855.9594242034,
    "10": 201029.08388268578,
    "11": 54810.10241583119,
    "12": 83492.6098910104,
    "13": 79406.70900041948,
    "14": 190939.68507139798,
    "15": 166300.59838187366,
    "16": 53630.236876658426,
    "17": 43508.20681623049,
    "18": 68325.28035050545,
    "19": 73606.4838965896,
    "20": 167351.17590306053,
    "21": 80668.24660538479,
    "22": 143122.91208420089,
    "23": 183993.76406499094,
    "24": 279151.65738224605,
    "25": 276151.3772963892,
    "26": 24536.29802574897,
    "27": 57263.33541111441,
    "28": 57893.68201912669,
    "29": 79694.47286309696,
    "30": 136218.1382750785,
    "31": 47572.95711404478,
    "32": 54929.04102547053,
    "33": 144116.11338904043,
    "34": 55016.93288679929,
    "35": 94915.06659487117,
    "36": 151401.98257389138,
    "37": 136470.90996522226,
    "38": 103291.78916159639,
    "39": 38642.51297397011,
    "40": 25634.833767166238,
    "41": 114167.37397719045,
    "42": 41225.6097762803,
    "43": 193252.21357311623,
    "44": 36650.26050410676,
    "45": 44506.57990729233,
    "46": 63571.79169683846,
    "47": 167136.72315408767,
    "48": 43179.04159241312,
    "49": 71330.97601101354,
    "50": 57861.46467751308,
    "51": 143331.4677614434,
    "52": 175901.9914481489,
    "53": 162161.22557602165,
    "54": 32835.83953984625,
    "55": 245409.8663343618,
    "56": 82114.98443843046,
    "57": 15740.262036007392,
    "58": 394807.7678139321,
    "59": 58833.208655147464,
    "60": 96106.3603696078,
    "61": 78437.20708911709,
    "62": 58009.43575132905,
    "63": 42138.255828273985,
    "64": 181127.8846811631,
    "65": 62160.19607129757,
    "66": 114110.05729983149,
    "67": 158711.31218569668,
    "68": 54859.810477297084,
    "69": 81591.25367971272,
    "70": 67045.69933544016,
    "71": 246912.8024782696,
    "72": 25914.247091759466,
    "73": 281333.1218358758,
    "74": 167446.0156054527,
    "75": 96708.81012498932,
    "76": 97559.04465591234,
    "77": 65751.84759686275,
    "78": 56626.23005772152,
    "79": 21248.667138830147,
    "80": 65506.89312351283,
    "81": 267316.31893481367,
    "82": 34045.990825151835,
    "83": 16178.069447202239,
    "84": 130516.40483552727,
    "85": 30337.785143510795,
    "86": 39611.4014486405,
    "87": 48459.70385197171,
    "88": 147464.50211622333,
    "89": 210235.28390756252,
    "90": 119268.80342949375,
    "91": 152592.07760508524,
    "92": 103855.07500071003,
    "93": 258011.40671494696,
    "94": 173290.2215671364,
    "95": 47631.7166353497,
    "96": 39725.93048475581,
    "97": 111512.93533877483,
    "98": 141766.87451161438,
    "99": 436500.14359718724,
    "100": 34936.13033689229,
    "101": 303564.7598142639,
    "102": 152663.25739332687,
    "103": 208323.9063453412,
    "104": 96345.3368929985,
    "105": 143918.93548708898,
    "106": 39214.48827996465,
    "107": 112538.03344946435,
    "108": 143536.971295479,
    "109": 93466.69582753765,
    "110": 48396.190433904405,
    "111": 247083.58013651124,
    "112": 13481.91245404661,
    "113": 140613.38429063483,
    "114": 48260.80557697599,
    "115": 27093.178542793725,
    "116": 83702.17690691423,
    "117": 56534.89217554121,
    "118": 15046.21798396489,
    "119": 106598.18909790048,
    "120": 130659.28507231707,
    "121": 97974.83641617693,
    "122": 72147.33390834583,
    "123": 97745.78132365552,
    "124": 85205.61203283154,
    "125": 142412.95943266698,
    "126": 254629.89534143975,
    "127": 104344.6964965193,
    "128": 175790.96808544509,
    "129": 419084.9291077837,
    "130": 356408.47934735176,
    "131": 134234.62823171198,
    "132": 118263.28693353082,
    "133": 84069.8144599977,
    "134": 127477.10172217767,
    "135": 260021.27865067185,
    "136": 198986.34683941977,
    "137": 257578.3718284198,
    "138": 140425.5168589422,
    "139": 63012.59265364915,
    "140": 69736.44993889645,
    "141": 142950.5793712152,
    "142": 20714.07044636552,
    "143": 96518.95830207193,
    "144": 251826.27817929714,
    "145": 52804.33846468504,
    "146": 87623.18781275376,
    "147": 40018.17462182382,
    "148": 105244.16662444125,
    "149": 68284.3048939028,
    "150": 66069.98500762881,
    "151": 19507.743547659076,
    "152": 27487.08524727172,
    "153": 115508.97038251901,
    "154": 76171.22646393672,
    "155": 88572.41253910567,
    "156": 30728.014314283053,
    "157": 156229.96168012524,
    "158": 199927.1990303623,
    "159": 205259.05945685448,
    "160": 107624.05324041487,
    "161": 58382.69570539355,
    "162": 45513.17205201253,
    "163": 47406.77682634515,
    "164": 224463.9749211283,
    "165": 38424.39872621524,
    "166": 157339.16819691408,
    "167": 178646.64708308867,
    "168": 199083.12731982322,
    "169": 184649.40720290045,
    "170": 81535.14542640561,
    "171": 21069.540235032844,
    "172": 28734.010789277145,
    "173": 26377.098255159894,
    "174": 348787.50407174864,
    "175": 37731.94436722959,
    "176": 69084.4998608412,
    "177": 44658.57130228396,
    "178": 275390.1479325935,
    "179": 234839.46150311988,
    "180": 106588.96792785112,
    "181": 102559.89795136593,
    "182": 357254.1284110789,
    "183": 356045.7179777093,
    "184": 112799.42516720189,
    "185": 32986.93477181958,
    "186": 20766.61248860566,
    "187": 197936.03809856894,
    "188": 146613.76874038216,
    "189": 77224.91561224435,
    "190": 64640.577729262244,
    "191": 107652.35818479025,
    "192": 278871.5108782628,
    "193": 246111.33076224505,
    "194": 25168.515677182455,
    "195": 30592.88804801986,
    "196": 215639.8593893764,
    "197": 298776.7086709119,
    "198": 73375.58996288235,
    "199": 42613.07274796921,
    "200": 58880.73038953572,
    "201": 224325.40481979557,
    "202": 156318.7996211564,
    "203": 50884.150056061124,
    "204": 334549.58050644153,
    "205": 13953.208448614867,
    "206": 356549.48046237335,
    "207": 139179.432929878,
    "208": 61134.113917890776,
    "209": 90922.51391613772,
    "210": 113286.46368171107,
    "211": 23118.353433286808,
    "212": 54389.29680251046,
    "213": 114971.13560190573,
    "214": 135985.16018885945,
    "215": 397769.77750606835,
    "216": 169488.21127837163,
    "217": 91230.70805935968,
    "218": 71981.35409336042,
    "219": 224165.26100290866,
    "220": 306764.9243565474,
    "221": 131215.1393831935,
    "222": 56076.728436464,
    "223": 79947.4358345391,
    "224": 212323.02076537613,
    "225": 59126.8607574201,
    "226": 67937.5379472855,
    "227": 123774.37076304275,
    "228": 81886.02117185404,
    "229": 117027.48025328633,
    "230": 133241.5629888145,
    "231": 116725.07538103369,
    "232": 86429.24390760738,
    "233": 70486.16855418109,
    "234": 384310.94286243274,
    "235": 292761.0055636443,
    "236": 115453.53667457437,
    "237": 101168.6062061602,
    "238": 23295.50974274788,
    "239": 61379.2264841999,
    "240": 44289.606948788125,
    "241": 115039.45474465133,
    "242": 167943.92330234832,
    "243": 278595.965942287,
    "244": 95370.36810290975,
    "245": 139834.01814420082,
    "246": 58998.72414553572,
    "247": 46584.56047715926,
    "248": 66822.14866412789,
    "249": 61584.09109272969,
    "250": 45235.3808563593,
    "251": 135584.68482418067,
    "252": 101858.07366531726,
    "253": 120453.54310548471,
    "254": 100739.66714366063,
    "255": 99298.48653368499,
    "256": 43237.88753906216,
    "257": 49857.7983802159,
    "258": 87062.48545858126,
    "259": 492028.31156099535,
    "260": 173248.61163603212,
    "261": 196965.17481140498,
    "262": 305088.5380238639,
    "263": 357537.2850967167,
    "264": 51493.837846385504,
    "265": 470236.148983144,
    "266": 229397.05389600186,
    "267": 134455.1937061197,