{
    "1": 176913.43154520696,
    "2": 242783.00799881498,
    "3": 10427.004794049828,
    "4": 37090.441373529335,
    "5": 169935.52880614466,
    "6": 112022.47255856056,
    "7": 122526.83678353258,
    "8": 41471.17691020398,
    "9": 50096.52805435983,
    "10": 31421.797933989357,
    "11": 181937.4264394335,
    "12": 71680.04056350148,
    "13": 91555.26324064124,
    "14": 26435.661875399448,
    "15": 103571.05584975278,
    "16": 105140.25113483793,
    "17": 182286.09812203396,
    "18": 202321.62034338238,
    "19": 264902.1492148761,
    "20": 274586.6490182323,
    "21": 38819.99885044762,
    "22": 87135.48892758101,
    "23": 35351.479999175775,
    "24": 353305.69143599574,
    "25": 262240.61014995794,
    "26": 120575.94482896653,
    "27": 281324.1228223779,
    "28": 53572.142439876814,
    "29": 103181.8660085902,
    "30": 75695.29143921292,
    "31": 111024.09754718283,
    "32": 35282.33383605564,
    "33": 151782.24756708747,
    "34": 55236.04360852891,
    "35": 37546.81088551662,
    "36": 92101.65210910102,
    "37": 48321.49465420887,
    "38": 282211.520709894,
    "39": 261695.58346405273,
    "40": 107813.00438441517,
    "41": 100379.64090965633,
    "42": 32938.26076816091,
    "43": 239851.7053173042,
    "44": 271735.00648785254,
    "45": 243611.12307623978,
    "46": 26400.399398937207,
    "47": 65536.80647986538,
    "48": 18899.42643874318,
    "49": 171688.8796932762,
    "50": 149158.35446743283,
    "51": 27212.207495435523,
    "52": 41388.31573397987,
    "53": 35741.57907827685,
    "54": 68468.57806637051,
    "55": 56088.390854153244,
    "56": 109549.52873797978,
    "57": 128872.55334969718,
    "58": 224198.69335476786,
    "59": 150549.28150594098,
    "60": 599712.738784181,
    "61": 258595.2858852328,
    "62": 43178.92441974506,
    "63": 189518.17677152163,
    "64": 79543.93036593677,
    "65": 277046.516861126,
    "66": 270546.5215506052,
    "67": 86779.42307364408,
    "68": 179849.42801920592,
    "69": 92212.4472981836,
    "70": 46496.64261352807,
    "71": 110059.32944319397,
    "72": 47913.247162884014,
    "73": 93653.1210019471,
    "74": 75524.18132068816,
    "75": 134067.82271677733,
    "76": 293946.5241675356,
    "77": 108358.60960119947,
    "78": 24781.896572142214,
    "79": 30153.32455434102,
    "80": 53030.00064424504,
    "81": 108851.88450208714,
    "82": 135672.5291017172,
    "83": 49612.69883958928,
    "84": 145175.03440900316,
    "85": 30482.838953626462,
    "86": 21999.135455470692,
    "87": 81504.49639797745,
    "88": 41781.61310059553,
    "89": 97764.79486263514,
    "90": 85566.5412493136,
    "91": 70569.71613149584,
    "92": 206200.86811257,
    "93": 87371.41438729265,
    "94": 210297.90495990752,
    "95": 198403.11438334832,
    "96": 52154.76178457132,
    "97": 86574.54210424835,
    "98": 125466.1307457451,
    "99": 119768.25183387479,
    "100": 59615.00241355271,
    "101": 51682.247981172906,
    "102": 164474.113927563,
    "103": 76242.0367227608,
    "104": 42106.41520007298,
    "105": 116454.75845125513,
    "106": 35916.036078285346,
    "107": 291526.5166761717,
    "108": 64572.59868332563,
    "109": 65818.20851178849,
    "110": 160321.45606947909,
    "111": 57204.28106691016,
    "112": 151474.79285735538,
    "113": 174691.55456898853,
    "114": 59058.0794848051,
    "115": 101971.46012459938,
    "116": 295347.14483800856,
    "117": 346102.5729290653,
    "118": 53272.617436646884,
    "119": 215638.68968758962,
    "120": 145612.35793798845,
    "121": 87602.71633610212,
    "122": 195718.58130451132,
    "123": 101269.60447541869,
    "124": 129724.85026049976,
    "125": 231971.42776590248,
    "126": 86822.93957086258,
    "127": 147064.53567793503,
    "128": 193542.62678878286,
    "129": 583810.2141144272,
    "130": 25199.11831734711,
    "131": 201534.33880427157,
    "132": 158176.75789496207,
    "133": 44927.94809607363,
    "134": 245341.56992825435,
    "135": 264752.5469948206,
    "136": 64859.00362007964,
    "137": 256229.80202095528,
    "138": 24649.762801561898,
    "139": 99914.29665150774,
    "140": 251175.21347433477,
    "141": 48019.703162188096,
    "142": 52150.33785765366,
    "143": 198495.61198210594,
    "144": 76182.38792975954,
    "145": 184719.83366358018,
    "146": 391451.1637573655,
    "147": 153834.40016957276,
    "148": 77901.56617755504,
    "149": 48552.069420251995,
    "150": 184135.9542775138,
    "151": 53164.25065874806,
    "152": 180136.1640281783,
    "153": 300123.9337474031,
    "154": 43369.576702288534,
    "155": 384903.9012374444,
    "156": 261592.44080314075,
    "157": 108564.87601508535,
    "158": 85938.88047255987,
    "159": 170213.01601315706,
    "160": 65868.13067182676,
    "161": 27512.547408009563,
    "162": 35372.48299970771,
    "163": 241434.18132038528,
    "164": 144458.70651575483,
    "165": 50556.81624753373,
    "166": 158626.9419154545,
    "167": 36747.32932600855,
    "168": 153758.75175971352,
    "169": 171711.612464872,
    "170": 91553.61620936613,
    "171": 135976.8710183103,
    "172": 57838.46395793265,
    "173": 223530.1729091485,
    "174": 319238.4866006725,
    "175": 173626.67711327318,
    "176": 78727.52675721637,
    "177": 43199.80725254676,
    "178": 76478.72463409793,
    "179": 45871.92404337478,
    "180": 82916.02615792936,
    "181": 34167.94644059579,
    "182": 68424.98431993433,
    "183": 244552.5143240061,
    "184": 27476.252646572248,
    "185": 133069.65135801327,
    "186": 149109.8618899484,
    "187": 407744.88057870656,
    "188": 38622.75729126133,
    "189": 26369.35652873714,
    "190": 153052.14556156233,
    "191": 138882.96956122268,
    "192": 179618.25234095863,
    "193": 27064.974986619538,
    "194": 217646.98127222853,
    "195": 116420.73988639435,
    "196": 47611.94111586589,
    "197": 174483.63832289242,
    "198": 93791.37799498551,
    "199": 54997.96035005249,
    "200": 198799.18015032887,
    "201": 156317.76725571518,
    "202": 75880.24277959959,
    "203": 125935.6663528543,
    "204": 265888.14662968804,
    "205": 40617.77854181648,
    "206": 214916.48681662584,
    "207": 48516.632861738035,
    "208": 176561.26024705137,
    "209": 327676.29782945313,
    "210": 275607.50176770735,
    "211": 54210.030794953935,
    "212": 235206.5607735938,
    "213": 237081.38100782124,
    "214": 76888.74712726937,
    "215": 116424.38134018375,
    "216": 39525.3159358852,
    "217": 150531.5629389236,
    "218": 219491.58330120213,
    "219": 17807.63503799099,
    "220": 92565.02244409826,
    "221": 25746.517825254297,
    "222": 292143.12775880715,
    "223": 85205.90841302791,
    "224": 187782.52628475777,
    "225": 238060.56634225041,
    "226": 125614.74970611288,
    "227": 149771.47727058546,
    "228": 32841.149311817,
    "229": 122083.41983894478,
    "230": 223947.1716329823,
    "231": 108503.78668231882,
    "232": 73798.9422023115,
    "233": 120844.31323619148,
    "234": 147595.9200964379,
    "235": 51365.774826496105,
    "236": 35254.05398387144,
    "237": 391437.43789334426,
    "238": 78564.9365346403,
    "239": 165661.5131772308,
    "240": 80325.67675817855,
    "241": 442540.8820502474,
    "242": 126697.80333813038,
    "243": 320615.75622720085,
    "244": 159266.92317595077,
    "245": 127250.11317335838,
    "246": 117680.64314995291,
    "247": 91044.36578496818,
    "248": 55503.36438296261,
    "249": 412613.8738928548,
    "250": 243979.02225790123,
    "251": 160467.62064781156,
    "252": 92284.38992808347,
    "253": 41592.71702992668,
    "254": 380228.5714232702,
    "255": 249400.4035470373,
    "256": 70654.88400650563,
    "257": 58202.859280925586,
    "258": 20141.751406893534,
    "259": 24340.33486208197,
    "260": 89629.65580607773,
    "261": 121307.96259126281,
    "262": 88823.68388944083,
    "263": 165280.31066858256,
    "264": 68116.59607232036,
    "265": 201044.72574616995,
    "266": 96097.18124102446,