{
    "1": 49669.6536633281,
    "2": 66938.27509868715,
    "3": 36959.90993022283,
    "4": 114891.40776062504,
    "5": 62091.16970789638,
    "6": 159187.57259303203,
    "7": 59609.43872699726,
    "8": 104552.05137311875,
    "9": 121573.80277086835,
    "10": 270071.33282366017,
    "11": 70467.10399457425,
    "12": 97437.63585018135,
    "13": 310698.70984162187,
    "14": 50390.33216970964,
    "15": 108761.84222554328,
    "16": 217872.59054824556,
    "17": 58053.25382151427,
    "18": 114678.49124535442,
    "19": 79202.57371855632,
    "20": 59778.341461939475,
    "21": 41544.61919596718,
    "22": 140845.14136985253,
    "23": 144479.1455372474,
    "24": 103228.96030079623,
    "25": 264049.16842107254,
    "26": 161761.84569574354,
    "27": 25031.478825857357,
    "28": 261431.45963967012,
    "29": 52621.28188308836,
    "30": 473469.7564295661,
    "31": 188857.15378317758,
    "32": 357610.19508683233,
    "33": 228338.00687951403,
    "34": 50326.52079920589,
    "35": 88382.53487176016,
    "36": 309859.7104533297,
    "37": 52556.38287164059,
    "38": 80478.70051212938,
    "39": 123463.74468623876,
    "40": 67610.33739705551,
    "41": 15136.631969053184,
    "42": 111715.34376831686,
    "43": 161755.3601208226,
    "44": 76401.73363898422,
    "45": 294816.3221891014,
    "46": 133815.1447767614,
    "47": 48360.54322976582,
    "48": 87635.41061128318,
    "49": 63605.029029513236,
    "50": 59864.56745336243,
    "51": 72905.75427934865,
    "52": 438211.7899457059,
    "53": 278631.51754206466,
    "54": 277142.1995014786,
    "55": 221022.5274718414,
    "56": 81631.13688958077,
    "57": 14471.887448349144,
    "58": 31047.49442546537,
    "59": 42687.77355973318,
    "60": 150199.65847354344,
    "61": 20407.022102501745,
    "62": 61598.646622476255,
    "63": 46394.550133329954,
    "64": 12155.750235319207,
    "65": 52137.8630196612,
    "66": 34311.41683289793,
    "67": 203834.54774911562,
    "68": 105282.80411702617,
    "69": 147272.91499248458,
    "70": 147907.79288162608,
    "71": 427720.6296828224,
    "72": 76324.47690102228,
    "73": 198228.68715024003,
    "74": 52117.159303030414,
    "75": 219385.39710500618,
    "76": 111387.13332013713,
    "77": 34389.622141537424,
    "78": 56948.950702256676,
    "79": 682123.0713763639,
    "80": 285616.30274001905,
    "81": 75205.19331852786,
    "82": 386738.6743375444,
    "83": 201423.6485934904,
    "84": 52356.93951889083,
    "85": 31000.13768609514,
    "86": 87482.33771937035,
    "87": 261097.17605542598,
    "88": 315212.9996022604,
    "89": 68189.0920770337,
    "90": 90996.71015302157,
    "91": 72000.69482611457,
    "92": 61622.68674762763,
    "93": 33560.914087505706,
    "94": 223557.45714803718,
    "95": 42069.83262699967,
    "96": 14302.227739917034,
    "97": 121999.95031678188,
    "98": 31754.599639325785,
    "99": 362900.6627315477,
    "100": 70677.72396502156,
    "101": 50273.84240568411,
    "102": 60823.030420266325,
    "103": 101805.01897171466,
    "104": 23182.853450169077,
    "105": 199195.18058713863,
    "106": 180454.79265337516,
    "107": 242674.77809518742,
    "108": 55929.91759218164,
    "109": 36686.746607187575,
    "110": 25119.74359159934,
    "111": 174811.95292584028,
    "112": 320066.9302432035,
    "113": 331574.9359151537,
    "114": 47720.96467611126,
    "115": 204939.1556781744,
    "116": 362771.99673241336,
    "117": 97663.02732660023,
    "118": 151995.41043449682,
    "119": 60281.26218571026,
    "120": 51661.24073928095,
    "121": 316833.47775894834,
    "122": 87472.53163778954,
    "123": 225905.83230138003,
    "124": 56451.37748824559,
    "125": 67382.56701937366,
    "126": 352078.1100930976,
    "127": 482114.36301440606,
    "128": 120196.98091661424,
    "129": 278598.1892371415,
    "130": 50315.05860187626,
    "131": 141785.58592433404,
    "132": 209273.39811048852,
    "133": 350917.86924292566,
    "134": 139489.37757558346,
    "135": 129448.42478525576,
    "136": 66435.32891463453,
    "137": 181325.12852710756,
    "138": 90172.4190685991,
    "139": 122643.73574660279,
    "140": 82425.02527031612,
    "141": 353504.4080426515,
    "142": 50808.24780999733,
    "143": 49479.74703025772,
    "144": 93453.99279289831,
    "145": 119505.04430614364,
    "146": 80471.22981667767,
    "147": 75500.31417437943,
    "148": 39240.818209883124,
    "149": 39742.45569451187,
    "150": 157250.61080861185,
    "151": 208054.25615962953,
    "152": 63491.95341298874,
    "153": 141075.34670418888,
    "154": 196789.37094548545,
    "155": 68207.20312040362,
    "156": 12560.492260263918,
    "157": 133510.26334560802,
    "158": 334418.45056510315,
    "159": 73110.02728822846,
    "160": 287904.3704396631,
    "161": 67078.49480263576,
    "162": 344418.15420356655,
    "163": 52655.37934500128,
    "164": 39293.20564793288,
    "165": 242516.32801787634,
    "166": 380272.3881182677,
    "167": 276681.3808039717,
    "168": 237885.37206153135,
    "169": 226339.34738303086,
    "170": 15884.982971999534,
    "171": 99405.54150866048,
    "172": 419623.8160424343,
    "173": 400824.1648447093,
    "174": 135469.20045948512,
    "175": 259000.58278198214,
    "176": 266761.94135271397,
    "177": 61491.009744362644,
    "178": 80186.42436809483,
    "179": 73471.2512399851,
    "180": 124862.01528578695,
    "181": 34783.451351848526,
    "182": 70192.88768386615,
    "183": 197943.21983157835,
    "184": 242932.46396946767,
    "185": 87437.28279201507,
    "186": 182765.61944858762,
    "187": 41020.59410461425,
    "188": 188134.96844650805,
    "189": 122556.57894460091,
    "190": 56500.74428491831,
    "191": 55908.89421107772,
    "192": 43790.9416500267,
    "193": 90102.68698915659,
    "194": 243650.82932300237,
    "195": 203312.188908765,
    "196": 37674.43533387507,
    "197": 40256.372482272454,
    "198": 40839.85335800196,
    "199": 135008.61306152458,
    "200": 484745.2788617979,
    "201": 209915.31369771383,
    "202": 46341.45492223939,
    "203": 158313.7946281698,
    "204": 230686.87438392956,
    "205": 157232.97589550755,
    "206": 93287.5464454313,
    "207": 91722.61966848315,
    "208": 144170.93146711896,
    "209": 55420.28837927344,
    "210": 68732.63236423196,
    "211": 136546.09395291575,
    "212": 125286.22815073,
    "213": 82462.3417782994,
    "214": 78686.05545503703,
    "215": 220502.39115525264,
    "216": 77355.33054839568,
    "217": 19578.566099619642,
    "218": 426570.01352287625,
    "219": 252370.704728674,
    "220": 74089.49326689137,
    "221": 24808.29005068474,
    "222": 69524.54149929374,
    "223": 174825.32824109544,
    "224": 19055.635205508803,
    "225": 83434.79104943333,
    "226": 238477.82919975065,
    "227": 199526.91662015684,
    "228": 93960.31435416602,
    "229": 425207.5149134793,
    "230": 83760.32757730172,
    "231": 434413.67374920833,
    "232": 69876.26076883997,
    "233": 68761.9743393553,
    "234": 65210.70925648699,
    "235": 183819.43472180277,
    "236": 75413.13883293582,
    "237": 204649.55862024694,
    "238": 108718.21419970479,
    "239": 27393.77822647519,
    "240": 48851.958808421376,
    "241": 160027.74751904872,
    "242": 82358.39846939144,
    "243": 134548.5675729621,
    "244": 104474.2828565863,
    "245": 15906.32128298371,
    "246": 78021.16140578913,
    "247": 159290.60190564,
    "248": 50997.28768489092,
    "249": 173146.2842461923,
    "250": 79492.83030684828,
    "251": 14967.368922681811,
    "252": 86158.30790280142,
    "253": 493546.8820180728,
    "254": 215590.36374182272,
    "255": 436771.9701546301,
    "256": 105648.0515505565,
    "257": 42181.861990685036,
    "258": 141792.74893336216,
    "259": 104875.34427791895,
    "260": 55855.75713498508,
    "261": 45918.37339500718,
    "262": 33275.74763509522,
    "263": 87501.37024481317,
    "264": 317884.624936374,
    "265": 87796.51179139485,
    "266": 6672.7565387532795,