{
    "1": 60688.48850974413,
    "2": 69448.46784035687,
    "3": 53759.8385973047,
    "4": 244984.44365197857,
    "5": 11507.772052577931,
    "6": 63973.225061214616,
    "7": 91827.30181566736,
    "8": 16519.71822637275,
    "9": 87255.33080850825,
    "10": 35352.29712097643,
    "11": 80186.73554953332,
    "12": 173376.41558144457,
    "13": 83581.02324673225,
    "14": 192413.4402236444,
    "15": 268420.51526130317,
    "16": 33779.33497431581,
    "17": 117431.08185322123,
    "18": 87838.98264927207,
    "19": 132221.90801939726,
    "20": 229276.33987118755,
    "21": 32897.02049215235,
    "22": 28835.726208222935,
    "23": 148073.54862359213,
    "24": 155479.1434428986,
    "25": 120411.37644173064,
    "26": 138983.37758441156,
    "27": 262477.5988439959,
    "28": 36010.34861253875,
    "29": 104233.62933610695,
    "30": 375707.9593782134,
    "31": 85590.49248688901,
    "32": 72215.89870133293,
    "33": 263034.2225148627,
    "34": 51765.17719221144,
    "35": 204449.9042509614,
    "36": 42137.364591374826,
    "37": 153638.83828459668,
    "38": 175997.015970337,
    "39": 64895.50435696975,
    "40": 39977.78401880352,
    "41": 329103.23573623295,
    "42": 139224.7768942791,
    "43": 10122.857789878755,
    "44": 20868.552526475567,
    "45": 42202.57936041908,
    "46": 25269.491406478453,
    "47": 86660.01799304853,
    "48": 39751.59440925542,
    "49": 148677.43788066253,
    "50": 15960.285298591556,
    "51": 32059.703848510275,
    "52": 206994.0463964381,
    "53": 40990.84931252022,
    "54": 48260.33763170922,
    "55": 43464.52008898428,
    "56": 102897.25148895687,
    "57": 73349.49934914561,
    "58": 61148.833646109844,
    "59": 117477.05383336791,
    "60": 52926.69142775427,
    "61": 34856.77438186141,
    "62": 126706.80749906728,
    "63": 273095.9489935991,
    "64": 237158.67063304156,
    "65": 319133.89654008014,
    "66": 18007.507399406008,
    "67": 80579.89280507281,
    "68": 103614.74114905825,
    "69": 221284.7883399839,
    "70": 26342.371057965625,
    "71": 34427.49562524015,
    "72": 63146.032367426524,
    "73": 36891.459050021,
    "74": 402920.0856809608,
    "75": 176957.8826618448,
    "76": 173549.7372778083,
    "77": 205449.07421782272,
    "78": 109773.29986113806,
    "79": 351584.26423118054,
    "80": 90830.31876151517,
    "81": 123570.51419994005,
    "82": 29529.24150377048,
    "83": 297233.399541059,
    "84": 189334.46947668275,
    "85": 99463.9734185119,
    "86": 103130.3598547098,
    "87": 139855.310772783,
    "88": 29322.690131425596,
    "89": 54783.41255240563,
    "90": 212636.73844554852,
    "91": 156584.35042715384,
    "92": 24708.305874267066,
    "93": 67557.57354576637,
    "94": 33832.60735826786,
    "95": 67210.07851568633,
    "96": 31111.611137931926,
    "97": 24439.604405702066,
    "98": 206252.55574263973,
    "99": 58207.25656939864,
    "100": 90553.72334977395,
    "101": 54347.68497012616,
    "102": 25038.026150859434,
    "103": 128593.02632093448,
    "104": 293864.5925695294,
    "105": 17260.079217772272,
    "106": 363266.26612075174,
    "107": 174470.63509876587,
    "108": 20680.857777771937,
    "109": 53322.0062802019,
    "110": 85371.3231866658,
    "111": 15046.00130539468,
    "112": 36729.01632599048,
    "113": 204201.9463679309,
    "114": 135779.1406277891,
    "115": 422135.95229579957,
    "116": 189034.71940734898,
    "117": 105302.16095287383,
    "118": 38428.69372358887,
    "119": 44372.79937056086,
    "120": 129858.7293669703,
    "121": 201867.0956214562,
    "122": 249862.23645065082,
    "123": 129315.39823707366,
    "124": 22714.588604141234,
    "125": 43790.29464642526,
    "126": 124779.09712113265,
    "127": 68587.24901052365,
    "128": 38398.31397477628,
    "129": 43951.06322847554,
    "130": 104828.08124993791,
    "131": 69063.44642459093,
    "132": 21855.204796317877,
    "133": 16793.567813535774,
    "134": 60039.010028346405,
    "135": 83265.79138623588,
    "136": 84935.54179585085,
    "137": 245463.30580088418,
    "138": 24701.14313152737,
    "139": 41568.927570778455,
    "140": 40831.464823445815,
    "141": 41771.034010528885,
    "142": 168114.25579954564,
    "143": 75013.07709159468,
    "144": 182413.36521735802,
    "145": 219174.90027195148,
    "146": 142058.906711195,
    "147": 81890.53422524617,
    "148": 347263.5670078227,
    "149": 179234.80738361648,
    "150": 282505.1850793445,
    "151": 123967.05166809462,
    "152": 618803.670680507,
    "153": 41377.4918173454,
    "154": 282766.9279174664,
    "155": 25816.154006533772,
    "156": 269599.92322233453,
    "157": 367129.935079278,
    "158": 37500.75075209513,
    "159": 186525.11749480196,
    "160": 31215.30360853115,
    "161": 225853.1980847948,
    "162": 50589.75317470832,
    "163": 136680.64629698894,
    "164": 206087.8017751345,
    "165": 71554.38426180059,
    "166": 15583.7897973339,
    "167": 91378.52726176383,
    "168": 58702.5207638313,
    "169": 227757.93083962024,
    "170": 58121.36914244463,
    "171": 27807.658183154123,
    "172": 186338.14363834058,
    "173": 21698.343516065514,
    "174": 98620.23997556932,
    "175": 198287.15635323102,
    "176": 112091.35820150819,
    "177": 160341.50621477977,
    "178": 123203.68701142141,
    "179": 57908.36702710007,
    "180": 74556.76291558077,
    "181": 250564.17832300998,
    "182": 87237.88292410293,
    "183": 39995.055734407666,
    "184": 48814.05130214683,
    "185": 164000.97239279517,
    "186": 42149.593116672935,
    "187": 22068.102376513096,
    "188": 57306.76905126072,
    "189": 15398.464847246936,
    "190": 150880.16964308225,
    "191": 20493.81961008514,
    "192": 42436.37476227747,
    "193": 102862.94710751473,
    "194": 223915.98487890934,
    "195": 88955.56923262986,
    "196": 327177.21406683803,
    "197": 41496.49123752685,
    "198": 52930.614256429115,
    "199": 71017.84476177122,
    "200": 77054.42112863444,
    "201": 43954.81016624491,
    "202": 135875.02502230206,
    "203": 76540.1000254346,
    "204": 328448.68667448644,
    "205": 49523.71829032784,
    "206": 250402.84550627536,
    "207": 122466.7130851974,
    "208": 66194.58872950923,
    "209": 147485.17929587694,
    "210": 116456.45441168052,
    "211": 68872.02471853091,
    "212": 229493.99830095662,
    "213": 140894.52825763007,
    "214": 232732.993306123,
    "215": 77872.45009765754,
    "216": 277075.2420564326,
    "217": 159894.39917148068,
    "218": 156718.4074589173,
    "219": 90039.25562583457,
    "220": 116396.69854947428,
    "221": 271709.9922152634,
    "222": 95603.12645742673,
    "223": 20548.560458440472,
    "224": 150297.2036458673,
    "225": 41081.23422925017,
    "226": 83155.58809704272,
    "227": 71556.03649614567,
    "228": 12573.131883643013,
    "229": 7155.5131461576,
    "230": 24853.665083915083,
    "231": 47827.46981506576,
    "232": 21242.492185500294,
    "233": 239698.84326507116,
    "234": 85573.84078802222,
    "235": 33748.63878936601,
    "236": 96755.59323657368,
    "237": 197284.7737226146,
    "238": 42403.03786947907,
    "239": 326395.08869215794,
    "240": 468795.6237801194,
    "241": 28670.042151581325,
    "242": 26700.642937454886,
    "243": 112184.96292969176,
    "244": 47919.24834575179,
    "245": 25452.235452121593,
    "246": 34798.17755920125,
    "247": 317848.45195523056,
    "248": 50115.36583766326,
    "249": 41808.18915627512,
    "250": 140230.68820344988,
    "251": 63978.070500969,
    "252": 383869.3690703216,
    "253": 76684.54847219786,
    "254": 70631.87756274705,
    "255": 123360.13305332563,
    "256": 34145.24527771233,
    "257": 35997.850324708175,
    "258": 27333.531209745455,
    "259": 65373.40764909221,
    "260": 141209.61795721095,
    "261": 18260.31304016193,
    "262": 20485.734776210356,
    "263": 23468.026465326016,
    "264": 13991.836410339349,
    "265": 298593.80451443297,
    "266": 91541.93156950461,