{
    "1": 212449.0197476759,
    "2": 83954.97315993079,
    "3": 155684.75788308808,
    "4": 62343.271984790925,
    "5": 19977.381135280262,
    "6": 43266.187346638784,
    "7": 58725.72702216009,
    "8": 119378.14854064908,
    "9": 180239.82827518106,
    "10": 52286.523494501256,
    "11": 39134.44187754779,
    "12": 119877.57625754678,
    "13": 120034.64662073426,
    "14": 71326.78219394865,
    "15": 418862.0507774495,
    "16": 96829.97737143646,
    "17": 88425.51164869643,
    "18": 165575.7594020257,
    "19": 135933.4350814228,
    "20": 186119.37802988864,
    "21": 406090.2285160055,
    "22": 34152.86166932186,
    "23": 141368.7238727051,
    "24": 175537.462419716,
    "25": 44341.57570849545,
    "26": 34411.205652298726,
    "27": 82146.23916615092,
    "28": 241144.79293824531,
    "29": 12293.574417919986,
    "30": 153753.86167431125,
    "31": 40840.04979382522,
    "32": 64520.90809816966,
    "33": 114745.7865861918,
    "34": 145526.25925445743,
    "35": 66508.48847649622,
    "36": 79892.01560263823,
    "37": 84523.03292761592,
    "38": 21771.865849311132,
    "39": 108566.14658913287,
    "40": 446813.21457814006,
    "41": 258817.7982761603,
    "42": 168316.37767227434,
    "43": 33724.45747757839,
    "44": 26722.366651607193,
    "45": 55205.588078775516,
    "46": 145341.48920876184,
    "47": 42266.76273665669,
    "48": 177656.85817601925,
    "49": 280710.61421913374,
    "50": 37963.48546576871,
    "51": 96860.02889121448,
    "52": 190771.69978892244,
    "53": 31174.027247232436,
    "54": 92664.02577734417,
    "55": 48486.43858353005,
    "56": 34288.223404098055,
    "57": 84330.74192498576,
    "58": 51594.767019694715,
    "59": 378891.33482882334,
    "60": 79335.2773713026,
    "61": 192179.010347959,
    "62": 105101.97098733911,
    "63": 119918.81896728674,
    "64": 103823.1653415922,
    "65": 48443.37724678751,
    "66": 60892.78349335151,
    "67": 114680.97369261138,
    "68": 90020.48540913053,
    "69": 122294.53514612268,
    "70": 28910.882254065644,
    "71": 133953.86064789435,
    "72": 108148.18339180223,
    "73": 183991.49173445004,
    "74": 258897.94809152078,
    "75": 94355.6250567071,
    "76": 43788.27403647237,
    "77": 60982.052464680164,
    "78": 76386.56165310075,
    "79": 69020.42726752085,
    "80": 119023.74211593272,
    "81": 218856.464252536,
    "82": 433882.07982195064,
    "83": 89304.02568205027,
    "84": 487111.4199229334,
    "85": 79270.29078198675,
    "86": 45657.21716393172,
    "87": 145688.30850615638,
    "88": 140787.93383300747,
    "89": 166569.95391016407,
    "90": 202128.0751010608,
    "91": 87388.78754785663,
    "92": 54331.2096055727,
    "93": 135193.72271731484,
    "94": 162482.11385090495,
    "95": 101898.10945541774,
    "96": 147047.60908828603,
    "97": 105091.600141232,
    "98": 92329.3950458117,
    "99": 220523.2512473979,
    "100": 26721.71280728901,
    "101": 36452.9310233558,
    "102": 178089.86412798648,
    "103": 86935.00714463575,
    "104": 44897.00678447306,
    "105": 41373.59629123933,
    "106": 324992.16269838135,
    "107": 30121.451246802095,
    "108": 13840.315150599152,
    "109": 15906.831839172271,
    "110": 37959.8237352311,
    "111": 57191.9633648164,
    "112": 98246.60242019533,
    "113": 175562.96203222973,
    "114": 149660.66899205733,
    "115": 89672.44871817407,
    "116": 207731.9516540132,
    "117": 16158.354150759018,
    "118": 45577.301090489564,
    "119": 54693.15698255703,
    "120": 102550.02212916843,
    "121": 71820.40971943832,
    "122": 51453.91597747847,
    "123": 56137.64666649637,
    "124": 74803.84124690371,
    "125": 142819.74645704564,
    "126": 18833.420777619453,
    "127": 40257.61087141532,
    "128": 231918.27595569074,
    "129": 131176.41675489995,
    "130": 254463.90494752664,
    "131": 63737.20530981833,
    "132": 83563.42647901182,
    "133": 399825.8055671191,
    "134": 129572.0551203642,
    "135": 61883.16972758407,
    "136": 93956.15476606115,
    "137": 60951.61793998861,
    "138": 137497.29127994453,
    "139": 43692.570000851505,
    "140": 30972.965635581917,
    "141": 24718.266045921126,
    "142": 130066.5640751585,
    "143": 128022.2982496646,
    "144": 8339.742884903773,
    "145": 44275.94933830746,
    "146": 171543.9604051015,
    "147": 6050.17465564844,
    "148": 19195.1710759531,
    "149": 225772.41975139498,
    "150": 70728.00014802045,
    "151": 142247.23669555088,
    "152": 68219.76711005474,
    "153": 75759.12049107847,
    "154": 95779.02335142776,
    "155": 158366.605790189,
    "156": 61452.98594447842,
    "157": 70279.98097887129,
    "158": 132786.15990056394,
    "159": 179631.73197335907,
    "160": 56930.90939519294,
    "161": 289778.5650859454,
    "162": 178963.93759185338,
    "163": 90975.69191381373,
    "164": 192635.3157412688,
    "165": 129260.59537721971,
    "166": 492152.8069685911,
    "167": 300064.148998031,
    "168": 127454.48193081179,
    "169": 77720.77110079017,
    "170": 138624.98979871976,
    "171": 191412.8328770096,
    "172": 38551.668922601384,
    "173": 152348.75463444865,
    "174": 169349.10688655617,
    "175": 99866.5247710198,
    "176": 332714.3835514378,
    "177": 101011.45848918709,
    "178": 123563.55751121139,
    "179": 82091.08250258827,
    "180": 55500.849149343674,
    "181": 26444.8684754394,
    "182": 17472.81538575533,
    "183": 166852.51849395674,
    "184": 102973.43641085742,
    "185": 172166.75969061634,
    "186": 205690.12502902138,
    "187": 37447.93524571459,
    "188": 155928.6670006756,
    "189": 59985.54608783303,
    "190": 234043.43005582353,
    "191": 26774.876960574013,
    "192": 74312.18381538315,
    "193": 44294.39137972462,
    "194": 223040.07026484804,
    "195": 64041.8512901429,
    "196": 14376.4643126564,
    "197": 63739.60449663464,
    "198": 82008.1612404424,
    "199": 212417.37871691433,
    "200": 105542.65423487657,
    "201": 181682.53773154784,
    "202": 248962.74674175103,
    "203": 75110.64863377986,
    "204": 236834.4228716005,
    "205": 99258.53864478727,
    "206": 91775.45305084734,
    "207": 97318.50654912548,
    "208": 79150.85959575712,
    "209": 23862.151201479617,
    "210": 68233.7550501736,
    "211": 64233.6871476002,
    "212": 150884.0145675845,
    "213": 124632.95306789641,
    "214": 44511.8228229561,
    "215": 207667.53979016043,
    "216": 214789.39445581418,
    "217": 61824.56965377482,
    "218": 435885.975086747,
    "219": 57893.15231465479,
    "220": 444221.04876013426,
    "221": 34651.42921399044,
    "222": 114865.8432678119,
    "223": 202147.29632464444,
    "224": 233155.59515297224,
    "225": 68300.02332536058,
    "226": 117460.60551213802,
    "227": 150691.40536608122,
    "228": 51454.739065465656,
    "229": 185805.0777440623,
    "230": 50515.834143949396,
    "231": 177016.78875673693,
    "232": 298568.6394092718,
    "233": 124576.04810612203,
    "234": 243943.24145489317,
    "235": 79511.9807906208,
    "236": 56437.46728529613,
    "237": 245839.83168357017,
    "238": 130381.00580456172,
    "239": 329513.6633650229,
    "240": 200782.9302389739,
    "241": 437281.4742468132,
    "242": 33867.13234353015,
    "243": 90690.1703674081,
    "244": 80738.36273968537,
    "245": 125636.96501590028,
    "246": 82427.93495064384,
    "247": 135437.98436204382,
    "248": 92201.91262293588,
    "249": 126461.7310482506,
    "250": 239208.58668173463,
    "251": 60565.344976436056,
    "252": 66117.71672360749,
    "253": 207767.94065047716,
    "254": 63759.270237791796,
    "255": 44726.83380312699,
    "256": 278370.7264575846,
    "257": 42678.45735477788,
    "258": 47685.689391082175,
    "259": 143409.43498632094,
    "260": 43822.837038999976,
    "261": 33250.04881894962,
    "262": 151112.96338391607,
    "263": 138111.2026537859,
    "264": 89694.93309514085,
    "265": 315646.3554044462,
    "266": 102182.9507908745,
    "267": 254615.94834541413,