{
    "1": 68518.3421680641,
    "2": 70224.75601049661,
    "3": 92716.88528379439,
    "4": 18522.992896845746,
    "5": 498573.675520947,
    "6": 129414.31898259527,
    "7": 34887.93926120289,
    "8": 30463.254548722853,
    "9": 451309.5982229304,
    "10": 157107.42805789894,
    "11": 77494.37699487402,
    "12": 93877.60404002703,
    "13": 50720.523481482356,
    "14": 86275.70289724747,
    "15": 145208.54092834206,
    "16": 52119.183805746696,
    "17": 60732.025784516634,
    "18": 242834.96105827345,
    "19": 130223.21967283054,
    "20": 264105.31946560723,
    "21": 114947.41313669301,
    "22": 131654.46600726258,
    "23": 37814.42059458538,
    "24": 202883.10382532986,
    "25": 170293.7839690513,
    "26": 60913.99274652006,
    "27": 190764.15238328325,
    "28": 173458.22243212681,
    "29": 126017.46873944424,
    "30": 356811.1156252883,
    "31": 37852.43233250382,
    "32": 24937.544840432965,
    "33": 303353.41609632276,
    "34": 149166.63006901953,
    "35": 67594.76475406974,
    "36": 25249.980566238217,
    "37": 34309.61162449731,
    "38": 23124.675936903557,
    "39": 199911.21223445825,
    "40": 293661.0586756221,
    "41": 41717.69316868681,
    "42": 103740.69299762958,
    "43": 51591.25335557209,
    "44": 38973.28941314988,
    "45": 70242.15260429285,
    "46": 418658.02796669555,
    "47": 88509.96380952987,
    "48": 60496.40404102253,
    "49": 100314.96169300222,
    "50": 59138.93754497141,
    "51": 115170.34549950932,
    "52": 170403.11123565008,
    "53": 142591.31806520952,
    "54": 308730.96682937397,
    "55": 68104.44241860327,
    "56": 67782.58204870124,
    "57": 139410.59704710759,
    "58": 222540.09599848988,
    "59": 261240.63079956395,
    "60": 118638.06062065177,
    "61": 234650.5235243803,
    "62": 94782.20399106453,
    "63": 45543.26837835334,
    "64": 216763.47727002212,
    "65": 149299.0856846589,
    "66": 204219.87580085013,
    "67": 127361.69466488894,
    "68": 79348.6165225086,
    "69": 115895.93836992249,
    "70": 29182.32434488115,
    "71": 77621.39755738275,
    "72": 50136.949170512926,
    "73": 134025.3196949058,
    "74": 116749.44443157098,
    "75": 85483.38601722945,
    "76": 130823.39263040415,
    "77": 162536.10089875007,
    "78": 39272.83278778174,
    "79": 23881.595431860434,
    "80": 82177.14892238786,
    "81": 109715.07370949317,
    "82": 43658.965468756614,
    "83": 180734.8588740341,
    "84": 44252.0211482255,
    "85": 29314.728868030747,
    "86": 53868.10301161923,
    "87": 364081.8089819904,
    "88": 161842.73411525483,
    "89": 116229.82749781793,
    "90": 138314.32054821818,
    "91": 233234.60606402688,
    "92": 162544.12859105202,
    "93": 56202.48732920743,
    "94": 146282.42428087248,
    "95": 23228.881486372928,
    "96": 62969.17198420303,
    "97": 172389.92008595253,
    "98": 24739.576551387847,
    "99": 181403.49575362192,
    "100": 46235.636087517196,
    "101": 88401.22241140311,
    "102": 36175.18445510913,
    "103": 123878.4350713698,
    "104": 58856.02088175752,
    "105": 315249.91084293637,
    "106": 208390.47824947097,
    "107": 715790.018724205,
    "108": 84913.96447037236,
    "109": 13331.846896867013,
    "110": 90559.73026384613,
    "111": 39877.77229145931,
    "112": 83955.39741372566,
    "113": 272425.82463506167,
    "114": 208579.86104294079,
    "115": 74175.87335075092,
    "116": 65993.01180282174,
    "117": 110711.51627462255,
    "118": 129359.32449106443,
    "119": 156228.00085197558,
    "120": 165361.21118923562,
    "121": 112741.95375373261,
    "122": 77869.39011701547,
    "123": 46099.468893334335,
    "124": 119652.10965654698,
    "125": 385252.681568471,
    "126": 91135.33275981306,
    "127": 88000.0985493246,
    "128": 220773.78868454476,
    "129": 113571.99571064231,
    "130": 179028.47971136935,
    "131": 105729.84205572559,
    "132": 229361.14105896643,
    "133": 71996.53373996698,
    "134": 207839.27669193424,
    "135": 105263.42461749095,
    "136": 56079.94236102472,
    "137": 20213.037413880542,
    "138": 26354.302925712655,
    "139": 55589.398004900584,
    "140": 143286.75792605747,
    "141": 180653.7900958001,
    "142": 31435.02706063234,
    "143": 87646.16826458633,
    "144": 131263.72438483278,
    "145": 251930.2332898254,
    "146": 86429.48532466036,
    "147": 235213.8029911752,
    "148": 44272.966534287436,
    "149": 130393.49848029933,
    "150": 115478.44683820709,
    "151": 132915.76009590825,
    "152": 206377.59082001576,
    "153": 278123.9931097319,
    "154": 172893.6067776763,
    "155": 136035.0120105769,
    "156": 72105.4430056726,
    "157": 171991.29190481242,
    "158": 40509.06281125955,
    "159": 18680.6828061916,
    "160": 35141.95804051695,
    "161": 32173.517917067624,
    "162": 32621.06243568856,
    "163": 398693.9078007639,
    "164": 56005.74550947744,
    "165": 53074.27668174523,
    "166": 267283.4261214735,
    "167": 144200.7380098362,
    "168": 45721.69888492855,
    "169": 69131.12673858494,
    "170": 163698.34635175788,
    "171": 98517.36605672332,
    "172": 78981.25133320705,
    "173": 21103.49104972629,
    "174": 115513.98723802083,
    "175": 118290.84645596409,
    "176": 155407.4606115503,
    "177": 128071.60013808466,
    "178": 169195.0519107432,
    "179": 251071.00170105282,
    "180": 63614.337482806826,
    "181": 439639.96828960796,
    "182": 41826.540135689575,
    "183": 233219.8137251846,
    "184": 14496.224841531814,
    "185": 42104.812439636866,
    "186": 140034.06788415168,
    "187": 49495.82297512301,
    "188": 178694.16252115593,
    "189": 77048.6755597842,
    "190": 74988.43757336153,
    "191": 59597.73772399013,
    "192": 49080.81196853611,
    "193": 164262.3840055524,
    "194": 256307.27235902956,
    "195": 351160.8388413685,
    "196": 87732.41631685462,
    "197": 360439.8408092723,
    "198": 312624.6358822722,
    "199": 228913.04415544376,
    "200": 82858.97729488187,
    "201": 65805.54104761315,
    "202": 136853.6085248755,
    "203": 71026.4424994561,
    "204": 148086.26888596627,
    "205": 330874.3999610407,
    "206": 64483.67510234871,
    "207": 164911.04135950585,
    "208": 122411.11623442781,
    "209": 95004.4365845581,
    "210": 151266.3153189117,
    "211": 148463.40503548994,
    "212": 30697.819458620157,
    "213": 10216.553043894537,
    "214": 50737.74580513047,
    "215": 259651.3705337468,
    "216": 48030.486795455174,
    "217": 82629.35350561545,
    "218": 170872.76038944058,
    "219": 14510.803891251191,
    "220": 119183.6847248569,
    "221": 24410.853928452125,
    "222": 83980.75365287013,
    "223": 132876.1759695048,
    "224": 40591.162529223824,
    "225": 525269.3326191184,
    "226": 77635.65067499853,
    "227": 68884.81420758042,
    "228": 158855.78926138557,
    "229": 180627.84792704319,
    "230": 39259.28777818182,
    "231": 238699.03823523654,
    "232": 370763.5608733954,
    "233": 356100.45905593043,
    "234": 26063.965525413347,
    "235": 65875.77454713425,
    "236": 63640.67320553395,
    "237": 37846.37679170112,
    "238": 277084.8505676098,
    "239": 294021.06777407223,
    "240": 86204.83617720212,
    "241": 165161.9841281282,
    "242": 154954.15048727172,
    "243": 23797.985034138932,
    "244": 84642.29964325302,
    "245": 43418.44686507454,
    "246": 133582.23187948862,
    "247": 98262.25202527063,
    "248": 158160.47954397887,
    "249": 199235.96155562781,
    "250": 9285.703261258115,
    "251": 33688.37009514911,
    "252": 114961.91143996935,
    "253": 111589.34112236972,
    "254": 45592.181763403,
    "255": 89874.70547164774,
    "256": 108745.46737283129,
    "257": 54017.943103009224,
    "258": 43337.78570934817,
    "259": 75456.90799352228,
    "260": 238466.3341310345,
    "261": 61945.43689119652,
    "262": 105401.75482425121,
    "263": 50909.76851647424,
    "264": 121383.68578405282,
    "265": 112388.06181200895,
    "266": 43965.20195009759,