{
    "1": 82713.48227528359,
    "2": 215842.72925957319,
    "3": 149922.94764711734,
    "4": 211843.02177614073,
    "5": 55307.38275431593,
    "6": 65743.82803018446,
    "7": 152413.7855807325,
    "8": 27001.46541380505,
    "9": 27113.440218670443,
    "10": 73739.05563202927,
    "11": 18793.459843891756,
    "12": 168399.98776897724,
    "13": 128636.12119799221,
    "14": 30040.62787175338,
    "15": 141752.16897993517,
    "16": 74234.3457417093,
    "17": 273111.4450351717,
    "18": 379056.42508762015,
    "19": 55414.492279566926,
    "20": 200378.13768741672,
    "21": 188171.13855982595,
    "22": 51164.779534890426,
    "23": 147517.74354754828,
    "24": 69149.44973003997,
    "25": 82309.85300486516,
    "26": 15214.174300768382,
    "27": 9303.514053897032,
    "28": 29149.16703389111,
    "29": 106915.66894427387,
    "30": 39290.60543999817,
    "31": 120104.29281847794,
    "32": 107831.2861124211,
    "33": 103107.55534787182,
    "34": 78330.42729976909,
    "35": 56018.6616009154,
    "36": 43509.377899332176,
    "37": 113323.5159005528,
    "38": 131361.16194526778,
    "39": 53702.344913604065,
    "40": 334565.2233853104,
    "41": 162755.00634876557,
    "42": 34134.05689234676,
    "43": 290860.58001434134,
    "44": 91516.423226262,
    "45": 246132.9754190766,
    "46": 202714.8658806533,
    "47": 355302.9171277344,
    "48": 68838.61614995127,
    "49": 13051.48149036801,
    "50": 219164.247402878,
    "51": 15682.682038156368,
    "52": 221823.50194250056,
    "53": 227945.70610057493,
    "54": 65410.52583811723,
    "55": 213146.53953552278,
    "56": 117304.26852456825,
    "57": 74915.64049584168,
    "58": 57908.32777731637,
    "59": 106674.23757804083,
    "60": 161477.94949718082,
    "61": 261614.91308362267,
    "62": 151673.1583208776,
    "63": 157457.36456617902,
    "64": 59629.58374070536,
    "65": 129278.72295946616,
    "66": 117867.53348455823,
    "67": 71190.48364950072,
    "68": 24760.96984592001,
    "69": 278369.5322955577,
    "70": 138338.1942028083,
    "71": 76891.26433213869,
    "72": 60226.126039135204,
    "73": 119083.18820870822,
    "74": 170802.63320498163,
    "75": 72450.96670707662,
    "76": 159239.11062284603,
    "77": 100446.84935609899,
    "78": 52444.30807317276,
    "79": 85061.85882464424,
    "80": 47091.70383578029,
    "81": 96391.78304915348,
    "82": 235155.67062035817,
    "83": 174508.61325988919,
    "84": 225868.20753242236,
    "85": 144482.60841100803,
    "86": 40999.03282125724,
    "87": 72135.94478617293,
    "88": 132119.93868002584,
    "89": 109444.64580094822,
    "90": 77203.83461044918,
    "91": 89528.02337001215,
    "92": 116691.4441391056,
    "93": 338785.2350015649,
    "94": 145573.0297227809,
    "95": 217720.52750198534,
    "96": 211921.7926227416,
    "97": 47915.564732346895,
    "98": 140971.13523604826,
    "99": 143769.58105501847,
    "100": 215534.4033329369,
    "101": 344012.39971409657,
    "102": 127613.5813126311,
    "103": 48317.96287552725,
    "104": 53759.03061338115,
    "105": 146139.63660164335,
    "106": 71253.58938659767,
    "107": 67767.0515287116,
    "108": 63047.27140798328,
    "109": 297611.8208737734,
    "110": 119327.58488237206,
    "111": 168135.51092621457,
    "112": 93447.21753912543,
    "113": 250032.28259419106,
    "114": 123551.67679467249,
    "115": 128363.99306610238,
    "116": 89029.39505982761,
    "117": 48975.07363868453,
    "118": 40388.74217952578,
    "119": 123071.05257735262,
    "120": 83093.88051207711,
    "121": 84855.26147903834,
    "122": 275863.1445592533,
    "123": 187963.1084955657,
    "124": 40470.89340379564,
    "125": 136460.1985761866,
    "126": 305348.5065813229,
    "127": 50247.05191827968,
    "128": 42806.010284321215,
    "129": 208815.8622768766,
    "130": 99848.4911303139,
    "131": 164208.66359505086,
    "132": 60499.59680429846,
    "133": 85502.86550520797,
    "134": 47389.80560051045,
    "135": 38171.97124752585,
    "136": 74661.77892642182,
    "137": 130750.26214307368,
    "138": 47096.78293862497,
    "139": 193736.98013063616,
    "140": 68910.32018236048,
    "141": 152715.8661896291,
    "142": 141725.19915152356,
    "143": 28911.046598976827,
    "144": 23562.726567455662,
    "145": 123789.19397436664,
    "146": 80384.5527359622,
    "147": 74723.15188681042,
    "148": 65707.44140482177,
    "149": 53506.6811139805,
    "150": 347835.1033282079,
    "151": 264833.17388340767,
    "152": 27293.246092096095,
    "153": 13639.815820130783,
    "154": 364740.0173727301,
    "155": 118559.78541716703,
    "156": 71614.54890649773,
    "157": 29853.89597515777,
    "158": 179687.51833580423,
    "159": 32116.016100947923,
    "160": 51210.10559665974,
    "161": 82446.4447159522,
    "162": 18551.66666744943,
    "163": 407787.9732439843,
    "164": 91520.93224399503,
    "165": 34095.76911936627,
    "166": 67424.37939061524,
    "167": 32305.691444216733,
    "168": 21183.231710166558,
    "169": 155737.07663106683,
    "170": 54485.15558929541,
    "171": 331794.0040618179,
    "172": 62976.742831647134,
    "173": 462063.96751876915,
    "174": 94616.02151205727,
    "175": 46629.36181542456,
    "176": 252234.61266146932,
    "177": 84622.05283050124,
    "178": 170118.91968716483,
    "179": 88605.7803202918,
    "180": 65690.17794368617,
    "181": 249899.27046491695,
    "182": 47338.90606301106,
    "183": 45780.454185624614,
    "184": 87309.6212978049,
    "185": 96219.12424611942,
    "186": 37802.7063431876,
    "187": 292486.1868016523,
    "188": 194194.6285164148,
    "189": 113590.75968963552,
    "190": 328631.06185652106,
    "191": 78301.2760868101,
    "192": 294612.69709217106,
    "193": 99866.23736222408,
    "194": 345623.9552051884,
    "195": 47959.24929169759,
    "196": 148646.92937281806,
    "197": 221589.50074109746,
    "198": 191701.34059766657,
    "199": 131813.7906881241,
    "200": 305682.1610647559,
    "201": 234272.9346885459,
    "202": 51352.97615508323,
    "203": 135961.33404361998,
    "204": 107500.32741726971,
    "205": 30549.058922666096,
    "206": 58790.74044224076,
    "207": 117818.02066863955,
    "208": 126281.65234806857,
    "209": 83934.10179825121,
    "210": 46040.404704591136,
    "211": 114752.48854167096,
    "212": 381952.5513332799,
    "213": 16638.634283818337,
    "214": 78873.2254942633,
    "215": 47008.84759605123,
    "216": 246942.93909032832,
    "217": 135646.47374852738,
    "218": 242715.80922148583,
    "219": 147980.18195448426,
    "220": 21141.09665696527,
    "221": 73140.32887128317,
    "222": 171674.84102636177,
    "223": 197473.41682984613,
    "224": 263000.4923196062,
    "225": 107583.33824026508,
    "226": 90033.16184940655,
    "227": 68828.24318264733,
    "228": 128030.17521713926,
    "229": 26624.518372062263,
    "230": 134230.7810651283,
    "231": 189697.480514815,
    "232": 189322.43450171463,
    "233": 94316.99158942603,
    "234": 98897.60486479187,
    "235": 301381.28301871027,
    "236": 99698.03579357766,
    "237": 141759.27464333386,
    "238": 200850.46486127126,
    "239": 14430.555539661236,
    "240": 133157.8539476225,
    "241": 18398.755487641178,
    "242": 34430.140472442006,
    "243": 136728.74315392165,
    "244": 50321.29688107424,
    "245": 30942.845370403338,
    "246": 114040.48230505704,
    "247": 47476.29627218901,
    "248": 24170.378849897672,
    "249": 91961.45045002882,
    "250": 305891.5570005715,
    "251": 34568.65491139273,
    "252": 38014.02525477666,
    "253": 115386.14269527794,
    "254": 284824.8312342425,
    "255": 45018.74285143612,
    "256": 127844.37509423825,
    "257": 29326.516097850723,
    "258": 85166.37471312338,
    "259": 55369.373682025776,
    "260": 47314.93094317203,
    "261": 116075.9170164944,
    "262": 174324.79241560938,
    "263": 21797.588286067334,
    "264": 110253.01151639262,
    "265": 194292.07575802263,
    "266": 207792.12252522403,