{
    "1": 164822.5734849321,
    "2": 51225.00804062907,
    "3": 65556.15205467229,
    "4": 276369.16730965837,
    "5": 121915.36614061256,
    "6": 107303.78787411583,
    "7": 162939.14112555387,
    "8": 113787.69478143095,
    "9": 43824.47886286449,
    "10": 147148.6894277461,
    "11": 186692.74123291348,
    "12": 157011.78421041023,
    "13": 199725.96464198592,
    "14": 182991.2183918022,
    "15": 96005.15284998041,
    "16": 393078.9991447277,
    "17": 397738.3464261317,
    "18": 53396.57460660534,
    "19": 300369.25770337036,
    "20": 79052.33809304827,
    "21": 189961.21107363224,
    "22": 191890.54846797124,
    "23": 40123.45887818425,
    "24": 33035.432768041035,
    "25": 102404.5220781063,
    "26": 90773.69282304784,
    "27": 176188.24092945977,
    "28": 75107.16796870208,
    "29": 34532.61147106845,
    "30": 44897.525161969585,
    "31": 51525.46828921878,
    "32": 9049.313281943316,
    "33": 97575.67321393902,
    "34": 71741.04368093263,
    "35": 79624.22033741108,
    "36": 69637.91983489222,
    "37": 145405.44736699914,
    "38": 274216.21282342647,
    "39": 45175.81685259018,
    "40": 59190.2190390635,
    "41": 56593.658554326394,
    "42": 22871.116570684277,
    "43": 343868.3636327024,
    "44": 24967.32036837137,
    "45": 645902.7170342942,
    "46": 20870.77382902368,
    "47": 35994.17953136264,
    "48": 65341.08049683832,
    "49": 91334.34643160745,
    "50": 91913.37510384817,
    "51": 206522.4372844319,
    "52": 42670.83947378615,
    "53": 49502.72747265814,
    "54": 50903.12436959599,
    "55": 97938.19187262509,
    "56": 150387.3831878327,
    "57": 131279.5111428754,
    "58": 118251.23691096866,
    "59": 89018.04216536037,
    "60": 174258.24944588696,
    "61": 33022.27809351174,
    "62": 53548.82024263342,
    "63": 91249.37823518086,
    "64": 60344.13663380282,
    "65": 177969.56966073788,
    "66": 23763.859485968158,
    "67": 388498.4018623598,
    "68": 64677.88330942691,
    "69": 44404.80105258315,
    "70": 15494.196705479653,
    "71": 346568.45401251514,
    "72": 95502.65971708014,
    "73": 514579.24467321445,
    "74": 27061.739381359534,
    "75": 96145.08440051449,
    "76": 50367.35008662875,
    "77": 348927.71257722663,
    "78": 28539.558168153144,
    "79": 137907.31915522978,
    "80": 40079.64424137054,
    "81": 34808.02094526541,
    "82": 159697.95779577567,
    "83": 43753.875309702664,
    "84": 37080.721935982,
    "85": 94896.59417685075,
    "86": 50353.80226817691,
    "87": 21464.900278032634,
    "88": 413513.0944627687,
    "89": 128529.19734529656,
    "90": 83535.06122775143,
    "91": 140106.75886754072,
    "92": 309732.63986772683,
    "93": 43133.47278161576,
    "94": 213880.99018133318,
    "95": 103485.65388200336,
    "96": 23168.665334787416,
    "97": 39812.17153610331,
    "98": 95487.98217257544,
    "99": 113670.32871638377,
    "100": 143015.02970478797,
    "101": 34455.584433208474,
    "102": 128281.72861813926,
    "103": 75714.62267120213,
    "104": 167422.82145493204,
    "105": 165520.95917406448,
    "106": 212938.40231494553,
    "107": 45278.74924100079,
    "108": 275028.321271491,
    "109": 32756.622733711956,
    "110": 50612.91747324,
    "111": 292493.5326507138,
    "112": 169649.7449799679,
    "113": 170798.8085700746,
    "114": 53949.93568801171,
    "115": 17909.450326968916,
    "116": 266718.5826934016,
    "117": 41892.293137779045,
    "118": 32427.69009669765,
    "119": 89534.0865861194,
    "120": 285077.95183690044,
    "121": 27480.01999800665,
    "122": 26557.211628125777,
    "123": 389689.48702674604,
    "124": 199614.21576093973,
    "125": 163877.1588463706,
    "126": 74735.63582420305,
    "127": 89577.98984300392,
    "128": 144756.5596014453,
    "129": 218911.54646943742,
    "130": 151943.2614892827,
    "131": 200731.91931942408,
    "132": 20473.824051282692,
    "133": 165812.9587583931,
    "134": 111618.31246593976,
    "135": 84672.9001880903,
    "136": 51323.371705610625,
    "137": 219550.02491974412,
    "138": 209275.33857753623,
    "139": 159599.75135506596,
    "140": 185110.2982584299,
    "141": 289315.0601889728,
    "142": 100535.93141062053,
    "143": 138011.31566979608,
    "144": 120683.98795590505,
    "145": 56013.23953601949,
    "146": 50225.62138690707,
    "147": 249419.10022725372,
    "148": 314206.9564079102,
    "149": 80742.53437817872,
    "150": 193417.75002969542,
    "151": 52341.18110190606,
    "152": 79540.01115579114,
    "153": 52062.89966820536,
    "154": 80282.69201672853,
    "155": 36054.13872892557,
    "156": 52469.66375868905,
    "157": 26519.172295094617,
    "158": 78409.27074623504,
    "159": 105865.80654045388,
    "160": 227104.1516532751,
    "161": 87923.18015806074,
    "162": 223936.7645943852,
    "163": 48552.89396300144,
    "164": 158932.1600104361,
    "165": 82876.61156211369,
    "166": 244017.33215006327,
    "167": 46659.90199322358,
    "168": 294461.67440780386,
    "169": 65173.58181763851,
    "170": 139369.4764842683,
    "171": 289434.15451457613,
    "172": 95050.36426833452,
    "173": 140535.36966600307,
    "174": 100777.79020397514,
    "175": 17410.750953441442,
    "176": 47779.98954897592,
    "177": 73910.40940801948,
    "178": 111713.03268256116,
    "179": 310725.28776638233,
    "180": 288597.45523829915,
    "181": 193119.9562645344,
    "182": 114460.02806380099,
    "183": 72754.39383480906,
    "184": 154024.2050687391,
    "185": 149475.02933488679,
    "186": 171516.48326445115,
    "187": 19226.13324692667,
    "188": 99891.13338810613,
    "189": 32171.37063261017,
    "190": 71109.81464640069,
    "191": 31061.77569559949,
    "192": 131449.78007664526,
    "193": 218939.65191880584,
    "194": 32899.824009201984,
    "195": 146467.37771401176,
    "196": 80722.06789343528,
    "197": 102287.79946175164,
    "198": 117364.72269928589,
    "199": 227625.60170825763,
    "200": 133057.01279682617,
    "201": 124551.15078506005,
    "202": 193722.91103768846,
    "203": 220630.2419613131,
    "204": 89137.5070009157,
    "205": 145469.4642485339,
    "206": 74940.70739319621,
    "207": 83263.38312069379,
    "208": 164405.96680795465,
    "209": 15284.473656454062,
    "210": 32845.459305776145,
    "211": 35132.13338359162,
    "212": 63572.87796948995,
    "213": 155546.44272217926,
    "214": 152535.52131315914,
    "215": 300571.5829907943,
    "216": 109091.59309181079,
    "217": 44810.10335889728,
    "218": 69053.41412803835,
    "219": 53957.62552538813,
    "220": 319307.53128843865,
    "221": 87307.05321254749,
    "222": 92559.69241865377,
    "223": 281000.7504736458,
    "224": 351828.66684554744,
    "225": 137956.40660540396,
    "226": 29357.700842356036,
    "227": 231379.91146479422,
    "228": 132663.88722171728,
    "229": 343286.7994309215,
    "230": 261841.24226433836,
    "231": 253276.39375931898,
    "232": 69302.16214828944,
    "233": 154951.3802987992,
    "234": 47600.21999056177,
    "235": 191390.59297767087,
    "236": 194838.92394948783,
    "237": 52338.327413177,
    "238": 73640.30951884198,
    "239": 25800.325970039517,
    "240": 155696.65771590063,
    "241": 46376.35054594223,
    "242": 9146.039029026142,
    "243": 231951.48159843008,
    "244": 13340.55841111506,
    "245": 142364.28884278733,
    "246": 99101.41531988973,
    "247": 308136.114211671,
    "248": 359741.9467581997,
    "249": 102390.22581306634,
    "250": 48434.2701504387,
    "251": 67724.86774859013,
    "252": 57787.82367958286,
    "253": 148251.78761196623,
    "254": 112485.07796252161,
    "255": 83701.87613640587,
    "256": 30173.243892003244,
    "257": 226058.0942779324,
    "258": 227521.9360176505,
    "259": 59159.05635633578,
    "260": 76856.053929221,
    "261": 204231.8658985643,
    "262": 52210.014406726645,
    "263": 92683.73341492051,
    "264": 101032.11298440096,
    "265": 81769.9136328993,
    "266": 190185.65168231702,