order,from type,to type,upgrade amount
1,1,2,0.0
2,1,2,15.000000000000028
3,1,2,15.999999999999972
4,1,2,14.0
5,1,2,0.0
6,1,2,10.000000000000028
7,1,2,0.0
