time,obj
65.2704284,422508.47983189643
33.87717199999999,427152.0059643192
30.854717199999982,420328.1172460284
32.38024230000002,460057.97629294614
7.313607399999995,413097.18762205663
