time,obj
0.5188780000000008,115791.47205170945
0.34676250000000053,175361.78180240927
0.3262135000000015,147691.19787573352
0.5494312999999984,195971.0435912248
0.33126820000000023,171548.73870083303
