obj,time,mip_gap
351296.96910221013,0.0013741000000004888,
