obj,time,mip_gap
282388.38837670285,0.00128480000000053,
