obj,time,mip_gap
331900.13191647944,0.0014189000000000007,
