obj,time,mip_gap
442432.3494004782,0.0016823999999999728,
