obj,time,mip_gap
432178.5319960787,0.001190199999999919,
