{
    "1": 262379.7827811525,
    "2": 351871.87091797695,
    "3": 135615.67144918314,
    "4": 359801.40822607157,
    "5": 505791.2193436111,
    "6": 514902.99778264365,
    "7": 191950.4355535134,
    "8": 378569.04859224014,
    "9": 117145.33280790648,
    "10": 63348.46712178061,
    "11": 549265.8881343422,
    "12": 295560.21342221985,
    "13": 454322.0621665703,
    "14": 446156.07991751604,
    "15": 77185.03823135956,
    "16": 39401.246584251996,
    "17": 159968.80770268114,
    "18": 78479.2234848576,
    "19": 368279.497132125,
    "20": 316767.7664262044,
    "21": 697122.678121552,
    "22": 114613.59774676846,
    "23": 130563.90126399323,
    "24": 151326.81708300873,
    "25": 302353.57698526245,
    "26": 94098.08966606316,
    "27": 134605.71533266228,
    "28": 219188.86325713748,
    "29": 108215.89932807843,
    "30": 244214.02203177538,
    "31": 354384.45360927697,
    "32": 782435.0008478261,
    "33": 348120.3328987429,
    "34": 356382.44447103987,
    "35": 190925.4194162284,
    "36": 97649.9000329722,
    "37": 130186.68343107679,
    "38": 312525.11796556064,
    "39": 280578.16249914136,
    "40": 259303.77489720928,
    "41": 500446.5635625184,
    "42": 390804.9338596134,
    "43": 83834.79158476878,
    "44": 140584.26592814573,
    "45": 259787.60990806992,
    "46": 249757.3009990408,
    "47": 642151.3234297235,
    "48": 531504.3925343767,
    "49": 270001.18117987254,
    "50": 171219.5929083465,
    "51": 114766.73550426662,
    "52": 120272.07724447413,
    "53": 248334.93233924053,
    "54": 205604.12824928795,
    "55": 389335.1144959802,
    "56": 42479.503695268366,
    "57": 212836.52558398602,
    "58": 550217.7321578668,
    "59": 179315.97602404343,
    "60": 778143.8686745637,
    "61": 111342.20803409196,
    "62": 316230.07876295794,
    "63": 600193.7677123847,
    "64": 401380.60080543405,
    "65": 11936.27606551983,
    "66": 190889.37356602485,
    "67": 158970.82096999945,
    "68": 106778.10608347743,
    "69": 81054.0162692994,
    "70": 129244.89372809195,
    "71": 139170.2010448768,
    "72": 464727.6569419322,
    "73": 190770.1737492263,
    "74": 62398.1514779255,
    "75": 209503.86249954478,
    "76": 138126.4653183053,
    "77": 208826.21800974963,
    "78": 58959.08247850152,
    "79": 149170.6559472134,
    "80": 297338.67200685403,
    "81": 122320.95227571829,
    "82": 49117.887620922935,
    "83": 316150.2622569179,
    "84": 532565.8288333925,
    "85": 84066.7972001431,
    "86": 412450.84628465713,
    "87": 711006.7796406634,
    "88": 37247.05494000532,
    "89": 388432.4464113324,
    "90": 97528.9984690864,
    "91": 39856.121567869064,
    "92": 24556.954808307833,
    "93": 208742.25560264275,
    "94": 208056.60073815295,
    "95": 542864.6861300843,
    "96": 198918.21576390712,
    "97": 591869.1555003833,
    "98": 532554.0391046709,
    "99": 967030.2977507659,
    "100": 216688.99779196526,
    "101": 254080.35921963118,
    "102": 132463.8847915383,
    "103": 613973.4436581078,
    "104": 50441.87754321113,
    "105": 99025.95179971957,
    "106": 91000.59509414222,
    "107": 36348.95001564343,
    "108": 1096916.6421913388,
    "109": 59705.461329118625,
    "110": 247652.3342579777,
    "111": 106330.12090013927,
    "112": 230337.61599756623,
    "113": 526551.3847610955,
    "114": 194558.9508541053,
    "115": 307596.78906218533,
    "116": 190182.98537956993,
    "117": 712707.1504371767,
    "118": 359938.5234889211,
    "119": 421893.3541847434,
    "120": 53798.58204166208,
    "121": 181811.70651763308,
    "122": 111889.76124177825,
    "123": 326128.55191265675,
    "124": 202420.55510196296,
    "125": 829921.7390562269,
    "126": 44926.28423517567,
    "127": 181810.29523517407,
    "128": 251183.12569838756,
    "129": 166800.26782803607,
    "130": 142047.22726714725,
    "131": 196328.91820879633,
    "132": 210273.17811214406,
    "133": 186297.77134774928,
    "134": 469338.396429566,
    "135": 199489.4133484278,
    "136": 195015.0939128729,
    "137": 376939.3235928091,
    "138": 144571.95046040768,
    "139": 78724.60319498475,
    "140": 308372.3804977048,
    "141": 213888.6254554677,
    "142": 75243.37916873702,
    "143": 475368.20101472194,
    "144": 407547.5699903934,
    "145": 45406.08416551255,
    "146": 90592.80409480113,
    "147": 238415.22216903584,
    "148": 636330.8122443043,
    "149": 305130.66339402134,
    "150": 168828.20134144093,
    "151": 355931.887675338,
    "152": 196284.996205994,
    "153": 398951.43414689356,
    "154": 267579.98799174797,
    "155": 354911.3026959015,
    "156": 124392.69654224352,
    "157": 47150.56085209665,
    "158": 85835.73500455258,
    "159": 281012.2548400234,
    "160": 31840.177925324664,
    "161": 681718.0047872385,
    "162": 112057.31263202064,
    "163": 294526.7578656096,
    "164": 445064.5624045518,
    "165": 124774.8772945747,
    "166": 411804.3799834516,
    "167": 113244.10932735108,
    "168": 463226.50255427876,
    "169": 278128.4306340212,
    "170": 45684.633376671496,
    "171": 39850.00044968903,
    "172": 197622.1235335582,
    "173": 194853.65029218534,
    "174": 374579.1276816995,
    "175": 199969.73144414087,
    "176": 20036.096341918295,
    "177": 188574.62043160622,
    "178": 744140.1571670967,
    "179": 393736.6803209999,
    "180": 305734.1340775291,
    "181": 287093.8483948203,
    "182": 414646.01687794965,
    "183": 203236.2100751157,
    "184": 328256.28039241367,
    "185": 93497.23155995713,
    "186": 175516.1815840252,
    "187": 241801.4353224809,
    "188": 253694.75868766152,
    "189": 89446.65548810635,
    "190": 93920.47339571739,
    "191": 128946.96544398635,
    "192": 272697.73766943073,
    "193": 455826.2623163524,
    "194": 88935.65654101357,
    "195": 145998.64172173385,
    "196": 248623.95381781989,
    "197": 673978.3842809718,
    "198": 293538.5930174559,
    "199": 222335.51365415077,
    "200": 758472.182745626,
    "201": 75284.28557617153,
    "202": 154046.59414351673,
    "203": 301173.5669060974,
    "204": 55803.09481348487,
    "205": 682747.4829534697,
    "206": 259789.4716041841,
    "207": 147713.7095795537,
    "208": 301187.4998143607,
    "209": 292663.0574922958,
    "210": 357740.90640291,
    "211": 254631.8584490977,
    "212": 239284.719292587,
    "213": 369137.9209218322,
    "214": 180290.46195416118,
    "215": 362511.1756633814,
    "216": 87119.84042116554,
    "217": 257250.52166159105,
    "218": 395058.7525409454,
    "219": 105093.29701038421,
    "220": 365762.7815100256,
    "221": 587037.0100247343,
    "222": 53455.65753362105,
    "223": 744155.7950969789,
    "224": 262631.674804292,
    "225": 156392.04439642542,
    "226": 200897.4917146745,
    "227": 66219.01844711251,
    "228": 169132.5839630528,
    "229": 167057.58322611774,
    "230": 44745.06844794529,
    "231": 220358.04233788623,
    "232": 122017.33791496597,
    "233": 430554.6112944798,
    "234": 771699.0685880177,
    "235": 91166.25623063718,
    "236": 116272.32298813043,
    "237": 150227.49522159024,
    "238": 377280.8833299495,
    "239": 231920.5813315971,
    "240": 98288.89947512676,
    "241": 204630.9838967187,
    "242": 254642.5252445184,
    "243": 54285.76141351563,
    "244": 307620.7135206596,
    "245": 378561.6607204123,
    "246": 294959.47362150904,
    "247": 215676.76820182696,
    "248": 373452.5552540146,
    "249": 324045.82620650326,
    "250": 103993.85923896203,
    "251": 118702.16887007098,
    "252": 109996.22064858969,
    "253": 279342.907362478,
    "254": 268849.331545949,
    "255": 160419.23766753564,
    "256": 329392.9092827143,
    "257": 250302.82519793222,
    "258": 174062.0778175109,
    "259": 354295.9124732206,
    "260": 262486.3853498619,
    "261": 93947.20185410001,
    "262": 154948.53430445335,
    "263": 567300.4185019623,
    "264": 266530.19617176126,
    "265": 600731.5390832693,
    "266": 77559.83387328508,