{
    "1": 389427.5090142812,
    "2": 434034.8066671713,
    "3": 77677.40724641364,
    "4": 352061.82642556727,
    "5": 292461.05274074356,
    "6": 422402.85444183135,
    "7": 80314.46805294008,
    "8": 620372.1744303444,
    "9": 181213.04145577646,
    "10": 167785.1179497799,
    "11": 23776.832632777503,
    "12": 301878.4716891521,
    "13": 483538.7299864662,
    "14": 242840.9833708471,
    "15": 378152.28449084895,
    "16": 355037.8313001485,
    "17": 488866.8685854727,
    "18": 93977.91706051434,
    "19": 90718.88516928142,
    "20": 418041.94378175086,
    "21": 435700.56562669895,
    "22": 911659.9556116422,
    "23": 81234.98555898524,
    "24": 321281.29514282284,
    "25": 563639.8810545345,
    "26": 189039.6632799737,
    "27": 428791.81719921617,
    "28": 124515.2412237609,
    "29": 434760.0546547209,
    "30": 364699.83690037474,
    "31": 224567.80820903875,
    "32": 512885.55619154917,
    "33": 257653.48365937744,
    "34": 147117.9239231836,
    "35": 70746.2530585297,
    "36": 129584.08373351934,
    "37": 318794.0119068997,
    "38": 344293.509017893,
    "39": 242948.4872649811,
    "40": 358942.3304333563,
    "41": 254209.08471481368,
    "42": 309410.8413384176,
    "43": 215192.24544447832,
    "44": 327628.30026052,
    "45": 206667.86288083813,
    "46": 392603.2879159433,
    "47": 262330.59023393295,
    "48": 234002.20262872582,
    "49": 165068.48452748294,
    "50": 42324.66394232951,
    "51": 317938.24783002306,
    "52": 64622.94895432393,
    "53": 427596.51596174994,
    "54": 278722.7020642188,
    "55": 226538.93305797558,
    "56": 352320.4388009806,
    "57": 329595.1223998627,
    "58": 185578.77708299155,
    "59": 717484.0359112828,
    "60": 422476.1312690562,
    "61": 512216.0923942641,
    "62": 324130.9704675228,
    "63": 118101.23411758267,
    "64": 307535.69582671806,
    "65": 210541.93919105578,
    "66": 729357.2408508006,
    "67": 146713.77846155866,
    "68": 57874.36943242402,
    "69": 476476.60127285373,
    "70": 174674.82995863134,
    "71": 257243.38922072598,
    "72": 73241.97508367091,
    "73": 635191.8208602888,
    "74": 17537.90776210675,
    "75": 131150.51096315464,
    "76": 242944.5919684854,
    "77": 418369.8593437428,
    "78": 34384.5156594446,
    "79": 172582.39688032473,
    "80": 35409.72209852113,
    "81": 355317.24645542883,
    "82": 391554.08718752617,
    "83": 96324.14642102437,
    "84": 154466.84676475628,
    "85": 242816.64095348885,
    "86": 275679.76386855537,
    "87": 97040.06162455304,
    "88": 158043.55801691223,
    "89": 559096.3813109911,
    "90": 114844.39701126763,
    "91": 225869.90112693384,
    "92": 81776.32449446434,
    "93": 109430.31854794302,
    "94": 236368.37589739476,
    "95": 601893.6809151378,
    "96": 282717.4265724985,
    "97": 84594.61046544068,
    "98": 123059.22603017004,
    "99": 231790.24537174476,
    "100": 45331.26909853984,
    "101": 54420.95621084747,
    "102": 168583.81160432362,
    "103": 230645.3208209079,
    "104": 164584.77630463423,
    "105": 226653.47592311827,
    "106": 596688.5534716455,
    "107": 373506.8932754776,
    "108": 364188.42232436436,
    "109": 528092.419909452,
    "110": 169097.45966124532,
    "111": 105909.10860330498,
    "112": 469225.5504788719,
    "113": 129730.02444555363,
    "114": 245680.5716882836,
    "115": 179405.35787729212,
    "116": 117245.52726906814,
    "117": 359758.7563174269,
    "118": 436370.73457716085,
    "119": 666139.5623861275,
    "120": 76567.34441538695,
    "121": 208695.10078625922,
    "122": 271632.9591751768,
    "123": 516040.0292266355,
    "124": 492919.0128883403,
    "125": 283538.47800900426,
    "126": 93356.32808464058,
    "127": 149288.5185973604,
    "128": 158735.86100837783,
    "129": 672971.9418543837,
    "130": 465586.83201856446,
    "131": 105477.8312237588,
    "132": 389534.11275296175,
    "133": 361079.08266372106,
    "134": 412946.07147691725,
    "135": 550196.5199046333,
    "136": 210524.0902531376,
    "137": 130570.86670726632,
    "138": 83917.10743841939,
    "139": 59005.47788949986,
    "140": 406400.54432515416,
    "141": 219299.87034025893,
    "142": 122136.48608253959,
    "143": 149511.95730588242,
    "144": 415210.95358529163,
    "145": 209641.50272881586,
    "146": 203933.56804023017,
    "147": 315396.80040589266,
    "148": 149054.78776805723,
    "149": 280751.7126180701,
    "150": 187993.98113356688,
    "151": 30534.219694025014,
    "152": 312919.8541499029,
    "153": 334104.40731645346,
    "154": 86672.20438186414,
    "155": 299611.1310025932,
    "156": 369961.9622345874,
    "157": 359270.1290141223,
    "158": 146056.6045693485,
    "159": 112330.67429529248,
    "160": 293344.11174393207,
    "161": 198537.96159625487,
    "162": 412688.15189646574,
    "163": 82495.10900976197,
    "164": 83959.92236061502,
    "165": 418970.52027628064,
    "166": 127566.45401103431,
    "167": 223188.04718773256,
    "168": 192184.3849071508,
    "169": 313518.63362294,
    "170": 505433.63002003485,
    "171": 410572.04020822217,
    "172": 209002.32689377383,
    "173": 317045.55576269666,
    "174": 801623.9690691495,
    "175": 233826.90416972578,
    "176": 308598.8987245857,
    "177": 278239.73224077467,
    "178": 40696.69004562633,
    "179": 678508.3928860753,
    "180": 116619.163394401,
    "181": 161635.96363387292,
    "182": 106017.8889985899,
    "183": 379563.3353510277,
    "184": 392948.1323535116,
    "185": 250014.07758183236,
    "186": 60692.026622593956,
    "187": 399043.5657264664,
    "188": 89434.1713223731,
    "189": 159946.89182721818,
    "190": 60125.54050357166,
    "191": 345001.00284741435,
    "192": 377101.7236544265,
    "193": 503924.30382174574,
    "194": 69401.07839707691,
    "195": 188522.53612784605,
    "196": 195328.781217584,
    "197": 331580.2851817383,
    "198": 49962.6091256453,
    "199": 139410.19408406824,
    "200": 201626.02476923788,
    "201": 157486.33729103947,
    "202": 252104.96710014687,
    "203": 237761.27093768213,
    "204": 28098.825900934982,
    "205": 48274.374711707795,
    "206": 217712.99930830693,
    "207": 75765.37810802044,
    "208": 285014.731617307,
    "209": 245284.25575711142,
    "210": 223336.0978143843,
    "211": 118595.53080376338,
    "212": 253418.93791759227,
    "213": 121832.5053620396,
    "214": 130627.89935341445,
    "215": 564929.8140070881,
    "216": 134717.7193200737,
    "217": 96831.10215431202,
    "218": 233394.43460850473,
    "219": 644544.8552969509,
    "220": 111388.07381761968,
    "221": 27286.333533527173,
    "222": 697273.8781012502,
    "223": 187002.28484001552,
    "224": 301466.77593778726,
    "225": 97268.98274378646,
    "226": 554640.977562958,
    "227": 309369.41201542295,
    "228": 32742.599959177547,
    "229": 219526.5061662354,
    "230": 238022.30161072715,
    "231": 136590.39932150394,
    "232": 87570.59704951683,
    "233": 293338.15522460715,
    "234": 202946.47371058163,
    "235": 276274.46230598877,
    "236": 29944.37528509935,
    "237": 22809.403690080286,
    "238": 364945.35430958867,
    "239": 166059.99111415842,
    "240": 197101.81380944626,
    "241": 98197.7747145172,
    "242": 322689.60771840485,
    "243": 246068.45730162214,
    "244": 374966.7836032992,
    "245": 182320.22914283597,
    "246": 503520.2097165067,
    "247": 350393.61090068973,
    "248": 135916.99302476415,
    "249": 10961.874292424407,
    "250": 278166.3655886555,
    "251": 144067.96152011812,
    "252": 614133.5711102684,
    "253": 369188.8795332787,
    "254": 245821.19546787668,
    "255": 617507.7409958902,
    "256": 229126.64334125735,
    "257": 474848.6447314432,
    "258": 624506.9809076757,
    "259": 387921.56530838565,
    "260": 113755.91422882759,
    "261": 806204.3333879707,
    "262": 309496.6629498697,
    "263": 430579.2363532404,
    "264": 229672.03497531483,
    "265": 223006.48314249938,
    "266": 94126.06982962869,