{
    "1": 583063.536184351,
    "2": 196885.47876306647,
    "3": 202913.76456127808,
    "4": 38120.98333920162,
    "5": 129777.8636824414,
    "6": 68458.89204601038,
    "7": 175530.96400029986,
    "8": 141683.6923053207,
    "9": 70059.84464516793,
    "10": 202683.00251340301,
    "11": 172015.37614696997,
    "12": 441176.57287984266,
    "13": 134536.26901675318,
    "14": 317373.8276334887,
    "15": 193197.04384486072,
    "16": 62571.85013936973,
    "17": 188936.70068446753,
    "18": 187034.1065090895,
    "19": 197641.8570287768,
    "20": 334989.9908698482,
    "21": 856524.0139663407,
    "22": 731854.2546180874,
    "23": 362813.99072968203,
    "24": 63723.59953477034,
    "25": 155356.594546803,
    "26": 251054.06496784763,
    "27": 149140.0481673006,
    "28": 146971.99726747654,
    "29": 40085.11376856645,
    "30": 224700.4693374217,
    "31": 385617.8065319161,
    "32": 288214.16839178756,
    "33": 102692.20233595227,
    "34": 483609.2490978525,
    "35": 400106.93710974406,
    "36": 159135.92018426227,
    "37": 94308.66529765473,
    "38": 92811.06316391125,
    "39": 138704.61273041958,
    "40": 268633.62294904486,
    "41": 82138.49530050406,
    "42": 385500.1496543527,
    "43": 123240.16566779253,
    "44": 280617.4705184774,
    "45": 38360.37098541081,
    "46": 263069.1393222351,
    "47": 113212.14375184878,
    "48": 234160.78501683124,
    "49": 149419.52249776604,
    "50": 193592.30255385677,
    "51": 156591.74807169996,
    "52": 222769.24714425945,
    "53": 227337.68915830518,
    "54": 106787.80887547458,
    "55": 236089.39645591044,
    "56": 247053.6024917076,
    "57": 156030.6245954457,
    "58": 256810.617900059,
    "59": 287603.5257034516,
    "60": 129352.23731097269,
    "61": 151611.0195619039,
    "62": 317501.39730562695,
    "63": 201011.8171030017,
    "64": 42091.85937504885,
    "65": 596158.7751924881,
    "66": 510285.1147495532,
    "67": 65923.82596291322,
    "68": 87217.51550228077,
    "69": 54628.925646588905,
    "70": 349118.3597129872,
    "71": 107779.60736016119,
    "72": 144136.03679962506,
    "73": 217562.2241152943,
    "74": 408343.963556259,
    "75": 116157.13020885733,
    "76": 86796.39673617946,
    "77": 362015.4957515737,
    "78": 78413.00343086371,
    "79": 380181.5806000475,
    "80": 367526.2097906281,
    "81": 362328.5592724486,
    "82": 143334.70648681602,
    "83": 232499.5796604134,
    "84": 165189.16263918663,
    "85": 180620.21318916863,
    "86": 320486.11786517006,
    "87": 104944.41923404172,
    "88": 114829.60269696986,
    "89": 106172.39616779606,
    "90": 83530.9233928354,
    "91": 354783.43716750643,
    "92": 210627.57670282345,
    "93": 198186.4682509354,
    "94": 471654.88956448226,
    "95": 186927.30498131036,
    "96": 193087.10176238374,
    "97": 265046.88986873865,
    "98": 502962.03961012873,
    "99": 242689.42955835955,
    "100": 215847.20757455932,
    "101": 402869.33144671714,
    "102": 213946.59833597447,
    "103": 364134.3251910102,
    "104": 224810.73303628917,
    "105": 305925.1994926702,
    "106": 497341.0268976982,
    "107": 256782.58967763674,
    "108": 311445.8755414424,
    "109": 513952.9122049028,
    "110": 274629.3661654048,
    "111": 142349.9289315293,
    "112": 357195.1413850772,
    "113": 24639.025958813734,
    "114": 317337.3911638407,
    "115": 253362.6227247442,
    "116": 202805.72761702928,
    "117": 465020.0063196768,
    "118": 184429.19671003282,
    "119": 245114.6942434708,
    "120": 479416.5183310847,
    "121": 103374.45949912923,
    "122": 395695.4479996668,
    "123": 96684.47027507596,
    "124": 255083.6972585272,
    "125": 96488.16542808525,
    "126": 1208283.709469666,
    "127": 577677.2416330853,
    "128": 189506.51825074354,
    "129": 259359.65195383984,
    "130": 224185.6948082637,
    "131": 188867.5666198931,
    "132": 171330.96845777158,
    "133": 235487.38914620227,
    "134": 763894.045542088,
    "135": 68222.47317901115,
    "136": 201220.05260424872,
    "137": 445750.51558393176,
    "138": 114011.00295941041,
    "139": 223154.46234225787,
    "140": 202764.2566805578,
    "141": 61970.96224740584,
    "142": 228513.89556173948,
    "143": 103240.25582259268,
    "144": 88472.42591553694,
    "145": 188696.27685506488,
    "146": 355770.1712878353,
    "147": 53852.54150190904,
    "148": 247765.40850297714,
    "149": 33912.89984288127,
    "150": 270322.19716946606,
    "151": 368233.92873611994,
    "152": 467092.7332723803,
    "153": 20422.37474368725,
    "154": 101278.18618088972,
    "155": 228389.4130944946,
    "156": 187463.4816570371,
    "157": 190899.89652720693,
    "158": 140354.8870088031,
    "159": 293743.8782795228,
    "160": 478830.111624521,
    "161": 94908.10448421385,
    "162": 51663.981167449885,
    "163": 326439.2108445776,
    "164": 218477.36539154986,
    "165": 584834.8588974255,
    "166": 167186.9568591682,
    "167": 612038.0074986239,
    "168": 38746.64255996197,
    "169": 204860.12102322743,
    "170": 128121.69103735116,
    "171": 240445.50245317997,
    "172": 180864.77899212885,
    "173": 36153.43324723632,
    "174": 189466.72968619844,
    "175": 236354.7946206782,
    "176": 192383.71269857878,
    "177": 56388.91883609666,
    "178": 93827.69488665731,
    "179": 154350.30877307683,
    "180": 164967.62998620453,
    "181": 261232.64258829196,
    "182": 193864.2244596634,
    "183": 201305.7943030447,
    "184": 342392.03335608635,
    "185": 711342.8917174798,
    "186": 104301.00764817117,
    "187": 33216.88713056366,
    "188": 139067.25708980384,
    "189": 20481.350172171296,
    "190": 115677.26120794569,
    "191": 208424.5709004224,
    "192": 137253.97376223898,
    "193": 345087.31949417526,
    "194": 131742.45351887116,
    "195": 126540.27383664966,
    "196": 41660.42953768851,
    "197": 221765.62652684707,
    "198": 471370.0590818096,
    "199": 31678.178802022143,
    "200": 336343.3699732999,
    "201": 157624.13679467828,
    "202": 18442.194688408035,
    "203": 550957.4017532655,
    "204": 112981.58347062078,
    "205": 596482.8986699611,
    "206": 108929.69737345773,
    "207": 114980.46664218447,
    "208": 357239.9789566814,
    "209": 171118.0103242034,
    "210": 166791.96111412448,
    "211": 719832.199256076,
    "212": 216413.65295722458,
    "213": 100127.06978861357,
    "214": 649706.0521243573,
    "215": 204130.38339689112,
    "216": 691941.9672037985,
    "217": 172953.08225067725,
    "218": 772816.709246369,
    "219": 250644.86957067158,
    "220": 150537.57022296652,
    "221": 376904.55280044687,
    "222": 442258.9972684385,
    "223": 357169.9375505802,
    "224": 209228.2289105988,
    "225": 301848.5465107385,
    "226": 307666.55352903483,
    "227": 271096.3160660367,
    "228": 162252.4838870571,
    "229": 475856.0437033829,
    "230": 295544.7372797118,
    "231": 480940.60694196256,
    "232": 688972.0736648734,
    "233": 95664.42530121958,
    "234": 697740.935021617,
    "235": 170099.0790160407,
    "236": 82535.96329043143,
    "237": 368133.60242305894,
    "238": 213679.9565649112,
    "239": 278432.3150496798,
    "240": 143571.85989773922,
    "241": 205227.28158768886,
    "242": 114434.18394347833,
    "243": 188474.10747916577,
    "244": 117802.0078295535,
    "245": 24723.772923959885,
    "246": 198163.3434091087,
    "247": 101213.87590550105,
    "248": 107067.83362940006,
    "249": 224149.51376590878,
    "250": 136771.3591161223,
    "251": 206554.18606374704,
    "252": 381629.11118220683,
    "253": 101922.74857059063,
    "254": 260026.31414616815,
    "255": 332544.05556840217,
    "256": 282465.6469282315,
    "257": 130455.65116184224,
    "258": 136830.72682729326,
    "259": 542857.0161278505,
    "260": 312662.24747938773,
    "261": 172694.96535847656,
    "262": 455241.94319002033,
    "263": 226011.60326840047,
    "264": 813925.1509415782,
    "265": 111206.04679704226,
    "266": 319013.6985443115,