{
    "1": 184693.69408388273,
    "2": 133696.0520198189,
    "3": 258153.99759435956,
    "4": 719012.2059980122,
    "5": 168797.30537220556,
    "6": 372093.45381501736,
    "7": 582597.7511982892,
    "8": 183341.63110637348,
    "9": 392163.0942777069,
    "10": 34488.923445968256,
    "11": 58246.3353370812,
    "12": 454508.0009879465,
    "13": 189558.53123109427,
    "14": 450846.611918578,
    "15": 296940.9265622286,
    "16": 98985.59319343827,
    "17": 457061.54297599976,
    "18": 61055.57766976172,
    "19": 214884.37895767402,
    "20": 217851.93816705435,
    "21": 284315.8594624576,
    "22": 68155.54231672201,
    "23": 319770.1940559499,
    "24": 34147.83997691643,
    "25": 362627.9122444554,
    "26": 131515.15847145364,
    "27": 64309.992052491834,
    "28": 743355.4554262214,
    "29": 53596.13669430147,
    "30": 121476.45670741129,
    "31": 456376.1021191905,
    "32": 346230.53005366994,
    "33": 164460.31131988415,
    "34": 317573.47185941867,
    "35": 73289.72558535889,
    "36": 34505.77634507153,
    "37": 255257.54721236773,
    "38": 142731.77165501018,
    "39": 485342.90187169844,
    "40": 78129.775097414,
    "41": 223839.02201897232,
    "42": 71130.64280412589,
    "43": 320865.72697445255,
    "44": 240872.54671040873,
    "45": 45430.80640002818,
    "46": 51751.9848992913,
    "47": 177085.49618774082,
    "48": 86962.32131369911,
    "49": 201185.20707845327,
    "50": 228612.36152757748,
    "51": 82045.58551441794,
    "52": 427677.7360143716,
    "53": 30660.453275423966,
    "54": 717058.2550994053,
    "55": 580121.2023527886,
    "56": 252644.79961792278,
    "57": 402700.2741553547,
    "58": 251149.72209076566,
    "59": 457877.0845404483,
    "60": 267096.5878953854,
    "61": 237360.14455618145,
    "62": 926507.6736473663,
    "63": 227341.05992716432,
    "64": 114675.1416234676,
    "65": 168516.93104244646,
    "66": 471067.1855577053,
    "67": 111554.66716477748,
    "68": 178028.1153536345,
    "69": 392793.8831956297,
    "70": 354745.2210963609,
    "71": 183679.43970264756,
    "72": 296138.95960353693,
    "73": 172197.16911013014,
    "74": 60478.699619649145,
    "75": 270536.25532667537,
    "76": 146756.88433863467,
    "77": 85934.86308419287,
    "78": 567995.3316086624,
    "79": 586185.2974706657,
    "80": 188495.9843537868,
    "81": 81796.34099350974,
    "82": 327518.30996636365,
    "83": 163077.3026707141,
    "84": 152257.29672803165,
    "85": 341741.94472946826,
    "86": 366957.5954122348,
    "87": 264910.02173374116,
    "88": 119874.55541833858,
    "89": 152555.82312075753,
    "90": 481254.66343787446,
    "91": 104842.05300937574,
    "92": 233121.84098553384,
    "93": 258865.46491910025,
    "94": 78939.68102511918,
    "95": 278662.6102545034,
    "96": 263333.3461639035,
    "97": 281563.1476317468,
    "98": 105561.43166681744,
    "99": 503803.931876528,
    "100": 332193.3170974201,
    "101": 187733.5529427224,
    "102": 52214.80264558803,
    "103": 210702.5369901954,
    "104": 172622.51401786626,
    "105": 349227.1212518217,
    "106": 421690.7119807609,
    "107": 81077.69026249321,
    "108": 99066.61842263737,
    "109": 470013.87842223427,
    "110": 117332.33809364079,
    "111": 722711.8581716514,
    "112": 131224.35161026815,
    "113": 407252.95613839757,
    "114": 272801.7565288523,
    "115": 96366.48145258028,
    "116": 640241.3780647381,
    "117": 521391.4490224534,
    "118": 65297.81808571697,
    "119": 197462.01801559425,
    "120": 104525.77246780909,
    "121": 79883.51295962845,
    "122": 727226.8900327934,
    "123": 63781.83379876952,
    "124": 385497.69680672983,
    "125": 233203.91402706635,
    "126": 98971.46496909812,
    "127": 189520.70470331807,
    "128": 420464.41717039957,
    "129": 63443.92952880376,
    "130": 301493.38411952666,
    "131": 329501.6044544381,
    "132": 144029.33896096365,
    "133": 91819.45598312105,
    "134": 275609.8692495552,
    "135": 83634.21389625205,
    "136": 97473.5961828619,
    "137": 453974.059560407,
    "138": 134313.78245296184,
    "139": 125870.2739364409,
    "140": 47740.032430641375,
    "141": 50803.96392813448,
    "142": 119055.69544522832,
    "143": 367419.0373063615,
    "144": 588029.0895947082,
    "145": 168709.76392261565,
    "146": 76358.4165966878,
    "147": 660596.0727421701,
    "148": 195865.78312649613,
    "149": 474774.74204350397,
    "150": 303336.138419404,
    "151": 138846.5441186054,
    "152": 73486.098696802,
    "153": 403917.4538581027,
    "154": 598188.7667523039,
    "155": 310268.2004427393,
    "156": 151848.24799858712,
    "157": 293030.4664538852,
    "158": 130847.98700915992,
    "159": 412612.8229451383,
    "160": 282934.1499980829,
    "161": 260486.54314498816,
    "162": 200746.4563183662,
    "163": 113899.33853989252,
    "164": 245449.6858292406,
    "165": 73427.924646892,
    "166": 100049.30622697696,
    "167": 288271.59665261157,
    "168": 355360.8740397965,
    "169": 158594.2585310042,
    "170": 252611.90947420735,
    "171": 395731.8064930268,
    "172": 424384.4024078068,
    "173": 124891.47897487319,
    "174": 427106.8250655144,
    "175": 412000.00748590176,
    "176": 222058.22937681756,
    "177": 130843.05902545489,
    "178": 182093.79414552634,
    "179": 139250.96457227538,
    "180": 250243.93398981978,
    "181": 223685.90625517862,
    "182": 269111.3683961819,
    "183": 137444.9798435306,
    "184": 101164.79807506583,
    "185": 28761.08243587617,
    "186": 167671.76190908212,
    "187": 473100.8225971494,
    "188": 535029.4297703666,
    "189": 547185.6006064758,
    "190": 426276.7701881315,
    "191": 71589.64139278435,
    "192": 286383.8454345108,
    "193": 360638.88329375064,
    "194": 172404.88530428722,
    "195": 104035.17832248582,
    "196": 157385.83198113542,
    "197": 175191.19697241977,
    "198": 424996.8586515246,
    "199": 254743.41221596405,
    "200": 147204.22548070812,
    "201": 341452.4643115858,
    "202": 699245.4809368451,
    "203": 161714.9749699496,
    "204": 181975.23575039153,
    "205": 246633.00094772442,
    "206": 433584.8490330264,
    "207": 365392.46745425434,
    "208": 559488.4280018477,
    "209": 480145.84963383706,
    "210": 220026.09910830946,
    "211": 318248.20463661675,
    "212": 74731.90013200113,
    "213": 120711.76576829793,
    "214": 76874.99904856208,
    "215": 209172.29797872924,
    "216": 217955.1246390013,
    "217": 81540.42729726124,
    "218": 158999.5631692973,
    "219": 196647.21641547195,
    "220": 112918.6517585858,
    "221": 458294.94758657995,
    "222": 109390.86560030207,
    "223": 296695.4932601648,
    "224": 143541.5719495552,
    "225": 280061.8693119938,
    "226": 309571.7786965975,
    "227": 425641.11783713836,
    "228": 345014.9533893118,
    "229": 259037.2116081601,
    "230": 368127.23532721755,
    "231": 759358.3662382282,
    "232": 408721.00036042783,
    "233": 334860.0973386527,
    "234": 178548.97888958207,
    "235": 197310.8829544314,
    "236": 107637.65417856134,
    "237": 181457.6079071492,
    "238": 614665.2789922877,
    "239": 242213.7748593355,
    "240": 111273.94083171517,
    "241": 94125.12639523187,
    "242": 415487.57155165536,
    "243": 12878.547201334643,
    "244": 252053.69707927608,
    "245": 243262.10946467996,
    "246": 168712.00506319304,
    "247": 709241.393875463,
    "248": 9328.372228587406,
    "249": 34730.77694112643,
    "250": 354634.4231435086,
    "251": 399158.89942305215,
    "252": 151402.0978746995,
    "253": 133226.09972524366,
    "254": 215069.8756292197,
    "255": 144018.0477170299,
    "256": 193047.2895853141,
    "257": 417201.2079553077,
    "258": 362267.22092408343,
    "259": 576669.4866892236,
    "260": 154359.24483176073,
    "261": 127256.23754304195,
    "262": 235686.8063599714,
    "263": 291022.830750046,
    "264": 204570.1647973953,
    "265": 299665.43763957685,
    "266": 101258.42003559424,