{
    "1": 270059.01665366295,
    "2": 121822.03293133617,
    "3": 296217.7907872701,
    "4": 254627.75236342312,
    "5": 315438.80361054855,
    "6": 196221.2552199549,
    "7": 74220.84839154556,
    "8": 130425.55527740356,
    "9": 196291.57218089467,
    "10": 509894.78341908235,
    "11": 237204.91830505338,
    "12": 206322.14814332392,
    "13": 412805.765755338,
    "14": 87046.55011213759,
    "15": 342037.446462337,
    "16": 208604.01511358802,
    "17": 158080.17952943532,
    "18": 169464.62632742058,
    "19": 269376.65367701935,
    "20": 211472.70919785992,
    "21": 362045.87772852014,
    "22": 245422.7316797693,
    "23": 225477.7121646157,
    "24": 770137.457344372,
    "25": 101338.67186640661,
    "26": 45463.39360349227,
    "27": 591833.7469069542,
    "28": 151605.4451461066,
    "29": 111102.14822613209,
    "30": 348622.64022700506,
    "31": 368223.3892020163,
    "32": 237062.42958523252,
    "33": 199624.6464952161,
    "34": 96632.17373989306,
    "35": 492408.1110827077,
    "36": 612987.7874811749,
    "37": 232947.85480473808,
    "38": 210976.45521606033,
    "39": 160463.5320613197,
    "40": 208582.32409564656,
    "41": 453432.60721336503,
    "42": 217227.45474067202,
    "43": 376414.4231500722,
    "44": 252447.57705609154,
    "45": 239461.61236569606,
    "46": 581243.2320083417,
    "47": 208992.1707037969,
    "48": 436230.4674072555,
    "49": 132892.40403343958,
    "50": 11928.021462234774,
    "51": 76328.29623966933,
    "52": 167659.69170791827,
    "53": 441186.8375239872,
    "54": 505321.7523619941,
    "55": 229933.65911097318,
    "56": 522177.91874966555,
    "57": 384110.80198731076,
    "58": 55522.81689578585,
    "59": 238044.17063018653,
    "60": 198086.37310141927,
    "61": 185074.59245764365,
    "62": 394129.4515532682,
    "63": 504546.9745187436,
    "64": 234617.65761512917,
    "65": 369033.4116408739,
    "66": 319381.6024412295,
    "67": 263443.27777969366,
    "68": 291342.8473638334,
    "69": 260988.02428805703,
    "70": 309939.4848386107,
    "71": 368120.68429407146,
    "72": 391873.78486434935,
    "73": 106279.76793707586,
    "74": 354311.1358403447,
    "75": 381041.38937335106,
    "76": 147133.4606375584,
    "77": 159423.7597580759,
    "78": 136761.17982232,
    "79": 38235.46001203411,
    "80": 92658.13174299173,
    "81": 470846.5516741269,
    "82": 96596.16377641111,
    "83": 408955.5280773083,
    "84": 120735.23186885598,
    "85": 151231.17123037358,
    "86": 142582.7398434012,
    "87": 51637.09612683702,
    "88": 102198.1864340716,
    "89": 248936.8207584454,
    "90": 234447.7833404969,
    "91": 88585.53526424388,
    "92": 171878.1338482595,
    "93": 124132.8672566366,
    "94": 490453.1266732526,
    "95": 142222.2714214881,
    "96": 49490.51178486117,
    "97": 297359.52885594533,
    "98": 37164.90876195704,
    "99": 470707.4307393439,
    "100": 22953.487808986094,
    "101": 333922.07668628707,
    "102": 162085.32912448316,
    "103": 60805.295710644015,
    "104": 298000.94792572776,
    "105": 214732.74579855133,
    "106": 245114.01126433973,
    "107": 608526.6211259472,
    "108": 129838.63603578089,
    "109": 72991.61482580022,
    "110": 130456.74963217291,
    "111": 521552.36386916763,
    "112": 275856.8485685071,
    "113": 121354.93903661161,
    "114": 57422.9934594718,
    "115": 145867.1281753906,
    "116": 103801.06438289263,
    "117": 475019.94968286174,
    "118": 133975.70250128806,
    "119": 81506.72390173092,
    "120": 281705.645048801,
    "121": 217734.85106429207,
    "122": 299627.4902691028,
    "123": 103644.36132611465,
    "124": 257337.373461697,
    "125": 234190.8660675246,
    "126": 398717.1967074402,
    "127": 52350.551289967225,
    "128": 435383.23136693926,
    "129": 110127.8567762558,
    "130": 385492.74576902064,
    "131": 243957.31580290396,
    "132": 254201.53666527523,
    "133": 279432.38889949257,
    "134": 194965.66467124576,
    "135": 303683.19018802914,
    "136": 686369.624887033,
    "137": 216658.3904270215,
    "138": 266967.6162871135,
    "139": 214226.3472222637,
    "140": 98155.34593768134,
    "141": 1031835.6877641182,
    "142": 52282.058779356215,
    "143": 609157.3198559681,
    "144": 311559.8389677275,
    "145": 105729.79247204769,
    "146": 388607.2271470422,
    "147": 397894.90744803194,
    "148": 362010.58510084456,
    "149": 142110.97855247706,
    "150": 131946.1984839477,
    "151": 539926.061317068,
    "152": 47865.71913521079,
    "153": 138862.1754601342,
    "154": 578729.0473072792,
    "155": 358940.11840360175,
    "156": 223780.29584089553,
    "157": 249019.88988607365,
    "158": 1043687.9188665927,
    "159": 333114.432395091,
    "160": 152154.31525684329,
    "161": 676631.7398494035,
    "162": 275425.43902970897,
    "163": 44377.95066541732,
    "164": 207807.60689571514,
    "165": 104415.05067416662,
    "166": 360362.1544545858,
    "167": 423662.131889002,
    "168": 150752.07367991237,
    "169": 27900.469233888136,
    "170": 108744.55116048358,
    "171": 181464.13193897702,
    "172": 310998.72566318687,
    "173": 47777.14365267202,
    "174": 315872.11129451124,
    "175": 377977.19493701943,
    "176": 299621.104119222,
    "177": 161681.67618736465,
    "178": 108083.90179217792,
    "179": 155683.62704478062,
    "180": 315784.95501750166,
    "181": 157559.32169172843,
    "182": 61102.97253681484,
    "183": 229305.886353706,
    "184": 417051.7621479685,
    "185": 147496.2321532976,
    "186": 467833.5232280352,
    "187": 464992.0387063589,
    "188": 133669.0052917257,
    "189": 276900.261455591,
    "190": 340169.18014333147,
    "191": 455313.18604398903,
    "192": 428005.8766074682,
    "193": 118636.87635715901,
    "194": 121471.0758457364,
    "195": 443347.14622639643,
    "196": 464257.73130465514,
    "197": 196835.9927355166,
    "198": 74955.63964447628,
    "199": 242825.00828845342,
    "200": 193466.82174117106,
    "201": 430012.80688210385,
    "202": 94912.78298782323,
    "203": 697799.2525542805,
    "204": 155543.8018988094,
    "205": 203528.87375528514,
    "206": 284308.726229006,
    "207": 44017.19209459684,
    "208": 277237.79592942196,
    "209": 459537.65311985376,
    "210": 513292.3342921446,
    "211": 333391.0827866434,
    "212": 137733.9467781278,
    "213": 255741.91994144104,
    "214": 57288.082915714476,
    "215": 297251.47589669394,
    "216": 135218.68688517498,
    "217": 399251.0078298995,
    "218": 48137.05808780485,
    "219": 49805.3974669296,
    "220": 355036.87131868233,
    "221": 164932.19109700667,
    "222": 395235.3680872912,
    "223": 58028.991109309616,
    "224": 426909.11235373974,
    "225": 289730.5650739198,
    "226": 491380.21863654023,
    "227": 597465.419509783,
    "228": 228925.99081861862,
    "229": 168208.0264733533,
    "230": 197255.52843466244,
    "231": 288875.43114867806,
    "232": 627655.6308337777,
    "233": 234471.89766496123,
    "234": 213629.43068793553,
    "235": 246884.3117407859,
    "236": 130469.02890160368,
    "237": 414619.63091097726,
    "238": 289957.1528421446,
    "239": 130695.66582019156,
    "240": 147022.3240913603,
    "241": 329362.95389097213,
    "242": 165044.62988901473,
    "243": 218446.0585110222,
    "244": 488337.63214828435,
    "245": 101570.66737065135,
    "246": 118316.20523434848,
    "247": 618460.9018610447,
    "248": 77758.58531782695,
    "249": 304669.02099687763,
    "250": 126362.72187728313,
    "251": 451472.0523823091,
    "252": 278605.8986735279,
    "253": 225334.2802797804,
    "254": 275497.3325040301,
    "255": 347622.69489214453,
    "256": 373424.0070414196,
    "257": 274276.94135782,
    "258": 229176.29578248138,
    "259": 695377.9253938978,
    "260": 433946.5545758404,
    "261": 322077.1395400547,
    "262": 268107.8856394056,
    "263": 738815.9487300204,
    "264": 509135.06819203775,
    "265": 176317.05829818497,
    "266": 218120.15205523925,