{
    "1": 162319.3398034147,
    "2": 228665.720823327,
    "3": 126621.41496407831,
    "4": 83345.19738306239,
    "5": 114533.27338203437,
    "6": 373695.71638316923,
    "7": 145069.48370839257,
    "8": 178391.30237642984,
    "9": 143322.8233531911,
    "10": 179638.7916279413,
    "11": 31205.08508988729,
    "12": 175389.26281536007,
    "13": 231265.86139588297,
    "14": 411611.02675452107,
    "15": 355995.09329078783,
    "16": 151875.13018993058,
    "17": 311279.1408719895,
    "18": 161901.5746953074,
    "19": 91585.44015114984,
    "20": 90177.75962847356,
    "21": 343567.8186265114,
    "22": 218116.4699250193,
    "23": 108433.75702716144,
    "24": 263992.2841250531,
    "25": 119620.90942582907,
    "26": 619379.9972154549,
    "27": 589121.4436245991,
    "28": 95300.34116354189,
    "29": 320288.058484684,
    "30": 285465.78772491415,
    "31": 263338.8389206244,
    "32": 472499.25835979724,
    "33": 190327.62648556652,
    "34": 158749.98750162043,
    "35": 67222.67975135832,
    "36": 375961.0971598067,
    "37": 97600.37741794053,
    "38": 232419.64704126355,
    "39": 161986.87571691995,
    "40": 128085.9845624627,
    "41": 247733.60059602,
    "42": 299647.4983279352,
    "43": 538385.0122828301,
    "44": 128973.18139633819,
    "45": 237499.18271369892,
    "46": 126567.44450892392,
    "47": 87803.30872533485,
    "48": 393540.82289951446,
    "49": 207257.27269587741,
    "50": 272267.38780876785,
    "51": 135432.0155760305,
    "52": 108964.69406373793,
    "53": 41683.05001591649,
    "54": 638014.8576323285,
    "55": 452041.2805952639,
    "56": 195314.63673398364,
    "57": 679420.2257718387,
    "58": 131774.3478880369,
    "59": 345544.5885343615,
    "60": 325377.51182993565,
    "61": 258986.33404880247,
    "62": 289935.8736987464,
    "63": 254605.54130609735,
    "64": 266573.939057877,
    "65": 123706.73540569512,
    "66": 132779.7369473926,
    "67": 407943.8620185722,
    "68": 463023.27871684765,
    "69": 380464.55879691034,
    "70": 448326.1973650073,
    "71": 420279.83222312253,
    "72": 222750.12797039776,
    "73": 603371.0559780323,
    "74": 437804.5766918027,
    "75": 179955.62410747362,
    "76": 60360.63682687573,
    "77": 90618.68034126784,
    "78": 98720.99144147095,
    "79": 235985.54231832357,
    "80": 124869.77010043238,
    "81": 71688.25015719549,
    "82": 301604.9990785584,
    "83": 154945.18783746817,
    "84": 96466.15622412783,
    "85": 185122.23491836013,
    "86": 48396.0583064492,
    "87": 841133.0786038592,
    "88": 125304.70209500096,
    "89": 317767.9141735229,
    "90": 95275.04229756352,
    "91": 272913.7252492451,
    "92": 752130.5300156991,
    "93": 134293.53659269787,
    "94": 21601.408770102338,
    "95": 340244.54447041545,
    "96": 264684.09161724633,
    "97": 223383.9973021248,
    "98": 202603.4743342885,
    "99": 133759.23212449718,
    "100": 188601.0045048176,
    "101": 161897.17952168072,
    "102": 243431.80353856084,
    "103": 115199.23424826466,
    "104": 228208.05635684088,
    "105": 405722.7344896693,
    "106": 242973.3729340421,
    "107": 342899.60030528886,
    "108": 933264.4604417535,
    "109": 446823.74376618874,
    "110": 132340.1746646714,
    "111": 601403.4648979892,
    "112": 142937.39736994263,
    "113": 260563.57273838104,
    "114": 465355.3965018129,
    "115": 144216.65792272222,
    "116": 701314.7210327336,
    "117": 239173.29607395237,
    "118": 230838.4083915484,
    "119": 353460.826813155,
    "120": 197087.6800088242,
    "121": 62454.03772001481,
    "122": 350623.68438591465,
    "123": 278222.01332884043,
    "124": 273760.1096527462,
    "125": 589871.154951935,
    "126": 175911.34169704674,
    "127": 324168.3251310807,
    "128": 78104.69633582758,
    "129": 230712.6857806324,
    "130": 269125.1204432974,
    "131": 233689.48872190635,
    "132": 130800.41152810965,
    "133": 327923.3486590379,
    "134": 380060.297814476,
    "135": 310820.7280767203,
    "136": 262146.4306105598,
    "137": 370270.6517574072,
    "138": 173332.219138528,
    "139": 498432.8196601563,
    "140": 133112.12693186046,
    "141": 55125.517865255344,
    "142": 234280.66211058362,
    "143": 547378.4107905424,
    "144": 149999.3468856003,
    "145": 135720.92984435507,
    "146": 50631.992659450036,
    "147": 863950.2270248866,
    "148": 684885.4698654043,
    "149": 188561.76109264273,
    "150": 116341.28205782296,
    "151": 144627.52472194884,
    "152": 235562.55946525047,
    "153": 158915.85800984965,
    "154": 364822.2109321445,
    "155": 658052.3060779839,
    "156": 468593.6609014123,
    "157": 100898.64179177236,
    "158": 165963.93447504324,
    "159": 241133.95363343894,
    "160": 234394.66399596105,
    "161": 340146.3125853504,
    "162": 196802.5724805646,
    "163": 137599.06032473157,
    "164": 287220.48924734164,
    "165": 43184.176440677664,
    "166": 215439.69986065762,
    "167": 130511.65855566808,
    "168": 124611.6709863626,
    "169": 303727.6760619829,
    "170": 343664.01143928914,
    "171": 485460.0514507002,
    "172": 81616.86103202558,
    "173": 79522.6388784202,
    "174": 404660.14968248055,
    "175": 154695.25343814702,
    "176": 442336.6766833331,
    "177": 216990.83926895115,
    "178": 299035.72425406665,
    "179": 561012.0633196343,
    "180": 155000.24821404996,
    "181": 341331.6176076594,
    "182": 150529.86683173268,
    "183": 143742.759005702,
    "184": 92571.90361618859,
    "185": 54562.57768436015,
    "186": 459929.94139449473,
    "187": 251657.5346141626,
    "188": 226395.53902566718,
    "189": 252228.26907275495,
    "190": 299921.6541854409,
    "191": 579554.8372456508,
    "192": 255869.28855288037,
    "193": 282542.7796219652,
    "194": 262704.7419013239,
    "195": 392753.9510145107,
    "196": 258905.6247472888,
    "197": 458861.7589429177,
    "198": 255685.494994394,
    "199": 262996.6556336123,
    "200": 91858.24777135032,
    "201": 202593.78868336632,
    "202": 329583.5514824565,
    "203": 151242.78012528497,
    "204": 98515.0795117625,
    "205": 511093.052366389,
    "206": 236999.3657728743,
    "207": 315249.7272964529,
    "208": 198768.86927596276,
    "209": 115747.81936115329,
    "210": 189357.10691913517,
    "211": 64958.34204354279,
    "212": 156198.61432629748,
    "213": 250809.28476537188,
    "214": 157584.75409434666,
    "215": 257093.09903360019,
    "216": 262029.1163567642,
    "217": 61402.957021322276,
    "218": 53889.83002476843,
    "219": 401932.05461689935,
    "220": 289554.18457321887,
    "221": 102077.7465070059,
    "222": 124159.3434442896,
    "223": 415320.26413577865,
    "224": 1050998.9509473336,
    "225": 538119.5187579617,
    "226": 264473.5823216386,
    "227": 71543.52389804691,
    "228": 15357.511373797654,
    "229": 222110.61647812178,
    "230": 172137.13370549618,
    "231": 114679.4360550852,
    "232": 134143.38895471342,
    "233": 77119.66060617848,
    "234": 190956.50696354662,
    "235": 233913.21404609605,
    "236": 256451.58697855123,
    "237": 315137.4693080947,
    "238": 160113.5621206213,
    "239": 223756.2304074698,
    "240": 168595.15293782268,
    "241": 545243.1356640565,
    "242": 178605.0551974498,
    "243": 239976.87124982793,
    "244": 355012.13657138764,
    "245": 57561.004926686735,
    "246": 349352.5479198301,
    "247": 138280.30655265832,
    "248": 118244.31516906513,
    "249": 234676.74745529625,
    "250": 203669.58334809702,
    "251": 209569.0749839877,
    "252": 57464.680771063766,
    "253": 459246.10934575007,
    "254": 62492.61331364239,
    "255": 148367.88599874947,
    "256": 11650.102190805197,
    "257": 43129.43099976298,
    "258": 177954.10246695066,
    "259": 128866.89691162435,
    "260": 36187.786536387976,
    "261": 173686.59065924818,
    "262": 256574.55489718914,
    "263": 246215.6609173036,
    "264": 231586.6767400717,
    "265": 350458.2846872164,
    "266": 55300.234266490035,