{
    "1": 169562.82100890955,
    "2": 87132.57228138957,
    "3": 79898.92027697485,
    "4": 189566.67044916275,
    "5": 89357.33797798106,
    "6": 37270.23276241474,
    "7": 45768.59619210111,
    "8": 58042.94570532612,
    "9": 75010.21885328114,
    "10": 74123.61227324925,
    "11": 621448.9443426128,
    "12": 119283.44393688593,
    "13": 435799.91700179497,
    "14": 8867.432368070955,
    "15": 10675.423632018154,
    "16": 373150.45073102973,
    "17": 126411.93564519912,
    "18": 200818.93963644598,
    "19": 106790.89001737449,
    "20": 186610.52643535822,
    "21": 441541.8553284984,
    "22": 21545.721497635055,
    "23": 323577.96136635466,
    "24": 641657.5189399696,
    "25": 324828.0857894431,
    "26": 128668.19257501683,
    "27": 277620.158645457,
    "28": 514465.3052910662,
    "29": 34079.26303929729,
    "30": 199463.70876470653,
    "31": 249806.4414465633,
    "32": 105062.01765743735,
    "33": 208687.4419595661,
    "34": 593592.4096132097,
    "35": 9967.628426153415,
    "36": 401034.2927944989,
    "37": 294176.674328384,
    "38": 227284.58658684226,
    "39": 128952.59577796342,
    "40": 271426.7300509894,
    "41": 283553.0066117214,
    "42": 335544.18802206457,
    "43": 327637.2332097865,
    "44": 550965.1913356176,
    "45": 118991.5673259089,
    "46": 57951.05635064889,
    "47": 193466.503741627,
    "48": 344779.1226306314,
    "49": 202849.4964359541,
    "50": 337872.9696474657,
    "51": 690791.7033504013,
    "52": 95258.67545074776,
    "53": 360620.32943306223,
    "54": 263447.7281133536,
    "55": 130728.46023964112,
    "56": 319271.5305454612,
    "57": 110455.96845917501,
    "58": 194825.8015572814,
    "59": 264240.6369622014,
    "60": 216795.5962265745,
    "61": 197235.35084668224,
    "62": 89435.70141600801,
    "63": 272053.709850254,
    "64": 366707.7487550539,
    "65": 267261.91986743273,
    "66": 377522.1585548864,
    "67": 316575.12282795773,
    "68": 389035.2563585455,
    "69": 266396.2993985289,
    "70": 585622.2035702236,
    "71": 225072.11453793442,
    "72": 111527.06366303269,
    "73": 484647.8959440933,
    "74": 41699.403766275806,
    "75": 293284.5163858446,
    "76": 342794.74969323236,
    "77": 575740.9884876208,
    "78": 390555.3876052166,
    "79": 86739.88003822611,
    "80": 48940.523100754304,
    "81": 123857.93094731515,
    "82": 309373.65493994515,
    "83": 337005.4882578868,
    "84": 497997.94034647377,
    "85": 174750.89469902523,
    "86": 148597.47165989687,
    "87": 87209.88032339874,
    "88": 329051.5157298189,
    "89": 15421.478219049388,
    "90": 152422.93071886036,
    "91": 364376.98773191014,
    "92": 94254.24887291586,
    "93": 201679.84129778724,
    "94": 266063.99406109867,
    "95": 264818.45405189076,
    "96": 48425.626718273925,
    "97": 172337.57631180345,
    "98": 376386.5485813213,
    "99": 187887.74283154545,
    "100": 264352.0672580476,
    "101": 661748.9226474785,
    "102": 728234.7616026418,
    "103": 67752.97413963465,
    "104": 28455.139068033808,
    "105": 131546.71081758602,
    "106": 129711.08295195866,
    "107": 554990.3209152458,
    "108": 532245.8550251909,
    "109": 501640.0778722753,
    "110": 261793.88701687715,
    "111": 470801.9298815911,
    "112": 53335.51117742841,
    "113": 367166.17601904174,
    "114": 156007.95433839018,
    "115": 310589.28419591114,
    "116": 352718.5920961309,
    "117": 375482.4056259079,
    "118": 865359.6551362938,
    "119": 114500.51020859923,
    "120": 53330.948087605684,
    "121": 174228.9461665603,
    "122": 510735.2627062484,
    "123": 407931.07064310455,
    "124": 193385.66113526153,
    "125": 141061.98104699553,
    "126": 77768.77415915666,
    "127": 528979.9980709226,
    "128": 186150.4623919538,
    "129": 273936.3068945806,
    "130": 44591.984031397995,
    "131": 114922.4760126862,
    "132": 771594.5827372369,
    "133": 49258.42974052737,
    "134": 345259.030535734,
    "135": 337264.77844394906,
    "136": 616000.6643513326,
    "137": 377581.3975225356,
    "138": 125506.9896627014,
    "139": 115459.81168918603,
    "140": 108117.94891308509,
    "141": 42222.801566409165,
    "142": 368146.26824227994,
    "143": 622196.2926286014,
    "144": 319191.12585228303,
    "145": 204725.85152719822,
    "146": 276050.1082232978,
    "147": 172071.8209013351,
    "148": 441455.5942774635,
    "149": 413746.04488608893,
    "150": 266172.5490392179,
    "151": 110564.91701822792,
    "152": 25777.81887801044,
    "153": 152860.58539679804,
    "154": 277538.35014836804,
    "155": 188110.61235638175,
    "156": 222021.244938939,
    "157": 297782.2616690561,
    "158": 229893.88759930673,
    "159": 303450.79224802507,
    "160": 45087.79034206359,
    "161": 408592.25196491886,
    "162": 387808.26448099053,
    "163": 477438.35990564676,
    "164": 108606.46581538743,
    "165": 126823.01156867087,
    "166": 264250.19332601165,
    "167": 92181.1643676733,
    "168": 318540.73495245894,
    "169": 26771.547748667843,
    "170": 281046.9047858727,
    "171": 159185.7284408347,
    "172": 256885.83293874445,
    "173": 412977.15189789305,
    "174": 267945.1896370072,
    "175": 165723.2640068099,
    "176": 64891.47773617742,
    "177": 273477.6605665177,
    "178": 189454.63291555396,
    "179": 278449.5004098055,
    "180": 164955.32265653156,
    "181": 259854.95735806815,
    "182": 123251.78933556752,
    "183": 469904.7051203979,
    "184": 337662.9884938038,
    "185": 165345.94819660368,
    "186": 140120.0659969981,
    "187": 194652.44904672654,
    "188": 40031.020400831316,
    "189": 36223.836607073725,
    "190": 376626.9523950459,
    "191": 195384.2979259999,
    "192": 279168.02433728654,
    "193": 189799.95359762313,
    "194": 188761.41920097268,
    "195": 752414.5366336477,
    "196": 195974.97567990856,
    "197": 58213.264643437564,
    "198": 184092.20680529662,
    "199": 128225.64857557525,
    "200": 101668.06271623958,
    "201": 712709.884453579,
    "202": 356174.2299992368,
    "203": 533879.4395324115,
    "204": 42519.24150173646,
    "205": 52678.49532978131,
    "206": 50095.93360219932,
    "207": 29643.826575676947,
    "208": 264800.20690585853,
    "209": 685282.9738091079,
    "210": 276584.4732048716,
    "211": 392521.3146748467,
    "212": 195409.8316477034,
    "213": 413346.66816841415,
    "214": 44645.68974876832,
    "215": 659924.0103759378,
    "216": 303012.9730428626,
    "217": 204518.27329649305,
    "218": 732534.0316773587,
    "219": 98273.83103422988,
    "220": 227408.95244574695,
    "221": 274033.7066473072,
    "222": 164311.37014517785,
    "223": 414744.3376114236,
    "224": 275785.9164746068,
    "225": 208552.6087622871,
    "226": 638359.7120499089,
    "227": 199797.267279856,
    "228": 402716.6242556142,
    "229": 118764.3423560358,
    "230": 277756.0689661739,
    "231": 36299.9976574432,
    "232": 215909.72717726824,
    "233": 494550.0910241426,
    "234": 145429.61296073857,
    "235": 334917.0671181164,
    "236": 145015.65620953622,
    "237": 318443.2313426865,
    "238": 400038.17135457543,
    "239": 182868.9365334987,
    "240": 238826.95101364874,
    "241": 205980.92732509147,
    "242": 223909.15404146654,
    "243": 290601.54372125806,
    "244": 328854.91733978316,
    "245": 167993.8413173862,
    "246": 314068.4820819146,
    "247": 167815.44813049518,
    "248": 222894.79298179763,
    "249": 138052.08956092462,
    "250": 282392.0170835414,
    "251": 57196.611375734334,
    "252": 176347.97208742236,
    "253": 194016.6917193675,
    "254": 478934.2590885253,
    "255": 66028.23229319094,
    "256": 515099.4718865557,
    "257": 388696.0287712727,
    "258": 886841.1384111866,
    "259": 319725.2108473332,
    "260": 49840.20326694439,
    "261": 137653.12087852808,
    "262": 110939.66280400503,
    "263": 82727.61088374624,
    "264": 331260.1554016786,
    "265": 143662.4005191086,
    "266": 276566.63830676826,