{
    "1": 384046.80277453596,
    "2": 136322.21654233636,
    "3": 579512.1922975677,
    "4": 436374.4166767854,
    "5": 200902.36967279913,
    "6": 231757.0573172555,
    "7": 57758.881759234355,
    "8": 249452.32232592595,
    "9": 289183.8068226465,
    "10": 423628.4072213019,
    "11": 100968.29744449598,
    "12": 141010.20095722828,
    "13": 113780.25107326801,
    "14": 247516.54603299533,
    "15": 343659.59091596695,
    "16": 231192.08069084786,
    "17": 112821.78846185503,
    "18": 214591.41084765366,
    "19": 168485.6613321672,
    "20": 215995.66859388488,
    "21": 144374.4655373665,
    "22": 114751.95758097942,
    "23": 559795.2988027793,
    "24": 122646.11633274776,
    "25": 88154.98260038884,
    "26": 27539.28749478377,
    "27": 384649.44970505504,
    "28": 472816.938312494,
    "29": 190497.23495137633,
    "30": 190418.38056506755,
    "31": 1054973.6976204356,
    "32": 306668.92734579585,
    "33": 243579.44766921105,
    "34": 782625.0572149093,
    "35": 166096.68682958427,
    "36": 133785.7251467693,
    "37": 29970.04371477275,
    "38": 198663.04172670285,
    "39": 257672.1545538358,
    "40": 135025.63803250765,
    "41": 419510.8153347677,
    "42": 277918.58599774947,
    "43": 358663.535230646,
    "44": 161027.18774389505,
    "45": 143255.14179584413,
    "46": 46684.67792381866,
    "47": 253696.94122410475,
    "48": 582864.9875142681,
    "49": 173823.34528623242,
    "50": 873441.2113995923,
    "51": 180186.49564037193,
    "52": 184892.47919856734,
    "53": 287184.6624845898,
    "54": 514852.37273172266,
    "55": 336871.35277658515,
    "56": 211435.8707771349,
    "57": 882816.8093298227,
    "58": 48526.54131163605,
    "59": 177124.78511363384,
    "60": 322588.49905339745,
    "61": 274109.55064982997,
    "62": 198802.66622625827,
    "63": 142455.18253249943,
    "64": 535299.6707996803,
    "65": 138062.2700264551,
    "66": 57235.38494737928,
    "67": 99675.86877749937,
    "68": 768608.7269277722,
    "69": 103331.1831638146,
    "70": 194335.38159574082,
    "71": 266406.6578477677,
    "72": 93794.97760277335,
    "73": 375123.64942208456,
    "74": 220214.83180015947,
    "75": 512822.7152940006,
    "76": 171232.7371110204,
    "77": 222721.16015086038,
    "78": 343582.5727190023,
    "79": 419258.36370908434,
    "80": 98512.32902576121,
    "81": 349599.61114703235,
    "82": 814140.2308588335,
    "83": 814016.8449587378,
    "84": 719017.2122714628,
    "85": 73408.08879891998,
    "86": 259404.4611539706,
    "87": 32562.429918710986,
    "88": 126914.51450187856,
    "89": 277028.1367630673,
    "90": 505235.3107877822,
    "91": 437614.1586344171,
    "92": 300741.2220101299,
    "93": 697149.8304731459,
    "94": 132523.9367181212,
    "95": 538363.9947684712,
    "96": 204905.28878189373,
    "97": 98035.05119070497,
    "98": 234112.06971631278,
    "99": 310445.57813986373,
    "100": 26305.960172732008,
    "101": 424134.22355520993,
    "102": 271971.90421268257,
    "103": 276391.96632979496,
    "104": 272079.0282320875,
    "105": 191975.5758270897,
    "106": 317302.0513134564,
    "107": 375021.60121022415,
    "108": 333907.7901343478,
    "109": 353952.5233431388,
    "110": 750569.5254333323,
    "111": 412199.09072592243,
    "112": 291863.69510227017,
    "113": 461070.5291156514,
    "114": 617767.51704566,
    "115": 266205.3841283853,
    "116": 71992.8272531031,
    "117": 393294.6794911921,
    "118": 689073.7624539385,
    "119": 149854.45705116092,
    "120": 166657.96248337268,
    "121": 307901.11421412334,
    "122": 144016.768172841,
    "123": 97955.30543617957,
    "124": 59273.98556744032,
    "125": 233389.8484709156,
    "126": 290347.1539644283,
    "127": 1217897.473724589,
    "128": 505586.2404242678,
    "129": 376897.42888089316,
    "130": 445044.8239855892,
    "131": 298218.84262237337,
    "132": 257198.72837985127,
    "133": 185723.3553671269,
    "134": 195771.40254281095,
    "135": 241607.83525330847,
    "136": 219988.59535520704,
    "137": 105884.85107027528,
    "138": 295313.5414173444,
    "139": 343269.4915335162,
    "140": 175079.85316961358,
    "141": 183143.6312436479,
    "142": 158696.59238237806,
    "143": 616066.6969803922,
    "144": 257647.66429917392,
    "145": 126949.70334585794,
    "146": 496802.0059804137,
    "147": 200071.05574881475,
    "148": 184735.6259850399,
    "149": 173502.94546011742,
    "150": 277757.65125093487,
    "151": 104810.44788493519,
    "152": 610969.3601438387,
    "153": 141945.74912525504,
    "154": 372041.6969768093,
    "155": 104809.08543095468,
    "156": 378175.5958747499,
    "157": 184328.09684791908,
    "158": 400433.0513494718,
    "159": 52971.00792798088,
    "160": 313792.89462281676,
    "161": 275668.46724029124,
    "162": 296048.7446636092,
    "163": 233628.4817424794,
    "164": 257276.34472560743,
    "165": 56368.17400546578,
    "166": 335722.60330413515,
    "167": 322352.58324730716,
    "168": 256123.36885134666,
    "169": 252971.0535305956,
    "170": 50028.68491627448,
    "171": 164792.0247259405,
    "172": 146348.734327463,
    "173": 77436.59240015865,
    "174": 272424.0553973317,
    "175": 36090.52544740073,
    "176": 358691.44038692757,
    "177": 82310.17171921373,
    "178": 211383.09960500582,
    "179": 91011.26069186117,
    "180": 616431.6323788809,
    "181": 279211.59421813703,
    "182": 271315.1395257042,
    "183": 310754.6041116406,
    "184": 528312.609268163,
    "185": 273509.4810421911,
    "186": 514161.29709412437,
    "187": 73750.97617328046,
    "188": 70291.46004457901,
    "189": 584287.3247940752,
    "190": 202000.90131736477,
    "191": 303742.98391027894,
    "192": 558367.2151402193,
    "193": 286830.3388718509,
    "194": 700223.2446492697,
    "195": 99414.48792437903,
    "196": 116073.9471239865,
    "197": 380037.75995890243,
    "198": 194622.23401141202,
    "199": 228703.73881438698,
    "200": 408396.73386297416,
    "201": 174923.51750655522,
    "202": 295954.10220854863,
    "203": 23346.18867102713,
    "204": 82496.29017396849,
    "205": 86054.33313007916,
    "206": 46153.36519548311,
    "207": 78570.68977618436,
    "208": 241692.2429845703,
    "209": 39774.06042400179,
    "210": 243565.96860689222,
    "211": 349762.9312091048,
    "212": 266064.83798910916,
    "213": 194427.72357868825,
    "214": 324445.01891559147,
    "215": 707551.8642787965,
    "216": 290625.21553886763,
    "217": 354833.6446581698,
    "218": 188778.2944580707,
    "219": 387542.24405584024,
    "220": 130322.03636485436,
    "221": 120878.43988808682,
    "222": 226222.8514845501,
    "223": 504546.5532430371,
    "224": 167411.19344162886,
    "225": 248217.64745444624,
    "226": 248711.42312952253,
    "227": 247969.62917969792,
    "228": 173971.91160965958,
    "229": 609198.8660567774,
    "230": 286433.2298931366,
    "231": 441213.4967678763,
    "232": 330741.2939161283,
    "233": 199310.7693091234,
    "234": 23202.62515605924,
    "235": 284465.6218207835,
    "236": 665608.790391927,
    "237": 836259.1070505029,
    "238": 254500.36634543265,
    "239": 125297.82750924816,
    "240": 196127.92375245274,
    "241": 815207.9686540191,
    "242": 471878.914121459,
    "243": 41574.54432935249,
    "244": 228372.35640780654,
    "245": 248023.36857421664,
    "246": 178035.17642032934,
    "247": 260940.4478430176,
    "248": 343469.4853890271,
    "249": 67787.61504328316,
    "250": 260019.58255067954,
    "251": 185535.29540009005,
    "252": 426382.49336772197,
    "253": 159776.71149963012,
    "254": 325131.64089533786,
    "255": 446513.9170375933,
    "256": 518782.96804313286,
    "257": 543769.5335333013,
    "258": 67827.79864183303,
    "259": 431337.03034133086,
    "260": 45555.055455774775,
    "261": 37884.41004725184,
    "262": 318421.17285390326,
    "263": 343869.4630812801,
    "264": 389968.483911477,
    "265": 236384.37372420693,
    "266": 322114.1541826401,