{
    "1": 160981.8611474044,
    "2": 176032.62008600956,
    "3": 306572.1765096505,
    "4": 110982.10645706087,
    "5": 253463.79721783532,
    "6": 170589.72644090225,
    "7": 144271.0097376151,
    "8": 85572.18748378813,
    "9": 52488.67449616625,
    "10": 260172.5543968654,
    "11": 315864.323170705,
    "12": 554133.9034084844,
    "13": 332050.36140900984,
    "14": 482073.23716609465,
    "15": 111806.5173546018,
    "16": 115254.20640833577,
    "17": 234003.01529889554,
    "18": 25349.485348122525,
    "19": 196170.37447779442,
    "20": 95089.06355061854,
    "21": 268082.51242847694,
    "22": 230336.1035427439,
    "23": 776642.7685365676,
    "24": 112313.75154430019,
    "25": 48268.38408913242,
    "26": 338507.4734723976,
    "27": 486362.97976748,
    "28": 516315.9280542577,
    "29": 313300.8714497603,
    "30": 269974.8236964302,
    "31": 306802.5312427363,
    "32": 517602.3455297409,
    "33": 122746.78487381926,
    "34": 129817.21102513878,
    "35": 185881.17066018799,
    "36": 755303.2327663329,
    "37": 355111.43879794714,
    "38": 368832.4528228077,
    "39": 52560.12073080286,
    "40": 34669.75219093029,
    "41": 333912.530436617,
    "42": 303513.13379885297,
    "43": 69389.07053997378,
    "44": 57773.7037674966,
    "45": 410875.2335459192,
    "46": 112450.23528112353,
    "47": 272194.65226462384,
    "48": 279014.36700873246,
    "49": 116061.79812393995,
    "50": 268410.6658732441,
    "51": 245026.60934380125,
    "52": 218586.66605118482,
    "53": 141815.40826516735,
    "54": 94011.72472941142,
    "55": 124418.07379871923,
    "56": 369616.72935834556,
    "57": 374720.02903413685,
    "58": 304411.6837160365,
    "59": 292146.2098449232,
    "60": 1013729.43774444,
    "61": 205857.24491476727,
    "62": 90574.04306179682,
    "63": 301741.699158333,
    "64": 118624.49248918801,
    "65": 302145.4096176475,
    "66": 343003.1634106667,
    "67": 166713.67769561565,
    "68": 217912.63767434983,
    "69": 385259.40255809267,
    "70": 152551.65075159678,
    "71": 58141.07725438499,
    "72": 380715.5808137958,
    "73": 217038.90491091376,
    "74": 256723.62923707694,
    "75": 409949.79796064924,
    "76": 419723.0116027558,
    "77": 276069.92018894095,
    "78": 220989.56116860462,
    "79": 144851.87648925034,
    "80": 356246.90530652105,
    "81": 1080636.614291313,
    "82": 58602.120913479535,
    "83": 50441.17619958499,
    "84": 265614.0720465762,
    "85": 76451.57219500543,
    "86": 651739.1897151218,
    "87": 65705.96590749794,
    "88": 77753.90885416875,
    "89": 464574.1079688747,
    "90": 48230.94041808438,
    "91": 347468.1117886663,
    "92": 86797.10757513235,
    "93": 127328.73711639966,
    "94": 40949.017389830966,
    "95": 30583.378927812126,
    "96": 44147.25016419362,
    "97": 332241.1754170933,
    "98": 309011.71175758116,
    "99": 214048.36069775152,
    "100": 83906.25490111344,
    "101": 315111.652556276,
    "102": 338342.9679541288,
    "103": 192092.4426281945,
    "104": 273494.60490442655,
    "105": 208646.99743985434,
    "106": 338265.36833553266,
    "107": 249016.31067993818,
    "108": 461131.44470477855,
    "109": 313745.59419844556,
    "110": 268745.5859270141,
    "111": 202673.7758247673,
    "112": 110160.9958762295,
    "113": 9996.155285390183,
    "114": 64676.58744456618,
    "115": 179220.85234311744,
    "116": 227363.13154964126,
    "117": 89381.42862505386,
    "118": 181106.7343684818,
    "119": 358365.4946465771,
    "120": 609911.9483387386,
    "121": 322158.6501874035,
    "122": 370921.4226696363,
    "123": 197179.43963784288,
    "124": 168816.1725942286,
    "125": 425657.0700881532,
    "126": 32993.253036798,
    "127": 224016.20591672507,
    "128": 241031.50007748514,
    "129": 174037.8653139757,
    "130": 194121.39968116707,
    "131": 238197.46232856615,
    "132": 702850.2388073567,
    "133": 226314.8849764011,
    "134": 291489.6513511977,
    "135": 201585.98718678887,
    "136": 81186.24824606275,
    "137": 328085.43072790507,
    "138": 177131.5567335908,
    "139": 40022.26194995996,
    "140": 274797.82636762876,
    "141": 329108.091674378,
    "142": 682249.4312341027,
    "143": 222538.3002301717,
    "144": 308053.67391219933,
    "145": 29681.979138931576,
    "146": 174819.90402232177,
    "147": 150666.9556860072,
    "148": 353714.18873163406,
    "149": 332582.4538830095,
    "150": 420737.05292196275,
    "151": 188009.76647854678,
    "152": 334253.95242326875,
    "153": 317002.35840923944,
    "154": 136763.36279670428,
    "155": 331700.0694606034,
    "156": 159939.11968891905,
    "157": 111907.85288051033,
    "158": 356670.01478854136,
    "159": 77701.96835282684,
    "160": 93720.89758959491,
    "161": 335288.6529856789,
    "162": 122396.2993575572,
    "163": 378163.04416915687,
    "164": 138999.32461301694,
    "165": 238749.91650628482,
    "166": 120702.1692786122,
    "167": 522176.6794230974,
    "168": 341889.8530085452,
    "169": 347902.9136506021,
    "170": 876941.9611857225,
    "171": 15610.686006304493,
    "172": 394837.4398209161,
    "173": 108312.33276628116,
    "174": 374902.6538061476,
    "175": 59542.5311791178,
    "176": 20340.858257018583,
    "177": 262147.60741954326,
    "178": 485420.1797006551,
    "179": 329075.0334475216,
    "180": 163653.12433629448,
    "181": 442722.0964451217,
    "182": 832717.2778236484,
    "183": 138621.40207000516,
    "184": 11787.872802176298,
    "185": 77298.77324157041,
    "186": 140022.20534596057,
    "187": 655667.6547511097,
    "188": 80092.62591849762,
    "189": 151968.18373802752,
    "190": 296318.43889840593,
    "191": 390023.6475003499,
    "192": 246116.44474286964,
    "193": 90814.84632298267,
    "194": 221771.26786412855,
    "195": 134727.96661038254,
    "196": 248006.07563434803,
    "197": 238288.3855980495,
    "198": 323104.2424360794,
    "199": 355732.3150572199,
    "200": 15113.844642066548,
    "201": 145012.20460435608,
    "202": 902365.7390947838,
    "203": 353175.7328786715,
    "204": 278602.67480921716,
    "205": 121035.65106501081,
    "206": 81734.24341736005,
    "207": 41874.9730268477,
    "208": 43065.447363040024,
    "209": 426500.08303781593,
    "210": 142717.0256804403,
    "211": 722101.2815862481,
    "212": 117699.07979168378,
    "213": 176965.13559717825,
    "214": 48413.98727369367,
    "215": 264650.7038392479,
    "216": 228519.51767985412,
    "217": 399645.29951089184,
    "218": 381077.59577142505,
    "219": 115006.33228375908,
    "220": 329050.58295613853,
    "221": 182454.4269419741,
    "222": 49566.05525778515,
    "223": 243405.6090766207,
    "224": 185017.9795777518,
    "225": 139979.4656068736,
    "226": 255011.8765994702,
    "227": 205276.9432738574,
    "228": 625415.9210672103,
    "229": 538227.5126896192,
    "230": 182758.6963634462,
    "231": 117934.27643324865,
    "232": 111078.61784940504,
    "233": 352474.77692584106,
    "234": 196122.24915191423,
    "235": 599258.4209040374,
    "236": 71520.8206581814,
    "237": 669519.9358853311,
    "238": 867689.7105385374,
    "239": 317637.69112973235,
    "240": 81971.50803948277,
    "241": 177229.00352411118,
    "242": 374697.4483170749,
    "243": 174619.34978374673,
    "244": 501887.33113945177,
    "245": 234020.38696961122,
    "246": 226397.67348973418,
    "247": 67340.22018288665,
    "248": 803872.3298483877,
    "249": 237738.64018567416,
    "250": 109900.89984962228,
    "251": 84330.01046025682,
    "252": 80436.65570827527,
    "253": 180865.04130545325,
    "254": 60156.9110510921,
    "255": 64391.62447192938,
    "256": 403663.7409853134,
    "257": 196020.31268032797,
    "258": 405488.00655196025,
    "259": 233025.59222685575,
    "260": 411491.3645688816,
    "261": 88292.76485868583,
    "262": 139543.1561299049,
    "263": 670186.0420498557,
    "264": 258602.1308225284,
    "265": 212592.1290607455,
    "266": 233418.93490399714,