{
    "1": 6546.34338942149,
    "2": 1682.9116226900762,
    "3": 1539.5443077107275,
    "4": 7666.667724230591,
    "5": 3344.957256813402,
    "6": 586.5920772563511,
    "7": 6430.573904307696,
    "8": 4477.067773929034,
    "9": 2692.76425296866,
    "10": 5905.3067519938495,
    "11": 2728.6326076383484,
    "12": 2539.4879216128834,
    "13": 13601.332002065905,
    "14": 1835.8153943736527,
    "15": 9735.963265702883,
    "16": 5784.136269062898,
    "17": 3033.5436195287416,
    "18": 3199.885615284728,
    "19": 2135.8260112011485,
    "20": 15332.647199251916,
    "21": 1763.962713275785,
    "22": 1271.753672083066,
    "23": 5396.214116839401,
    "24": 4033.1027156272316,
    "25": 5675.293907696323,
    "26": 5636.194178931702,
    "27": 4872.969782514009,
    "28": 3531.865263614434,
    "29": 1598.8209981715963,
    "30": 3754.089973098449,
    "31": 2077.1566883200053,
    "32": 1771.8727887415578,
    "33": 1570.948984846746,
    "34": 8959.261875708235,
    "35": 3001.7013000904417,
    "36": 2924.773212162079,
    "37": 3220.8621901390525,
    "38": 1760.4976066003553,
    "39": 8731.17433459022,
    "40": 17339.346042993024,
    "41": 2959.208165702426,
    "42": 11720.00930331215,
    "43": 8730.81309199356,
    "44": 6704.468479895202,
    "45": 4786.262565660804,
    "46": 2051.692201038039,
    "47": 778.4146623247838,
    "48": 848.3663639905568,
    "49": 2542.8639075415563,
    "50": 1753.3400464419221,
    "51": 5481.5361248095,
    "52": 1632.4761320126504,
    "53": 1645.8302713592866,
    "54": 6070.35912443574,
    "55": 1937.883784462984,
    "56": 9670.447852176521,
    "57": 3906.933785697946,
    "58": 5224.841105944745,
    "59": 7812.543810577222,
    "60": 5203.002683325694,
    "61": 6708.727987460331,
    "62": 1853.062271079172,
    "63": 3449.8105285500237,
    "64": 2694.277946388848,
    "65": 1523.6210706841043,
    "66": 3745.1943868407125,
    "67": 9370.47731091914,
    "68": 4122.807966125812,
    "69": 4869.431068051997,
    "70": 4712.518495463636,
    "71": 1631.7418671927207,
    "72": 2292.422569611262,
    "73": 5595.450681617717,
    "74": 4610.94945902595,
    "75": 2565.607014242135,
    "76": 5336.340940806173,
    "77": 1068.471416883874,
    "78": 3981.582725212543,
    "79": 3411.89211170447,
    "80": 4802.177888923347,
    "81": 632.9069917002809,
    "82": 1895.6982140493362,
    "83": 947.0963749383827,
    "84": 2922.2853056505246,
    "85": 5731.862734385466,
    "86": 17057.18434579205,
    "87": 4347.930948501471,
    "88": 3093.0886884992724,
    "89": 6314.409811478847,
    "90": 3973.5322679064657,
    "91": 1664.519418949322,
    "92": 1861.495799913237,
    "93": 3493.1964008415607,
    "94": 2304.4718873105935,
    "95": 2487.277490358808,
    "96": 5960.267911526673,
    "97": 3019.774711498775,
    "98": 7254.634579484874,
    "99": 1515.681298706103,
    "100": 2128.6229828061482,
    "101": 10963.598715536318,
    "102": 3694.1731830767435,
    "103": 3555.6180500071896,
    "104": 3679.1854470058247,
    "105": 9121.390970672644,
    "106": 8051.956139511408,
    "107": 3225.7654152478817,
    "108": 2841.6922601901947,
    "109": 4843.276426323392,
    "110": 930.5543296217492,
    "111": 6620.746180187404,
    "112": 5317.208663842261,
    "113": 4616.609724040521,
    "114": 8255.804766553223,
    "115": 6641.780604618851,
    "116": 2737.308963896857,
    "117": 10192.562995020635,
    "118": 3400.6497147469886,
    "119": 9313.938339455874,
    "120": 4509.306657001512,
    "121": 3138.302618495527,
    "122": 6805.422545489222,
    "123": 1574.679106252915,
    "124": 3056.944760772348,
    "125": 8495.354166095296,
    "126": 5183.787386902153,
    "127": 6250.741323797903,
    "128": 4445.425691514388,
    "129": 3469.781280333587,
    "130": 1480.0919703043035,
    "131": 10441.182172594763,
    "132": 4253.304696031015,
    "133": 1345.658369042691,
    "134": 7161.3791386316125,
    "135": 4607.7297952370845,
    "136": 4110.449918985678,
    "137": 1992.2920341057986,
    "138": 5657.315573841886,
    "139": 1707.1307507707184,
    "140": 794.9790119638022,
    "141": 17910.687950782605,
    "142": 7577.8406171855195,
    "143": 4068.398285365656,
    "144": 2011.6640235341288,
    "145": 5093.820501782662,
    "146": 3004.8338360407824,
    "147": 1702.4324434871892,
    "148": 10374.44729839538,
    "149": 4148.960412505434,
    "150": 4200.581557231321,
    "151": 6298.027420223122,
    "152": 1979.5717765831712,
    "153": 6400.176854593604,
    "154": 9367.9214612171,
    "155": 8974.27030753796,
    "156": 1880.8726628125503,
    "157": 5933.823448208517,
    "158": 14370.93560173639,
    "159": 6160.138192490853,
    "160": 4117.975526040863,
    "161": 3709.705568869637,
    "162": 2432.2340062266376,
    "163": 1165.2017384852497,
    "164": 5648.209761951928,
    "165": 1504.3899506375537,
    "166": 2051.7332214334947,
    "167": 4212.504416788931,
    "168": 3295.7809462105083,
    "169": 5693.3139976281,
    "170": 3791.3173646704304,
    "171": 4391.2824050650615,
    "172": 1670.8533190382482,
    "173": 6363.091339731612,
    "174": 5739.537743727724,
    "175": 2922.831823040584,
    "176": 8620.947053501677,
    "177": 4046.3794368576637,
    "178": 2219.0769517272597,
    "179": 7571.633209596946,
    "180": 3152.5819769958357,
    "181": 9723.660764966637,
    "182": 8730.838144206478,
    "183": 5614.836102009691,
    "184": 945.0137673448193,
    "185": 2732.6007155821862,
    "186": 1831.9469943457766,
    "187": 5910.124192916531,
    "188": 3474.5660982967966,
    "189": 3746.6058882811767,
    "190": 13726.416068738987,
    "191": 3484.1997367610115,
    "192": 3813.9016082418125,
    "193": 3314.304005003899,
    "194": 820.6073332581554,
    "195": 2971.9138569192746,
    "196": 4412.672161645992,
    "197": 7198.995287641082,
    "198": 4743.757072601244,
    "199": 4421.475992677087,
    "200": 2591.295590448265,
    "201": 2786.805577278126,
    "202": 2342.8131637871556,
    "203": 2652.293704175557,
    "204": 1457.3299401344996,
    "205": 5052.9641750708915,
    "206": 3220.153810949626,
    "207": 1180.560240088529,
    "208": 3429.718668249885,
    "209": 10150.419376175449,
    "210": 5248.1850575153285,
    "211": 3396.082346669586,
    "212": 1049.7759166907504,
    "213": 2794.669409961604,
    "214": 3230.2103466534095,
    "215": 1085.2054801898134,
    "216": 2491.7196266429305,
    "217": 2239.5241900948186,
    "218": 8107.733044509403,
    "219": 4377.141733219983,
    "220": 5442.847029019718,
    "221": 8184.705768323067,
    "222": 2198.770517012908,
    "223": 12081.673024432856,
    "224": 2149.4061471357063,
    "225": 4676.70100972781,
    "226": 4449.535806751131,
    "227": 7598.3682937079875,
    "228": 8588.32595812303,
    "229": 5934.551429201211,
    "230": 1499.7429738915334,
    "231": 3835.169842314347,
    "232": 817.8787811504174,
    "233": 3702.748628172317,
    "234": 999.9748681698435,
    "235": 1520.1127375651652,
    "236": 1875.2434595860266,
    "237": 4052.367309332562,
    "238": 2637.56773278129,
    "239": 2225.4859579043605,
    "240": 12465.008987825171,
    "241": 2215.050057638176,
    "242": 1402.11829504113,
    "243": 4637.1529069714,
    "244": 9162.179519168823,
    "245": 1146.4735384291237,
    "246": 4187.201859570627,
    "247": 7740.175698197254,
    "248": 1511.6458588807614,
    "249": 2684.770104983572,
    "250": 3674.283274024692,
    "251": 9322.488325145026,
    "252": 8583.883255797942,
    "253": 6267.119218538814,
    "254": 2645.175582205866,
    "255": 12242.77502316849,
    "256": 4780.346209958559,
    "257": 2345.898834226835,
    "258": 2816.010243664442,
    "259": 4380.552351088854,
    "260": 3530.7963589365127,
    "261": 3816.3656826062165,
    "262": 2316.9017533029273,
    "263": 14251.584705914209,
    "264": 3555.255585651842,
    "265": 3669.5855923671497,
    "266": 3092.044514485035,
    "267": 2834.3208692758,