{
    "1": 2574.3347002501596,
    "2": 10014.040867493804,
    "3": 7122.526472442629,
    "4": 14632.05677157862,
    "5": 291.2823065171042,
    "6": 6601.793758007298,
    "7": 7501.853751712467,
    "8": 2529.230170825437,
    "9": 9707.316862896692,
    "10": 5779.202009025845,
    "11": 4309.544853222261,
    "12": 6278.006042309077,
    "13": 5935.761998670336,
    "14": 8297.890172242569,
    "15": 2229.971943331446,
    "16": 4937.5610165936305,
    "17": 2160.2021939883407,
    "18": 4849.262379788586,
    "19": 2918.2242685442934,
    "20": 4233.5464744975625,
    "21": 3549.5154580643452,
    "22": 4746.857172784968,
    "23": 552.1739913764424,
    "24": 8026.230565313389,
    "25": 3008.7516668167314,
    "26": 10402.904725427068,
    "27": 9674.35257823965,
    "28": 4701.9945805061625,
    "29": 5770.091434474956,
    "30": 9412.969173918384,
    "31": 5487.309426347575,
    "32": 5130.787109667519,
    "33": 16118.309852909386,
    "34": 3561.992767541157,
    "35": 9098.747694203137,
    "36": 3291.025935797721,
    "37": 6960.020767733805,
    "38": 2055.3652281907916,
    "39": 4486.865624096574,
    "40": 8676.408643310431,
    "41": 8962.333386929246,
    "42": 14559.765501819897,
    "43": 829.9478229433186,
    "44": 4849.636232407314,
    "45": 9326.182113850444,
    "46": 4475.319304782778,
    "47": 6806.382158489724,
    "48": 7128.38022459073,
    "49": 10037.50116440617,
    "50": 6542.327044045276,
    "51": 6008.439039159293,
    "52": 12380.709293775959,
    "53": 7096.184735132206,
    "54": 1234.9264587749842,
    "55": 5040.441131242424,
    "56": 5926.543062189432,
    "57": 1056.6701844064075,
    "58": 4167.240546972803,
    "59": 10004.326488483193,
    "60": 12438.430206426638,
    "61": 3994.035293334737,
    "62": 8108.881235050064,
    "63": 5801.159854225592,
    "64": 2849.7191040910748,
    "65": 11714.07484774098,
    "66": 6060.762121166126,
    "67": 10806.664661377295,
    "68": 3258.3749541905518,
    "69": 5248.7839569942225,
    "70": 6909.206618867177,
    "71": 5152.197898552576,
    "72": 373.1633168431664,
    "73": 7145.9834360897,
    "74": 1387.4918846698495,
    "75": 7474.031539375303,
    "76": 7004.9886063081985,
    "77": 2034.6987028862925,
    "78": 7697.492071080298,
    "79": 9749.740277376248,
    "80": 2695.2766711741806,
    "81": 5274.626749153245,
    "82": 1511.9482159531144,
    "83": 2926.439304339032,
    "84": 12343.843735710054,
    "85": 1864.8005051376224,
    "86": 2692.1051908043933,
    "87": 3731.9427295430137,
    "88": 5698.305670536913,
    "89": 3773.5940305650533,
    "90": 3927.406189164764,
    "91": 16579.7978233392,
    "92": 8873.480649183344,
    "93": 2898.6153480985854,
    "94": 11611.99294145003,
    "95": 3679.4024827013923,
    "96": 8438.368912605813,
    "97": 2825.855203489905,
    "98": 1973.4425548672075,
    "99": 4096.633280806018,
    "100": 5078.419176338754,
    "101": 7291.58453725399,
    "102": 7629.525816023695,
    "103": 5180.752080365006,
    "104": 9923.533634190722,
    "105": 9178.100845345101,
    "106": 13548.660300007266,
    "107": 5250.505873133172,
    "108": 10751.006511290412,
    "109": 3909.259399794795,
    "110": 11482.037087950946,
    "111": 6497.911112001684,
    "112": 6525.849080341329,
    "113": 2312.067886888896,
    "114": 3327.9934088753644,
    "115": 2799.6200642910776,
    "116": 2803.8575164157082,
    "117": 2506.250688957663,
    "118": 2195.742451608933,
    "119": 2415.755484460852,
    "120": 6459.594801165027,
    "121": 4863.874658776651,
    "122": 5120.41682069769,
    "123": 5092.598319023207,
    "124": 10688.29873130185,
    "125": 13781.713510149611,
    "126": 1655.0731479542198,
    "127": 3319.900424776424,
    "128": 4729.343415083029,
    "129": 8450.304561374776,
    "130": 4833.2053652028135,
    "131": 11221.925512709668,
    "132": 5033.742835709688,
    "133": 5369.193064960547,
    "134": 2265.4252492370156,
    "135": 8171.402120415285,
    "136": 6604.185796564592,
    "137": 8346.895195156678,
    "138": 12561.013338181996,
    "139": 7126.595049316835,
    "140": 3260.0866844306984,
    "141": 1108.0801791355648,
    "142": 1892.9228108835914,
    "143": 3120.83981483423,
    "144": 799.4561993426031,
    "145": 2282.0057692141313,
    "146": 1092.4778161526378,
    "147": 4295.485974785353,
    "148": 6871.196328425954,
    "149": 2510.505412083379,
    "150": 3227.538769537004,
    "151": 8254.848429911863,
    "152": 2156.131101097638,
    "153": 12673.936388349206,
    "154": 775.6823235491369,
    "155": 1223.3067274778368,
    "156": 3084.2014219307957,
    "157": 4908.814882526264,
    "158": 4571.423568620618,
    "159": 7140.547105067587,
    "160": 12280.694204530835,
    "161": 10189.58041164245,
    "162": 7012.249180872847,
    "163": 3574.6203099030486,
    "164": 12021.838495430906,
    "165": 5398.659390988968,
    "166": 18155.23151868332,
    "167": 9927.376193723556,
    "168": 3489.692531408681,
    "169": 7171.134485887368,
    "170": 4414.904723082631,
    "171": 4499.313804642013,
    "172": 5987.921630263558,
    "173": 1508.4688741946802,
    "174": 2417.9392673070447,
    "175": 1005.4339599093834,
    "176": 5731.346898133664,
    "177": 3566.843527155624,
    "178": 3780.537570683986,
    "179": 14058.543187858177,
    "180": 4681.095912951869,
    "181": 6691.266414084531,
    "182": 12638.25789845524,
    "183": 5717.457270109795,
    "184": 11953.883551054618,
    "185": 2707.9717506038537,
    "186": 7699.77281584359,
    "187": 6999.578107363085,
    "188": 4349.1794904754815,
    "189": 603.1856440781207,
    "190": 6838.941533410161,
    "191": 11976.803205569695,
    "192": 2739.7878756947352,
    "193": 3251.9705565276395,
    "194": 3679.145667212674,
    "195": 2055.48357095598,
    "196": 1764.239581634956,
    "197": 11589.605942702006,
    "198": 8440.550982218843,
    "199": 10610.549230244236,
    "200": 8418.234281668107,
    "201": 1190.1318850507582,
    "202": 2030.3297569301617,
    "203": 9127.642114061817,
    "204": 10939.454088684071,
    "205": 4720.712464414176,
    "206": 6562.20428952059,
    "207": 2581.5905894509247,
    "208": 3772.7771462497194,
    "209": 13399.650295912865,
    "210": 5929.3976694150515,
    "211": 4043.970033814277,
    "212": 1999.3776816638635,
    "213": 10772.675197500374,
    "214": 3443.6274352228843,
    "215": 156.05167514899892,
    "216": 1750.4758281474953,
    "217": 3004.5939591219203,
    "218": 5455.313113181659,
    "219": 13026.527626219906,
    "220": 6539.801363275126,
    "221": 2360.058325228469,
    "222": 5021.724254440405,
    "223": 8890.34390061342,
    "224": 8096.444182258571,
    "225": 11706.548129915305,
    "226": 2794.4441720172827,
    "227": 1109.8459605761138,
    "228": 5897.786601333512,
    "229": 8824.978666897145,
    "230": 3100.2733800397077,
    "231": 1429.1580164284742,
    "232": 7420.695502150784,
    "233": 5170.589327790317,
    "234": 4480.098050852693,
    "235": 3621.545330582818,
    "236": 6948.613453255,
    "237": 4401.5210410406235,
    "238": 8785.083906827449,
    "239": 4339.068068665404,
    "240": 5268.42601232158,
    "241": 5462.973080423258,
    "242": 16721.267799218796,
    "243": 3947.3188258540044,
    "244": 6119.71163618381,
    "245": 4980.545101888585,
    "246": 1745.4598168032146,
    "247": 9680.354035411403,
    "248": 6768.632934315703,
    "249": 2799.510401854796,
    "250": 2027.2579560987033,
    "251": 7086.10527799272,
    "252": 1347.7515238162666,
    "253": 12268.65627379446,
    "254": 9084.617578150166,
    "255": 16727.535285948008,
    "256": 3060.122354904357,
    "257": 12233.871357443017,
    "258": 7298.025997780853,
    "259": 12694.337366348744,
    "260": 3152.262728406682,
    "261": 965.1040015475847,
    "262": 5247.644331136289,
    "263": 9092.26835862847,
    "264": 6272.372005100807,
    "265": 6972.011310671329,
    "266": 7377.737398778657,
    "267": 5345.57450894664,