{
    "1": 1277.079725666105,
    "2": 5283.501037000536,
    "3": 3890.062823006772,
    "4": 10187.630914984871,
    "5": 2858.427554136997,
    "6": 6026.207526012554,
    "7": 8142.686496132898,
    "8": 2010.7017701238794,
    "9": 5904.837934835974,
    "10": 2183.2791056551396,
    "11": 6001.111370854584,
    "12": 992.554203754994,
    "13": 3450.7308611163835,
    "14": 1710.000341933778,
    "15": 6796.845419764919,
    "16": 5091.42203480802,
    "17": 1615.4416360546693,
    "18": 3064.662312098061,
    "19": 3894.3852927546036,
    "20": 4778.460052029942,
    "21": 7484.6686820836,
    "22": 2609.9074702899543,
    "23": 1743.4885097015558,
    "24": 2683.9127694685835,
    "25": 4743.484739453841,
    "26": 3922.129717251326,
    "27": 6901.948057237711,
    "28": 4292.931626996609,
    "29": 7131.075770125748,
    "30": 2142.425720834584,
    "31": 8319.326702257087,
    "32": 5874.764682811576,
    "33": 6476.6976174893525,
    "34": 8635.285611266549,
    "35": 6120.924576887198,
    "36": 3560.9119417196625,
    "37": 4488.210311536788,
    "38": 7045.886368064696,
    "39": 13709.604124867616,
    "40": 1771.3808846554903,
    "41": 2158.548078888322,
    "42": 4367.221203639915,
    "43": 1178.9933046727426,
    "44": 2385.153216073539,
    "45": 3719.6206934759316,
    "46": 6516.203713134266,
    "47": 11043.687473663034,
    "48": 5549.367731005857,
    "49": 1317.683969086258,
    "50": 2099.512626425824,
    "51": 1337.3626893153796,
    "52": 1277.3030666862874,
    "53": 8595.300704925245,
    "54": 3705.041628312165,
    "55": 1254.6766020510265,
    "56": 2251.284354530393,
    "57": 5074.869762456202,
    "58": 13252.769631089417,
    "59": 10609.379645182313,
    "60": 7202.657292330993,
    "61": 4569.411313191397,
    "62": 2480.389338559583,
    "63": 10760.145678231213,
    "64": 4224.829874699128,
    "65": 2429.0599335678176,
    "66": 3003.3639503910003,
    "67": 2285.9273582556157,
    "68": 2475.6272743764794,
    "69": 2638.966638061454,
    "70": 2895.3993672224406,
    "71": 2585.6626974415117,
    "72": 2766.1470354813164,
    "73": 9155.167313053,
    "74": 4766.086272115923,
    "75": 1364.8824262346313,
    "76": 2751.401372836103,
    "77": 1966.0416547070513,
    "78": 16463.447390610276,
    "79": 8672.71894490337,
    "80": 7606.16957226278,
    "81": 4044.4147816093114,
    "82": 5707.519218097693,
    "83": 5832.8196864708,
    "84": 8203.389746199515,
    "85": 4397.497281495792,
    "86": 5019.817217236321,
    "87": 2114.8001699994666,
    "88": 3389.591578438634,
    "89": 3763.8128089905854,
    "90": 1225.4433404906567,
    "91": 7216.04089479926,
    "92": 1872.0798693364532,
    "93": 5284.695603711121,
    "94": 5340.432655062861,
    "95": 2596.192899470587,
    "96": 9676.988556521479,
    "97": 3469.951795862076,
    "98": 6703.630674355969,
    "99": 3672.4034320381074,
    "100": 1431.2476449662959,
    "101": 2473.5518667371125,
    "102": 2074.8286660187896,
    "103": 13665.486424848194,
    "104": 2776.236878259473,
    "105": 19693.339878641254,
    "106": 5641.167769107769,
    "107": 2411.199192181589,
    "108": 2819.1794770132306,
    "109": 15535.716376728593,
    "110": 1703.955750722884,
    "111": 6253.721483587543,
    "112": 7135.869582161606,
    "113": 3105.608561650422,
    "114": 3117.363919552417,
    "115": 3705.4735343434927,
    "116": 3783.791963556511,
    "117": 1434.2541601295557,
    "118": 2707.6374002782304,
    "119": 1308.494081885883,
    "120": 1461.2807670815682,
    "121": 1455.9391952712208,
    "122": 10693.048465015389,
    "123": 3951.451872996837,
    "124": 2889.5769467647237,
    "125": 5906.068737056887,
    "126": 2332.4424299830794,
    "127": 1583.4153461359138,
    "128": 8201.460493353796,
    "129": 3135.5020875465734,
    "130": 6879.937256203374,
    "131": 7363.252292978049,
    "132": 1873.7423416397703,
    "133": 4297.174781180686,
    "134": 5984.062221010251,
    "135": 3657.850529085344,
    "136": 4866.075053297145,
    "137": 4938.6678309078,
    "138": 15811.16132077125,
    "139": 2044.88300039066,
    "140": 8984.408340650954,
    "141": 10801.223433700461,
    "142": 3798.022587665638,
    "143": 2705.646717598212,
    "144": 8575.228717651991,
    "145": 4060.1292525126846,
    "146": 1902.4105861370017,
    "147": 4007.101768065987,
    "148": 3061.681929660382,
    "149": 723.9494125921764,
    "150": 2765.4167775700416,
    "151": 15922.813085319887,
    "152": 1652.1962260239166,
    "153": 1728.4521113810583,
    "154": 10222.949753955436,
    "155": 11405.649009370436,
    "156": 1235.825301609921,
    "157": 5895.134068795892,
    "158": 4504.594095970693,
    "159": 3025.178758418371,
    "160": 19699.88405505303,
    "161": 2751.7748498704395,
    "162": 4718.620465677612,
    "163": 849.0846167565925,
    "164": 2248.859339210787,
    "165": 6412.941140190545,
    "166": 3827.9037803500687,
    "167": 2249.7024467372667,
    "168": 6944.729900202636,
    "169": 844.7142562782863,
    "170": 4211.599516996124,
    "171": 4070.770437912377,
    "172": 3030.4369125372937,
    "173": 2265.8775137778784,
    "174": 1433.5070742189032,
    "175": 5999.89116859226,
    "176": 4586.694705883773,
    "177": 1990.7594127042837,
    "178": 2444.166759672111,
    "179": 12267.25406820322,
    "180": 3810.8799195580277,
    "181": 4250.974374120005,
    "182": 3669.272645149318,
    "183": 4331.770922560764,
    "184": 3993.5969686999,
    "185": 8789.715327305912,
    "186": 5453.301986988225,
    "187": 918.3651666419983,
    "188": 10761.059919927622,
    "189": 5550.7080661000355,
    "190": 6206.303378039437,
    "191": 12427.113261247978,
    "192": 6294.865724859593,
    "193": 4845.633449515691,
    "194": 11704.51191041946,
    "195": 3928.827906935751,
    "196": 5452.581751564993,
    "197": 2017.7964493382453,
    "198": 3335.9074490244966,
    "199": 4110.8205853576255,
    "200": 4015.074739570881,
    "201": 2112.8678355036,
    "202": 4834.673245976403,
    "203": 3333.136578300064,
    "204": 1767.2771617610395,
    "205": 5004.036587953719,
    "206": 6913.33193313598,
    "207": 4311.282549878435,
    "208": 2193.4540662941963,
    "209": 1970.1417783487957,
    "210": 2406.8534853018095,
    "211": 2368.0522863130573,
    "212": 4828.323901735426,
    "213": 3485.300109219472,
    "214": 4480.912974761461,
    "215": 4372.493502902469,
    "216": 5811.169297795164,
    "217": 4457.258253573985,
    "218": 3819.822763167811,
    "219": 8246.834783255721,
    "220": 9501.5244625631,
    "221": 5244.884515088257,
    "222": 11949.662871798047,
    "223": 6531.414527514789,
    "224": 3418.4246019634393,
    "225": 10429.107176362031,
    "226": 10862.036919935936,
    "227": 1146.7277613131982,
    "228": 794.2820371880587,
    "229": 3615.910851240513,
    "230": 1845.977417595994,
    "231": 2003.790480410452,
    "232": 1288.8438822978974,
    "233": 7330.320031571817,
    "234": 10536.020329569465,
    "235": 4563.431885336953,
    "236": 5929.391705384756,
    "237": 1111.9010783529857,
    "238": 11379.442588294767,
    "239": 3751.098337705386,
    "240": 3646.5582224109835,
    "241": 4369.717329700692,
    "242": 4942.044942952961,
    "243": 5888.435327775389,
    "244": 8176.742118312777,
    "245": 4596.676781182388,
    "246": 5504.859907668799,
    "247": 1830.6192306287637,
    "248": 12017.233143791369,
    "249": 7868.329458893376,
    "250": 3942.720077185822,
    "251": 799.5164996407207,
    "252": 12682.517345275419,
    "253": 1901.9609671520116,
    "254": 4492.783617619132,
    "255": 810.6922235974853,
    "256": 2992.018186049636,
    "257": 5655.699635493799,
    "258": 3358.3746655359946,
    "259": 2179.8012432331407,
    "260": 2249.619454768425,
    "261": 1832.877522366658,
    "262": 2370.8090362323205,
    "263": 2464.940212251059,
    "264": 3888.7054887242775,
    "265": 5001.871952089254,
    "266": 4005.5014502414806,
    "267": 2016.1530777733913,