{
    "1": 5524.507006332872,
    "2": 4948.254009024976,
    "3": 2076.890003181452,
    "4": 1810.9678626436764,
    "5": 5462.997937025066,
    "6": 6592.344263869454,
    "7": 16876.391601422503,
    "8": 6255.428944707403,
    "9": 15074.614953536498,
    "10": 5793.961337697335,
    "11": 4163.861181701976,
    "12": 1046.3651620814169,
    "13": 3902.534550919901,
    "14": 3301.8104182543307,
    "15": 6861.333697790969,
    "16": 16228.661650686705,
    "17": 4294.819551817275,
    "18": 13031.262691344762,
    "19": 7891.35106113441,
    "20": 6552.964884012543,
    "21": 13876.748978065712,
    "22": 4002.21621234859,
    "23": 11893.570508009521,
    "24": 3142.8217938621174,
    "25": 9102.248898172751,
    "26": 6484.849259978382,
    "27": 2315.9232135851003,
    "28": 2373.4579963288243,
    "29": 3812.5570896380923,
    "30": 3591.4835043883854,
    "31": 3980.7648667346375,
    "32": 3376.9905810844475,
    "33": 1637.4226521656012,
    "34": 5149.590398001232,
    "35": 6739.776791331821,
    "36": 6398.847467130552,
    "37": 3223.2477296408124,
    "38": 5464.988407737661,
    "39": 13416.541259864978,
    "40": 2340.8839256716556,
    "41": 2798.5820320018215,
    "42": 633.5625063063566,
    "43": 1909.773721282177,
    "44": 5379.541468764169,
    "45": 5122.428022512877,
    "46": 1912.3396356436044,
    "47": 999.0421353248996,
    "48": 5429.800633696923,
    "49": 4299.622482889057,
    "50": 5096.628874249967,
    "51": 7080.662065604846,
    "52": 2817.3319789359484,
    "53": 6734.164906890228,
    "54": 2215.342947699012,
    "55": 3057.564530021064,
    "56": 3620.6474064373233,
    "57": 7978.737777934723,
    "58": 1591.3528725385468,
    "59": 7264.46011133164,
    "60": 5753.450623731745,
    "61": 2491.8925812897755,
    "62": 4122.470036128966,
    "63": 1585.1891919833631,
    "64": 6005.638332258414,
    "65": 7874.022742063396,
    "66": 402.0527866853195,
    "67": 4959.217948859971,
    "68": 6378.521786788646,
    "69": 4947.3493715207505,
    "70": 3533.9397528421737,
    "71": 6083.112167273212,
    "72": 3763.781003609921,
    "73": 2128.350772613339,
    "74": 5557.906122151797,
    "75": 4561.566050084077,
    "76": 5622.806776361324,
    "77": 14890.748501943692,
    "78": 2829.677620247256,
    "79": 1811.0393648930294,
    "80": 3761.6103156037116,
    "81": 1664.7179725586568,
    "82": 4940.274697015236,
    "83": 6191.539490641388,
    "84": 6239.422257712682,
    "85": 4452.152967156767,
    "86": 4533.124163865363,
    "87": 2436.30848191618,
    "88": 1026.43910768394,
    "89": 2578.750503285944,
    "90": 4472.305945473759,
    "91": 6564.990049653278,
    "92": 2333.505107175805,
    "93": 3605.0790845224715,
    "94": 5832.205994749092,
    "95": 3972.1315248040028,
    "96": 4265.277495364797,
    "97": 2681.734696016263,
    "98": 2904.7152026561603,
    "99": 1582.5716395862057,
    "100": 3929.5823766382982,
    "101": 4723.949486822487,
    "102": 2937.197419768748,
    "103": 8912.70027634346,
    "104": 8577.631414071013,
    "105": 3480.22682781073,
    "106": 2322.054244416438,
    "107": 3522.2582273348976,
    "108": 7036.614280389713,
    "109": 2447.5002273500886,
    "110": 5032.639406352546,
    "111": 2036.8776342914473,
    "112": 4421.048124818759,
    "113": 5149.82897474554,
    "114": 5187.34030258255,
    "115": 3741.7946076816843,
    "116": 2128.4137590109426,
    "117": 6550.872414473318,
    "118": 10509.522784465113,
    "119": 12264.40781789616,
    "120": 179.52567963058038,
    "121": 13808.261300860122,
    "122": 4392.897147608921,
    "123": 12959.235712890613,
    "124": 10334.541232255613,
    "125": 754.0192011552448,
    "126": 5947.722398812774,
    "127": 2762.752968367264,
    "128": 8799.424202407905,
    "129": 3502.12658062159,
    "130": 6582.2508200187585,
    "131": 9455.540270913498,
    "132": 5977.023133882321,
    "133": 14489.531249639245,
    "134": 8908.933253449475,
    "135": 8208.429341012114,
    "136": 2814.174921198354,
    "137": 2491.5605578488967,
    "138": 1987.8093961210564,
    "139": 9424.175620579466,
    "140": 1140.332295719097,
    "141": 9762.489852534683,
    "142": 3031.516950375138,
    "143": 4233.1452791874535,
    "144": 10475.158219940009,
    "145": 4638.7664877508705,
    "146": 4638.659957331118,
    "147": 5526.778411874934,
    "148": 17933.96563889331,
    "149": 3803.0723292325115,
    "150": 7914.212213731706,
    "151": 11593.678681363099,
    "152": 3273.843179771489,
    "153": 8507.952979107286,
    "154": 6133.3930927517895,
    "155": 1578.1363780809347,
    "156": 2872.5502000627835,
    "157": 695.5127373514896,
    "158": 7816.317640278818,
    "159": 13021.090162971848,
    "160": 2253.1918446488417,
    "161": 3578.7716606258314,
    "162": 6233.046369270259,
    "163": 3011.4166452407835,
    "164": 1726.1672550243366,
    "165": 8324.06810850109,
    "166": 368.89609132561884,
    "167": 8227.24121681231,
    "168": 8362.601848272981,
    "169": 4345.766083925053,
    "170": 4178.463494088907,
    "171": 3749.813621534663,
    "172": 6220.371475050179,
    "173": 7707.404966717447,
    "174": 3904.7067400293645,
    "175": 1005.5584886847469,
    "176": 10601.406687121587,
    "177": 6039.682391814474,
    "178": 4144.39431643025,
    "179": 9090.12135707677,
    "180": 6684.852335990291,
    "181": 7082.901021368798,
    "182": 1743.4078642013685,
    "183": 1299.1445964544016,
    "184": 8599.634061454288,
    "185": 9436.06575193292,
    "186": 5142.8775646350105,
    "187": 6022.494227767369,
    "188": 8864.44522350025,
    "189": 2322.15459810587,
    "190": 10688.394208490256,
    "191": 18173.272158858574,
    "192": 7577.104891889395,
    "193": 2666.425113107814,
    "194": 6544.329046765489,
    "195": 5306.3608213453135,
    "196": 4276.935272989506,
    "197": 2328.9489211521513,
    "198": 8483.683848334975,
    "199": 1945.789694151383,
    "200": 1689.5574895698749,
    "201": 3060.0919239883383,
    "202": 3963.1870473216995,
    "203": 1784.8095467904345,
    "204": 8268.723493549855,
    "205": 3685.431595106087,
    "206": 5477.090016573542,
    "207": 23161.3146229512,
    "208": 6848.814271569443,
    "209": 8595.416572909604,
    "210": 11645.424460895802,
    "211": 551.6331256505667,
    "212": 9314.560774290167,
    "213": 2373.339698419195,
    "214": 358.3557147972725,
    "215": 7057.284462866799,
    "216": 6055.747170333896,
    "217": 2173.4539406996805,
    "218": 5609.835421740847,
    "219": 1652.0975003661908,
    "220": 3403.780696500208,
    "221": 3453.076387844554,
    "222": 357.5147969893644,
    "223": 8459.897148860839,
    "224": 873.205933983079,
    "225": 3763.382003065676,
    "226": 5556.146620808582,
    "227": 9187.167760119071,
    "228": 9286.623259115335,
    "229": 1050.647022769268,
    "230": 1393.8932797320895,
    "231": 8484.153222647317,
    "232": 3854.90881250433,
    "233": 823.1891078213616,
    "234": 3250.2212434544017,
    "235": 11935.035671415471,
    "236": 3952.8479651042853,
    "237": 10702.813246101741,
    "238": 9115.723787047189,
    "239": 3061.637301722944,
    "240": 5407.554628536311,
    "241": 2357.238924446693,
    "242": 2969.3561002013025,
    "243": 1452.4177444087281,
    "244": 4551.357389526882,
    "245": 1423.8400897608367,
    "246": 8095.393083069277,
    "247": 4285.319036383101,
    "248": 880.4225855658184,
    "249": 5674.706302628048,
    "250": 5511.812369606846,
    "251": 11011.35940122257,
    "252": 10151.78032941507,
    "253": 566.4883911377563,
    "254": 14640.979985218928,
    "255": 3948.159208724694,
    "256": 5831.418345198359,
    "257": 6052.711417280827,
    "258": 3915.4944113529914,
    "259": 1174.5473948149947,
    "260": 350.2162658858073,
    "261": 5318.84316539071,
    "262": 6216.202414953331,
    "263": 7382.049203313085,
    "264": 4429.2861769153105,
    "265": 2650.251757248187,
    "266": 10476.877718443868,
    "267": 4753.694983311485,