{
    "1": 1501.9955973591914,
    "2": 2089.0725214200033,
    "3": 5231.205955589436,
    "4": 4560.588748209487,
    "5": 2542.8984548495573,
    "6": 3428.8268884790746,
    "7": 6816.728878720719,
    "8": 9430.53216969113,
    "9": 5500.421774364499,
    "10": 9309.963683814523,
    "11": 4397.530101358047,
    "12": 5937.1854790649795,
    "13": 4367.13252902491,
    "14": 7415.29031721787,
    "15": 11117.571259197704,
    "16": 1314.490740149853,
    "17": 8413.585992885204,
    "18": 2836.1171902885535,
    "19": 1711.6036913047433,
    "20": 12132.168969992486,
    "21": 5266.06074408664,
    "22": 7896.893674656505,
    "23": 3710.0781219052756,
    "24": 10539.063806021617,
    "25": 2852.2617014734346,
    "26": 3837.7561368245674,
    "27": 5707.74289818637,
    "28": 1395.7023953745409,
    "29": 1308.5577719238397,
    "30": 1322.720031343492,
    "31": 7166.713288372162,
    "32": 3661.5431559407107,
    "33": 13089.316790415683,
    "34": 1841.0381126384884,
    "35": 5845.217199426355,
    "36": 8092.251516408221,
    "37": 7016.9429238149805,
    "38": 7551.796129267257,
    "39": 535.059656573346,
    "40": 1039.9722460705132,
    "41": 9728.918322887954,
    "42": 5953.324964345374,
    "43": 8738.011392577153,
    "44": 8556.684325596558,
    "45": 5260.570118355924,
    "46": 9023.683279666728,
    "47": 4203.026916663262,
    "48": 7524.339532990403,
    "49": 3831.4674030818724,
    "50": 5981.657421095818,
    "51": 1860.2925897325094,
    "52": 2274.453535270785,
    "53": 3540.643368667299,
    "54": 6978.855677518916,
    "55": 2195.7072809159977,
    "56": 3673.425970663799,
    "57": 12433.352346269816,
    "58": 4594.610570564833,
    "59": 2975.057079475962,
    "60": 3772.992682308989,
    "61": 3120.055879084857,
    "62": 2472.236984334859,
    "63": 5426.025881939214,
    "64": 4699.151171147534,
    "65": 13320.94716504589,
    "66": 2114.7729349779365,
    "67": 1522.6793581039328,
    "68": 3373.917705443769,
    "69": 1677.0674527975605,
    "70": 1124.1082343883068,
    "71": 4441.338686345415,
    "72": 2416.427021747493,
    "73": 3200.566927478197,
    "74": 6786.083245537966,
    "75": 3314.8438588463227,
    "76": 4764.574958109078,
    "77": 7803.054765897745,
    "78": 3864.629942256111,
    "79": 2140.2191721086187,
    "80": 4847.324770506734,
    "81": 4493.456994182521,
    "82": 3766.6985791819834,
    "83": 9063.216230942182,
    "84": 5430.9706312933495,
    "85": 3343.830529260848,
    "86": 1345.7665959409183,
    "87": 4564.414483139746,
    "88": 1666.0234380876018,
    "89": 4155.950248991484,
    "90": 4534.959100908302,
    "91": 2920.9294043519553,
    "92": 3190.8473566534713,
    "93": 4832.597875393231,
    "94": 6396.673696722374,
    "95": 4621.816856750668,
    "96": 2946.3005787482234,
    "97": 9831.184547164767,
    "98": 7870.02827680005,
    "99": 3115.5172925300944,
    "100": 2035.67855027769,
    "101": 1483.8974519844323,
    "102": 4302.164280233688,
    "103": 3092.5614367932358,
    "104": 12654.010753946603,
    "105": 7718.4021079871845,
    "106": 2008.9609063534729,
    "107": 9716.186580638005,
    "108": 2097.2529726207254,
    "109": 6839.403670606179,
    "110": 5439.219834436649,
    "111": 1517.9625867828295,
    "112": 1247.141928714312,
    "113": 3797.265145424127,
    "114": 4372.242097596117,
    "115": 4195.714623927684,
    "116": 1884.5209341436018,
    "117": 1422.3911087588042,
    "118": 5089.08489625834,
    "119": 1094.4828647425607,
    "120": 11153.005467946996,
    "121": 1464.3768570856437,
    "122": 3962.9595420412716,
    "123": 3686.536224610013,
    "124": 1955.4863813725772,
    "125": 2535.362923349358,
    "126": 1551.9070114861017,
    "127": 4047.6768095657585,
    "128": 8272.077693795523,
    "129": 6294.398545379643,
    "130": 4278.695450888348,
    "131": 8712.370192982398,
    "132": 4776.378550591295,
    "133": 2701.0931628963854,
    "134": 4342.18988289447,
    "135": 9205.324495403887,
    "136": 1509.0822362195236,
    "137": 5126.956953894424,
    "138": 3243.6768877303994,
    "139": 4354.425327650033,
    "140": 1806.9155288932263,
    "141": 2791.479866150802,
    "142": 5609.122628653787,
    "143": 12665.810244013286,
    "144": 3780.9759194807452,
    "145": 1653.7766510776687,
    "146": 4275.956397804145,
    "147": 5463.891738751182,
    "148": 4697.291939212093,
    "149": 8547.441784251538,
    "150": 1536.7867571947404,
    "151": 6036.525986542891,
    "152": 1596.6420117134494,
    "153": 3231.1456294816257,
    "154": 1236.4470169968113,
    "155": 5832.985076422126,
    "156": 4522.321959627469,
    "157": 6509.98524938498,
    "158": 10191.19722951174,
    "159": 2139.8759790458907,
    "160": 7376.631341076769,
    "161": 8272.819119673935,
    "162": 4910.435045445892,
    "163": 1574.4143555798116,
    "164": 6015.152675148789,
    "165": 4492.144827320282,
    "166": 4428.579772483304,
    "167": 5569.179001467994,
    "168": 2850.8394180790915,
    "169": 5703.420455818252,
    "170": 5417.030026069827,
    "171": 6556.270974113207,
    "172": 1367.4426508351632,
    "173": 6359.729703976491,
    "174": 3287.640326746211,
    "175": 4730.8125588372795,
    "176": 5099.527431810127,
    "177": 4809.33367594528,
    "178": 1557.4148422195335,
    "179": 7800.210823444604,
    "180": 4680.523214600659,
    "181": 1642.5033627862522,
    "182": 4465.504370991566,
    "183": 2743.287634386394,
    "184": 1925.5247323158762,
    "185": 8503.959594273534,
    "186": 9119.149275001359,
    "187": 884.5533225204747,
    "188": 1641.3535887130668,
    "189": 11898.617286091063,
    "190": 2577.8377665772714,
    "191": 1279.4905342011382,
    "192": 6017.909586367392,
    "193": 4630.697990527394,
    "194": 3285.222976074304,
    "195": 2199.6344504728904,
    "196": 5667.537979265829,
    "197": 3790.485429842477,
    "198": 2988.6621863291075,
    "199": 6118.079599802214,
    "200": 10969.198804072337,
    "201": 3591.491551529508,
    "202": 1893.4534517195802,
    "203": 4376.247026010062,
    "204": 9304.17462258076,
    "205": 3114.114891289744,
    "206": 8312.969029127356,
    "207": 2602.1910575938427,
    "208": 3957.3728984858762,
    "209": 10061.584713410846,
    "210": 6051.744811260663,
    "211": 3964.128771472583,
    "212": 3051.2501962499305,
    "213": 6224.521194966275,
    "214": 1651.326471684794,
    "215": 2196.9887084562574,
    "216": 4978.191424153981,
    "217": 8475.97622442093,
    "218": 2722.552002652257,
    "219": 580.0984046875438,
    "220": 4140.873320722257,
    "221": 5754.932298538111,
    "222": 3429.7490456567443,
    "223": 4595.582318943118,
    "224": 2642.092224591053,
    "225": 6677.153578459564,
    "226": 5881.978627178558,
    "227": 7765.183239673161,
    "228": 976.3003075648346,
    "229": 5131.450397944914,
    "230": 5454.86314516015,
    "231": 3067.892437235675,
    "232": 4510.24883291811,
    "233": 1305.5042937666715,
    "234": 2166.750032465923,
    "235": 9407.113694932617,
    "236": 6793.329393602926,
    "237": 1961.1071235370296,
    "238": 5968.195803311734,
    "239": 1271.007463811753,
    "240": 6480.247178038402,
    "241": 2535.9989540589427,
    "242": 778.7546865572828,
    "243": 2293.6950377612725,
    "244": 1913.4720807699598,
    "245": 1433.8952402322093,
    "246": 2419.556859813767,
    "247": 5621.768094759244,
    "248": 10687.579018659824,
    "249": 6046.548316077573,
    "250": 11341.268261659583,
    "251": 1201.5867657634296,
    "252": 2405.995582625286,
    "253": 6357.959541962544,
    "254": 9363.204228870269,
    "255": 11265.816230622007,
    "256": 8302.526667622022,
    "257": 4198.476551194248,
    "258": 7536.588544038557,
    "259": 1957.0307269889317,
    "260": 3338.657102428435,
    "261": 11025.374110547004,
    "262": 1119.582049722241,
    "263": 2697.8716484646657,
    "264": 1656.1030298671017,
    "265": 3805.970608101257,
    "266": 2759.935420595731,
    "267": 9995.733437793015,