{
    "1": 3587.930909862753,
    "2": 3599.3836951827884,
    "3": 1048.0076485874401,
    "4": 11675.474895831432,
    "5": 1010.9618317093426,
    "6": 4704.439183365359,
    "7": 3647.83373954722,
    "8": 320.4451669843407,
    "9": 7426.140505859737,
    "10": 736.1314653902017,
    "11": 7259.321996358041,
    "12": 7914.221326202654,
    "13": 4892.20481479791,
    "14": 664.3801148381407,
    "15": 12254.539134048782,
    "16": 6861.168405621,
    "17": 5652.554102006885,
    "18": 6983.225663157779,
    "19": 8457.292167130685,
    "20": 9575.030364382937,
    "21": 14466.344155286888,
    "22": 8785.034829049673,
    "23": 5789.327989830179,
    "24": 3675.2506321807,
    "25": 5367.422836777455,
    "26": 6659.307836383324,
    "27": 5957.361753442755,
    "28": 4499.68509305739,
    "29": 3543.0050037460755,
    "30": 9449.703703280888,
    "31": 1051.5273190940784,
    "32": 299.0817940448606,
    "33": 2720.928390351965,
    "34": 8751.52779868954,
    "35": 7040.662853094112,
    "36": 11366.49399647078,
    "37": 6887.799053715692,
    "38": 13933.806030314705,
    "39": 8388.479479035346,
    "40": 496.49667755768365,
    "41": 12310.542896499215,
    "42": 1792.8310975612108,
    "43": 15074.115627801742,
    "44": 10871.026750012865,
    "45": 2819.753479792209,
    "46": 1363.7430955307616,
    "47": 6826.737113242489,
    "48": 8502.146701071764,
    "49": 3806.390962265109,
    "50": 8616.425442687849,
    "51": 4448.438999394836,
    "52": 10613.383445794343,
    "53": 2222.136403005391,
    "54": 6044.064660179958,
    "55": 8096.341556911203,
    "56": 2747.188563639947,
    "57": 5627.551266083156,
    "58": 4509.648893314089,
    "59": 3350.831221294346,
    "60": 3293.7959611359815,
    "61": 2417.6941638322514,
    "62": 651.3091134988515,
    "63": 5520.155827472844,
    "64": 4098.053342647214,
    "65": 7050.463137814334,
    "66": 528.0990668350768,
    "67": 11765.430704192286,
    "68": 10658.834469526435,
    "69": 188.2024798172538,
    "70": 8455.918296585338,
    "71": 7726.459171736607,
    "72": 7558.770963546301,
    "73": 1078.4292025047073,
    "74": 1471.2014531246448,
    "75": 2779.1140543615757,
    "76": 5852.951826413346,
    "77": 1476.0084382774721,
    "78": 13166.465554204548,
    "79": 2993.6383847280813,
    "80": 3380.2699238628907,
    "81": 10248.227698811701,
    "82": 5008.161341840746,
    "83": 1827.7948854826855,
    "84": 3307.648715843696,
    "85": 3732.7316518309367,
    "86": 4784.8373790599,
    "87": 9687.859963518424,
    "88": 7848.94532498817,
    "89": 5577.833772402436,
    "90": 5190.2424507202795,
    "91": 5625.453043779508,
    "92": 4571.826155264929,
    "93": 10304.174864418464,
    "94": 3677.499679078465,
    "95": 336.52727618958096,
    "96": 598.3241917754314,
    "97": 8255.092598426116,
    "98": 4385.29661076952,
    "99": 12235.953134037716,
    "100": 6365.480942128253,
    "101": 2633.5301155577818,
    "102": 5205.034194212408,
    "103": 9849.503938200109,
    "104": 4231.888128422504,
    "105": 2809.1847498284087,
    "106": 1074.037170107101,
    "107": 5716.4695425961145,
    "108": 8263.060783335983,
    "109": 12728.702775958023,
    "110": 4698.229391766238,
    "111": 7893.115542927904,
    "112": 8120.5792094464605,
    "113": 6224.5623882870605,
    "114": 2474.643088672363,
    "115": 2021.1937231563045,
    "116": 11457.91827405197,
    "117": 454.0764253182927,
    "118": 2523.1221685979995,
    "119": 10286.364983539188,
    "120": 4204.737013497295,
    "121": 9475.11555889369,
    "122": 2418.141897684383,
    "123": 4903.736581424463,
    "124": 8077.19910668682,
    "125": 3811.274246520718,
    "126": 1165.9879426033128,
    "127": 2624.877995068197,
    "128": 1596.8687806092917,
    "129": 4632.452961490635,
    "130": 2246.2238611802027,
    "131": 9431.488338137337,
    "132": 8944.37555051517,
    "133": 5587.527203497436,
    "134": 4197.66484472386,
    "135": 9272.174004741737,
    "136": 5914.882468068712,
    "137": 1925.0452000743617,
    "138": 3603.368238324573,
    "139": 12293.5909147103,
    "140": 5703.408014904149,
    "141": 3834.975750603085,
    "142": 5993.32541125214,
    "143": 3715.8022480717773,
    "144": 6178.249995403595,
    "145": 9655.018188921633,
    "146": 3600.096911591268,
    "147": 4489.965434888218,
    "148": 3911.5763916230662,
    "149": 8978.2778496015,
    "150": 3361.0324655195454,
    "151": 7903.697449038808,
    "152": 14731.821637543668,
    "153": 7921.22223975891,
    "154": 4786.538455593302,
    "155": 14158.222556917633,
    "156": 3279.50462897049,
    "157": 19445.140047766225,
    "158": 6122.159112181541,
    "159": 958.9270494972163,
    "160": 1399.11133680238,
    "161": 8533.687359273306,
    "162": 2336.1135381551762,
    "163": 7130.0332802061575,
    "164": 6892.751276882454,
    "165": 5001.0277868236035,
    "166": 7256.395137965339,
    "167": 1060.6844722965232,
    "168": 13572.72570595702,
    "169": 10606.887300585897,
    "170": 1306.3820688355254,
    "171": 18812.72254469328,
    "172": 10652.668768022537,
    "173": 2608.558362899665,
    "174": 6239.339511540728,
    "175": 6898.139152932504,
    "176": 4024.888598230077,
    "177": 4260.885411254255,
    "178": 3640.4406639103627,
    "179": 3691.4156480594897,
    "180": 2314.2890570152294,
    "181": 4799.782171019448,
    "182": 4329.80110362705,
    "183": 6815.972973172575,
    "184": 512.0015754054737,
    "185": 6019.60629354614,
    "186": 13805.46592808169,
    "187": 7110.727527726193,
    "188": 2419.256540592737,
    "189": 530.759418206816,
    "190": 5590.624468990512,
    "191": 6544.182525000537,
    "192": 7407.669476707382,
    "193": 1170.3441313599953,
    "194": 3430.0431394610546,
    "195": 8625.888611568413,
    "196": 15092.585346617347,
    "197": 19309.66071692325,
    "198": 7622.47567580859,
    "199": 6589.503157674523,
    "200": 1085.3780058568686,
    "201": 2654.822456236724,
    "202": 6049.984817113767,
    "203": 10998.905769675961,
    "204": 2650.271056609962,
    "205": 5289.4916624307225,
    "206": 9712.753638194989,
    "207": 15290.137092561028,
    "208": 3730.8670008431936,
    "209": 4949.480088871697,
    "210": 1562.5934184727323,
    "211": 7636.126227128871,
    "212": 7947.630024531185,
    "213": 10113.120053577166,
    "214": 4262.393224188134,
    "215": 6724.999477489471,
    "216": 732.5440562679667,
    "217": 3882.0679594504763,
    "218": 6421.531665196598,
    "219": 2921.109263931152,
    "220": 11224.201763797462,
    "221": 3981.4927957218565,
    "222": 502.3667914530961,
    "223": 1913.055784037374,
    "224": 3899.772457802872,
    "225": 4327.023091615725,
    "226": 3441.998523768777,
    "227": 8732.350589452715,
    "228": 2704.5535519667214,
    "229": 7227.91625319616,
    "230": 5072.72196182856,
    "231": 345.07235867041743,
    "232": 3955.1397301460283,
    "233": 1965.040854768658,
    "234": 1908.0653655987742,
    "235": 10885.086102894797,
    "236": 937.4114680012796,
    "237": 3625.2994541401004,
    "238": 7806.2182407329865,
    "239": 5181.550841424547,
    "240": 1992.4119053648988,
    "241": 379.4733813758656,
    "242": 4571.435634946155,
    "243": 8600.16185715293,
    "244": 3963.828328034638,
    "245": 5430.718817340447,
    "246": 7131.877708083626,
    "247": 2365.9714722432195,
    "248": 10167.082298882964,
    "249": 9226.317670866525,
    "250": 724.628310251299,
    "251": 9465.884987933447,
    "252": 1565.9242597150046,
    "253": 16155.083877658783,
    "254": 790.1892633330442,
    "255": 7763.192519008769,
    "256": 3116.8896685783857,
    "257": 1277.3131788602275,
    "258": 1849.999874957034,
    "259": 10837.439209651076,
    "260": 2166.055556423131,
    "261": 5783.859944229736,
    "262": 1009.0181541015164,
    "263": 7070.89029877789,
    "264": 565.0064906826424,
    "265": 6495.060408277945,
    "266": 13569.474167912997,
    "267": 3435.8239265817756,
    "268": 2995.18951696826,