{
    "1": 5226.575205018267,
    "2": 11030.962656596594,
    "3": 3730.3478216206518,
    "4": 2793.433064326636,
    "5": 4424.585767703055,
    "6": 2343.3880373197467,
    "7": 5427.300719552906,
    "8": 3516.1544103214515,
    "9": 12081.10300280649,
    "10": 8520.95628367202,
    "11": 6484.508368542994,
    "12": 5243.385721404042,
    "13": 1203.3177760523658,
    "14": 1978.262563912421,
    "15": 9154.85495534014,
    "16": 865.2739524104236,
    "17": 2052.816687096271,
    "18": 2631.9288423599373,
    "19": 3944.466674314164,
    "20": 2061.8005415422217,
    "21": 4268.106260209646,
    "22": 9707.694281378712,
    "23": 3622.9261550100255,
    "24": 9616.340299162162,
    "25": 10351.554172798951,
    "26": 5012.832147982806,
    "27": 3984.7438008208496,
    "28": 4285.218881205229,
    "29": 2458.096849362751,
    "30": 2556.4441995909197,
    "31": 3970.3546479361285,
    "32": 9867.47659353497,
    "33": 5884.088415227334,
    "34": 6303.707035592602,
    "35": 2667.8899044980467,
    "36": 2952.1001229169633,
    "37": 2604.668301901185,
    "38": 5962.45868602174,
    "39": 7206.024932912775,
    "40": 11087.278308395762,
    "41": 8163.6929100224515,
    "42": 5293.822408562918,
    "43": 8701.428572362169,
    "44": 11709.570030285628,
    "45": 5768.697803866558,
    "46": 10383.508156438746,
    "47": 7618.93511365383,
    "48": 2494.5021682735314,
    "49": 5404.686847250759,
    "50": 8174.02042216219,
    "51": 2438.3584568279834,
    "52": 14604.369281500534,
    "53": 8074.944018877416,
    "54": 2379.9634918034862,
    "55": 6430.587702271275,
    "56": 4290.1312097136415,
    "57": 12194.607622169478,
    "58": 11470.563731450455,
    "59": 2871.588503968068,
    "60": 1386.0194932416518,
    "61": 1985.9746495206439,
    "62": 5369.382714327271,
    "63": 7340.828407994097,
    "64": 6643.105096740443,
    "65": 7012.170177612157,
    "66": 9761.358453709889,
    "67": 2759.6817786366123,
    "68": 9939.961715442874,
    "69": 1577.3761261770337,
    "70": 5215.740489809144,
    "71": 2508.1300042136845,
    "72": 4087.788199731924,
    "73": 2572.262823434707,
    "74": 6851.248972364825,
    "75": 4791.380029384047,
    "76": 5226.97267187127,
    "77": 7981.6615174591525,
    "78": 1239.3108659383365,
    "79": 7822.956086544778,
    "80": 2581.086474138912,
    "81": 3876.9530995689142,
    "82": 8692.141474207838,
    "83": 4242.779323765813,
    "84": 7400.210066365272,
    "85": 1974.3976673343552,
    "86": 6134.805398427453,
    "87": 7721.583274734508,
    "88": 11462.944809703191,
    "89": 12231.094364295286,
    "90": 1315.2315425464506,
    "91": 3590.4675485327252,
    "92": 8893.708545566018,
    "93": 15597.033398086754,
    "94": 2410.6720893485763,
    "95": 3062.6768055986204,
    "96": 2654.9837271314454,
    "97": 10506.234367222705,
    "98": 274.4553279373359,
    "99": 5056.84612407314,
    "100": 7641.426334476251,
    "101": 3373.045595579284,
    "102": 3857.3449911609287,
    "103": 6721.143144600434,
    "104": 1323.4202031786067,
    "105": 1818.4825113671388,
    "106": 7645.369096017677,
    "107": 2775.696425837591,
    "108": 4973.252248908689,
    "109": 14700.244975310065,
    "110": 7896.430173227256,
    "111": 11082.084062417385,
    "112": 583.8599500613145,
    "113": 3142.6900135911146,
    "114": 6281.7137402534845,
    "115": 5268.617499747684,
    "116": 9752.45421418098,
    "117": 1796.2477934347266,
    "118": 3378.7851883228723,
    "119": 2068.7624205070438,
    "120": 8179.462814532529,
    "121": 3625.3788269286215,
    "122": 9381.696065653976,
    "123": 4917.872322807269,
    "124": 3595.427754940479,
    "125": 1444.8491245379953,
    "126": 1080.7316809090216,
    "127": 7163.978260552988,
    "128": 7701.240511324115,
    "129": 1633.3561955266741,
    "130": 1036.416159287983,
    "131": 965.5045234856223,
    "132": 656.4911015957654,
    "133": 8070.66530206863,
    "134": 6409.891187610187,
    "135": 8633.289337611503,
    "136": 8149.081848968323,
    "137": 895.1704459387504,
    "138": 2157.600671366289,
    "139": 8131.776951506182,
    "140": 4730.18941804067,
    "141": 5532.511749978557,
    "142": 1869.2650870518817,
    "143": 5386.588492557996,
    "144": 5837.206775108255,
    "145": 2702.1705506731955,
    "146": 6999.020490156035,
    "147": 2852.965036821504,
    "148": 16410.000401202356,
    "149": 2177.450835771314,
    "150": 1173.4137596976702,
    "151": 9601.896455339964,
    "152": 3410.2508523646675,
    "153": 4165.169990515119,
    "154": 8913.326459647067,
    "155": 3139.577332922963,
    "156": 4738.17604458272,
    "157": 8671.291993128749,
    "158": 6469.905750269401,
    "159": 11333.808717160658,
    "160": 3315.3996669399735,
    "161": 8045.439583484683,
    "162": 3210.500573095225,
    "163": 5447.016633831411,
    "164": 2374.6765167296508,
    "165": 9546.708790493087,
    "166": 2442.4163338336975,
    "167": 3661.7699334623653,
    "168": 3116.2515459478846,
    "169": 1009.9726951699926,
    "170": 2096.600625311489,
    "171": 17007.24753999673,
    "172": 10099.663225850272,
    "173": 536.271606160036,
    "174": 6529.224257492381,
    "175": 5243.0260954613295,
    "176": 13085.4701462384,
    "177": 6137.560045493652,
    "178": 3435.6783281892644,
    "179": 4915.612944910315,
    "180": 21684.48764294158,
    "181": 6020.163200044949,
    "182": 4753.6295832356645,
    "183": 5053.854713051754,
    "184": 4678.568629147484,
    "185": 672.1450936014685,
    "186": 6893.981916395743,
    "187": 5638.986724753998,
    "188": 9822.876262711228,
    "189": 10047.612326877459,
    "190": 6385.721187091143,
    "191": 5156.768609237265,
    "192": 6532.840072474987,
    "193": 2635.957338714183,
    "194": 2463.1845383861914,
    "195": 368.6430721642329,
    "196": 1133.8256989764773,
    "197": 2921.0181405509593,
    "198": 4872.27949766727,
    "199": 5575.65340635062,
    "200": 11575.378329581346,
    "201": 1979.872194094108,
    "202": 13317.736082840353,
    "203": 3780.2680988474153,
    "204": 4793.792023807133,
    "205": 269.1838887398849,
    "206": 4392.612747020401,
    "207": 3405.2260431849854,
    "208": 5483.876915707763,
    "209": 4141.701839910546,
    "210": 4619.351459947891,
    "211": 2933.0432085912353,
    "212": 7112.548573048665,
    "213": 4563.980507678191,
    "214": 3110.448365349682,
    "215": 7672.593607552166,
    "216": 4081.240555898429,
    "217": 3486.521439496749,
    "218": 3685.566982572687,
    "219": 13523.24582495447,
    "220": 4286.077263974823,
    "221": 2408.1631760057526,
    "222": 2593.9248391584897,
    "223": 1065.3986593542916,
    "224": 1104.6423590103623,
    "225": 7292.715363043478,
    "226": 4162.856148224045,
    "227": 2323.6097480048984,
    "228": 4508.531848518085,
    "229": 5663.436024962456,
    "230": 9615.171332648306,
    "231": 19968.47534075318,
    "232": 3402.0442556614516,
    "233": 2969.760654019809,
    "234": 6650.582199343807,
    "235": 3158.0549048226862,
    "236": 6203.183558357975,
    "237": 2031.0007237810967,
    "238": 5596.040542098745,
    "239": 5431.59135062029,
    "240": 3163.6478866843863,
    "241": 5418.245075508704,
    "242": 7133.70260310687,
    "243": 5522.918398997539,
    "244": 3394.993643879517,
    "245": 5683.387697035098,
    "246": 10073.506033398044,
    "247": 2251.1328360182665,
    "248": 5493.213569180423,
    "249": 2823.287652221719,
    "250": 1729.144263521319,
    "251": 2835.812557333566,
    "252": 7527.442832894429,
    "253": 4607.1914619039035,
    "254": 3738.802829432614,
    "255": 8522.33669394659,
    "256": 5445.673347128836,
    "257": 4313.833734091705,
    "258": 7148.546290623161,
    "259": 2025.4750344113922,
    "260": 1055.512168386341,
    "261": 5716.877484338137,
    "262": 5352.899381577716,
    "263": 3381.154792137082,
    "264": 1651.2790553220989,
    "265": 3625.647782066492,
    "266": 2653.9087021253526,
    "267": 1581.5655351613298,