{
    "1": 1952.7054488310819,
    "2": 3812.7551702173046,
    "3": 3321.8743518758342,
    "4": 1053.7027228510208,
    "5": 3622.121197527906,
    "6": 1536.4768845770795,
    "7": 3629.4758141790303,
    "8": 2258.363646047674,
    "9": 3915.315878958663,
    "10": 9489.899579316245,
    "11": 4352.619724114166,
    "12": 1666.09992364479,
    "13": 2914.489321216248,
    "14": 3562.7434854765625,
    "15": 11145.486100708027,
    "16": 3220.576129396588,
    "17": 5456.6896771722,
    "18": 3521.7302927248593,
    "19": 4648.678442299362,
    "20": 2574.19884684134,
    "21": 7441.329853115923,
    "22": 8725.907444924736,
    "23": 981.3542136244678,
    "24": 8764.879226055722,
    "25": 1510.7249681101755,
    "26": 6055.893563912141,
    "27": 1853.815130495936,
    "28": 7761.2825370010605,
    "29": 4910.315937775132,
    "30": 1907.0606914483722,
    "31": 4030.259655902251,
    "32": 6798.448974464671,
    "33": 6671.324868643846,
    "34": 4109.111721060595,
    "35": 4994.224774767293,
    "36": 1642.2462271794175,
    "37": 5744.790686813857,
    "38": 2422.008786303455,
    "39": 2721.7373492461793,
    "40": 5671.2794655338585,
    "41": 4506.690551811464,
    "42": 3125.3399934547087,
    "43": 3287.799208663926,
    "44": 1587.0663835155297,
    "45": 2164.729319556375,
    "46": 2138.0455604421377,
    "47": 2523.9686861468576,
    "48": 10181.511415957539,
    "49": 3250.4899917836046,
    "50": 4735.73435895637,
    "51": 6042.388541682165,
    "52": 8120.811168782778,
    "53": 1718.1398181422355,
    "54": 7903.113320265292,
    "55": 3241.030601685852,
    "56": 1740.706483075614,
    "57": 7834.651229998637,
    "58": 4635.469114517775,
    "59": 11103.112817529265,
    "60": 3814.193098921245,
    "61": 2129.280785396091,
    "62": 1711.1916584173564,
    "63": 1858.8528286696812,
    "64": 2146.606124621579,
    "65": 5030.1489150483385,
    "66": 1594.8907524179003,
    "67": 1515.8011038874156,
    "68": 2119.6293187300485,
    "69": 8512.941874057176,
    "70": 5432.2322505846905,
    "71": 3844.514479107846,
    "72": 8147.310918400352,
    "73": 1631.8159660358249,
    "74": 6188.3715994923505,
    "75": 3882.669399356947,
    "76": 2290.367819954852,
    "77": 3401.0612868701573,
    "78": 704.9451983415391,
    "79": 5530.850630261487,
    "80": 3115.2710600492956,
    "81": 5017.147634163557,
    "82": 3386.629086123099,
    "83": 7179.236558269846,
    "84": 2122.765404334202,
    "85": 13343.667127862716,
    "86": 2584.4517637943886,
    "87": 3476.0505395084665,
    "88": 8727.244728440375,
    "89": 4947.491886661727,
    "90": 6051.884858831309,
    "91": 10919.518768721096,
    "92": 2369.474692425793,
    "93": 2274.6025074044037,
    "94": 4161.473532058325,
    "95": 1452.9951709215607,
    "96": 3770.319035317742,
    "97": 2651.3711678621567,
    "98": 1763.844860945896,
    "99": 2784.3150357529107,
    "100": 9802.278535531337,
    "101": 1074.71105911347,
    "102": 3163.9176237641905,
    "103": 5750.000616037897,
    "104": 3030.925856662807,
    "105": 1019.4947532308356,
    "106": 4129.418822908326,
    "107": 4130.781180124858,
    "108": 1343.5456460834819,
    "109": 8438.591225960965,
    "110": 4973.115076724121,
    "111": 7751.867264699376,
    "112": 3443.87138262562,
    "113": 4818.479941642169,
    "114": 5179.063179166008,
    "115": 5231.943194012206,
    "116": 813.914643623518,
    "117": 4313.189858879079,
    "118": 2342.285850945816,
    "119": 12324.922862439258,
    "120": 4285.6801374880815,
    "121": 3433.0408406201273,
    "122": 5484.761642108512,
    "123": 1954.6710647281363,
    "124": 4849.038017712384,
    "125": 6269.48991868352,
    "126": 1799.7998839042962,
    "127": 1766.9099682098931,
    "128": 6893.646220365936,
    "129": 927.1811102816066,
    "130": 6113.89104222507,
    "131": 5445.401633628142,
    "132": 1233.6394884709568,
    "133": 1788.576297106061,
    "134": 5446.430450922726,
    "135": 5149.3497397297215,
    "136": 4885.3038893359735,
    "137": 8179.583967831114,
    "138": 2723.964656650365,
    "139": 1968.1219377569141,
    "140": 1922.7280059994328,
    "141": 17947.927385453604,
    "142": 2785.6415616552135,
    "143": 5358.828545106507,
    "144": 2682.5869859951977,
    "145": 4915.962930358573,
    "146": 4485.639953645315,
    "147": 1375.0426583598164,
    "148": 4904.696266145771,
    "149": 693.1463871907113,
    "150": 1347.81824874731,
    "151": 3737.013340127728,
    "152": 3218.139263618815,
    "153": 3074.8994680261344,
    "154": 1175.7659271055538,
    "155": 3384.409144472486,
    "156": 4157.507082017778,
    "157": 7373.095614141156,
    "158": 1633.317506624395,
    "159": 3512.7823927264203,
    "160": 3937.953760501297,
    "161": 6718.637982885628,
    "162": 1247.8791124456986,
    "163": 5072.638560626537,
    "164": 6390.882402618949,
    "165": 1257.585109295809,
    "166": 4289.7699209799075,
    "167": 5504.769671520163,
    "168": 5036.073808698983,
    "169": 3623.480791223548,
    "170": 2445.5225824593936,
    "171": 5097.673622184041,
    "172": 2426.6870494589452,
    "173": 6957.5703463890195,
    "174": 12242.2609400728,
    "175": 5063.770826266994,
    "176": 3443.14221246003,
    "177": 19846.903065266295,
    "178": 4939.878662363089,
    "179": 8354.839297600229,
    "180": 14506.879111536662,
    "181": 7025.138072912079,
    "182": 1804.769980400282,
    "183": 5086.146971057553,
    "184": 2045.7016092398821,
    "185": 1757.4332990453952,
    "186": 2378.115986837709,
    "187": 1149.7922551521376,
    "188": 1967.756012381007,
    "189": 5141.585956064535,
    "190": 7417.240972066642,
    "191": 5186.527418728763,
    "192": 1186.970538907216,
    "193": 18690.449886387072,
    "194": 7962.615660788917,
    "195": 3828.238477141263,
    "196": 5585.470348120793,
    "197": 5365.656097014322,
    "198": 4916.5427778708745,
    "199": 1046.3230452078699,
    "200": 4219.429581522593,
    "201": 2768.7796184556078,
    "202": 7379.779079233248,
    "203": 5402.989141227312,
    "204": 1589.8697374168933,
    "205": 4720.593071351759,
    "206": 9366.706680040104,
    "207": 8354.65632801261,
    "208": 8289.397547056744,
    "209": 1221.7956788317913,
    "210": 6778.99494675304,
    "211": 4892.16363947173,
    "212": 3004.500131631274,
    "213": 9919.648321437659,
    "214": 4426.972673979536,
    "215": 3616.8028281165143,
    "216": 10409.829716248085,
    "217": 6219.784516491043,
    "218": 3193.394321969493,
    "219": 2479.2717350706475,
    "220": 4280.606516139166,
    "221": 7931.158634625964,
    "222": 2268.9007375131737,
    "223": 8888.959644803559,
    "224": 1200.800777409831,
    "225": 2453.68479435942,
    "226": 3603.272084609457,
    "227": 2741.6140151366226,
    "228": 2907.891011219759,
    "229": 2045.0954939996784,
    "230": 10326.924621081836,
    "231": 1902.9251800025947,
    "232": 3905.6592040975215,
    "233": 3160.3480004985554,
    "234": 8024.666070378535,
    "235": 3595.780512322311,
    "236": 4461.715410961812,
    "237": 2373.711714533211,
    "238": 6264.622888992184,
    "239": 1709.983093184289,
    "240": 1524.354051907056,
    "241": 1948.735103236178,
    "242": 2744.0234428544795,
    "243": 2294.5551886238045,
    "244": 1842.5878531635385,
    "245": 2354.1765745289053,
    "246": 4004.897023902306,
    "247": 2515.899647945809,
    "248": 3461.529776642158,
    "249": 6146.764844414334,
    "250": 6203.336598160959,
    "251": 16124.76836906114,
    "252": 5330.450219669546,
    "253": 3174.1572359822685,
    "254": 2276.0293367246104,
    "255": 3918.088067834611,
    "256": 2205.4182352353664,
    "257": 1887.4034843883207,
    "258": 3134.233682455846,
    "259": 7226.634726874217,
    "260": 13905.768365589496,
    "261": 1402.4406843606523,
    "262": 8195.91051771195,
    "263": 2407.6483314427055,
    "264": 4904.054037063734,
    "265": 2718.856129020618,
    "266": 2428.9776005607605,
    "267": 20094.514734577286,