{
    "1": 5968.458958836438,
    "2": 3125.937092062441,
    "3": 1682.6555708043927,
    "4": 3481.140858216704,
    "5": 800.2101012958581,
    "6": 2004.3767308935016,
    "7": 6360.445910996144,
    "8": 3831.1488894888125,
    "9": 6967.757514965006,
    "10": 5027.768610755706,
    "11": 4066.347470513058,
    "12": 2905.169075401911,
    "13": 5386.946166528727,
    "14": 7786.697612319255,
    "15": 5979.066954034219,
    "16": 4644.985305279462,
    "17": 8305.821033627502,
    "18": 3059.7028981736303,
    "19": 4097.395171649747,
    "20": 5388.95392322504,
    "21": 11528.324052244758,
    "22": 10341.410862160772,
    "23": 8757.313524423687,
    "24": 4177.36977178353,
    "25": 1348.8667001115577,
    "26": 9583.654699179544,
    "27": 3503.2881260412296,
    "28": 3317.656851761545,
    "29": 4060.138548501042,
    "30": 1843.4001630784596,
    "31": 2199.6894937915317,
    "32": 6296.807815953563,
    "33": 6911.166606967459,
    "34": 3540.0085453150255,
    "35": 5558.9322690554545,
    "36": 2578.3566268871446,
    "37": 8036.085721801579,
    "38": 2300.349318819519,
    "39": 2989.636670856313,
    "40": 3195.4295137768763,
    "41": 3780.3842995100017,
    "42": 6744.788884473954,
    "43": 3178.000820528935,
    "44": 5738.041628896541,
    "45": 1634.268878567765,
    "46": 2995.8446381163562,
    "47": 6715.618952446071,
    "48": 2962.179496749184,
    "49": 2477.2614125682962,
    "50": 7076.727884819695,
    "51": 6500.153010257109,
    "52": 2932.967919032875,
    "53": 6360.478595609457,
    "54": 1162.1755915778822,
    "55": 5525.010124681283,
    "56": 2010.6047835871284,
    "57": 12281.563882095146,
    "58": 4369.028195181235,
    "59": 8257.638350316516,
    "60": 2884.559765709186,
    "61": 3396.8251225528975,
    "62": 2199.282581259968,
    "63": 6897.378945441852,
    "64": 7770.890879165318,
    "65": 1445.5317068556292,
    "66": 11299.818810095152,
    "67": 2347.383712596071,
    "68": 1577.7050169524375,
    "69": 5383.4073375978405,
    "70": 5742.741625488144,
    "71": 1316.4361145184807,
    "72": 5208.753102951658,
    "73": 6537.680950027657,
    "74": 9678.092840382425,
    "75": 6342.6793181486155,
    "76": 5185.752302990296,
    "77": 2527.4737405375226,
    "78": 4447.0151287260405,
    "79": 2423.5405875664655,
    "80": 1104.945952881528,
    "81": 6752.396354398277,
    "82": 1581.2030560256421,
    "83": 2114.307933774183,
    "84": 1958.774442995691,
    "85": 7202.8153157912075,
    "86": 3476.00098120563,
    "87": 4105.9273123057,
    "88": 5514.198796005187,
    "89": 2730.1298791299255,
    "90": 5154.006448877281,
    "91": 3642.418648769795,
    "92": 2171.0309295744105,
    "93": 2154.2427440980905,
    "94": 1101.9145362489903,
    "95": 1971.920860712487,
    "96": 6252.579037421493,
    "97": 2358.3786193580154,
    "98": 5279.185430230367,
    "99": 4419.283369211239,
    "100": 2462.879470978632,
    "101": 2642.810171872127,
    "102": 4725.664177120419,
    "103": 5302.243116589709,
    "104": 2392.335335770287,
    "105": 6096.797921969854,
    "106": 5656.029913462334,
    "107": 6167.399883593946,
    "108": 3509.8715051365994,
    "109": 5759.535501838182,
    "110": 1208.6896931766096,
    "111": 1861.6155994450116,
    "112": 4410.842539221309,
    "113": 2281.312403656438,
    "114": 6517.522905341256,
    "115": 1508.1728077623045,
    "116": 3543.595419093244,
    "117": 2468.039102505508,
    "118": 4340.720451561832,
    "119": 3786.829739783275,
    "120": 2407.5311999396795,
    "121": 5633.950819715049,
    "122": 5023.805888338006,
    "123": 5118.816323597954,
    "124": 3182.648882346967,
    "125": 2297.727107025195,
    "126": 3088.4700017059586,
    "127": 3296.598829609689,
    "128": 3191.612278838158,
    "129": 2551.1175716578236,
    "130": 7497.079411080548,
    "131": 1806.5722449654272,
    "132": 3395.026089887399,
    "133": 2472.270750877543,
    "134": 4143.326238264249,
    "135": 6928.147122253965,
    "136": 2719.961054417833,
    "137": 2334.3412202486015,
    "138": 5679.559932834597,
    "139": 10207.475174817677,
    "140": 3436.5983111992487,
    "141": 2818.32170746315,
    "142": 13289.320411197821,
    "143": 4363.089433964464,
    "144": 3687.5304426206444,
    "145": 3054.540648777595,
    "146": 2685.4866311831806,
    "147": 6792.372205378073,
    "148": 6130.76074452686,
    "149": 3523.571637521859,
    "150": 12950.173670225115,
    "151": 4697.370063719725,
    "152": 1450.5417996068202,
    "153": 6762.78971528369,
    "154": 1254.4581126101343,
    "155": 2758.057065457788,
    "156": 2010.4763871821733,
    "157": 5425.046599847921,
    "158": 7913.516960536931,
    "159": 1334.2918899758313,
    "160": 3491.487855158405,
    "161": 4537.93553745894,
    "162": 3615.145870942061,
    "163": 5823.351660480442,
    "164": 2706.87018377605,
    "165": 877.8380479207584,
    "166": 2468.6109037196566,
    "167": 4648.766655640854,
    "168": 1110.747532433107,
    "169": 3619.601373350362,
    "170": 7484.824167808998,
    "171": 12385.85942790837,
    "172": 6902.837729449422,
    "173": 3867.7506349894315,
    "174": 2563.165405108424,
    "175": 1401.2155517175813,
    "176": 4809.454149792938,
    "177": 3248.137761285121,
    "178": 3668.6966764465105,
    "179": 3807.40694026291,
    "180": 5068.071564176744,
    "181": 4051.917190567263,
    "182": 2984.9109833184248,
    "183": 4672.614805507374,
    "184": 3387.3838526008963,
    "185": 3412.0232442680453,
    "186": 1909.9447236963822,
    "187": 1762.8186746926756,
    "188": 6780.207110930051,
    "189": 2852.7251613914264,
    "190": 7892.838554621081,
    "191": 9696.133371905958,
    "192": 3065.32941955395,
    "193": 5303.6181313061315,
    "194": 1205.4521872691669,
    "195": 898.6209007692519,
    "196": 10029.109720366332,
    "197": 1087.5099673385207,
    "198": 2069.635215884703,
    "199": 5942.212863254109,
    "200": 2277.961388997042,
    "201": 2020.8751105893273,
    "202": 1433.7299705640567,
    "203": 2262.103439995057,
    "204": 6407.835972969604,
    "205": 1469.8448298528615,
    "206": 2754.5089037936873,
    "207": 6556.343537070837,
    "208": 5116.582459563786,
    "209": 1397.0537686955395,
    "210": 1703.468438652684,
    "211": 1687.2365568216424,
    "212": 5820.455807646458,
    "213": 2889.210937783214,
    "214": 2156.8311510467615,
    "215": 10524.233720922839,
    "216": 4101.413098343301,
    "217": 2623.755822434254,
    "218": 9128.684587272588,
    "219": 4338.49305670043,
    "220": 10892.042791965905,
    "221": 2024.5681419607072,
    "222": 6760.85575726006,
    "223": 6860.6255897573665,
    "224": 7098.777924179813,
    "225": 2346.04600463859,
    "226": 3463.046292557996,
    "227": 3216.190265422477,
    "228": 2103.957870262457,
    "229": 6435.679836958736,
    "230": 4268.612167072002,
    "231": 10424.972541835663,
    "232": 5255.30124414003,
    "233": 6402.366722520342,
    "234": 2380.961261968144,
    "235": 4714.776530885953,
    "236": 3625.030336511742,
    "237": 1830.815034566006,
    "238": 7922.723298917372,
    "239": 2287.5069894968315,
    "240": 9037.412209535798,
    "241": 2753.615617176787,
    "242": 2342.669753787007,
    "243": 4506.944879513771,
    "244": 4032.9203781127585,
    "245": 3863.4951307903734,
    "246": 10674.432012560052,
    "247": 2392.5959559754683,
    "248": 2243.0681972125763,
    "249": 2127.570843654293,
    "250": 12800.993434520617,
    "251": 10580.312662053726,
    "252": 2119.9356625438704,
    "253": 6327.608456842337,
    "254": 2603.214300221477,
    "255": 6195.257081498414,
    "256": 3585.2104305616485,
    "257": 10544.451785498757,
    "258": 2098.72482587749,
    "259": 3790.818352660812,
    "260": 4715.941290845733,
    "261": 1030.4644352908592,
    "262": 2461.1502542102553,
    "263": 2959.93833792734,
    "264": 3374.9132517916814,
    "265": 4276.893580764362,
    "266": 2477.5244521557315,
    "267": 5559.7677687179375,