{
    "1": 4292.293010997741,
    "2": 550.8322426161571,
    "3": 5248.1215882032375,
    "4": 7257.223525769461,
    "5": 1993.1375512816717,
    "6": 6624.554823955129,
    "7": 3416.6219342088593,
    "8": 629.7615582017189,
    "9": 10562.030480131387,
    "10": 6058.729420615631,
    "11": 5026.602960545743,
    "12": 1454.7294244532125,
    "13": 4361.523700623927,
    "14": 5797.242205940043,
    "15": 7710.2585564180235,
    "16": 5882.413493947056,
    "17": 12006.23830758691,
    "18": 1024.7158251996368,
    "19": 7605.192640761768,
    "20": 2100.9949707959076,
    "21": 321.05204970358716,
    "22": 21279.950870925833,
    "23": 17038.819197505785,
    "24": 10086.532056220894,
    "25": 3550.7567703751934,
    "26": 8480.78671702721,
    "27": 8382.174068061866,
    "28": 6725.25505445675,
    "29": 6414.835325844341,
    "30": 628.0719061683902,
    "31": 2152.7010865447946,
    "32": 6002.133544392669,
    "33": 11121.464480323659,
    "34": 5273.292367771202,
    "35": 10076.019850311382,
    "36": 3970.8948113449123,
    "37": 13114.783996731283,
    "38": 9807.981150253283,
    "39": 3603.4510857991368,
    "40": 2434.923282435226,
    "41": 5334.998307056426,
    "42": 4601.37761508295,
    "43": 2736.182598608898,
    "44": 3234.1090964088676,
    "45": 8240.492248682865,
    "46": 3703.6108767413093,
    "47": 4505.000162148459,
    "48": 2898.514354804698,
    "49": 10404.799915106623,
    "50": 2559.2674583939765,
    "51": 11179.022462401335,
    "52": 550.765351094551,
    "53": 2233.8712544892023,
    "54": 675.2062592839545,
    "55": 3166.1690055678173,
    "56": 1672.7803595211865,
    "57": 5941.116106194285,
    "58": 7804.809847358553,
    "59": 6430.716213331286,
    "60": 7035.6438479531935,
    "61": 2319.4073208142418,
    "62": 4865.602828366047,
    "63": 4615.645852606318,
    "64": 8555.369048771641,
    "65": 2710.9079096831165,
    "66": 6869.54837229289,
    "67": 7249.906941840206,
    "68": 1970.686319245252,
    "69": 571.7153246412996,
    "70": 5801.727339472261,
    "71": 4744.918549744399,
    "72": 4695.002885271789,
    "73": 6381.007176636394,
    "74": 6948.655621126539,
    "75": 5279.260259941411,
    "76": 2570.523653006464,
    "77": 2129.1792952118108,
    "78": 1364.9062914947353,
    "79": 8988.297809538753,
    "80": 1365.7543083791543,
    "81": 18007.69170964767,
    "82": 1400.4379664478743,
    "83": 4422.371992525281,
    "84": 8617.399865030799,
    "85": 1058.6214930742865,
    "86": 12127.93070710095,
    "87": 2322.209396753815,
    "88": 507.20761332432426,
    "89": 12308.197891007521,
    "90": 6555.927495843968,
    "91": 4549.778773068236,
    "92": 4762.331162449308,
    "93": 5087.42317167441,
    "94": 1576.7936013864235,
    "95": 13859.7354607458,
    "96": 1790.5336424465158,
    "97": 11061.328203386605,
    "98": 4591.5221372154765,
    "99": 8540.829465591638,
    "100": 1773.5671007604117,
    "101": 9303.461788381494,
    "102": 10035.431219681786,
    "103": 981.0858974355157,
    "104": 342.7464387263422,
    "105": 8367.133228665554,
    "106": 1897.8084061876546,
    "107": 1864.2561565888527,
    "108": 3489.4994558222315,
    "109": 4782.367222886934,
    "110": 3404.7211170446644,
    "111": 5903.267037859553,
    "112": 3074.593116155154,
    "113": 8439.186898264854,
    "114": 6509.229316068343,
    "115": 6681.258429903935,
    "116": 7146.397230692446,
    "117": 1307.4575618550377,
    "118": 11970.64286579935,
    "119": 5437.103275112294,
    "120": 2228.9434856966677,
    "121": 11684.434981063388,
    "122": 2221.048678429148,
    "123": 3221.7848387764393,
    "124": 5071.364825883616,
    "125": 10956.097292082492,
    "126": 6638.981570192279,
    "127": 6408.857409325197,
    "128": 5223.61333694938,
    "129": 1522.659461921918,
    "130": 3568.1464862525445,
    "131": 3344.3971434332493,
    "132": 6389.360976665896,
    "133": 11667.306286746663,
    "134": 10409.42339376764,
    "135": 3021.3874760490694,
    "136": 5027.710910316292,
    "137": 3830.0499680661837,
    "138": 1938.883103930836,
    "139": 1331.2055553907016,
    "140": 1589.5968686162464,
    "141": 2829.4601777965213,
    "142": 3336.713186654724,
    "143": 11017.991957291204,
    "144": 7020.0029335369,
    "145": 1031.920268366453,
    "146": 2485.462111709687,
    "147": 7843.249641749722,
    "148": 2791.761887055626,
    "149": 4878.4014331848275,
    "150": 2552.5627273947343,
    "151": 3976.385389902832,
    "152": 3270.8407982023386,
    "153": 11547.072841554624,
    "154": 2164.1364482641925,
    "155": 3015.6086519421947,
    "156": 5466.463602643771,
    "157": 6152.2531270968975,
    "158": 714.7547666031803,
    "159": 1486.6202803319675,
    "160": 1761.84599781175,
    "161": 5265.619139872377,
    "162": 4763.4320334163895,
    "163": 10463.431104679816,
    "164": 8852.203376653588,
    "165": 5945.348558307814,
    "166": 568.5080004533925,
    "167": 6664.748278448867,
    "168": 286.84642406976224,
    "169": 8576.890408674912,
    "170": 5343.935838594274,
    "171": 3409.0145478287045,
    "172": 9469.441128874292,
    "173": 3212.5928155264164,
    "174": 1325.0409920034526,
    "175": 8381.252526501534,
    "176": 5931.53463374393,
    "177": 2025.1916423187608,
    "178": 5931.871272294691,
    "179": 927.8371267241091,
    "180": 3267.991526354402,
    "181": 5724.018891575642,
    "182": 6401.103421178132,
    "183": 9531.227262515502,
    "184": 1458.55627656436,
    "185": 13518.977715798113,
    "186": 5115.950785048307,
    "187": 1218.839837698953,
    "188": 19761.013166684996,
    "189": 4442.438977272068,
    "190": 4145.300726645089,
    "191": 940.229176142719,
    "192": 3922.5996594081557,
    "193": 4927.511979671014,
    "194": 5417.909746114845,
    "195": 5190.858559774149,
    "196": 7018.097548260222,
    "197": 352.11440085152816,
    "198": 4659.426625489933,
    "199": 2204.036369837407,
    "200": 5460.155222758414,
    "201": 1423.1170277969788,
    "202": 4135.848220972585,
    "203": 2934.450599901355,
    "204": 10317.822586246508,
    "205": 3804.8371142500064,
    "206": 979.0004545145033,
    "207": 2600.580509272567,
    "208": 7597.655081113049,
    "209": 6592.720126326418,
    "210": 3022.553567260789,
    "211": 6427.389835710716,
    "212": 15713.433606531313,
    "213": 1558.1735085863936,
    "214": 765.2784228622859,
    "215": 10409.086831250395,
    "216": 4601.217936435316,
    "217": 3077.782213777173,
    "218": 11321.85276208327,
    "219": 1259.9430378725096,
    "220": 9055.842555951625,
    "221": 7077.031069316779,
    "222": 5407.55871607272,
    "223": 2034.119057299744,
    "224": 3436.704922222718,
    "225": 4490.666303896928,
    "226": 2134.261430683778,
    "227": 4636.5041445252355,
    "228": 8789.743341474066,
    "229": 2862.828092381859,
    "230": 1006.3838017409548,
    "231": 6155.653852544116,
    "232": 2467.0432509940047,
    "233": 9737.969470477808,
    "234": 4683.2016726114625,
    "235": 5612.47427460834,
    "236": 1680.8177161678555,
    "237": 13194.639264497722,
    "238": 4668.503244763042,
    "239": 6216.6041978843205,
    "240": 7583.257541289451,
    "241": 8988.979165457546,
    "242": 2555.6762881803625,
    "243": 4875.229347069259,
    "244": 2161.8386067435636,
    "245": 3924.420213168769,
    "246": 2400.7881923035343,
    "247": 13442.633602233465,
    "248": 6135.854219238961,
    "249": 6621.96007123153,
    "250": 358.37534197384156,
    "251": 1552.7261022257205,
    "252": 12452.73768501522,
    "253": 2507.0840737198346,
    "254": 2265.6218184743207,
    "255": 7180.0958909578685,
    "256": 2701.4690172755554,
    "257": 4027.3753068408787,
    "258": 4572.348359193298,
    "259": 9480.905648616616,
    "260": 7596.24645392152,
    "261": 5483.4192350005615,
    "262": 7478.957033127828,
    "263": 3703.100319684217,
    "264": 1581.9534338431076,
    "265": 4491.2173717281585,
    "266": 10943.491121817995,
    "267": 2399.432493129805,