{
    "1": 16896.732005627757,
    "2": 3327.8575316495803,
    "3": 3706.067605146125,
    "4": 5143.397586509133,
    "5": 7450.543774281146,
    "6": 6615.554142476843,
    "7": 3075.0662425285072,
    "8": 2710.70554712346,
    "9": 1832.7805297604843,
    "10": 3440.3967408976328,
    "11": 2390.1686870801514,
    "12": 1991.719391670878,
    "13": 8978.890403917936,
    "14": 6244.889155722441,
    "15": 1126.344330863545,
    "16": 5117.355301468469,
    "17": 1787.54992134994,
    "18": 4152.142678520515,
    "19": 3277.6740481563666,
    "20": 4442.8447969794715,
    "21": 2395.918453501457,
    "22": 1869.0644775134374,
    "23": 3447.655798503892,
    "24": 1802.0399061999158,
    "25": 2538.6362466254686,
    "26": 4973.9612051480535,
    "27": 2003.732999064605,
    "28": 4059.497414286758,
    "29": 8553.020527883235,
    "30": 3531.0174078083814,
    "31": 2783.431466415833,
    "32": 12177.271545097146,
    "33": 8540.068263492223,
    "34": 6580.790551336014,
    "35": 10671.707909175037,
    "36": 12445.79174553722,
    "37": 2897.1991826740946,
    "38": 1080.2294961934035,
    "39": 12862.7046691837,
    "40": 4005.5015984285687,
    "41": 2825.1562122597747,
    "42": 3000.776605189677,
    "43": 2870.736455681328,
    "44": 3016.765567764373,
    "45": 1186.2345471394467,
    "46": 3374.96349831896,
    "47": 1419.5425750422933,
    "48": 10572.068554985348,
    "49": 5091.520597262834,
    "50": 4677.87853658261,
    "51": 4313.296922113499,
    "52": 3746.040579960559,
    "53": 2644.5075335298743,
    "54": 5673.55549961364,
    "55": 2514.1276597136366,
    "56": 5759.691867489883,
    "57": 2566.5389538547447,
    "58": 2560.7535988916316,
    "59": 2399.7423199029154,
    "60": 1306.5305086744286,
    "61": 847.1892442308256,
    "62": 939.0635463086109,
    "63": 5662.349240698602,
    "64": 2932.1491831675526,
    "65": 1580.9581646753259,
    "66": 5629.597572635683,
    "67": 6855.4450986281745,
    "68": 6917.563772886743,
    "69": 3977.550377611356,
    "70": 5440.895159264459,
    "71": 1629.982936614332,
    "72": 2002.2879670030024,
    "73": 3470.9289247994802,
    "74": 1919.9862266951163,
    "75": 6108.265242576279,
    "76": 2783.2563134120023,
    "77": 7795.369176111512,
    "78": 6013.690072982332,
    "79": 4987.384953369363,
    "80": 6184.394012581086,
    "81": 2379.722848319003,
    "82": 2291.280444539636,
    "83": 6422.230541789797,
    "84": 4351.9215192705,
    "85": 2703.468592681259,
    "86": 2892.928122856727,
    "87": 1761.1209786672837,
    "88": 3130.874505591481,
    "89": 10685.003224280214,
    "90": 5151.9661284951635,
    "91": 5473.128444697485,
    "92": 2454.5755641307114,
    "93": 2486.1015781181727,
    "94": 4555.372231944074,
    "95": 6568.714871037604,
    "96": 9501.454340233215,
    "97": 19807.189498274176,
    "98": 1929.5545778958617,
    "99": 2720.096652030177,
    "100": 4579.467092804591,
    "101": 9226.812152712166,
    "102": 3060.3059709360646,
    "103": 5488.656081660725,
    "104": 2214.0652495016257,
    "105": 2350.689066110934,
    "106": 2252.3974238137644,
    "107": 1947.7572583466833,
    "108": 1637.7969319624376,
    "109": 4730.525080748662,
    "110": 1641.1813750234417,
    "111": 4127.071368363082,
    "112": 7937.540089359676,
    "113": 5735.395435382871,
    "114": 10171.05045407765,
    "115": 5995.763634330416,
    "116": 5997.637719537712,
    "117": 2988.7195712795906,
    "118": 1141.5417451660726,
    "119": 922.6833621063422,
    "120": 5622.839612506146,
    "121": 3007.9448601441118,
    "122": 6214.716357505149,
    "123": 6382.315198027708,
    "124": 5196.0341418107855,
    "125": 3461.4014576449335,
    "126": 5112.324587486024,
    "127": 5151.212877861391,
    "128": 1367.483397766943,
    "129": 2051.4690430499277,
    "130": 3192.8598161473933,
    "131": 23908.309477244005,
    "132": 4005.0105203213566,
    "133": 3023.056714593449,
    "134": 4789.168922791609,
    "135": 4806.666671784091,
    "136": 1888.698266321959,
    "137": 8178.899736417758,
    "138": 3081.8320950060734,
    "139": 3847.207869073967,
    "140": 2187.028464380949,
    "141": 1334.0881377565734,
    "142": 997.6915876237822,
    "143": 18080.756145586984,
    "144": 1337.621831657766,
    "145": 10895.335063976429,
    "146": 4792.687488078661,
    "147": 2272.4834380688103,
    "148": 1941.1470185658125,
    "149": 17260.726836844708,
    "150": 1816.1401883285457,
    "151": 4281.787650231907,
    "152": 4483.001991738905,
    "153": 625.384824648278,
    "154": 5303.245185386724,
    "155": 2723.4333940069287,
    "156": 4130.519995229637,
    "157": 536.7469897687857,
    "158": 1101.748834311371,
    "159": 3608.123416570373,
    "160": 4292.086247041061,
    "161": 4748.66123929516,
    "162": 7573.655661301967,
    "163": 2563.0827963729375,
    "164": 4081.4188910436255,
    "165": 1938.714369523013,
    "166": 9865.73347059675,
    "167": 4223.739745567277,
    "168": 6140.946557928363,
    "169": 3626.2517861023844,
    "170": 6180.736817318502,
    "171": 10586.186049198805,
    "172": 2691.8346293321683,
    "173": 1270.2895542037486,
    "174": 3294.7576647184715,
    "175": 4421.117499852157,
    "176": 3277.936162440909,
    "177": 1266.9396688296065,
    "178": 3557.6241838368464,
    "179": 2023.4077634538048,
    "180": 6032.706042672584,
    "181": 1408.1354286116205,
    "182": 3578.8883629500365,
    "183": 7872.968520556156,
    "184": 4786.161030397594,
    "185": 5345.891072092517,
    "186": 7453.836279625425,
    "187": 2301.4405524234003,
    "188": 1493.6402408385466,
    "189": 2600.3164384847114,
    "190": 2650.806827876405,
    "191": 2376.315112306815,
    "192": 5092.567081280531,
    "193": 7186.126251313738,
    "194": 1015.0539786024731,
    "195": 6670.166278540835,
    "196": 1111.9024392746387,
    "197": 2266.460552130445,
    "198": 3219.312565627258,
    "199": 4434.378947157863,
    "200": 6865.255833877817,
    "201": 4416.2633284263575,
    "202": 1724.1642262287721,
    "203": 4998.646212809919,
    "204": 5918.51566117127,
    "205": 5970.518448409277,
    "206": 4021.702717108986,
    "207": 8248.265779462026,
    "208": 1882.3366735459208,
    "209": 1021.8271179557426,
    "210": 930.8019160721121,
    "211": 4454.841071419035,
    "212": 4723.350856565092,
    "213": 1693.4391435087045,
    "214": 1400.5621585658919,
    "215": 11165.2561122157,
    "216": 1105.5659222775573,
    "217": 1159.769650574065,
    "218": 3453.0131457444154,
    "219": 5415.306058463734,
    "220": 4191.506525105201,
    "221": 1717.4718308634633,
    "222": 5064.85700301309,
    "223": 3599.990144102116,
    "224": 2294.307890629582,
    "225": 3523.374711804136,
    "226": 5861.154793339977,
    "227": 4907.948002880002,
    "228": 2754.3082899445203,
    "229": 4470.557352467604,
    "230": 8420.495059979467,
    "231": 7838.357081760163,
    "232": 600.9447086348047,
    "233": 9100.953638430292,
    "234": 3208.3998101862203,
    "235": 8881.410814078905,
    "236": 4436.243141090303,
    "237": 9773.946323234522,
    "238": 1094.5572724191718,
    "239": 1427.9232363467756,
    "240": 7591.704477135203,
    "241": 10628.520016243365,
    "242": 1192.3583101053564,
    "243": 6635.999625674309,
    "244": 3105.271280455938,
    "245": 1388.7279792521338,
    "246": 1681.2146133464028,
    "247": 3602.7614448002996,
    "248": 2165.0961216832675,
    "249": 2751.1839943344453,
    "250": 3328.060654634502,
    "251": 1864.5925605963857,
    "252": 4347.110720781159,
    "253": 5788.679933990427,
    "254": 3326.567752956546,
    "255": 13541.337279619438,
    "256": 10632.744531314107,
    "257": 3097.753336957315,
    "258": 4504.43233267917,
    "259": 4870.785297386772,
    "260": 9709.651342224592,
    "261": 5239.781960789361,
    "262": 1374.782353071498,
    "263": 1277.585882807187,
    "264": 3109.259793521161,
    "265": 4944.902795779895,
    "266": 11794.030818180105,
    "267": 8624.6739332098,