{
    "1": 5806.95221804557,
    "2": 718.1170614308136,
    "3": 6683.091038112536,
    "4": 5668.898915502197,
    "5": 2307.437639073799,
    "6": 3881.591864172726,
    "7": 9226.51356408492,
    "8": 3559.0718078040572,
    "9": 1920.6279711292452,
    "10": 5146.337723113349,
    "11": 7075.34376842405,
    "12": 806.967749005624,
    "13": 5053.399578488254,
    "14": 2561.5114664099306,
    "15": 1465.8390206999047,
    "16": 6985.154257080537,
    "17": 3929.717032107954,
    "18": 4660.924881476361,
    "19": 2587.462452771136,
    "20": 542.6235427888984,
    "21": 14859.581895584492,
    "22": 975.9820811291738,
    "23": 6546.1438916972265,
    "24": 7936.607641656895,
    "25": 1810.4731989929635,
    "26": 4262.337313911543,
    "27": 6785.391432769118,
    "28": 12428.472679006736,
    "29": 2351.9621915056773,
    "30": 2495.243148171164,
    "31": 4583.587260835243,
    "32": 11979.625860366592,
    "33": 7393.199008647125,
    "34": 3170.6279065861104,
    "35": 9742.082873980915,
    "36": 3157.6271015286025,
    "37": 3136.360683250295,
    "38": 1908.9119891779624,
    "39": 27473.116976834615,
    "40": 4218.00827997643,
    "41": 7034.307106691839,
    "42": 9641.349846135774,
    "43": 1445.994645715524,
    "44": 6525.3261883372315,
    "45": 3736.784422127571,
    "46": 10909.038617940381,
    "47": 3904.041025261341,
    "48": 6946.40904093015,
    "49": 9290.414345135112,
    "50": 6255.602681425906,
    "51": 8133.24419618047,
    "52": 6310.860646913993,
    "53": 7706.604525990565,
    "54": 769.9855463647488,
    "55": 7354.318232392081,
    "56": 13507.225628678707,
    "57": 3625.6722338864133,
    "58": 2541.6277254876222,
    "59": 6113.941450490162,
    "60": 16598.567230051412,
    "61": 4054.4687319457908,
    "62": 5894.192419736811,
    "63": 2881.124939544884,
    "64": 9833.98890917752,
    "65": 8858.344041187971,
    "66": 7877.995507110832,
    "67": 3634.669430949944,
    "68": 7270.737563585812,
    "69": 2686.5518243186293,
    "70": 4504.17664287222,
    "71": 8051.659363994452,
    "72": 4576.726604514883,
    "73": 3159.7429052524835,
    "74": 2964.0716130868877,
    "75": 652.4556155880342,
    "76": 5007.32812441287,
    "77": 13264.625850933899,
    "78": 8956.387466431712,
    "79": 6430.717073737314,
    "80": 3696.776369521817,
    "81": 1952.4683525715132,
    "82": 4754.35684712605,
    "83": 4086.26582441298,
    "84": 1038.717732334701,
    "85": 8421.1017240795,
    "86": 2796.50838415897,
    "87": 18432.45154722516,
    "88": 5454.722940452428,
    "89": 2438.8393242505035,
    "90": 3645.110335415686,
    "91": 8979.399050562784,
    "92": 3444.6432784584463,
    "93": 5609.480043695891,
    "94": 8856.60967000989,
    "95": 5870.983446812153,
    "96": 9232.387694184266,
    "97": 2062.6272873445064,
    "98": 6426.560024046918,
    "99": 587.9426166125677,
    "100": 6966.252410357502,
    "101": 4341.688137052136,
    "102": 2682.8314811099594,
    "103": 5788.476256677281,
    "104": 9855.571756242292,
    "105": 2879.224969275967,
    "106": 2157.057093114758,
    "107": 3715.7159459668665,
    "108": 4776.727089928744,
    "109": 3990.3284267314175,
    "110": 4356.64680960341,
    "111": 3737.1373439601252,
    "112": 4955.939108033784,
    "113": 1417.0119964628016,
    "114": 504.0619288818436,
    "115": 3301.8740785746477,
    "116": 407.3849166011153,
    "117": 8661.064262221826,
    "118": 9727.824732044364,
    "119": 566.3834995755385,
    "120": 15375.15128475824,
    "121": 7285.31321283543,
    "122": 1828.6448228484298,
    "123": 2672.5076073051537,
    "124": 5084.234056769434,
    "125": 4734.015107909863,
    "126": 16915.164479358293,
    "127": 3373.5219523421297,
    "128": 3100.3094578234336,
    "129": 9138.648333640867,
    "130": 6109.2752939630445,
    "131": 3116.718185249324,
    "132": 2413.176590719071,
    "133": 15408.554347131863,
    "134": 1024.943763862954,
    "135": 7414.2318229921075,
    "136": 5952.441311164243,
    "137": 3637.5425424357336,
    "138": 4921.518318468902,
    "139": 5383.486048561796,
    "140": 2041.3888617630998,
    "141": 5361.645438744971,
    "142": 7202.552343643108,
    "143": 6318.065961754002,
    "144": 14991.533846069078,
    "145": 9117.837624226675,
    "146": 4068.903060137918,
    "147": 5077.25234376553,
    "148": 16226.007374995232,
    "149": 2906.468091240235,
    "150": 9971.672818028921,
    "151": 3579.858349119927,
    "152": 12959.72730771196,
    "153": 9001.471728460441,
    "154": 3082.8699693844815,
    "155": 8838.99431771144,
    "156": 1092.0403709777354,
    "157": 9596.094845375574,
    "158": 2943.247646000433,
    "159": 5395.530928219687,
    "160": 5905.807231574572,
    "161": 8629.986025358057,
    "162": 3112.8154969616576,
    "163": 3296.780857539427,
    "164": 8297.121397219778,
    "165": 12402.900502565182,
    "166": 9001.964485934564,
    "167": 2599.258231467171,
    "168": 1750.637825732714,
    "169": 4462.048448257714,
    "170": 7152.629254508805,
    "171": 4015.856526441651,
    "172": 468.88460883256545,
    "173": 4985.082078471964,
    "174": 12445.335873837232,
    "175": 2814.282256566331,
    "176": 2530.378225726872,
    "177": 7007.255429738671,
    "178": 11594.859553444947,
    "179": 4854.70306906108,
    "180": 6599.169966211665,
    "181": 5907.180217323547,
    "182": 10968.356971205874,
    "183": 1950.4703697038708,
    "184": 12629.968930449037,
    "185": 3433.5120919323626,
    "186": 8070.1182542399465,
    "187": 7405.346802619623,
    "188": 5662.8147284597235,
    "189": 3970.759519956633,
    "190": 8023.35911349064,
    "191": 16144.562546580066,
    "192": 2107.053771834745,
    "193": 1453.2962000835819,
    "194": 1169.8316213676778,
    "195": 698.4376746899663,
    "196": 10710.268953683322,
    "197": 1547.5761627212044,
    "198": 3011.287666222017,
    "199": 5059.969491336981,
    "200": 9013.859084654416,
    "201": 15454.72020356002,
    "202": 6138.304180729855,
    "203": 3764.4299031044607,
    "204": 4456.406202126488,
    "205": 1317.0659317195075,
    "206": 1987.5372017817665,
    "207": 15062.856647197781,
    "208": 7094.250291167252,
    "209": 5309.020037449272,
    "210": 11505.405844985868,
    "211": 1840.1108661313708,
    "212": 3822.673649321932,
    "213": 4261.597091490759,
    "214": 14678.365841598903,
    "215": 1486.4246393905726,
    "216": 9310.032041793032,
    "217": 4373.072815579264,
    "218": 8622.959423853446,
    "219": 2353.7918993297158,
    "220": 7160.189631264819,
    "221": 7149.737984961594,
    "222": 4020.0837786703482,
    "223": 5419.727804938961,
    "224": 8814.717463272154,
    "225": 12472.603796887443,
    "226": 9014.319115204256,
    "227": 7220.9509307297885,
    "228": 9142.201255662732,
    "229": 1042.1596749758398,
    "230": 9715.872713284965,
    "231": 12958.058720249972,
    "232": 4363.790382923189,
    "233": 3918.1193715493814,
    "234": 1036.5595622802198,
    "235": 2165.3266858443644,
    "236": 5857.100700754859,
    "237": 4496.2128405117555,
    "238": 6304.027116272391,
    "239": 5307.281937992884,
    "240": 3037.2733333411693,
    "241": 8122.822860123652,
    "242": 5785.666227791271,
    "243": 4389.053656097821,
    "244": 6884.863847408034,
    "245": 6564.274298723113,
    "246": 6401.335227454721,
    "247": 2965.9972639475864,
    "248": 1952.8178114750062,
    "249": 12843.137856474294,
    "250": 10055.11678862514,
    "251": 7246.3362617627445,
    "252": 3656.8314883349935,
    "253": 3301.443247428458,
    "254": 2342.1487304603443,
    "255": 1298.9049609658196,
    "256": 10898.429323887542,
    "257": 4962.236536445609,
    "258": 7331.147215361477,
    "259": 4966.001133635448,
    "260": 6558.3051208173765,
    "261": 6761.3000968924525,
    "262": 1675.1443272305278,
    "263": 4146.887125591452,
    "264": 1060.7441975569482,
    "265": 7721.810730605059,
    "266": 3263.7127563711797,
    "267": 8262.393062212066,