{
    "1": 3131.5373147340056,
    "2": 2425.758634963764,
    "3": 3921.61781759941,
    "4": 7302.616246083957,
    "5": 4352.864012455886,
    "6": 2138.500893362166,
    "7": 4081.181912916891,
    "8": 5755.855439099871,
    "9": 2830.721188192137,
    "10": 3034.9501327978023,
    "11": 7153.392812633043,
    "12": 2931.3851435601227,
    "13": 7917.277212698359,
    "14": 3250.662503207832,
    "15": 1414.5282187785645,
    "16": 2147.6492704017605,
    "17": 5609.4059312663085,
    "18": 4486.188820488793,
    "19": 867.9843771769094,
    "20": 1456.1007408004643,
    "21": 5931.478823740676,
    "22": 5220.619396932447,
    "23": 4538.597805963819,
    "24": 1399.7767715340929,
    "25": 2250.044131247949,
    "26": 7014.332218088202,
    "27": 3623.562475055296,
    "28": 2031.582334364356,
    "29": 4257.9726695827985,
    "30": 4773.169523300949,
    "31": 7998.096486077358,
    "32": 4703.363876791218,
    "33": 3089.002004217798,
    "34": 13304.751464901568,
    "35": 6618.673647667527,
    "36": 6149.95696651758,
    "37": 3171.98240503258,
    "38": 3351.605861007464,
    "39": 6233.509229195194,
    "40": 5216.243735454003,
    "41": 6941.683472681191,
    "42": 5028.221607337428,
    "43": 5999.560339386718,
    "44": 4403.96134119117,
    "45": 4260.429524931832,
    "46": 6109.938553435704,
    "47": 2426.1981086879227,
    "48": 4060.279395312396,
    "49": 3444.7664165064457,
    "50": 8406.734028951561,
    "51": 881.4655962505404,
    "52": 1752.7519046929312,
    "53": 3767.2184032132127,
    "54": 4104.053525633758,
    "55": 3073.1427349792752,
    "56": 5442.596427134705,
    "57": 9454.81354475702,
    "58": 4126.5294840777715,
    "59": 3940.7635016125064,
    "60": 2796.0500164074842,
    "61": 4548.854421401153,
    "62": 6907.718096517742,
    "63": 10543.84034353978,
    "64": 1463.2722295801511,
    "65": 3384.5124276177253,
    "66": 2562.3811363317623,
    "67": 3801.0301655107883,
    "68": 4601.28967102991,
    "69": 3264.408490380055,
    "70": 6798.017628184997,
    "71": 2584.2018819838736,
    "72": 5749.874126749248,
    "73": 2756.5704516399096,
    "74": 5237.855670078525,
    "75": 7281.109330683029,
    "76": 2720.6253409603996,
    "77": 1781.7383039251447,
    "78": 5642.5795825543155,
    "79": 1972.5718555001354,
    "80": 2868.0289431229157,
    "81": 9465.878412774988,
    "82": 2860.0163480694905,
    "83": 2132.2249124712234,
    "84": 8798.291117562045,
    "85": 3869.1615747683536,
    "86": 5163.653936933949,
    "87": 3383.8662877536644,
    "88": 2005.4082309493858,
    "89": 11453.048324494717,
    "90": 11504.512194017563,
    "91": 9136.587857011442,
    "92": 4694.350080645026,
    "93": 7307.455370883064,
    "94": 4143.767946309227,
    "95": 4246.15755174211,
    "96": 6044.08296173536,
    "97": 1158.7610846738378,
    "98": 3714.9464299626275,
    "99": 4434.763619526294,
    "100": 4389.776970468962,
    "101": 5195.8179118502085,
    "102": 1004.5807708556999,
    "103": 1839.9968202351831,
    "104": 2218.014570041361,
    "105": 8230.441338044675,
    "106": 8279.965631351964,
    "107": 10101.55374293267,
    "108": 2560.588016741831,
    "109": 6402.9418022581995,
    "110": 2046.7276585195816,
    "111": 3383.613063953027,
    "112": 1368.1959891812419,
    "113": 3394.95404015362,
    "114": 3509.9644085310465,
    "115": 4616.486020310299,
    "116": 1962.1752404081735,
    "117": 1879.3509963745425,
    "118": 1126.737100916831,
    "119": 1905.2984479930965,
    "120": 2326.5730315806964,
    "121": 4921.721924959779,
    "122": 3253.1417194972923,
    "123": 8968.651679136316,
    "124": 4599.787703375558,
    "125": 2587.48850333106,
    "126": 7424.336754949317,
    "127": 2852.9640171632013,
    "128": 7612.299567764907,
    "129": 5206.5510918358395,
    "130": 5444.283773005908,
    "131": 9411.949560459436,
    "132": 1053.2835737923883,
    "133": 11551.538549257892,
    "134": 4590.11060279518,
    "135": 9505.828870542828,
    "136": 4412.668328587054,
    "137": 2020.5807750723877,
    "138": 989.5276586998086,
    "139": 1621.0941659635635,
    "140": 3461.03164602671,
    "141": 5174.722269437888,
    "142": 3935.8705010950725,
    "143": 2589.0953475746846,
    "144": 7314.111767369688,
    "145": 3873.6154139791943,
    "146": 4142.193168789848,
    "147": 929.1499174858963,
    "148": 2362.818165898339,
    "149": 1939.6523108611095,
    "150": 4336.598817592373,
    "151": 1519.4384145207755,
    "152": 7484.575380862989,
    "153": 2426.74308469703,
    "154": 7496.014931875135,
    "155": 2703.819213215818,
    "156": 4480.778136685428,
    "157": 3618.53815845557,
    "158": 3271.675251527232,
    "159": 1524.2442997491858,
    "160": 2397.220306465809,
    "161": 6555.413178873114,
    "162": 7829.320974526529,
    "163": 1868.9149450386801,
    "164": 8650.820056457133,
    "165": 5538.1767609922435,
    "166": 8462.120315983031,
    "167": 2158.7595859987127,
    "168": 3127.0870373760863,
    "169": 4373.618709751144,
    "170": 3959.6596559594996,
    "171": 2366.5756994459803,
    "172": 2860.3709542591687,
    "173": 1888.3680785880465,
    "174": 8232.815497899306,
    "175": 1598.989659085674,
    "176": 11270.134651109414,
    "177": 3262.8045439061602,
    "178": 6032.9165062680395,
    "179": 1478.2589059054767,
    "180": 7590.363790053194,
    "181": 4308.382079569618,
    "182": 1803.2138468513265,
    "183": 1940.9912287110267,
    "184": 4148.197673434436,
    "185": 2295.9671934614935,
    "186": 6752.566296357897,
    "187": 2784.373890793995,
    "188": 3496.8566841907023,
    "189": 2417.1872363730336,
    "190": 2606.5046520773853,
    "191": 1478.7337737981331,
    "192": 858.2469767935654,
    "193": 4009.4176095412963,
    "194": 862.1230090136064,
    "195": 2496.1903645004095,
    "196": 4964.549933569804,
    "197": 1224.689054668775,
    "198": 4501.190206701737,
    "199": 8791.214467525193,
    "200": 5379.315271814104,
    "201": 834.3428017579259,
    "202": 4561.7779043742175,
    "203": 4103.327310205305,
    "204": 9004.437396994632,
    "205": 17118.79077388125,
    "206": 3253.4431369025524,
    "207": 1832.4709195902583,
    "208": 6347.779127934417,
    "209": 2489.981260063315,
    "210": 1510.6460386970805,
    "211": 1560.5890923111797,
    "212": 8934.724417732477,
    "213": 5411.9321539403145,
    "214": 4413.247794743148,
    "215": 562.8939827844922,
    "216": 4345.5236706417045,
    "217": 3419.178607873997,
    "218": 6465.684635264037,
    "219": 792.9223453229395,
    "220": 3518.552868264115,
    "221": 3179.9302865066993,
    "222": 9307.15193854861,
    "223": 3016.9714910304847,
    "224": 2496.5824759375873,
    "225": 3525.541825307698,
    "226": 6536.657987159362,
    "227": 3558.4602478357415,
    "228": 10960.48673323058,
    "229": 3482.0375969438624,
    "230": 8891.865568763738,
    "231": 15227.325282535057,
    "232": 3374.5483961333907,
    "233": 5219.9727487158625,
    "234": 9047.672416335026,
    "235": 2388.359567001444,
    "236": 3279.0566302057528,
    "237": 8062.369719731385,
    "238": 4456.412490984365,
    "239": 2675.63671916816,
    "240": 5203.252097199193,
    "241": 3326.2524075369784,
    "242": 5180.464219581873,
    "243": 4571.030916990005,
    "244": 3785.034774808954,
    "245": 1250.9869901943955,
    "246": 5502.8008744917925,
    "247": 4392.129880379911,
    "248": 5165.097814884063,
    "249": 7212.003274700728,
    "250": 4255.788321128689,
    "251": 1621.2863179181127,
    "252": 1229.790341055868,
    "253": 2600.3756355265755,
    "254": 3169.9176785510053,
    "255": 3328.6398371922783,
    "256": 1126.7077625769343,
    "257": 13247.974665011552,
    "258": 8188.255623888436,
    "259": 4024.2920593402746,
    "260": 10094.653323613466,
    "261": 5078.066743394153,
    "262": 4441.452307081939,
    "263": 3187.3038323506644,
    "264": 16333.093810203585,
    "265": 691.8695257786278,
    "266": 8459.52658569711,
    "267": 3978.3653781096164,