{
    "1": 3865.949616737496,
    "2": 5594.030167072775,
    "3": 5993.996357170557,
    "4": 2766.919576051886,
    "5": 2552.3125777476594,
    "6": 4472.996052313372,
    "7": 9392.253381276243,
    "8": 5161.030651056821,
    "9": 4330.757521959119,
    "10": 5710.396981953229,
    "11": 6355.950643743485,
    "12": 1529.646593594209,
    "13": 6186.566482346167,
    "14": 9030.898800703082,
    "15": 7208.090802258941,
    "16": 8846.94817721632,
    "17": 11176.480582809661,
    "18": 2445.2682028739328,
    "19": 4401.741763221372,
    "20": 3416.930929989254,
    "21": 7012.990318426771,
    "22": 6660.038341729508,
    "23": 6755.962825815098,
    "24": 7920.071642609068,
    "25": 3636.050011250308,
    "26": 12360.866015700612,
    "27": 7970.221371007267,
    "28": 8806.462155525931,
    "29": 4580.099404527381,
    "30": 2942.0657521160224,
    "31": 1172.1379138582402,
    "32": 3545.882977931344,
    "33": 1932.5767326854666,
    "34": 11214.26511355125,
    "35": 4969.76918824819,
    "36": 2563.3701711508525,
    "37": 7278.842490334507,
    "38": 3048.5682610679746,
    "39": 4116.387076841984,
    "40": 5268.5040295298895,
    "41": 14920.305823021894,
    "42": 5966.442425093395,
    "43": 2062.721270936548,
    "44": 2646.7489001202425,
    "45": 1437.375776121229,
    "46": 8165.738111035815,
    "47": 5661.307445710801,
    "48": 1585.37279908977,
    "49": 2384.9098420779774,
    "50": 15549.536766599778,
    "51": 6210.353948767815,
    "52": 3326.206231591022,
    "53": 11552.244978132,
    "54": 5545.950732646587,
    "55": 628.3935723084682,
    "56": 730.3474476370791,
    "57": 15686.893238772782,
    "58": 3703.362169832112,
    "59": 6861.294118902553,
    "60": 7083.679204794884,
    "61": 461.915523469055,
    "62": 7545.509042017889,
    "63": 1676.597372269817,
    "64": 4960.542609365056,
    "65": 4251.096591601875,
    "66": 5411.63950549892,
    "67": 11890.590274855722,
    "68": 18096.243788696058,
    "69": 1265.8942368190542,
    "70": 1054.640111452428,
    "71": 7056.613518265447,
    "72": 3430.4832164508284,
    "73": 8759.488556394383,
    "74": 2769.478837543249,
    "75": 16536.06886542393,
    "76": 5806.921703900412,
    "77": 9644.231181351894,
    "78": 2610.424112265158,
    "79": 5725.019964696041,
    "80": 2308.7463739680716,
    "81": 6381.832886158344,
    "82": 8312.556398885401,
    "83": 6482.104216017099,
    "84": 7120.818946065669,
    "85": 711.4115337775946,
    "86": 2729.54872201642,
    "87": 12427.5783299006,
    "88": 6678.72157781418,
    "89": 1124.5507815908145,
    "90": 3271.537275609933,
    "91": 6141.268577667527,
    "92": 4157.429896733112,
    "93": 2425.1893305759368,
    "94": 8894.668522002534,
    "95": 3995.8046061037558,
    "96": 8158.513126961823,
    "97": 2872.4563634565525,
    "98": 15300.33015846681,
    "99": 10904.675487371025,
    "100": 4252.238380407756,
    "101": 7659.725559662365,
    "102": 8193.416572776065,
    "103": 4051.577409333984,
    "104": 1823.1147006708152,
    "105": 6823.142436642244,
    "106": 3626.556152213522,
    "107": 2675.0391573406873,
    "108": 2430.2379306016055,
    "109": 1879.4148962723673,
    "110": 688.5004673070092,
    "111": 10101.860459304988,
    "112": 6367.678966477568,
    "113": 7274.3057736108485,
    "114": 1217.654959982315,
    "115": 1334.9217217357066,
    "116": 8102.967893757927,
    "117": 24401.005889857137,
    "118": 10393.084000312769,
    "119": 2720.638374663476,
    "120": 7013.385092459007,
    "121": 11889.453253781025,
    "122": 4634.884505962864,
    "123": 6745.802678989225,
    "124": 4757.22511902283,
    "125": 2909.705198259685,
    "126": 4253.579755589159,
    "127": 5491.024015787908,
    "128": 6585.03998855451,
    "129": 3415.180195693723,
    "130": 3266.637736754749,
    "131": 3235.1563223831217,
    "132": 7321.717008027433,
    "133": 1729.7321519625796,
    "134": 552.6091318020927,
    "135": 8217.034662782447,
    "136": 8251.940307478277,
    "137": 3865.9908053304357,
    "138": 13009.966094563471,
    "139": 2841.3350552511706,
    "140": 3950.5687192677024,
    "141": 11234.706740613496,
    "142": 5394.963761956374,
    "143": 12532.664378652878,
    "144": 3825.574578878957,
    "145": 6742.212678903265,
    "146": 12583.293049690312,
    "147": 2668.79452612123,
    "148": 903.5879402524897,
    "149": 1109.5220219097598,
    "150": 2506.932854854004,
    "151": 557.7476202137487,
    "152": 3664.7365069720695,
    "153": 10908.586594257678,
    "154": 1069.9638973162646,
    "155": 671.7696079647777,
    "156": 10608.907564724232,
    "157": 7953.345918704259,
    "158": 5068.80443259726,
    "159": 759.9365944906966,
    "160": 539.5750460073785,
    "161": 8793.988100454322,
    "162": 1775.0107029625126,
    "163": 4281.427342310114,
    "164": 4616.869364110127,
    "165": 4677.614179159164,
    "166": 7553.261826939242,
    "167": 5596.222474166345,
    "168": 2753.8908648179845,
    "169": 15315.027286689354,
    "170": 6436.967203223895,
    "171": 5192.996319052866,
    "172": 3092.3033140728744,
    "173": 369.24854841344745,
    "174": 12713.887500527733,
    "175": 3731.4117747848422,
    "176": 5622.452740018171,
    "177": 2516.4289231504945,
    "178": 6609.4852188303075,
    "179": 4119.07655327762,
    "180": 650.750727935728,
    "181": 4455.1401317917835,
    "182": 537.1640454715111,
    "183": 9960.055573506985,
    "184": 2493.7242728216997,
    "185": 5140.501909197249,
    "186": 5279.72549210516,
    "187": 2133.721372477886,
    "188": 5345.277995546664,
    "189": 961.9277903339048,
    "190": 8383.311233639955,
    "191": 12992.488362350756,
    "192": 4315.190297170623,
    "193": 9383.04099851842,
    "194": 2615.304364802881,
    "195": 5892.549240106128,
    "196": 4841.1540561392385,
    "197": 9303.953887735632,
    "198": 1958.5652223793634,
    "199": 8406.46370935856,
    "200": 4044.2564182417987,
    "201": 6026.955558573318,
    "202": 12040.997752700367,
    "203": 13957.84990790251,
    "204": 516.3980107992475,
    "205": 936.2887783313131,
    "206": 1797.5825755928224,
    "207": 12594.717033459647,
    "208": 759.7637065944608,
    "209": 7713.744971362973,
    "210": 2970.613754019852,
    "211": 11397.330141720582,
    "212": 7522.177301176435,
    "213": 999.0542896483329,
    "214": 6650.632922708643,
    "215": 7056.817755067103,
    "216": 6464.447068926666,
    "217": 2980.276747334387,
    "218": 5037.008401024588,
    "219": 1670.8339627339815,
    "220": 7688.764569563085,
    "221": 5822.625743187761,
    "222": 4455.494745886713,
    "223": 10422.306137133413,
    "224": 1548.0885686701693,
    "225": 1386.2998057660511,
    "226": 9187.345980674332,
    "227": 8754.52485380488,
    "228": 7409.578402986325,
    "229": 6238.3790962664425,
    "230": 3781.721403704756,
    "231": 1306.0842521616514,
    "232": 2993.7278440725454,
    "233": 14251.427573937144,
    "234": 5722.514521368808,
    "235": 2931.7298896255334,
    "236": 2847.30604654148,
    "237": 7016.342691711535,
    "238": 2469.7777148588148,
    "239": 3262.4298587730195,
    "240": 3952.363566438889,
    "241": 2627.1388999584024,
    "242": 4164.979696037926,
    "243": 11997.665227527972,
    "244": 726.3306435531605,
    "245": 1350.248808978002,
    "246": 13350.555056709009,
    "247": 2290.3406665284624,
    "248": 10558.807905239708,
    "249": 6094.886725489186,
    "250": 2833.2883080784572,
    "251": 12556.06827409307,
    "252": 7491.688429842108,
    "253": 993.3625771658076,
    "254": 2737.2005130989496,
    "255": 6203.200832556902,
    "256": 9853.504614865928,
    "257": 2591.753855085888,
    "258": 13924.257973134121,
    "259": 3802.219466329951,
    "260": 2058.1854037288417,
    "261": 1747.3316338572206,
    "262": 1198.1405913625329,
    "263": 3764.6788821131054,
    "264": 9589.274120904262,
    "265": 8096.746481993168,
    "266": 7798.375111653519,
    "267": 2127.8705102866934,