{
    "1": 8957.410586677895,
    "2": 3006.468966848368,
    "3": 5264.257926315343,
    "4": 9124.24904282884,
    "5": 1718.4874488250373,
    "6": 1373.5602048597573,
    "7": 9031.422276161307,
    "8": 3478.05445315438,
    "9": 8506.571295215856,
    "10": 3129.895335422928,
    "11": 7558.480472522215,
    "12": 4592.207934075658,
    "13": 4657.123856373459,
    "14": 4502.535155616948,
    "15": 7149.449889233625,
    "16": 5190.9204509662695,
    "17": 6065.640252969704,
    "18": 4172.021064108048,
    "19": 2970.86689028788,
    "20": 9795.243330481226,
    "21": 12735.675476847657,
    "22": 1784.2928433743953,
    "23": 3722.525527958962,
    "24": 3707.717214262053,
    "25": 9905.155579319084,
    "26": 6724.413744748603,
    "27": 5721.182791998351,
    "28": 2790.2959308132895,
    "29": 893.0407993498246,
    "30": 4042.6231800120486,
    "31": 3803.8734489464046,
    "32": 10749.493955677965,
    "33": 4455.607324990993,
    "34": 1336.04611245335,
    "35": 4322.6743837903705,
    "36": 4356.890918968921,
    "37": 6516.4794074626425,
    "38": 1474.2979984323688,
    "39": 9699.998741632337,
    "40": 2881.935110284397,
    "41": 2640.761945516804,
    "42": 3807.469470591261,
    "43": 8598.803934878279,
    "44": 7514.749534267666,
    "45": 2952.781519956337,
    "46": 6814.109337018935,
    "47": 7025.3671450354395,
    "48": 9478.81912602642,
    "49": 5597.467631502388,
    "50": 5453.670825136516,
    "51": 4388.167239490661,
    "52": 7439.405062431514,
    "53": 4189.638339550569,
    "54": 3436.7493785214233,
    "55": 3783.113970910071,
    "56": 2180.353885199099,
    "57": 9402.96653392641,
    "58": 3470.618499444372,
    "59": 855.6549517590729,
    "60": 6856.865688566315,
    "61": 4128.804550857499,
    "62": 7676.426970610165,
    "63": 1071.587240697664,
    "64": 4663.936353604149,
    "65": 4268.065359989101,
    "66": 5534.499327361718,
    "67": 7420.750536256875,
    "68": 6670.568863506946,
    "69": 865.534497540988,
    "70": 2617.379019993438,
    "71": 7961.503407595049,
    "72": 3615.805478162454,
    "73": 10443.170616988604,
    "74": 5344.3780873050355,
    "75": 1927.3118634489645,
    "76": 1353.8334953900383,
    "77": 6643.027870601692,
    "78": 7692.292248549764,
    "79": 4546.773316154583,
    "80": 9044.060424215779,
    "81": 4963.032270786568,
    "82": 2341.1316075551913,
    "83": 4636.733497519797,
    "84": 3587.8194445661793,
    "85": 1302.0934311512367,
    "86": 4163.937208739923,
    "87": 9226.600402870235,
    "88": 2069.3202038320555,
    "89": 3339.2920915599907,
    "90": 5039.822485649871,
    "91": 9522.866779140073,
    "92": 4101.352122612295,
    "93": 6979.043492942174,
    "94": 1758.36826895803,
    "95": 5431.212388572413,
    "96": 8955.227097856981,
    "97": 10987.148277085667,
    "98": 2495.451674385884,
    "99": 6559.95169841965,
    "100": 12876.922670985396,
    "101": 7137.321436078549,
    "102": 6374.552586142579,
    "103": 1228.6374294514742,
    "104": 6555.389608076529,
    "105": 2189.2080321115545,
    "106": 5572.728041531457,
    "107": 7227.485865305373,
    "108": 11855.32427397751,
    "109": 1266.3074667780934,
    "110": 9969.169231446507,
    "111": 4194.464468008069,
    "112": 10208.322006650424,
    "113": 5174.955308558039,
    "114": 1760.2574124078744,
    "115": 7800.489533796028,
    "116": 1220.005441991601,
    "117": 8189.856389124761,
    "118": 3044.179832460138,
    "119": 9233.959279987539,
    "120": 5267.395200086382,
    "121": 1569.7419979915355,
    "122": 5420.512452530988,
    "123": 5279.075745487584,
    "124": 2639.771150588008,
    "125": 10159.747973121532,
    "126": 4917.602516476361,
    "127": 11924.043499680227,
    "128": 995.7449334167794,
    "129": 3990.6629957365326,
    "130": 4295.260810186353,
    "131": 6549.587680399734,
    "132": 1453.3726193024968,
    "133": 5769.059132816439,
    "134": 1392.9305638719582,
    "135": 4247.531338587995,
    "136": 4187.95364462811,
    "137": 4160.392127579116,
    "138": 4300.586274889489,
    "139": 1786.5797614872927,
    "140": 12534.619261184189,
    "141": 2862.53642847513,
    "142": 5267.325659677201,
    "143": 3504.005646208411,
    "144": 6819.269296888957,
    "145": 7599.418666758843,
    "146": 9911.554072576626,
    "147": 14860.932210749646,
    "148": 19178.176558182746,
    "149": 2956.2200346855766,
    "150": 3451.334911268294,
    "151": 13732.960093660346,
    "152": 4945.294379110477,
    "153": 4026.728068751495,
    "154": 3593.706655104417,
    "155": 12526.457373351624,
    "156": 1504.35270964911,
    "157": 5022.106873224188,
    "158": 4859.85902519128,
    "159": 9628.5155722092,
    "160": 1238.6797568586505,
    "161": 7120.682704454822,
    "162": 7826.80603439128,
    "163": 7729.466271218075,
    "164": 9748.646239943548,
    "165": 17029.82604135022,
    "166": 4175.569061292925,
    "167": 10876.14121351315,
    "168": 8260.471981699935,
    "169": 2803.9567144978982,
    "170": 5842.655369131079,
    "171": 5025.978634796374,
    "172": 9309.615767074272,
    "173": 1246.1545795069787,
    "174": 2881.9954416106375,
    "175": 3481.940680952897,
    "176": 1837.1942709571479,
    "177": 2194.051102265597,
    "178": 3227.3775244945446,
    "179": 3872.5980034206013,
    "180": 7506.550004257679,
    "181": 10934.089905631721,
    "182": 5157.458671156964,
    "183": 3012.8185930701575,
    "184": 2144.991246561063,
    "185": 2057.7980914544123,
    "186": 2259.5759920414016,
    "187": 3817.1465836358857,
    "188": 6498.465673133329,
    "189": 4714.39377605841,
    "190": 3157.586765296275,
    "191": 2403.72452111783,
    "192": 535.1994257508363,
    "193": 2271.14824698333,
    "194": 2371.0256206803833,
    "195": 4234.815926904056,
    "196": 3589.3426681287947,
    "197": 8270.82199545357,
    "198": 2798.8578958956723,
    "199": 2226.908831606877,
    "200": 9270.143779323598,
    "201": 631.9793563980201,
    "202": 18786.026542536514,
    "203": 3900.4133628654718,
    "204": 6457.443844001271,
    "205": 4137.161149704915,
    "206": 4751.171277031006,
    "207": 16637.1743522152,
    "208": 2895.8279003430284,
    "209": 6841.894863129278,
    "210": 8248.33410631836,
    "211": 3806.5706890279253,
    "212": 8109.453337526806,
    "213": 9733.943138489818,
    "214": 8259.152303527884,
    "215": 8576.040907254588,
    "216": 2102.669233138444,
    "217": 6330.696145542843,
    "218": 8908.341051440757,
    "219": 2992.789385493388,
    "220": 2315.4742600769428,
    "221": 4512.180926281224,
    "222": 3869.71994329643,
    "223": 675.4983449243013,
    "224": 705.2827169811204,
    "225": 3348.8108343356107,
    "226": 9643.22346625088,
    "227": 7420.278702867638,
    "228": 7082.9875427158095,
    "229": 4156.961396805611,
    "230": 11618.23929192675,
    "231": 10420.934472745012,
    "232": 364.1935962640073,
    "233": 9793.094888007314,
    "234": 2425.8488096355604,
    "235": 1898.8602838901093,
    "236": 5740.930136935395,
    "237": 5639.340721311305,
    "238": 7241.491982366978,
    "239": 4950.078707091211,
    "240": 3338.4934656038504,
    "241": 1592.1180316821165,
    "242": 7207.805914331619,
    "243": 15765.182514586733,
    "244": 2406.9234945519556,
    "245": 612.5317817635474,
    "246": 6668.831646547349,
    "247": 4450.242165205245,
    "248": 9095.288051622478,
    "249": 3145.806106923876,
    "250": 1241.2302513287996,
    "251": 6590.824086597671,
    "252": 2153.2284771432687,
    "253": 6824.936636598513,
    "254": 4389.218752740059,
    "255": 3760.972412038858,
    "256": 2113.243124085576,
    "257": 3197.4233678745472,
    "258": 2218.8449678760608,
    "259": 4518.33188557593,
    "260": 3367.9635317712755,
    "261": 9735.316281294206,
    "262": 1988.7329295804927,
    "263": 1327.6450383488645,
    "264": 13235.046360474807,
    "265": 6063.702368031458,
    "266": 9033.044502752116,
    "267": 13383.38021280858,
    "268": 6421.7570118937665,