{
    "1": 2956.763053446471,
    "2": 3080.6124523592844,
    "3": 1489.9415296413072,
    "4": 5647.263444385134,
    "5": 2296.8385659399414,
    "6": 7507.469133935738,
    "7": 3412.063408991502,
    "8": 3395.110310516507,
    "9": 6530.572250116135,
    "10": 5488.813143552863,
    "11": 1398.9802080491631,
    "12": 6865.8967329891175,
    "13": 5313.608875395621,
    "14": 3574.0737714792667,
    "15": 7755.53480597704,
    "16": 3212.3413465695903,
    "17": 5659.70155901692,
    "18": 9523.52072689262,
    "19": 4989.620692756974,
    "20": 1675.1883323632987,
    "21": 3585.459212928276,
    "22": 1945.7391634099938,
    "23": 1657.2707310067678,
    "24": 10352.696748674418,
    "25": 6640.62453532563,
    "26": 6491.81923263981,
    "27": 3409.3287036654347,
    "28": 6255.595340224613,
    "29": 1418.290973487824,
    "30": 4685.6439624521845,
    "31": 9007.293524925528,
    "32": 2335.421218747705,
    "33": 1454.1151744888339,
    "34": 2276.0604075116303,
    "35": 13314.54724885274,
    "36": 3261.7605189016617,
    "37": 2043.4695557738826,
    "38": 4724.872855089198,
    "39": 3606.055649245951,
    "40": 1602.94571983987,
    "41": 2043.558127199021,
    "42": 2885.6148541410344,
    "43": 6877.348459178222,
    "44": 11165.097362011298,
    "45": 5770.727070066636,
    "46": 1268.0248725539627,
    "47": 1760.0289233967167,
    "48": 7882.698473851104,
    "49": 3220.177559389161,
    "50": 2556.5090189552507,
    "51": 4913.55834520783,
    "52": 2574.235554768747,
    "53": 4189.387161507521,
    "54": 3695.8173924859234,
    "55": 5149.959972322316,
    "56": 4104.1902534610945,
    "57": 693.8336129705056,
    "58": 6034.217977314714,
    "59": 3376.7667784845594,
    "60": 8112.431323818244,
    "61": 6022.932378451208,
    "62": 1120.2108442238052,
    "63": 15416.612827258443,
    "64": 12380.99306370826,
    "65": 5608.552685566387,
    "66": 488.2578763306337,
    "67": 1584.3739354334325,
    "68": 5977.096477715687,
    "69": 4284.069348033832,
    "70": 2888.3834603172454,
    "71": 2863.805721629555,
    "72": 2106.483864630447,
    "73": 1478.8725213348853,
    "74": 1260.6422774623388,
    "75": 5353.741442256773,
    "76": 1960.085868930247,
    "77": 4209.613996407982,
    "78": 2315.7333435864457,
    "79": 1597.3545683930365,
    "80": 4773.553167711862,
    "81": 3058.1643643483417,
    "82": 2241.551224941958,
    "83": 3133.2258877846148,
    "84": 7996.8353369266715,
    "85": 4175.914310654041,
    "86": 3796.3354039089018,
    "87": 5358.253487572532,
    "88": 5540.444665066832,
    "89": 2244.1428346935877,
    "90": 9477.463419992619,
    "91": 2296.1375007067804,
    "92": 7475.012496339521,
    "93": 6605.508227850653,
    "94": 7805.710550671607,
    "95": 16516.900757581745,
    "96": 4448.8550281953285,
    "97": 8636.431136098206,
    "98": 3417.7752898116564,
    "99": 7554.10871186104,
    "100": 6815.87331998195,
    "101": 11700.306134812743,
    "102": 1146.3959977256945,
    "103": 7335.325234836962,
    "104": 2529.153152993312,
    "105": 6150.403541274883,
    "106": 1871.3800150673276,
    "107": 4168.899131913831,
    "108": 2883.0658690270543,
    "109": 7212.263298088848,
    "110": 2884.989811086279,
    "111": 1744.417170267049,
    "112": 1700.3453171349051,
    "113": 2647.1075038416207,
    "114": 967.84635788853,
    "115": 2767.8539957322005,
    "116": 15228.534492490206,
    "117": 14450.064418571554,
    "118": 3747.600668555983,
    "119": 6149.485531477791,
    "120": 3266.3886532721167,
    "121": 4003.7512265053983,
    "122": 4311.196191357711,
    "123": 2699.6328140547116,
    "124": 9079.629139530152,
    "125": 3267.8349537487006,
    "126": 1942.3886409170595,
    "127": 5509.589253959401,
    "128": 4151.390354933143,
    "129": 6791.335660913149,
    "130": 9784.646022538494,
    "131": 4094.2808535905115,
    "132": 5279.508039178911,
    "133": 3808.5942893683805,
    "134": 2543.2807654347916,
    "135": 7271.039601688818,
    "136": 6288.532086843244,
    "137": 5636.495553523852,
    "138": 2508.3180058556354,
    "139": 3020.0770129003918,
    "140": 3714.484781871144,
    "141": 2014.6220335628054,
    "142": 2648.9329280640495,
    "143": 1854.3326581486426,
    "144": 12907.91379213524,
    "145": 2423.353436663417,
    "146": 4210.834883347737,
    "147": 1527.833286257311,
    "148": 4385.467054788779,
    "149": 5400.452175309467,
    "150": 1124.3637397143893,
    "151": 1966.9448571542152,
    "152": 2339.102316979813,
    "153": 5740.825470080612,
    "154": 2714.122803867679,
    "155": 5891.337498609925,
    "156": 4756.290888349908,
    "157": 3786.3341414362403,
    "158": 8635.844948322061,
    "159": 2540.569653085103,
    "160": 3625.3806899452425,
    "161": 2681.937842515845,
    "162": 8405.421686480515,
    "163": 2339.368192192742,
    "164": 6471.506638314373,
    "165": 8544.297608512785,
    "166": 4337.638369454369,
    "167": 4682.892546252496,
    "168": 8416.179328199058,
    "169": 2316.138575506938,
    "170": 4969.612150996602,
    "171": 523.6570529798979,
    "172": 7040.644855334256,
    "173": 7286.317025265213,
    "174": 1738.4364063444796,
    "175": 7123.756499767208,
    "176": 5945.6262026574095,
    "177": 8332.385689885974,
    "178": 6964.682618274482,
    "179": 2485.3338066449537,
    "180": 2048.570779634118,
    "181": 1345.429208342674,
    "182": 2032.3474535409086,
    "183": 2788.458890670162,
    "184": 3617.3554821114208,
    "185": 1643.1822819557742,
    "186": 8079.284731301801,
    "187": 14254.05288597937,
    "188": 2733.4222389956412,
    "189": 2465.2841332990993,
    "190": 4645.508955957027,
    "191": 2752.7824236391157,
    "192": 1546.3345164874684,
    "193": 1920.7622925055537,
    "194": 6042.48197961825,
    "195": 6190.603704863475,
    "196": 3480.4609931585233,
    "197": 8491.88278133952,
    "198": 7755.726171990728,
    "199": 2937.16187476043,
    "200": 1733.3792812657477,
    "201": 1269.6577456783734,
    "202": 2475.228067373216,
    "203": 13481.450243646384,
    "204": 8865.437500275215,
    "205": 13616.48106534036,
    "206": 5424.250847113108,
    "207": 1814.7416227385131,
    "208": 2905.882257184113,
    "209": 5940.637035720958,
    "210": 1189.0262927884655,
    "211": 7427.8876593196765,
    "212": 3088.8126522934276,
    "213": 2239.546117091032,
    "214": 5383.413132824385,
    "215": 1289.5150139897794,
    "216": 7357.973483463721,
    "217": 1633.4088775875496,
    "218": 959.5087059559709,
    "219": 3701.8519183557837,
    "220": 5214.2835964465985,
    "221": 2946.508780148713,
    "222": 2861.818484809922,
    "223": 8500.897825856096,
    "224": 14287.258946216227,
    "225": 3742.2541706416023,
    "226": 7313.193373386949,
    "227": 1957.7486760085947,
    "228": 3290.7715046825538,
    "229": 4583.361076075121,
    "230": 9192.837772722438,
    "231": 2164.0719083606873,
    "232": 4684.723643339818,
    "233": 4224.887826577467,
    "234": 4782.591651976325,
    "235": 1342.5012916120336,
    "236": 5179.850065115677,
    "237": 819.2044246560927,
    "238": 2391.8710300316557,
    "239": 783.3427008025745,
    "240": 11252.7495422021,
    "241": 2713.6583379923823,
    "242": 3145.004993119072,
    "243": 1513.3653171364901,
    "244": 2482.2351727290793,
    "245": 7475.264954251078,
    "246": 4390.51167193001,
    "247": 3296.2009837783667,
    "248": 10915.516628773734,
    "249": 1540.5773970121088,
    "250": 3393.620357811285,
    "251": 10741.934423878069,
    "252": 8034.973889144119,
    "253": 9419.838073212855,
    "254": 2289.9859593231463,
    "255": 4249.235085227807,
    "256": 4623.150816441602,
    "257": 10736.093346388516,
    "258": 10773.425481887367,
    "259": 3498.6981316071215,
    "260": 6710.3349021543945,
    "261": 6687.999203440987,
    "262": 7853.0455398088125,
    "263": 3195.2771218088915,
    "264": 2910.432735145669,
    "265": 4482.784531333351,
    "266": 6485.703822373667,
    "267": 7895.381533191028,