{
    "1": 4129.194893440275,
    "2": 10926.42165346327,
    "3": 5730.564812043331,
    "4": 5035.533684724257,
    "5": 3837.8380904757396,
    "6": 11036.410329492452,
    "7": 4990.81268474264,
    "8": 7616.51716248744,
    "9": 3781.118083534728,
    "10": 3985.3902524435016,
    "11": 2210.1079237057766,
    "12": 12830.526694959057,
    "13": 6916.676961060253,
    "14": 9152.980245214427,
    "15": 4917.009988962547,
    "16": 5143.027400392928,
    "17": 8421.38115796216,
    "18": 4462.147950195018,
    "19": 718.600973138042,
    "20": 1780.044728085872,
    "21": 2172.7584231665987,
    "22": 2324.537789996787,
    "23": 6841.130270023287,
    "24": 2698.1149603593035,
    "25": 4120.345459396078,
    "26": 4978.673424698602,
    "27": 5191.20885677366,
    "28": 2981.1984231392103,
    "29": 1976.7578391489149,
    "30": 1452.7607989522332,
    "31": 8949.996068295828,
    "32": 2236.820146195972,
    "33": 1539.6939477808169,
    "34": 2054.123655733723,
    "35": 5685.265119674982,
    "36": 2809.9799211822587,
    "37": 1670.5977520318697,
    "38": 8591.694547058753,
    "39": 4690.525625126942,
    "40": 12288.569486910126,
    "41": 4783.910679505825,
    "42": 4312.464287313626,
    "43": 2819.1047294409727,
    "44": 6281.411922255498,
    "45": 3765.852286008172,
    "46": 1006.8012485668181,
    "47": 4309.243150732443,
    "48": 1917.8176602242359,
    "49": 7868.700123721514,
    "50": 1644.2153599674164,
    "51": 1175.058831029286,
    "52": 2793.787447550555,
    "53": 3989.282474147587,
    "54": 4135.829849683187,
    "55": 2068.168894082921,
    "56": 9838.238080057325,
    "57": 1587.318367994439,
    "58": 2939.633312945538,
    "59": 3516.5243706738916,
    "60": 1224.5311145137646,
    "61": 7742.094688533627,
    "62": 4157.4601550153675,
    "63": 3087.7008825518924,
    "64": 11690.720467696021,
    "65": 3518.7178190712116,
    "66": 6704.629738386483,
    "67": 3847.537507310197,
    "68": 3010.7668378790445,
    "69": 1896.2912904164436,
    "70": 6186.488739381357,
    "71": 3545.3995266517913,
    "72": 3961.5250167087593,
    "73": 1097.2905799707012,
    "74": 7975.236482780435,
    "75": 4829.365606222638,
    "76": 4107.1065165962755,
    "77": 1864.3020294707985,
    "78": 1017.9700651490201,
    "79": 8265.33705349029,
    "80": 2323.1572835274974,
    "81": 5420.454418174801,
    "82": 15518.424397657476,
    "83": 3578.2719258743073,
    "84": 3368.4734377373084,
    "85": 5525.689647142796,
    "86": 5945.157258010979,
    "87": 11674.818261267885,
    "88": 5553.87845536038,
    "89": 7496.5982184317045,
    "90": 2693.069267904113,
    "91": 10017.475139047607,
    "92": 1664.777890961278,
    "93": 1823.542070920653,
    "94": 6960.163800016746,
    "95": 4272.502612620998,
    "96": 4959.162734999334,
    "97": 2030.17444245942,
    "98": 4209.124294592816,
    "99": 3834.3008996188655,
    "100": 1984.6697258632391,
    "101": 1107.0074991884208,
    "102": 2489.458293717592,
    "103": 8132.231392283668,
    "104": 2890.8912542374155,
    "105": 5723.693549201775,
    "106": 10161.013692328304,
    "107": 2725.395319285494,
    "108": 1849.5782836021565,
    "109": 5278.967324150053,
    "110": 2951.366077124921,
    "111": 1307.8186148030993,
    "112": 1618.929247074924,
    "113": 19863.417997908276,
    "114": 6667.516498135998,
    "115": 1824.9089760202883,
    "116": 7510.404777896546,
    "117": 2125.9448847348744,
    "118": 14267.254232951005,
    "119": 4900.229295969498,
    "120": 5801.828092933108,
    "121": 2421.382997046114,
    "122": 1624.9749498942895,
    "123": 3304.3908023312874,
    "124": 1141.2841439350993,
    "125": 8465.270987439508,
    "126": 5906.761181975425,
    "127": 5443.851073951947,
    "128": 2245.9428695167812,
    "129": 1157.0850851368145,
    "130": 6494.365464523388,
    "131": 1830.6875446630504,
    "132": 3801.45979094861,
    "133": 8225.39827581598,
    "134": 7144.270754954561,
    "135": 1967.5487645021492,
    "136": 5372.0992924957645,
    "137": 2739.2071614388765,
    "138": 2634.6890275742744,
    "139": 2814.0527500429534,
    "140": 4668.4514974566755,
    "141": 2833.106435491606,
    "142": 4986.665376679939,
    "143": 9590.20443157825,
    "144": 1636.802543180202,
    "145": 5309.971091807651,
    "146": 3621.824118009804,
    "147": 5300.248083790811,
    "148": 2509.3924651522016,
    "149": 9343.196507849336,
    "150": 9552.091905472173,
    "151": 7853.222671539058,
    "152": 4500.329423687716,
    "153": 2889.9869893321215,
    "154": 2836.6944770508712,
    "155": 1842.4732495234452,
    "156": 1140.8539321937412,
    "157": 1326.613569111453,
    "158": 3094.392071415367,
    "159": 5359.105962446411,
    "160": 691.5735476089026,
    "161": 2403.1408930885095,
    "162": 3472.5574598157586,
    "163": 1422.2218248094005,
    "164": 1542.3114889400633,
    "165": 2870.796691834503,
    "166": 5871.7987067673,
    "167": 10214.320170500425,
    "168": 1517.44934997971,
    "169": 1830.2388493255105,
    "170": 1613.4947011405447,
    "171": 7068.829934903355,
    "172": 10211.87650824887,
    "173": 16972.766648436474,
    "174": 1535.6691164824,
    "175": 6220.320957435901,
    "176": 3355.742656796518,
    "177": 2516.1103539233022,
    "178": 3311.734311607331,
    "179": 796.9006679873489,
    "180": 1588.9749019266008,
    "181": 3108.171404183191,
    "182": 3828.31583586081,
    "183": 945.9247887951343,
    "184": 2561.687422780288,
    "185": 2032.7264746916017,
    "186": 3818.7851645981773,
    "187": 7027.332732362466,
    "188": 1707.636696019371,
    "189": 7162.61500238972,
    "190": 2710.078494501123,
    "191": 3925.026906889619,
    "192": 15015.789635042534,
    "193": 1916.6158687986504,
    "194": 2125.6212086510277,
    "195": 13203.582099601053,
    "196": 12933.11373119418,
    "197": 1136.2178671483032,
    "198": 4574.0364356947875,
    "199": 6487.557187519305,
    "200": 5829.501023183544,
    "201": 7878.399634330315,
    "202": 3285.3835997635238,
    "203": 1372.2115162419002,
    "204": 7315.386556041852,
    "205": 3845.813748476381,
    "206": 5041.438591593946,
    "207": 733.3924847496813,
    "208": 7671.715338773824,
    "209": 985.4886558618559,
    "210": 3976.402389846691,
    "211": 4240.902226264995,
    "212": 3239.1724024950586,
    "213": 673.0378823298939,
    "214": 9761.678916097508,
    "215": 1427.298270909932,
    "216": 829.8185839678587,
    "217": 2225.7959032102685,
    "218": 17255.347827249225,
    "219": 1987.7227041784956,
    "220": 1579.068016537688,
    "221": 2027.6495999164217,
    "222": 946.3640155425414,
    "223": 4488.123288536831,
    "224": 4854.284616380217,
    "225": 7662.475407276181,
    "226": 4198.20361481161,
    "227": 3029.244067215739,
    "228": 4069.447810741642,
    "229": 1436.1630457360527,
    "230": 1981.9152133708794,
    "231": 1488.0556197104936,
    "232": 1743.628118891924,
    "233": 10543.774518876186,
    "234": 1765.614500511597,
    "235": 8827.620712666338,
    "236": 6910.28848483509,
    "237": 3780.4381616748715,
    "238": 2383.374076203536,
    "239": 7514.383765339315,
    "240": 6463.844285270687,
    "241": 3674.0533829217347,
    "242": 11038.41118383362,
    "243": 1845.266567633636,
    "244": 9916.832659759631,
    "245": 2154.5329794695663,
    "246": 1733.7037600869262,
    "247": 4130.182687815715,
    "248": 4008.717550373693,
    "249": 1946.8319401754895,
    "250": 2766.4628790141396,
    "251": 3283.5603491875067,
    "252": 5753.431516827595,
    "253": 2121.0409790637505,
    "254": 10308.421317783914,
    "255": 7664.771740094999,
    "256": 7709.130223736512,
    "257": 3648.1146429695427,
    "258": 10384.820221394466,
    "259": 1740.6779972452555,
    "260": 4937.372056234994,
    "261": 10236.604436868443,
    "262": 6299.5853672766925,
    "263": 834.7185284906112,
    "264": 3405.948047537112,
    "265": 2765.8214687578675,
    "266": 1793.3698677787506,
    "267": 1670.349627220704,