{
    "1": 5632.73962774968,
    "2": 3876.009664221416,
    "3": 2731.346596475722,
    "4": 11972.160367201508,
    "5": 5014.784647507222,
    "6": 1374.4283264174385,
    "7": 10397.404035396983,
    "8": 5016.996474142721,
    "9": 12304.192084104907,
    "10": 14246.746657610547,
    "11": 966.5554394850213,
    "12": 5090.275220735469,
    "13": 1041.196222153289,
    "14": 3816.642446962266,
    "15": 1099.1513362051603,
    "16": 17860.401758172542,
    "17": 3202.235100827356,
    "18": 8503.428705659144,
    "19": 1651.6052092586938,
    "20": 6039.868772290839,
    "21": 5472.28559670855,
    "22": 4287.574969733376,
    "23": 12953.501457638235,
    "24": 2737.93676160936,
    "25": 689.9381838173329,
    "26": 3896.3635108089543,
    "27": 7742.233167851772,
    "28": 4145.739975679221,
    "29": 2285.458944726163,
    "30": 10447.093723725362,
    "31": 5077.33750752279,
    "32": 8302.650887344915,
    "33": 5727.566644767997,
    "34": 1798.4494586146157,
    "35": 4306.072399376767,
    "36": 3710.8499405462094,
    "37": 2998.286066157855,
    "38": 3861.2157133768537,
    "39": 6857.37998011348,
    "40": 4925.827152800252,
    "41": 4833.077770930112,
    "42": 4770.481058153691,
    "43": 17302.737487058443,
    "44": 2612.84214418969,
    "45": 4493.081467400184,
    "46": 12720.572308852185,
    "47": 6060.820369393004,
    "48": 6344.426977176659,
    "49": 7881.547591747024,
    "50": 8449.106505680347,
    "51": 8439.746718783648,
    "52": 11424.15195606683,
    "53": 6574.819406340565,
    "54": 1532.1607073255182,
    "55": 6851.05161671433,
    "56": 3558.5469672457816,
    "57": 745.549940686175,
    "58": 4289.080037322469,
    "59": 3873.4094573695493,
    "60": 5544.367242967395,
    "61": 2978.2420456034056,
    "62": 4651.25023554355,
    "63": 8998.489991092449,
    "64": 5164.321042857544,
    "65": 3406.744515787756,
    "66": 2580.8158957081228,
    "67": 2427.9215732071584,
    "68": 10481.15090712423,
    "69": 3592.6363881769666,
    "70": 2908.5031411813666,
    "71": 2214.1587930432347,
    "72": 4354.716544698266,
    "73": 7064.787620251561,
    "74": 2320.996242298628,
    "75": 2415.1421835257206,
    "76": 2869.5318646887745,
    "77": 7267.537727366007,
    "78": 8293.031735285504,
    "79": 6263.626133742784,
    "80": 625.4931965026994,
    "81": 6793.032753358131,
    "82": 3488.640821519853,
    "83": 1321.239797161783,
    "84": 2280.012387844582,
    "85": 4351.650416338848,
    "86": 8452.461043254658,
    "87": 7509.537100307542,
    "88": 5970.929185309465,
    "89": 3872.416382708213,
    "90": 1434.273865498651,
    "91": 1879.7629384930708,
    "92": 8712.292498349525,
    "93": 9319.9020282688,
    "94": 3741.8170633972873,
    "95": 2451.3842809285798,
    "96": 7517.762436966484,
    "97": 18324.02196213792,
    "98": 5469.9197229825595,
    "99": 4447.998173025315,
    "100": 5161.973994445585,
    "101": 4703.1165607561725,
    "102": 2667.029704202431,
    "103": 9191.663774207225,
    "104": 6158.616522418906,
    "105": 7656.806291755752,
    "106": 3173.07477071173,
    "107": 5512.190398539479,
    "108": 509.44076727652464,
    "109": 5719.361212369671,
    "110": 970.5345606473114,
    "111": 8523.112299696199,
    "112": 5673.341978948336,
    "113": 6719.585947920538,
    "114": 3600.8503962154327,
    "115": 2173.761319579196,
    "116": 11502.654483082768,
    "117": 6451.364686693047,
    "118": 11702.071143791272,
    "119": 9442.74778111087,
    "120": 5381.448919314813,
    "121": 1753.407745323207,
    "122": 7198.53049838075,
    "123": 3675.3899896331095,
    "124": 11630.874509996978,
    "125": 4492.431866257718,
    "126": 1551.4895466107703,
    "127": 10463.603674234586,
    "128": 3651.610363503367,
    "129": 4826.998971392665,
    "130": 4847.629860996905,
    "131": 2574.086256302534,
    "132": 7761.863523374962,
    "133": 6505.585543286966,
    "134": 6961.6226195652935,
    "135": 307.57624232016866,
    "136": 2494.820095221597,
    "137": 6774.998237407416,
    "138": 7913.516220096355,
    "139": 9431.022434524028,
    "140": 5631.842437203102,
    "141": 378.4806316608941,
    "142": 12946.976896550552,
    "143": 5064.963286111924,
    "144": 4278.407899826891,
    "145": 2156.047978024975,
    "146": 5269.486549662091,
    "147": 6102.086974841786,
    "148": 5019.868901849764,
    "149": 136.93618726240436,
    "150": 1644.5998949925256,
    "151": 5920.875064790015,
    "152": 13156.576716496429,
    "153": 9785.744891296796,
    "154": 2592.9515523549762,
    "155": 11254.10727848175,
    "156": 6624.038230686074,
    "157": 5407.986360605091,
    "158": 3877.8549499439277,
    "159": 12148.757720591982,
    "160": 4494.97723153645,
    "161": 4777.077050621021,
    "162": 2669.6511066370554,
    "163": 1610.3722191242596,
    "164": 1058.7043884327836,
    "165": 9632.058715723791,
    "166": 3067.93229413071,
    "167": 2442.305084253715,
    "168": 12628.95834924368,
    "169": 1392.863039884986,
    "170": 13520.14282902338,
    "171": 4311.366180807807,
    "172": 6453.977176892289,
    "173": 1480.7604391378898,
    "174": 3171.1927524314074,
    "175": 2922.740509829873,
    "176": 10956.949353089807,
    "177": 7882.459599430123,
    "178": 265.17452119646305,
    "179": 3486.971451120469,
    "180": 4446.301168614734,
    "181": 12880.116170695934,
    "182": 5521.334797842079,
    "183": 6355.114087047468,
    "184": 6559.926946729702,
    "185": 2615.808067987539,
    "186": 3397.4739362165933,
    "187": 6135.173517929292,
    "188": 12681.28782650118,
    "189": 2282.9454344350997,
    "190": 4266.57338438537,
    "191": 4928.243666987419,
    "192": 9086.974179610224,
    "193": 4304.169984876066,
    "194": 8564.746949953998,
    "195": 13048.024109928878,
    "196": 3774.5878431838514,
    "197": 11797.5024919813,
    "198": 10068.434032509147,
    "199": 2643.391867013051,
    "200": 5725.226053447028,
    "201": 3926.014428099493,
    "202": 1991.9373460893992,
    "203": 2361.73386404825,
    "204": 5344.8569831667055,
    "205": 2104.6447640410634,
    "206": 6308.250996246204,
    "207": 3631.3673068525154,
    "208": 7291.304281788241,
    "209": 698.5671659192008,
    "210": 3462.4026465579536,
    "211": 4325.268251392673,
    "212": 4490.742359956458,
    "213": 15205.44382217831,
    "214": 10397.719877444642,
    "215": 2695.3736382976467,
    "216": 3270.601906749762,
    "217": 3824.256245374643,
    "218": 5459.501005997274,
    "219": 2512.404139256371,
    "220": 6546.975886701137,
    "221": 4337.867259388298,
    "222": 6684.494947258551,
    "223": 5288.402733980393,
    "224": 1856.0243452550428,
    "225": 8072.197222117855,
    "226": 5445.264163458656,
    "227": 2218.9329920310197,
    "228": 4779.172383761666,
    "229": 6156.688174561061,
    "230": 7128.786443262548,
    "231": 1450.8562220582958,
    "232": 7073.06795895897,
    "233": 8145.414303817802,
    "234": 5252.431658887803,
    "235": 8245.143979051338,
    "236": 7882.867725522164,
    "237": 2000.8322933943448,
    "238": 3735.2386579034724,
    "239": 1817.3628057518708,
    "240": 8096.802208953094,
    "241": 4714.928137020748,
    "242": 2151.855895606275,
    "243": 6788.289654362988,
    "244": 9175.373861023894,
    "245": 758.1796109581381,
    "246": 7005.597438441537,
    "247": 6943.63483170387,
    "248": 15135.532738619693,
    "249": 957.3720373460096,
    "250": 6213.860102284129,
    "251": 7078.340537504631,
    "252": 7600.711890748251,
    "253": 10328.312400662962,
    "254": 3169.0038803848984,
    "255": 7751.792547467652,
    "256": 2862.780230228603,
    "257": 2859.0128836458425,
    "258": 1590.1446276288827,
    "259": 6277.106892095237,
    "260": 15264.775299736248,
    "261": 3396.1866500480287,
    "262": 10670.944646274698,
    "263": 1025.8936425692339,
    "264": 7197.9455099142615,
    "265": 5270.625673557956,
    "266": 2323.707024082496,
    "267": 6455.188139858193,
    "268": 2735.164509335966,