{
    "1": 7934.165541536307,
    "2": 6465.669962347999,
    "3": 4874.282784591714,
    "4": 1630.2676598402015,
    "5": 5046.006604826614,
    "6": 9529.709924944658,
    "7": 4113.24045946592,
    "8": 4514.669254748979,
    "9": 6583.73849998703,
    "10": 17325.339664636867,
    "11": 7000.900304882749,
    "12": 5778.720021001264,
    "13": 1433.9820532598176,
    "14": 8370.816696123362,
    "15": 6579.67493680672,
    "16": 3456.122262078118,
    "17": 2543.8611002057887,
    "18": 1488.5017537028955,
    "19": 945.0602646304347,
    "20": 8639.939880946284,
    "21": 7420.279568892639,
    "22": 2927.0655251961266,
    "23": 2361.5239140627627,
    "24": 6963.085152588559,
    "25": 3949.521057130994,
    "26": 3028.9025039647067,
    "27": 9470.091713151782,
    "28": 3599.2737040142733,
    "29": 6828.472456471145,
    "30": 4423.801068466665,
    "31": 5011.89221578758,
    "32": 8380.264315158121,
    "33": 2145.4450782160825,
    "34": 3263.318305896022,
    "35": 11082.636673310755,
    "36": 3139.366336011716,
    "37": 1926.1714402262057,
    "38": 6938.352446829578,
    "39": 1011.5653837704167,
    "40": 2190.8561168605165,
    "41": 6479.826909797445,
    "42": 4990.016903816695,
    "43": 9329.400293536168,
    "44": 1806.0468241567041,
    "45": 1404.2751435796572,
    "46": 5636.57934952165,
    "47": 4237.065411000312,
    "48": 1441.6989417278182,
    "49": 5102.249909092463,
    "50": 2100.6946584095185,
    "51": 3388.1211419522388,
    "52": 3465.1797245713174,
    "53": 6609.973008014915,
    "54": 2031.8332491898,
    "55": 1779.1244021387822,
    "56": 2862.1145570448216,
    "57": 5894.719873866595,
    "58": 4853.093038809404,
    "59": 1579.9033182187984,
    "60": 12524.591779035649,
    "61": 8598.407317605795,
    "62": 1634.7257427649265,
    "63": 1390.7328489975782,
    "64": 4560.948887638643,
    "65": 6070.374163944034,
    "66": 9145.070176864563,
    "67": 4406.543188760375,
    "68": 3492.5977518718064,
    "69": 6165.9927367601595,
    "70": 9864.642020400364,
    "71": 4230.919951870389,
    "72": 4450.625565672934,
    "73": 1680.8599147213579,
    "74": 2173.8661114200095,
    "75": 5235.0309716192105,
    "76": 2752.3684399620397,
    "77": 6422.94280170565,
    "78": 4354.508932483915,
    "79": 7658.981035976367,
    "80": 2642.691422498281,
    "81": 5246.683647262633,
    "82": 921.1903210299702,
    "83": 1141.888272113912,
    "84": 4573.955589106801,
    "85": 2750.5539176622915,
    "86": 9647.512871697907,
    "87": 5390.201647543758,
    "88": 5064.635776333772,
    "89": 5235.604263507619,
    "90": 7027.755505474306,
    "91": 4038.0213684486166,
    "92": 2362.4861340348734,
    "93": 2968.661980208093,
    "94": 2620.9549016614646,
    "95": 3221.1944997896494,
    "96": 14840.416414887206,
    "97": 2130.1227248269165,
    "98": 2531.871914085451,
    "99": 1524.8860661919773,
    "100": 8117.684602041293,
    "101": 1549.3185434358975,
    "102": 8580.870495385345,
    "103": 3430.1703762322786,
    "104": 2960.6920896903516,
    "105": 2424.57872719456,
    "106": 9760.477640291308,
    "107": 9553.510717340188,
    "108": 4641.326527092589,
    "109": 4289.7169619423485,
    "110": 8161.810579557719,
    "111": 9470.678071392924,
    "112": 5377.4836431009135,
    "113": 6872.320704921332,
    "114": 2513.9601039877516,
    "115": 5593.371196541715,
    "116": 8261.24801594983,
    "117": 2899.721684755784,
    "118": 2461.9184593521627,
    "119": 13351.818665673294,
    "120": 2720.957063671827,
    "121": 2364.894261110995,
    "122": 1366.3769200355684,
    "123": 4808.976250066706,
    "124": 3473.964285168275,
    "125": 1601.7597138959165,
    "126": 3246.624863431292,
    "127": 1937.8082005194367,
    "128": 1912.2587364609703,
    "129": 1500.880279946709,
    "130": 3297.5131076617718,
    "131": 3063.436636160523,
    "132": 4484.162268617584,
    "133": 5963.961352652072,
    "134": 5585.983057819954,
    "135": 6918.220338144993,
    "136": 1133.924243531886,
    "137": 2478.8734093078874,
    "138": 6656.522016779245,
    "139": 8551.145662151755,
    "140": 1279.2384141210518,
    "141": 10361.918054437061,
    "142": 1943.3876466627362,
    "143": 2276.467788530628,
    "144": 12261.124330198738,
    "145": 3229.744762145648,
    "146": 8617.91699909144,
    "147": 3027.060120937017,
    "148": 5913.143831484321,
    "149": 13201.798705436491,
    "150": 4259.41967894288,
    "151": 1948.3624516136667,
    "152": 2686.884087206016,
    "153": 1771.6428947014895,
    "154": 2047.2113455917367,
    "155": 2459.571049999498,
    "156": 8125.818376949146,
    "157": 3678.5355815331113,
    "158": 2276.3958930636913,
    "159": 10247.406993455921,
    "160": 8703.716623574841,
    "161": 7493.889719619058,
    "162": 6136.112240177867,
    "163": 12125.607793696223,
    "164": 6591.500967855372,
    "165": 3773.1413015777093,
    "166": 5312.739316245312,
    "167": 2424.3983937319986,
    "168": 3670.1889006634674,
    "169": 7897.071419375569,
    "170": 9079.05252071814,
    "171": 8667.950252347815,
    "172": 5043.3488945080735,
    "173": 9544.600163856832,
    "174": 9515.118164214684,
    "175": 8302.936518304638,
    "176": 5859.100942772124,
    "177": 6539.989354000848,
    "178": 2365.3805059514934,
    "179": 2582.269747800712,
    "180": 769.0983864212436,
    "181": 9485.584833470051,
    "182": 4021.826457366026,
    "183": 1160.8444646042194,
    "184": 4402.8043539580585,
    "185": 9356.683263723246,
    "186": 1681.19006799915,
    "187": 5432.896934463395,
    "188": 4216.680809247725,
    "189": 1918.4399016324564,
    "190": 6675.274724871836,
    "191": 5486.603191156125,
    "192": 3102.8644577047444,
    "193": 6535.293540821032,
    "194": 3014.430808452389,
    "195": 1796.0362397030297,
    "196": 5315.271181346242,
    "197": 3607.8964785963044,
    "198": 4650.6836564601435,
    "199": 1671.9201445142842,
    "200": 11001.11069474334,
    "201": 9308.97018129157,
    "202": 5145.348117936401,
    "203": 2717.5357996997336,
    "204": 3052.266986584465,
    "205": 8836.408520455361,
    "206": 4613.37892147733,
    "207": 2182.478574953672,
    "208": 4063.6915165933397,
    "209": 12150.508923803602,
    "210": 1799.0573725345544,
    "211": 4944.805750462708,
    "212": 839.5780853382649,
    "213": 4879.735325559473,
    "214": 4824.470447153606,
    "215": 5905.884960044532,
    "216": 2866.8452789034345,
    "217": 1765.660346547204,
    "218": 6080.120682919597,
    "219": 1736.8169135801145,
    "220": 1208.4617202528584,
    "221": 8739.41552686106,
    "222": 1029.2500337238196,
    "223": 1995.808275434004,
    "224": 1789.0062481368154,
    "225": 4295.341354902729,
    "226": 1948.606794648805,
    "227": 1962.4241616985594,
    "228": 7050.348950595753,
    "229": 7397.674546463789,
    "230": 2671.4279702714043,
    "231": 3363.098262776703,
    "232": 2144.168130296209,
    "233": 5565.136594344871,
    "234": 3539.2556175371337,
    "235": 4281.35501543993,
    "236": 2094.10162346428,
    "237": 2644.7875217678716,
    "238": 1877.644923605489,
    "239": 10818.527764816294,
    "240": 3945.33925961737,
    "241": 3190.698221927113,
    "242": 6733.7460774099245,
    "243": 8386.909097345742,
    "244": 11198.039781188554,
    "245": 8780.733072504754,
    "246": 2742.9613277382387,
    "247": 4503.139863793176,
    "248": 1257.2535676341265,
    "249": 10815.479492648294,
    "250": 2192.487274072442,
    "251": 2177.6550377444623,
    "252": 8557.66252561122,
    "253": 4643.473799359466,
    "254": 2985.24038192536,
    "255": 5097.261491248575,
    "256": 3080.9806960763603,
    "257": 5156.384960615552,
    "258": 1024.246753271526,
    "259": 2580.3579140112283,
    "260": 1164.8921880311923,
    "261": 2576.6473745806156,
    "262": 4513.332638377105,
    "263": 2143.4032621475203,
    "264": 3933.8371687109193,
    "265": 5496.203398771524,
    "266": 4310.071412212974,
    "267": 1025.943316568046,