{
    "1": 4304.617645151117,
    "2": 18913.125366466582,
    "3": 2626.037870355903,
    "4": 3702.1008047851137,
    "5": 7243.912438364166,
    "6": 9505.356002952685,
    "7": 3288.1367519704745,
    "8": 3136.3989409979713,
    "9": 13696.109049444816,
    "10": 3403.403922339631,
    "11": 11735.641579046864,
    "12": 8979.173647816835,
    "13": 5042.472378132416,
    "14": 7749.879350646192,
    "15": 2431.559721069729,
    "16": 8633.245014800174,
    "17": 392.6386470460922,
    "18": 343.0947679469042,
    "19": 2300.573475538625,
    "20": 6327.594403587481,
    "21": 2057.2216549704503,
    "22": 4296.733335852337,
    "23": 9991.914958216592,
    "24": 6274.477328739376,
    "25": 4085.8425796044876,
    "26": 6141.8074564536555,
    "27": 4630.220338432547,
    "28": 6569.130948237827,
    "29": 1862.2377943537538,
    "30": 1330.053931872021,
    "31": 2930.393829231637,
    "32": 6281.721330912764,
    "33": 3944.606058719084,
    "34": 6189.72932485178,
    "35": 3538.073131218865,
    "36": 7159.373250575582,
    "37": 6608.605554651735,
    "38": 2256.638887663085,
    "39": 5123.521308097216,
    "40": 1095.554032766333,
    "41": 1115.0908890914368,
    "42": 530.312602675568,
    "43": 8987.620057017939,
    "44": 1616.4049260270194,
    "45": 14892.960804207434,
    "46": 1102.0949408334448,
    "47": 293.5455550589454,
    "48": 5244.5503417100645,
    "49": 9987.092606599144,
    "50": 7148.387337295255,
    "51": 3738.069540153145,
    "52": 3716.7800125215917,
    "53": 18460.504925310357,
    "54": 6809.549244000578,
    "55": 2755.9004328748215,
    "56": 6463.99995766165,
    "57": 13636.198166870172,
    "58": 15391.716863191617,
    "59": 1622.0560424302505,
    "60": 2672.575731169797,
    "61": 4825.268986999391,
    "62": 4397.455384136263,
    "63": 3574.3172614041932,
    "64": 8801.04267402126,
    "65": 2429.073662742134,
    "66": 1120.8936926110716,
    "67": 5246.323821532165,
    "68": 1033.4376440496264,
    "69": 6370.891387028234,
    "70": 4603.497400619562,
    "71": 6106.917076580449,
    "72": 12527.507669186696,
    "73": 2374.8281292462566,
    "74": 12325.389528305477,
    "75": 4439.4833422905,
    "76": 2509.568921105296,
    "77": 3153.8658303638326,
    "78": 547.9673296007279,
    "79": 6173.319414816485,
    "80": 7073.1423209682325,
    "81": 3444.4160519800394,
    "82": 6465.619877436065,
    "83": 4183.664126562937,
    "84": 6717.55522256596,
    "85": 6988.283703196122,
    "86": 2744.2109612334425,
    "87": 1122.8454482117493,
    "88": 9728.296783667653,
    "89": 3896.37522161293,
    "90": 9282.722705218455,
    "91": 8518.007997350433,
    "92": 7769.438841883435,
    "93": 1151.1964164293704,
    "94": 2495.445333637843,
    "95": 540.9342397164052,
    "96": 4293.296523997748,
    "97": 9513.096503171166,
    "98": 7676.2928306665535,
    "99": 4031.8322699566884,
    "100": 2855.3068951304763,
    "101": 3593.9100696941587,
    "102": 909.2115724332448,
    "103": 3366.6871010369673,
    "104": 6933.266342922853,
    "105": 291.31796080540107,
    "106": 5529.178911429534,
    "107": 6098.120269280313,
    "108": 2764.418603320807,
    "109": 1912.5055893945616,
    "110": 4448.765298209456,
    "111": 2183.169312497216,
    "112": 9991.438370555199,
    "113": 9952.406340623187,
    "114": 1752.871732471997,
    "115": 6528.807837373431,
    "116": 354.0122208944793,
    "117": 1644.588358110806,
    "118": 2250.487792830324,
    "119": 12071.371136064405,
    "120": 3603.9000076151265,
    "121": 5864.013652011047,
    "122": 2638.193843509679,
    "123": 3518.396172327403,
    "124": 17041.63615877868,
    "125": 469.6114093149053,
    "126": 365.22600503694525,
    "127": 1469.961235869677,
    "128": 13084.79330009832,
    "129": 5168.530074681629,
    "130": 5180.576615204527,
    "131": 6493.493478534862,
    "132": 7305.446112453123,
    "133": 3792.748615620625,
    "134": 2817.390397707614,
    "135": 3193.8275553314456,
    "136": 10967.233375242775,
    "137": 3014.2973106519444,
    "138": 7142.502912149452,
    "139": 5515.548530395416,
    "140": 4643.488871887595,
    "141": 6821.699084078651,
    "142": 4482.405716418046,
    "143": 1297.4855265500664,
    "144": 1980.1803818363703,
    "145": 1441.1880571147803,
    "146": 6787.358756194712,
    "147": 3957.8012806217002,
    "148": 1600.9935710303423,
    "149": 4679.782546186474,
    "150": 10379.793461630854,
    "151": 713.0510534056845,
    "152": 2676.4353537336224,
    "153": 6950.13165288383,
    "154": 11427.66696110008,
    "155": 5495.376580248683,
    "156": 4757.778443769671,
    "157": 8660.496658347036,
    "158": 2231.312899990497,
    "159": 1816.4332303828264,
    "160": 6565.352259441551,
    "161": 841.9147121479234,
    "162": 4869.285615737744,
    "163": 5188.584370053407,
    "164": 4824.674659416382,
    "165": 6827.087038785294,
    "166": 2220.005397518534,
    "167": 1905.943315850498,
    "168": 5560.872746308795,
    "169": 5105.151066428104,
    "170": 3854.1909590918867,
    "171": 5442.982757199359,
    "172": 7519.129756360305,
    "173": 9100.54724862267,
    "174": 5095.345741876026,
    "175": 1653.5092021050846,
    "176": 9474.906708270602,
    "177": 7341.158735116903,
    "178": 3067.6309150505667,
    "179": 10536.523681042912,
    "180": 3194.83354289155,
    "181": 6018.440833185353,
    "182": 1351.7574853634735,
    "183": 6037.523939728616,
    "184": 5172.186483978483,
    "185": 2080.2694281160093,
    "186": 4826.600706168996,
    "187": 6476.656219921395,
    "188": 18281.18380535871,
    "189": 2471.529580037085,
    "190": 2738.8951292995794,
    "191": 7693.016227885657,
    "192": 3331.663399379398,
    "193": 3164.614906236918,
    "194": 6017.5583549185185,
    "195": 16630.33994983907,
    "196": 3176.9039815002725,
    "197": 4374.371829950195,
    "198": 7412.872181438466,
    "199": 4421.896979913236,
    "200": 5357.266694272478,
    "201": 977.2441228871787,
    "202": 1355.5885000066473,
    "203": 2911.5364049066616,
    "204": 2284.018329047133,
    "205": 9033.101704303694,
    "206": 1705.6094051940584,
    "207": 8221.470019483588,
    "208": 3409.0824934985194,
    "209": 2135.0895654618944,
    "210": 9549.361461685165,
    "211": 4813.6092261991425,
    "212": 11085.038861208095,
    "213": 8542.389738740894,
    "214": 2610.4397183901024,
    "215": 19945.076569425055,
    "216": 4471.026078642409,
    "217": 4988.024242257273,
    "218": 3435.388988667822,
    "219": 6313.497880816328,
    "220": 6953.3172511987705,
    "221": 713.1155111481403,
    "222": 4881.190324246621,
    "223": 4591.840914873366,
    "224": 5018.935280255276,
    "225": 1943.3169784196693,
    "226": 1705.0378315920748,
    "227": 3081.3343401034244,
    "228": 4867.524964446499,
    "229": 1827.2185289315016,
    "230": 21110.7870337652,
    "231": 4499.540382773334,
    "232": 2509.6155802738726,
    "233": 5548.845694684738,
    "234": 8923.32427821967,
    "235": 2578.5811091872833,
    "236": 1469.142955132715,
    "237": 10619.402512072478,
    "238": 6370.4060271416665,
    "239": 3220.0287022863286,
    "240": 3701.3474420680413,
    "241": 4176.407999569354,
    "242": 1042.2559665679764,
    "243": 2501.2303609170713,
    "244": 8183.93253418002,
    "245": 7653.113590042791,
    "246": 1708.2634637719532,
    "247": 3507.043412744625,
    "248": 6026.521715595371,
    "249": 10334.988790595311,
    "250": 457.0418503268155,
    "251": 696.1547877180129,
    "252": 5525.062229512721,
    "253": 9595.256148379776,
    "254": 4902.435014534463,
    "255": 13151.471246017529,
    "256": 6737.190354161687,
    "257": 574.4364684392104,
    "258": 1181.2295239095165,
    "259": 5834.4674543941965,
    "260": 13848.034602679269,
    "261": 4269.019834971042,
    "262": 3751.182369029444,
    "263": 4709.501499493172,
    "264": 6598.956275867143,
    "265": 5989.836144807353,
    "266": 3899.5288337039815,
    "267": 9479.648870524541,