time,obj
0.16416709999999934,171195.50605003687
0.16313810000000029,171175.2834854144
0.16394369999999991,203893.22751153915
0.17208549999999967,207630.70855618993
0.16987400000000008,154910.4048797493
