obj,time,mip_gap
2212678.8057878283,0.015584199999999937,
