obj,time,mip_gap
2211526.4678184735,0.01997570000000004,
