obj,time,mip_gap
2379502.652372396,0.04355330000000002,
