obj,time,mip_gap
2328105.4351399187,0.06898899999999974,
