obj,time,mip_gap
2215802.810118381,0.0210653999999999,
