obj,time,mip_gap
2215775.2095426526,0.02085580000000009,
