obj,time,mip_gap
2680887.832329388,0.01305259999999997,
