obj,time,mip_gap
2609197.190874795,0.015383799999999948,
