obj,time,mip_gap
2605893.9829490297,0.010568500000000203,
