obj,time,mip_gap
2460587.94632768,0.016819300000000315,
