obj,time,mip_gap
2407765.6988177295,0.01112909999999978,
