obj,time,mip_gap
2408184.836113748,0.01270579999999999,
