obj,time,mip_gap
2684967.9372465466,0.02117260000000032,
