obj,time,mip_gap
2264418.962271995,0.011773999999999951,
