obj,time,mip_gap
2265324.9931756505,0.01351570000000013,
