obj,time,mip_gap
2392497.910953367,0.011564300000000305,
