obj,time,mip_gap
2392117.06379912,0.014625999999999806,
