obj,time,mip_gap
2391408.31379912,0.025070100000000206,
