obj,time,mip_gap
1990630.6540682209,0.01435630000000021,
