obj,time,mip_gap
1986825.7434856775,0.01218370000000002,
