obj,time,mip_gap
2174394.911128538,0.026187399999999972,
