obj,time,mip_gap
2810491.5814857334,0.015921899999999933,
