obj,time,mip_gap
2773577.796093636,0.05068930000000016,
