obj,time,mip_gap
2810114.9478987358,0.015410300000000099,
