obj,time,mip_gap
2750339.664419568,0.014705699999999489,
