obj,time,mip_gap
2750339.664419568,0.019426199999999838,
