obj,time,mip_gap
2744516.231821343,0.013714400000000015,
