obj,time,mip_gap
2572195.8205589904,0.010829500000000714,
