obj,time,mip_gap
2566144.34845988,0.01070440000000028,
