obj,time,mip_gap
2663538.730895212,0.02179399999999987,
