obj,time,mip_gap
2587990.6245517405,0.009788499999999978,
