obj,time,mip_gap
2638801.853096573,0.023827199999999937,
