obj,time,mip_gap
2588872.23563435,0.01057370000000013,
