obj,time,mip_gap
2414375.693392724,0.01072099999999998,
