obj,time,mip_gap
2640776.412684283,0.05293400000000004,
