obj,time,mip_gap
2415856.4947055606,0.011765299999999979,
