obj,time,mip_gap
2486450.2013591514,0.020804100000000325,
