obj,time,mip_gap
2602026.078612423,0.013128099999999865,
