obj,time,mip_gap
2609924.0005012327,0.014176200000000527,
