obj,time,mip_gap
2362860.94791939,0.02163920000000008,
