obj,time,mip_gap
2334254.050788364,0.008947100000000319,
