obj,time,mip_gap
2336752.4925994757,0.008032499999999665,
