obj,time,mip_gap
2125131.6689481293,0.012055799999999728,
