obj,time,mip_gap
2125471.3973010234,0.012743500000000019,
