obj,time,mip_gap
2122582.386102417,0.0259621000000001,
