obj,time,mip_gap
2471389.326560665,0.014587200000000244,
