obj,time,mip_gap
2654809.119825708,0.04576609999999981,
