obj,time,mip_gap
2469262.087420709,0.013478300000000054,
