obj,time,mip_gap
3264392.210183642,0.00873149999999967,
