obj,time,mip_gap
3498218.700458131,0.01355940000000011,
