obj,time,mip_gap
3262387.0119939065,0.00946490000000022,
