obj,time,mip_gap
2447710.6640308322,0.014058400000000582,
