obj,time,mip_gap
2453164.793428696,0.016078600000000165,
