obj,time,mip_gap
2469048.853842921,0.040385500000000185,
