obj,time,mip_gap
2821121.6544293067,0.020435700000000168,
