obj,time,mip_gap
2827150.5734236203,0.010355599999999576,
