obj,time,mip_gap
2820803.867640672,0.010949700000000284,
