obj,time,mip_gap
2393916.2846509963,0.010232700000000428,
