obj,time,mip_gap
2397610.07354447,0.010741900000000193,
