obj,time,mip_gap
2690724.6758639803,0.0358432999999998,
