obj,time,mip_gap
3022149.0852964483,0.036483800000000066,
