obj,time,mip_gap
2265544.1663570907,0.016759399999999758,
