obj,time,mip_gap
2265382.6310689934,0.015535199999999527,
