obj,time,mip_gap
2229965.9847730156,0.018489899999999615,
