obj,time,mip_gap
2653345.186790291,0.046465899999999394,
