obj,time,mip_gap
2229940.924994344,0.01928850000000004,
