obj,time,mip_gap
2966310.44558625,0.012126299999999812,
