obj,time,mip_gap
2967071.2007326866,0.013482800000000017,
