obj,time,mip_gap
2909829.625497219,0.03412640000000011,
