obj,time,mip_gap
2973226.774636399,0.03213709999999992,
