obj,time,mip_gap
2692605.102131054,0.015947500000000003,
