obj,time,mip_gap
2693910.57414024,0.017185599999999912,
