obj,time,mip_gap
2982187.699376539,0.017529000000000128,
