obj,time,mip_gap
3031150.1445555124,0.040333000000000174,
