obj,time,mip_gap
2984310.9871830624,0.01866140000000005,
