obj,time,mip_gap
2311692.358155562,0.02288139999999994,
