obj,time,mip_gap
2342923.946880658,0.010452799999999929,
