obj,time,mip_gap
2346421.3173399162,0.010786300000000137,
