obj,time,mip_gap
2602116.8762594773,0.027462499999999945,
