obj,time,mip_gap
2631174.4394927365,0.06113370000000007,
