obj,time,mip_gap
2599253.1870132117,0.02564159999999993,
