obj,time,mip_gap
2226006.227898391,0.019198499999999896,
