obj,time,mip_gap
2132728.851862814,0.013497800000000115,
