obj,time,mip_gap
2124958.1982529936,0.012906699999999827,
