obj,time,mip_gap
1772484.8384872514,0.015897499999999898,
