obj,time,mip_gap
1772277.2458311005,0.031602200000000025,
