obj,time,mip_gap
1772277.2458311005,0.02157729999999969,
