obj,time,mip_gap
2649060.84317804,0.03626590000000007,
