obj,time,mip_gap
2395225.4370337324,0.020719300000000107,
