obj,time,mip_gap
2398153.685422887,0.01582379999999972,
