{
    "1": 0.11127155851016762,
    "2": 0.10457921679581593,
    "3": 0.08773178660884462,
    "4": 0.08554483005167063,
    "5": 0.11349582531501698
}