{
    "1": 0.11023297970080176,
    "2": 0.09722378835942572,
    "3": 0.11200282908398768,
    "4": 0.08475177331463266,
    "5": 0.08934129678606292,
    "6": 0.092542323593025,
    "7": 0.10809493802578221,
    "8": 0.11216593750764821,
    "9": 0.10094090498947907,
    "10": 0.1077121572652906,
    "11": 0.10307639324254998,
    "12": 0.08674531492511747
}