{
    "1": 0.10511376104189392,
    "2": 0.0869263265903103,
    "3": 0.10679093536408331,
    "4": 0.08625083703798818,
    "5": 0.10909445654050075,
    "6": 0.08304851045876153,
    "7": 0.10366276224996729,
    "8": 0.11693073156136724,
    "9": 0.0834810814109548
}