{
    "1": 0.09726691987209914,
    "2": 0.10565733861144687,
    "3": 0.09379485243132647,
    "4": 0.10662784137222092,
    "5": 0.10297323111365682,
    "6": 0.08157985097068846,
    "7": 0.11333035856586615,
    "8": 0.0825544673002642,
    "9": 0.10408760592256143,
    "10": 0.11071899444533645,
    "11": 0.099333741655712
}