{
    "1": 0.11049722902783941,
    "2": 0.11294835683371213,
    "3": 0.0822626852517761,
    "4": 0.0877722477257827,
    "5": 0.08776500963098452,
    "6": 0.10485607321684796,
    "7": 0.10295244203582705,
    "8": 0.08453184732450646,
    "9": 0.09455729504623003,
    "10": 0.08262406093329625,
    "11": 0.10735365492446071
}