{
    "1": 0.10097846161409717,
    "2": 0.10025426433889832,
    "3": 0.10436822716703867,
    "4": 0.08086095943115196,
    "5": 0.08402809590559598,
    "6": 0.08082055138072954,
    "7": 0.11776541967283755
}