{
    "1": 0.08085765025028253,
    "2": 0.09997043922758037,
    "3": 0.09103375253460373,
    "4": 0.10142073604350688,
    "5": 0.08154010604948139,
    "6": 0.10488880867724953,
    "7": 0.08444622859963408,
    "8": 0.11181537676068114,
    "9": 0.09766293024823944,
    "10": 0.093714777508319
}