{
    "1": 0.11341877168201342,
    "2": 0.10095976360943376,
    "3": 0.11807465399912148,
    "4": 0.11797222988211925,
    "5": 0.0869532815815965,
    "6": 0.10818125749104743,
    "7": 0.08776521127384021,
    "8": 0.10362147225069453
}