{
    "1": 0.09643721087855402,
    "2": 0.11019345134795791,
    "3": 0.11700247799766347,
    "4": 0.11515134923519615,
    "5": 0.11804917200409779,
    "6": 0.11637224763987171,
    "7": 0.08324421495361861,
    "8": 0.09339887199085925,
    "9": 0.09894894225815212
}