time,obj
8479.52881,50998611.45383755
7696.6353423,52265234.45981862
24463.364464500002,52227092.29261105
2909.676852299999,50733665.43163953
8944.29105,51644217.599177696
