obj,time,mip_gap
477762.7652177138,72.69916660000035,0.04714753460408167
