obj,time,mip_gap
447175.06132491236,44.692382799999905,0.04924992178209174
