obj,time,mip_gap
451110.2424952842,78.44950489999974,0.04952941659272979
