obj,time,mip_gap
411082.7307973146,173.44632039999942,0.049311802594341585
