obj,time,mip_gap
348387.140177449,101.69676869999967,0.04987154828231079
