obj,time,mip_gap
401595.4507601741,5.93943709999985,0.04135871477830889
