obj,time,mip_gap
377712.684176055,21.31605169999966,0.04567573750771537
