,cap_rev,cap_rev,cap_rev,cap_rev,cap_rev,cap_rev
time,1,2,3,4,5,6
room,,,,,,
1,20.0,7.0,7.0,7.0,7.0,20.0
2,10.0,2.9999999999999996,3.0,3.000000000000001,0.0,5.0
