obj,time,mip_gap
416588.1696273334,67.9258190999999,0.04513486016705313
