obj,time,mip_gap
450992.04745658045,10.254501899999923,0.04851554303795821
