obj,time,mip_gap
444323.82398187934,1035.7471023999997,0.04996081294958803
