obj,time,mip_gap
446987.7326032982,0.0019007000000001995,
