obj,time,mip_gap
371329.44803578756,0.0014256999999995301,
