obj,time,mip_gap
378016.19893500174,0.0016623999999998418,
