obj,time,mip_gap
413706.8070456245,0.0012233999999997636,
