obj,time,mip_gap
383297.8487063002,0.0015148999999992085,
