obj,time,mip_gap
3599144.499432447,24.386339300000145,0.03877088264435126
