obj,time,mip_gap
3474156.225872542,19.13843900000029,0.014503897214795865
