obj,time,mip_gap
3378190.170239882,17.947346400000242,0.038625314506590715
