obj,time,mip_gap
3537549.035118958,17.965260599999965,0.013471277733112207
