obj,time,mip_gap
3498864.537529529,137.57894570000008,0.04182302626933475
