obj,time,mip_gap
3344237.2559312126,185.09293700000035,0.0020453906624249055
