obj,time,mip_gap
3347431.327351972,93.69499880000058,0.028979815806176364
