obj,time,mip_gap
3749263.222395049,20.785937399999966,0.02928493180541751
