obj,time,mip_gap
3631617.9042062485,139.8830394000006,0.033106876642241996
