obj,time,mip_gap
3575139.6878028424,99.24508429999969,0.01717097789668597
