obj,time,mip_gap
3571658.3507362586,28.116101399999934,0.010114335865172465
