obj,time,mip_gap
3494977.469237347,19.973964100000558,0.04188771567497675
