obj,time,mip_gap
3515433.882510934,77.53551930000049,0.01626849806836775
