obj,time,mip_gap
3424538.3369467943,81.46515100000033,0.0
