obj,time,mip_gap
3188977.6420971067,51.18880089999948,0.04652399336649887
