obj,time,mip_gap
3455422.6935574966,63.56415230000039,0.013623227963342015
