obj,time,mip_gap
4232043.06631522,88.84542770000007,2.2006453148558527e-16
