obj,time,mip_gap
3509251.4667653563,36.83379540000078,0.007803227817562589
