obj,time,mip_gap
3695373.1804837845,117.04167260000031,0.011559682344318721
