obj,time,mip_gap
3449363.3190814313,68.78419819999999,0.04694860932190807
