obj,time,mip_gap
3968533.5819725916,79.16234409999925,0.0
