obj,time,mip_gap
3636255.7233141256,135.70326339999974,0.036914524358435424
