obj,time,mip_gap
3842579.993390374,81.15709249999964,0.0
