obj,time,mip_gap
3917189.8678882886,36.57916109999951,0.004810504026070289
