obj,time,mip_gap
3944832.3658811008,171.6970881999996,0.01601036682827567
