obj,time,mip_gap
3385564.510887437,24.83359659999951,0.02577445803510961
