obj,time,mip_gap
3666961.1444792305,144.0187274,0.006074559385509477
