obj,time,mip_gap
3382983.0448962445,69.25073669999983,0.0
