obj,time,mip_gap
3294682.357980729,45.47333550000076,0.002581886674629871
