obj,time,mip_gap
3688649.2657901864,18.228887699999177,0.015431729676803514
