{
    "1": 490111.5814680821,
    "2": 396117.00136337924,
    "3": 144346.2212290083,
    "4": 15864.49099346409,
    "5": 126606.24032142053,
    "6": 329058.92089223344,
    "7": 206167.9295788685,
    "8": 307131.2996744237,
    "9": 81191.36978368035,
    "10": 158915.00345029158,
    "11": 588809.1914564576,
    "12": 137881.4970407507,
    "13": 161676.73551922102,
    "14": 98413.20214597088,
    "15": 294325.3424595837,
    "16": 176878.31056891615,
    "17": 59668.77627836633,
    "18": 446968.79671719234,
    "19": 11179.812421690249,
    "20": 41237.8127435597,
    "21": 201885.03097472058,
    "22": 128169.92532170717,
    "23": 352740.73723668343,
    "24": 1005234.7551790407,
    "25": 95958.81180590844,
    "26": 49600.046916786036,
    "27": 156372.0204501284,
    "28": 758732.2651302082,
    "29": 249163.4918266808,
    "30": 575413.1387499537,
    "31": 114383.68788625012,
    "32": 121008.47108568125,
    "33": 60150.22285821247,
    "34": 549260.8034941668,
    "35": 181551.78919654584,
    "36": 315058.5272262711,
    "37": 30065.066924020703,
    "38": 206090.74949525655,
    "39": 133231.9652869045,
    "40": 188942.40904698416,
    "41": 262340.92255314015,
    "42": 31585.16951534723,
    "43": 113130.58893320648,
    "44": 102560.01326714818,
    "45": 145902.59960617265,
    "46": 230234.04508893297,
    "47": 562572.5097448202,
    "48": 129787.59661571411,
    "49": 361002.17580796004,
    "50": 64089.65630424403,
    "51": 23527.363999246558,
    "52": 154579.36096296893,
    "53": 187080.51642468254,
    "54": 232888.28290450794,
    "55": 71517.76742325004,
    "56": 483106.8651509518,
    "57": 80732.56833366085,
    "58": 380226.10277167964,
    "59": 447781.3308215864,
    "60": 216398.75449252836,
    "61": 291041.39626210486,
    "62": 521194.08211508987,
    "63": 285625.6164435246,
    "64": 201464.9147651419,
    "65": 409271.15413860575,
    "66": 152609.3111712179,
    "67": 60646.859774730496,
    "68": 150553.8193472245,
    "69": 274801.4782558954,
    "70": 514701.7927246898,
    "71": 646150.7541009373,
    "72": 476601.7918190324,
    "73": 595265.3390235957,
    "74": 139870.65887193664,
    "75": 41779.580749151166,
    "76": 198752.3373638606,
    "77": 55471.33096142342,
    "78": 419286.10021679243,
    "79": 295962.98648588953,
    "80": 318996.71633820515,
    "81": 99225.77549401148,
    "82": 181849.41745132915,
    "83": 103657.91079349,
    "84": 249234.43112923793,
    "85": 67276.37152494003,
    "86": 97956.62379578127,
    "87": 33115.04611668485,
    "88": 241175.47728002688,
    "89": 94914.00534690105,
    "90": 375270.9713671776,
    "91": 112101.82435412498,
    "92": 220082.310377424,
    "93": 84611.41350599678,
    "94": 50239.59070226385,
    "95": 263735.819298543,
    "96": 307087.12961357593,
    "97": 326228.25625585136,
    "98": 533268.1868058174,
    "99": 260406.68130137952,
    "100": 192956.5031383233,
    "101": 58769.444746149784,
    "102": 180614.4260302184,
    "103": 137329.6399091557,
    "104": 400051.4473924963,
    "105": 93077.23688020043,
    "106": 165525.00787840725,
    "107": 394005.0992030651,
    "108": 328421.8705057824,
    "109": 253857.97877471638,
    "110": 169630.64730489327,
    "111": 387901.9338285337,
    "112": 334796.88428331225,
    "113": 286392.2684670065,
    "114": 103793.1633612941,
    "115": 317047.05258735694,
    "116": 177708.34867465598,
    "117": 100082.84409386766,
    "118": 315213.6017860243,
    "119": 787427.4945125616,
    "120": 40354.17107804243,
    "121": 306058.44725791004,
    "122": 215226.47106020292,
    "123": 539230.4585481634,
    "124": 19876.66214458731,
    "125": 25715.174341433558,
    "126": 84930.01585265507,
    "127": 21406.94069705553,
    "128": 17189.25625923225,
    "129": 458852.0127103811,
    "130": 328150.2789896533,
    "131": 248947.67930613772,
    "132": 154966.36772922278,
    "133": 313984.4759462483,
    "134": 41540.38685324445,
    "135": 276190.5474372344,
    "136": 235523.20298442576,
    "137": 84427.93113682866,
    "138": 361217.1232586203,
    "139": 113161.22543077264,
    "140": 200689.37343594193,
    "141": 87928.5937458745,
    "142": 298391.0128582198,
    "143": 290123.31067803217,
    "144": 127360.69312661201,
    "145": 208983.26184214535,
    "146": 796117.9699990593,
    "147": 203339.99505069823,
    "148": 134508.00138189245,
    "149": 113263.70548177703,
    "150": 377068.442133138,
    "151": 79446.57982156299,
    "152": 288844.6924524387,
    "153": 149400.53455462452,
    "154": 268851.0393744336,
    "155": 69372.20356859347,
    "156": 280368.71681791305,
    "157": 219845.3777939258,
    "158": 193922.6427046247,
    "159": 221702.92304203543,
    "160": 23677.290892320972,
    "161": 249417.4722846255,
    "162": 74486.82336755934,
    "163": 26594.510245673493,
    "164": 684211.8680317104,
    "165": 424011.22835984506,
    "166": 62744.71042579569,
    "167": 125112.18071462565,
    "168": 222096.94396465603,
    "169": 82268.90695219763,
    "170": 416637.3309621545,
    "171": 291019.8574528589,
    "172": 329446.4226893736,
    "173": 130203.8386686205,
    "174": 135407.76303350783,
    "175": 190720.6663693913,
    "176": 206055.93942938483,
    "177": 195609.62574000482,
    "178": 116987.04020649793,
    "179": 93976.42551387103,
    "180": 67461.40587300844,
    "181": 141721.70973514652,
    "182": 184180.10874032113,
    "183": 342500.0352962056,
    "184": 256928.53881792512,
    "185": 321037.11680170917,
    "186": 186729.94688724604,
    "187": 256557.75064831675,
    "188": 328038.58078159555,
    "189": 415172.3182817256,
    "190": 223537.79993206688,
    "191": 117394.4294321141,
    "192": 461907.2838963148,
    "193": 107013.76120920201,
    "194": 224490.6564638112,
    "195": 333283.50337884587,
    "196": 233685.40460659226,
    "197": 613510.4980049945,
    "198": 109365.66978861752,
    "199": 198573.304185332,
    "200": 247164.78514866973,
    "201": 108733.03619149627,
    "202": 156757.68250184727,
    "203": 166453.80737872407,
    "204": 137820.60850049803,
    "205": 259281.63045389205,
    "206": 31892.545765066086,
    "207": 244107.83237587914,
    "208": 391451.26475479716,
    "209": 119107.87003153132,
    "210": 407624.9583830354,
    "211": 384168.83298805053,
    "212": 50025.33129218363,
    "213": 206781.7771212106,
    "214": 795656.5827990159,
    "215": 45365.38393780436,
    "216": 189738.44987201018,
    "217": 160831.75852994606,
    "218": 441141.81480652373,
    "219": 359042.2537758302,
    "220": 614510.097977769,
    "221": 513368.03621121927,
    "222": 247462.2943256084,
    "223": 265191.0753093504,
    "224": 283246.4001976288,
    "225": 250608.3713807023,
    "226": 47742.78629237238,
    "227": 264546.30072643637,
    "228": 297525.3403568628,
    "229": 101282.99833936847,
    "230": 418591.75866433256,
    "231": 421829.99463376444,
    "232": 93611.31448550212,
    "233": 334393.6393768767,
    "234": 391078.06222482614,
    "235": 434153.8450823467,
    "236": 103538.5989678195,
    "237": 317661.0691575022,
    "238": 61944.826885212795,
    "239": 160959.5512635692,
    "240": 208126.43213701234,
    "241": 397871.796702441,
    "242": 22057.094901834662,
    "243": 81992.58304099596,
    "244": 190061.67359882052,
    "245": 550662.4348918037,
    "246": 221227.15990915275,
    "247": 16365.071326665537,
    "248": 497789.35810906236,
    "249": 284005.3537517951,
    "250": 738862.1524869507,
    "251": 317049.61847824126,
    "252": 83958.40020920763,
    "253": 126407.84804464286,
    "254": 89447.76986244555,
    "255": 195396.33407464568,
    "256": 562937.0704315936,
    "257": 650042.1851067741,
    "258": 354194.2128517884,
    "259": 377682.98637977644,
    "260": 353697.3071564615,
    "261": 262677.80381171836,
    "262": 291191.7073033618,
    "263": 90462.17117822001,
    "264": 203466.72147689486,
    "265": 8173.924822924725,
    "266": 867869.8646223848,