{
    "1": 729490.4110153815,
    "2": 148857.3704139514,
    "3": 167378.46986453273,
    "4": 374852.7905530136,
    "5": 64681.7044643574,
    "6": 199986.48127725752,
    "7": 107818.8005676229,
    "8": 121456.32419949511,
    "9": 354507.9816434135,
    "10": 217642.79138704078,
    "11": 548787.9303663963,
    "12": 277888.98960694077,
    "13": 147781.2931528483,
    "14": 520585.1750535074,
    "15": 377060.02283752017,
    "16": 453135.5854216768,
    "17": 97785.01780961995,
    "18": 48134.57454387889,
    "19": 119986.08558803827,
    "20": 133362.82168728788,
    "21": 244201.04042438016,
    "22": 185432.69845841444,
    "23": 340060.53971376695,
    "24": 138834.9639043409,
    "25": 31597.439138044607,
    "26": 153439.76795298568,
    "27": 31659.276695526383,
    "28": 714863.7195259389,
    "29": 146072.83428696962,
    "30": 235336.40287469488,
    "31": 138174.27921678007,
    "32": 117405.38305673473,
    "33": 331421.3119812511,
    "34": 196346.31785215414,
    "35": 108161.44541595322,
    "36": 70085.48563145881,
    "37": 206634.8949450631,
    "38": 465228.4203653088,
    "39": 961101.3866389692,
    "40": 895207.0422710723,
    "41": 210888.2143358916,
    "42": 24401.753853863076,
    "43": 354543.68791911093,
    "44": 60261.97647720614,
    "45": 181740.59095138626,
    "46": 329637.4856100141,
    "47": 21292.4492609417,
    "48": 32236.463079367404,
    "49": 167426.94292873045,
    "50": 172800.161401869,
    "51": 177053.54561193244,
    "52": 53581.96086770493,
    "53": 473917.9578467474,
    "54": 526684.7356228821,
    "55": 321180.8138837507,
    "56": 132908.2441937371,
    "57": 23289.43360029805,
    "58": 297653.085919948,
    "59": 43864.48638870503,
    "60": 55403.495713858305,
    "61": 112140.57500525643,
    "62": 565837.8010429011,
    "63": 114861.25685148555,
    "64": 263117.4906732949,
    "65": 32217.29567862092,
    "66": 35508.41657788815,
    "67": 395657.5403481261,
    "68": 217917.44294617407,
    "69": 344131.57599742385,
    "70": 90805.74227137223,
    "71": 339212.53923597233,
    "72": 171937.3717386207,
    "73": 436472.1449485641,
    "74": 665075.0176098795,
    "75": 27173.63619141481,
    "76": 22632.43861815064,
    "77": 311112.08539046644,
    "78": 314998.6106027221,
    "79": 407767.42515001434,
    "80": 158855.859933508,
    "81": 225680.89964078425,
    "82": 262503.22854476556,
    "83": 463274.129446335,
    "84": 169440.1990659793,
    "85": 15749.04708165692,
    "86": 127750.5374768838,
    "87": 236620.97884836016,
    "88": 196084.25280247792,
    "89": 36547.268169411844,
    "90": 71488.72861784245,
    "91": 272402.8232856572,
    "92": 210764.67880995802,
    "93": 85751.44002949774,
    "94": 142085.82149121014,
    "95": 44812.2900257108,
    "96": 249506.02493023,
    "97": 32914.38077794071,
    "98": 396012.24493335094,
    "99": 263402.2196687472,
    "100": 222521.4575606384,
    "101": 264123.88245583145,
    "102": 20142.940476475796,
    "103": 351164.50930461043,
    "104": 181711.15200370393,
    "105": 96152.81970236503,
    "106": 87697.5530130845,
    "107": 681052.6654643572,
    "108": 216990.44924870678,
    "109": 223582.3767340428,
    "110": 225411.1661678753,
    "111": 303341.76363635634,
    "112": 296251.78333377093,
    "113": 98224.0037409509,
    "114": 286893.6904082087,
    "115": 329556.9576331816,
    "116": 121761.72839861862,
    "117": 135844.96315087817,
    "118": 201870.7120100852,
    "119": 521175.59606651467,
    "120": 73492.48392983449,
    "121": 265359.89260545396,
    "122": 535579.077523345,
    "123": 53624.07582213117,
    "124": 134338.28378637513,
    "125": 523071.64021754137,
    "126": 298095.21262874914,
    "127": 20599.94907541507,
    "128": 42465.549160050694,
    "129": 62767.29941752829,
    "130": 387695.0711388333,
    "131": 345801.0209545375,
    "132": 392375.70651787496,
    "133": 197550.09610897687,
    "134": 191474.33090476252,
    "135": 297289.84021283995,
    "136": 160751.89781227123,
    "137": 291123.74305044865,
    "138": 243080.22595647236,
    "139": 252319.26841474604,
    "140": 237119.2974227787,
    "141": 105351.66729590727,
    "142": 488011.53067927144,
    "143": 87841.38721725521,
    "144": 302845.8258113992,
    "145": 89597.97185829759,
    "146": 98295.3473996509,
    "147": 561756.3664460072,
    "148": 515743.6299962693,
    "149": 348895.4994086138,
    "150": 17632.058303372567,
    "151": 87431.06323293589,
    "152": 83506.58502211148,
    "153": 98371.81065032425,
    "154": 234341.55325580895,
    "155": 256389.25738703032,
    "156": 211218.49857166936,
    "157": 508822.1849068906,
    "158": 270136.70721922553,
    "159": 85106.26368622715,
    "160": 143466.9446183312,
    "161": 159072.2911270722,
    "162": 238320.36330897172,
    "163": 230104.2831625534,
    "164": 199186.10317768087,
    "165": 153074.89166119837,
    "166": 207724.41409570398,
    "167": 153611.36264974755,
    "168": 565754.6001266402,
    "169": 110905.56764615542,
    "170": 282462.7661930951,
    "171": 195697.2575992058,
    "172": 422430.57072603673,
    "173": 188988.47799161237,
    "174": 538441.8109110439,
    "175": 193362.75264871895,
    "176": 178482.48253006572,
    "177": 156943.50092539372,
    "178": 157661.31760477668,
    "179": 286955.41384786164,
    "180": 122073.24616122844,
    "181": 471422.5027058783,
    "182": 185575.8054149927,
    "183": 291051.1418311404,
    "184": 23079.831625547147,
    "185": 69767.75063793614,
    "186": 108529.61627067663,
    "187": 353877.5623744504,
    "188": 211824.47180283014,
    "189": 194052.37810696685,
    "190": 349885.1063704398,
    "191": 155548.73931076957,
    "192": 164261.357457729,
    "193": 315040.98986348324,
    "194": 72398.13381478265,
    "195": 105135.62624103282,
    "196": 146652.1633545707,
    "197": 118853.40468412623,
    "198": 217556.69252069446,
    "199": 317659.94835454697,
    "200": 518434.886433527,
    "201": 250732.11986257372,
    "202": 109116.71419006234,
    "203": 105021.59322978741,
    "204": 127138.48026182925,
    "205": 236143.27502574556,
    "206": 326472.83746273204,
    "207": 292149.35852377664,
    "208": 403490.98463989503,
    "209": 43774.318833170495,
    "210": 123898.49753904824,
    "211": 546872.2041188328,
    "212": 782443.4894494861,
    "213": 551754.3749232154,
    "214": 53803.92668599006,
    "215": 142620.9836037992,
    "216": 206899.64939298204,
    "217": 483333.5530662221,
    "218": 786008.1494777153,
    "219": 256468.56505898383,
    "220": 140598.75523465633,
    "221": 259711.3145237447,
    "222": 477597.59346975514,
    "223": 133548.55850496975,
    "224": 118713.5595480744,
    "225": 344719.510326852,
    "226": 51161.739683303706,
    "227": 355507.6384140046,
    "228": 79052.8438464561,
    "229": 148079.7952450775,
    "230": 244181.18131712705,
    "231": 445599.1512504384,
    "232": 242595.7215145767,
    "233": 162809.97322695403,
    "234": 146150.561803453,
    "235": 173518.8594621814,
    "236": 145764.11707025405,
    "237": 199992.35114883995,
    "238": 210999.27248877558,
    "239": 203110.2187782061,
    "240": 194570.65428281284,
    "241": 290347.4097198076,
    "242": 255559.32161555448,
    "243": 21412.503785565023,
    "244": 36882.82030311906,
    "245": 278393.51030491135,
    "246": 197932.75548402988,
    "247": 665165.2609283238,
    "248": 90820.72241995411,
    "249": 255869.45008010627,
    "250": 49353.696351774524,
    "251": 30784.942002450356,
    "252": 154497.1764816771,
    "253": 65428.20158356097,
    "254": 200456.6840896383,
    "255": 123991.71529627839,
    "256": 375273.6203360572,
    "257": 177551.3110479798,
    "258": 372354.02565498376,
    "259": 186180.46892974828,
    "260": 111455.40898830323,
    "261": 277558.5142924936,
    "262": 97417.56394984131,
    "263": 45225.55413731978,
    "264": 32357.03561754633,
    "265": 165349.96800676,
    "266": 338137.7448458247,