{
    "1": 308953.0360129911,
    "2": 194035.3725673367,
    "3": 234273.42362123478,
    "4": 268272.1473012459,
    "5": 171245.9830876429,
    "6": 154258.21806808983,
    "7": 246743.64793128672,
    "8": 256338.24595710784,
    "9": 170912.85641974464,
    "10": 386474.0475890849,
    "11": 570735.2121506394,
    "12": 89671.61001378528,
    "13": 719100.4636801891,
    "14": 360055.2637571493,
    "15": 202102.83259393345,
    "16": 250888.4584626591,
    "17": 220348.1752932543,
    "18": 167837.89521564706,
    "19": 66086.4348413785,
    "20": 81135.4320842391,
    "21": 506125.40823514014,
    "22": 411578.18663079373,
    "23": 186778.85273786445,
    "24": 107126.50038868685,
    "25": 422562.222867371,
    "26": 327816.8401933746,
    "27": 193728.57963521968,
    "28": 344094.2470472064,
    "29": 238227.66629716326,
    "30": 149997.78864744096,
    "31": 257934.79113748492,
    "32": 336420.6344631374,
    "33": 165213.32446703984,
    "34": 345911.5945590522,
    "35": 159611.72977821477,
    "36": 648386.4676601148,
    "37": 218285.84938214975,
    "38": 126758.40648375427,
    "39": 189778.45014737945,
    "40": 241549.81190886284,
    "41": 172884.1229197936,
    "42": 222180.1501839189,
    "43": 317737.7352331498,
    "44": 116331.47541767806,
    "45": 549501.7373016026,
    "46": 138466.8903787694,
    "47": 192724.04513927482,
    "48": 59302.38849033217,
    "49": 81436.03560733914,
    "50": 185543.82410249554,
    "51": 96269.699061451,
    "52": 808161.1713574554,
    "53": 142524.5760227264,
    "54": 66534.2014884601,
    "55": 153315.91735914946,
    "56": 243545.21747244583,
    "57": 440646.311216057,
    "58": 623436.4661972524,
    "59": 91863.05813355326,
    "60": 228012.99230897613,
    "61": 187368.41853550824,
    "62": 187670.35488607077,
    "63": 404652.56847161415,
    "64": 233306.00296024562,
    "65": 199980.9197638723,
    "66": 8448.344421790789,
    "67": 345589.957513194,
    "68": 115965.61565718989,
    "69": 54714.23994424841,
    "70": 365648.23126113013,
    "71": 97563.78152655764,
    "72": 28937.941743905263,
    "73": 207619.9494019213,
    "74": 82628.6607339135,
    "75": 214457.5636213611,
    "76": 375571.4821037569,
    "77": 174290.44216038502,
    "78": 383641.6916577725,
    "79": 266928.30426914454,
    "80": 85451.76260313034,
    "81": 304396.6489786712,
    "82": 394089.57805907883,
    "83": 47395.33082607567,
    "84": 465276.06336149434,
    "85": 162558.70119948947,
    "86": 196991.2275855443,
    "87": 153483.93778168134,
    "88": 24057.79840070756,
    "89": 11182.422092910818,
    "90": 363111.2189809768,
    "91": 63424.161994292925,
    "92": 197109.97873098127,
    "93": 39597.00813988282,
    "94": 198383.31206143837,
    "95": 75332.18033555197,
    "96": 271496.85952521657,
    "97": 29215.780580324674,
    "98": 404084.7967793398,
    "99": 204128.52950836194,
    "100": 405727.8607010402,
    "101": 35514.96910989179,
    "102": 270762.86819648696,
    "103": 358107.73722264153,
    "104": 341635.0319441868,
    "105": 609956.8010722493,
    "106": 240434.79788120376,
    "107": 124112.86155711456,
    "108": 228815.72223173297,
    "109": 87726.74485611543,
    "110": 825442.0757002627,
    "111": 288947.1107492307,
    "112": 255426.66448866142,
    "113": 50544.45302879877,
    "114": 257343.2582406555,
    "115": 245376.7090115613,
    "116": 157760.70378702847,
    "117": 252074.78364466323,
    "118": 256326.75329548927,
    "119": 249097.88303926022,
    "120": 182890.9183494962,
    "121": 104912.49870445499,
    "122": 348432.27475955366,
    "123": 640349.0499357117,
    "124": 223893.96139651706,
    "125": 357932.9173186497,
    "126": 158539.39821517043,
    "127": 359159.8240125277,
    "128": 613282.2089963603,
    "129": 75403.98661122762,
    "130": 207431.5808205051,
    "131": 51942.32135272131,
    "132": 69672.66230532403,
    "133": 115566.03048422572,
    "134": 63907.60784237648,
    "135": 427403.277872843,
    "136": 186357.44247960497,
    "137": 191252.3245160448,
    "138": 89026.08672224198,
    "139": 412515.0096056706,
    "140": 198016.59472586325,
    "141": 56853.696339107635,
    "142": 71812.43940897979,
    "143": 107777.65700638214,
    "144": 276706.43863740383,
    "145": 269745.0422281121,
    "146": 235515.76864398006,
    "147": 185060.71020994848,
    "148": 132170.7695178617,
    "149": 29898.61535605489,
    "150": 162917.4017831513,
    "151": 142107.81830838486,
    "152": 418311.74273047264,
    "153": 334407.97056337865,
    "154": 185488.93502778924,
    "155": 253734.95582442897,
    "156": 317569.28181132604,
    "157": 53736.687358680225,
    "158": 218363.18627579405,
    "159": 238209.13769978916,
    "160": 358401.7201761416,
    "161": 230192.33402403374,
    "162": 465308.37942864024,
    "163": 202921.3145571008,
    "164": 38612.79470752942,
    "165": 66575.8950949008,
    "166": 920100.4870640723,
    "167": 121431.08666547651,
    "168": 40667.59067522611,
    "169": 147394.4669657583,
    "170": 158462.6467786466,
    "171": 172556.4252531169,
    "172": 78469.56905810042,
    "173": 363144.3082362253,
    "174": 50273.52071958229,
    "175": 321279.04921710206,
    "176": 557012.4356492633,
    "177": 1110581.7698643245,
    "178": 147337.73885126674,
    "179": 266927.4828123514,
    "180": 134991.22162616006,
    "181": 79005.7372813121,
    "182": 438476.7410603295,
    "183": 256426.4921168473,
    "184": 54988.36287946701,
    "185": 92228.67858424346,
    "186": 84079.92744374555,
    "187": 109705.05985547836,
    "188": 17960.99140840155,
    "189": 115143.91126261058,
    "190": 362024.58875722915,
    "191": 185503.40296678324,
    "192": 205664.60983386275,
    "193": 652615.348478684,
    "194": 203830.3034133928,
    "195": 44363.94531410513,
    "196": 116717.51904319983,
    "197": 332582.3700108512,
    "198": 253077.38955668858,
    "199": 292789.85961254983,
    "200": 422541.918787697,
    "201": 61623.9457509101,
    "202": 15751.640472590103,
    "203": 688191.2433677452,
    "204": 215464.8148472225,
    "205": 398002.7335798949,
    "206": 21944.01258701271,
    "207": 375599.0048639109,
    "208": 306085.5785579803,
    "209": 473770.50621222076,
    "210": 42085.0127801184,
    "211": 185185.62483904493,
    "212": 72962.93050504019,
    "213": 224559.17638651212,
    "214": 360738.4265150532,
    "215": 101803.5818572985,
    "216": 340861.5478037401,
    "217": 226828.0775915073,
    "218": 165085.84766058193,
    "219": 132915.07892864585,
    "220": 90338.79667741779,
    "221": 172420.831030527,
    "222": 406478.1202809999,
    "223": 133771.8962024122,
    "224": 184266.07206179423,
    "225": 32715.892686282965,
    "226": 151316.56574280714,
    "227": 32454.055865492544,
    "228": 103864.64708567367,
    "229": 284248.45137901895,
    "230": 1301980.8530689715,
    "231": 218638.93533823633,
    "232": 289685.6498048105,
    "233": 450272.56322193536,
    "234": 115636.65242857461,
    "235": 63692.30246227021,
    "236": 363704.10557284835,
    "237": 623288.4057662684,
    "238": 156861.87437191425,
    "239": 81531.18656355696,
    "240": 118220.8395925299,
    "241": 530914.3198967626,
    "242": 28690.492195949326,
    "243": 124492.05458388296,
    "244": 57489.21784310442,
    "245": 94633.83776170881,
    "246": 184666.4024452226,
    "247": 838382.1753027717,
    "248": 291060.89288360893,
    "249": 67010.42162681434,
    "250": 403412.6155961186,
    "251": 235163.0628668249,
    "252": 125103.45259757408,
    "253": 374094.6166339307,
    "254": 81739.22814029464,
    "255": 281231.90641541354,
    "256": 223267.03162163126,
    "257": 324609.28249741235,
    "258": 72998.32767887799,
    "259": 108644.06822627113,
    "260": 96113.92411122598,
    "261": 141546.25471259613,
    "262": 214363.0134834842,
    "263": 88792.63389695734,
    "264": 295242.8708566777,
    "265": 455742.6953169074,
    "266": 308062.6924166512,