{
    "1": 199844.2843317661,
    "2": 190086.8503303279,
    "3": 178416.87328404564,
    "4": 90971.01625198583,
    "5": 119125.74325773705,
    "6": 256650.88091548425,
    "7": 99416.53538052118,
    "8": 311764.5559185981,
    "9": 259037.60906410043,
    "10": 134465.9243150788,
    "11": 85259.3064280532,
    "12": 136198.4119158041,
    "13": 22049.273945642373,
    "14": 355331.146978556,
    "15": 319225.8651522541,
    "16": 253399.4704669697,
    "17": 188384.8168533884,
    "18": 246326.83121738033,
    "19": 260530.74973318982,
    "20": 299881.67364945647,
    "21": 28411.087149517083,
    "22": 178932.9295656309,
    "23": 98190.53211307997,
    "24": 242370.35590157736,
    "25": 117509.20110925693,
    "26": 124892.2990863639,
    "27": 519014.38909408473,
    "28": 185001.43869570672,
    "29": 145650.57036301895,
    "30": 265780.1885963694,
    "31": 274202.28318141866,
    "32": 71848.29379912135,
    "33": 362896.06466416555,
    "34": 117274.61463268126,
    "35": 479042.89302902494,
    "36": 363502.5088016769,
    "37": 91575.0378149591,
    "38": 452052.06376263034,
    "39": 231662.69293264148,
    "40": 173732.6305764846,
    "41": 218217.10536902962,
    "42": 80495.19359135558,
    "43": 19096.201284168965,
    "44": 266174.8354845864,
    "45": 443422.6040977453,
    "46": 295114.3057188007,
    "47": 150571.23773428184,
    "48": 340074.9624028441,
    "49": 276827.7169686947,
    "50": 76538.41576567247,
    "51": 628667.347576114,
    "52": 122038.69429285222,
    "53": 38001.136412688305,
    "54": 43809.31281316008,
    "55": 386335.12250608474,
    "56": 164918.98888597445,
    "57": 275920.04546631273,
    "58": 163385.67439502638,
    "59": 140460.24859879294,
    "60": 372808.2808134632,
    "61": 44810.83833052871,
    "62": 35989.58039870326,
    "63": 470990.7646350651,
    "64": 159947.8579952693,
    "65": 242266.06810228009,
    "66": 199266.91451959222,
    "67": 162697.00874392863,
    "68": 178887.6137349355,
    "69": 50553.286634529184,
    "70": 505977.03496944375,
    "71": 68797.86120287339,
    "72": 191592.74267647314,
    "73": 448192.5243946114,
    "74": 218315.90771790993,
    "75": 224893.69071055076,
    "76": 72912.51936703132,
    "77": 492235.89237201156,
    "78": 141075.5887903257,
    "79": 212374.00083396642,
    "80": 53931.31898330329,
    "81": 30669.034750029914,
    "82": 278441.50036509236,
    "83": 127977.23879359191,
    "84": 309795.0241187332,
    "85": 162559.5961027265,
    "86": 277674.3327188224,
    "87": 938389.5961706203,
    "88": 28554.361931044736,
    "89": 292139.5180145252,
    "90": 378165.0502951525,
    "91": 458797.0883608021,
    "92": 589944.2519026211,
    "93": 76323.74730052098,
    "94": 520582.4478621207,
    "95": 92214.08452217389,
    "96": 263702.3303389866,
    "97": 231349.1097528488,
    "98": 117493.56966650236,
    "99": 386648.2019672879,
    "100": 237013.55765299557,
    "101": 96580.32491422564,
    "102": 164306.35472765836,
    "103": 253244.62600609407,
    "104": 564803.6908837277,
    "105": 159395.57468343576,
    "106": 151770.46474722083,
    "107": 323748.79051339586,
    "108": 120152.56868202153,
    "109": 143753.96374684255,
    "110": 221683.91466280856,
    "111": 41099.133470937995,
    "112": 190435.5151939592,
    "113": 489955.0579129187,
    "114": 562793.6048614635,
    "115": 28118.701395670396,
    "116": 391085.0920880868,
    "117": 454760.37630492955,
    "118": 385464.50814235024,
    "119": 315634.18378695677,
    "120": 103647.25947803653,
    "121": 113187.4296778804,
    "122": 36790.15360804898,
    "123": 151711.4294046415,
    "124": 50979.68538774443,
    "125": 690866.2378709496,
    "126": 154023.26701711514,
    "127": 236857.85310223984,
    "128": 87327.56353139687,
    "129": 373905.2519661128,
    "130": 209454.1885288225,
    "131": 89006.52744003705,
    "132": 16342.924176612874,
    "133": 516348.67890417314,
    "134": 74270.68117264744,
    "135": 284563.85193122167,
    "136": 961348.6186645216,
    "137": 142569.65449459504,
    "138": 135011.9924161119,
    "139": 213122.5984166107,
    "140": 122347.11512842799,
    "141": 41626.65607552534,
    "142": 219153.93267649665,
    "143": 181728.4200507877,
    "144": 406323.9403278345,
    "145": 329018.78582692187,
    "146": 708357.1693179847,
    "147": 167148.78714191628,
    "148": 287817.4340566919,
    "149": 241786.57246753204,
    "150": 151824.45805697422,
    "151": 128209.72869322583,
    "152": 242949.00127345504,
    "153": 304851.4251995175,
    "154": 121924.86898136901,
    "155": 226274.99690214335,
    "156": 168762.03821807058,
    "157": 20956.704250430415,
    "158": 393774.917289159,
    "159": 179882.3582004996,
    "160": 102464.1388518569,
    "161": 189218.27084192706,
    "162": 302088.50995997764,
    "163": 504148.8650387749,
    "164": 217032.3674695283,
    "165": 356466.113780255,
    "166": 185842.2871295551,
    "167": 274055.1895058876,
    "168": 136668.60109772594,
    "169": 83404.42225606006,
    "170": 286786.063530353,
    "171": 509537.9354682181,
    "172": 68085.86672281745,
    "173": 94289.6283472872,
    "174": 170891.82962517536,
    "175": 114137.70553855496,
    "176": 308180.1870782978,
    "177": 199046.0337307865,
    "178": 186346.42663034983,
    "179": 65556.96969901344,
    "180": 421542.1419266916,
    "181": 448835.14836658904,
    "182": 183106.36087944728,
    "183": 132650.40746961304,
    "184": 612210.2573509007,
    "185": 71378.28414846587,
    "186": 179487.20673938972,
    "187": 320133.3557819457,
    "188": 152526.5939481527,
    "189": 70573.0478900874,
    "190": 215183.05019950258,
    "191": 85673.98486514963,
    "192": 113390.27243476237,
    "193": 159298.42683338095,
    "194": 118151.24110030528,
    "195": 177428.83708739188,
    "196": 77651.2883298244,
    "197": 529414.8848295194,
    "198": 510769.10631094023,
    "199": 578409.2341785826,
    "200": 312169.42384400463,
    "201": 337169.17016625236,
    "202": 154560.992306064,
    "203": 86206.46753194317,
    "204": 279379.0617719879,
    "205": 129155.51801928495,
    "206": 63705.719439357636,
    "207": 6217.446125256993,
    "208": 154380.483249526,
    "209": 37047.168853728086,
    "210": 173735.32178387637,
    "211": 302835.35289778654,
    "212": 414650.2028786469,
    "213": 141618.77753199195,
    "214": 291754.2817672445,
    "215": 96802.05373443537,
    "216": 114741.4195797929,
    "217": 44506.50895709939,
    "218": 277755.03304136265,
    "219": 242704.93289444738,
    "220": 485602.0915669744,
    "221": 125244.8719953185,
    "222": 196373.41934309632,
    "223": 301727.094861994,
    "224": 271735.870577501,
    "225": 193855.124331141,
    "226": 273189.89560436923,
    "227": 206475.5791549796,
    "228": 124703.77858115488,
    "229": 220979.85622771233,
    "230": 194302.40055493638,
    "231": 270710.7499585403,
    "232": 80395.72648772437,
    "233": 51556.981241432186,
    "234": 71325.13946571118,
    "235": 163480.13800930372,
    "236": 596596.6504267277,
    "237": 99172.96976050794,
    "238": 524616.3789747931,
    "239": 444458.28849696124,
    "240": 567731.0444294984,
    "241": 195361.83019022588,
    "242": 75651.80367153822,
    "243": 114464.31942014469,
    "244": 551789.120538155,
    "245": 127219.74773271852,
    "246": 458742.5286549994,
    "247": 676431.9724445085,
    "248": 546306.8005580384,
    "249": 179477.68514765095,
    "250": 167500.4220531103,
    "251": 429504.5174777303,
    "252": 365901.0867853368,
    "253": 27021.04846912794,
    "254": 115766.46537165077,
    "255": 166647.07078594746,
    "256": 160249.34363834932,
    "257": 114556.78557139447,
    "258": 153076.304844615,
    "259": 448734.42593812966,
    "260": 434550.69016699435,
    "261": 311396.1156104577,
    "262": 454707.74796469137,
    "263": 143557.0752117865,
    "264": 278850.6665433103,
    "265": 147045.21236349607,
    "266": 198447.89771750645,