{
    "1": 189442.74816600105,
    "2": 371068.7694174097,
    "3": 284169.19652411534,
    "4": 31920.084734811575,
    "5": 116902.89224782086,
    "6": 100935.83847850819,
    "7": 337713.003106361,
    "8": 69626.75149668177,
    "9": 113584.87003035494,
    "10": 169959.97852122647,
    "11": 173164.78926021568,
    "12": 206763.12544092038,
    "13": 750836.8798471359,
    "14": 64956.166385726014,
    "15": 321782.8004269722,
    "16": 162912.36331948877,
    "17": 258619.91773577177,
    "18": 71926.79756518254,
    "19": 210768.02837980335,
    "20": 385502.08892028936,
    "21": 81482.35838986177,
    "22": 51734.6457364847,
    "23": 365861.78957627213,
    "24": 376168.8532770205,
    "25": 263697.2636407968,
    "26": 229302.57594222188,
    "27": 28959.821633510288,
    "28": 83989.65817587478,
    "29": 103277.03843020364,
    "30": 50794.10063956796,
    "31": 137356.5834872287,
    "32": 164174.8254871275,
    "33": 305081.49531727843,
    "34": 146214.00423435008,
    "35": 184170.51673419907,
    "36": 76505.22043707232,
    "37": 174295.48015274765,
    "38": 125146.25607581309,
    "39": 107005.33719419976,
    "40": 457704.8270388161,
    "41": 119148.36108195072,
    "42": 107722.69160346469,
    "43": 339809.087952487,
    "44": 205736.07240982936,
    "45": 12936.451816613737,
    "46": 332457.909366136,
    "47": 252207.879526808,
    "48": 167127.6969191067,
    "49": 304035.56094264024,
    "50": 230302.73973165956,
    "51": 172408.0771105747,
    "52": 330918.1338849321,
    "53": 18558.24913974764,
    "54": 162602.896040252,
    "55": 253288.54312471647,
    "56": 917054.9028888579,
    "57": 297882.28140571865,
    "58": 413150.6013523841,
    "59": 188416.82213767708,
    "60": 480416.85053240426,
    "61": 76493.36522315993,
    "62": 270795.08715844795,
    "63": 389567.00473707315,
    "64": 487936.1911669653,
    "65": 410341.9451774363,
    "66": 106981.29588864085,
    "67": 98126.06400119535,
    "68": 392745.64597230084,
    "69": 62973.715809607565,
    "70": 124296.5277203381,
    "71": 201804.43137954685,
    "72": 63115.97932313612,
    "73": 352514.42691165,
    "74": 94760.6388918997,
    "75": 387751.181560474,
    "76": 163774.30728273498,
    "77": 444319.194895361,
    "78": 548992.2965734964,
    "79": 100334.76343687516,
    "80": 162135.20576226525,
    "81": 94699.02441899026,
    "82": 489525.88268911594,
    "83": 511411.47532984294,
    "84": 386039.03163657495,
    "85": 328927.30512978404,
    "86": 52688.43908647791,
    "87": 157898.35636835606,
    "88": 671417.9740675595,
    "89": 136866.03608343436,
    "90": 33387.915830678,
    "91": 27003.04237452929,
    "92": 415225.8698139877,
    "93": 187225.21653930156,
    "94": 765050.9535679248,
    "95": 84066.16471583978,
    "96": 719173.9907796794,
    "97": 104780.75442656844,
    "98": 547272.6021489823,
    "99": 38524.347050456236,
    "100": 136582.57242709052,
    "101": 25632.734364619086,
    "102": 244047.11300402458,
    "103": 111300.36953006288,
    "104": 107047.10924014817,
    "105": 31158.365613911625,
    "106": 123905.04752123334,
    "107": 39095.99794866524,
    "108": 107200.9635119738,
    "109": 260249.4197348271,
    "110": 234609.40646035317,
    "111": 49043.98330238696,
    "112": 72706.431772492,
    "113": 291737.40216372383,
    "114": 229481.83579573853,
    "115": 94637.47207248631,
    "116": 227320.2726584982,
    "117": 85514.48749792408,
    "118": 120560.04852555454,
    "119": 169202.55809015164,
    "120": 229938.30522505273,
    "121": 241747.57609123434,
    "122": 117450.33359929745,
    "123": 132801.57256205898,
    "124": 586123.4760135759,
    "125": 148741.2653827563,
    "126": 155508.14169361434,
    "127": 502637.42264070606,
    "128": 622746.438003368,
    "129": 878480.3919372234,
    "130": 166515.43228701426,
    "131": 61175.937457081,
    "132": 116444.59870566796,
    "133": 77045.45277198557,
    "134": 347662.34209336806,
    "135": 142884.81002925313,
    "136": 422892.7161338164,
    "137": 340108.14580492204,
    "138": 284285.1617508153,
    "139": 263566.81317153055,
    "140": 70631.29962456286,
    "141": 264816.25741468044,
    "142": 509456.6098989091,
    "143": 401865.25862463063,
    "144": 10831.507623984859,
    "145": 90359.69628776198,
    "146": 240835.97089958013,
    "147": 516659.6109534552,
    "148": 193495.41069169375,
    "149": 361645.27694172796,
    "150": 71418.71154197064,
    "151": 277532.17161415546,
    "152": 508329.79317583825,
    "153": 259470.46002065178,
    "154": 26009.478519532982,
    "155": 275700.13059965277,
    "156": 246556.59949360936,
    "157": 264863.25343021593,
    "158": 632069.6866513231,
    "159": 466915.45649797266,
    "160": 182674.52955005292,
    "161": 90331.98037132646,
    "162": 158877.07604792263,
    "163": 454375.79187456385,
    "164": 381004.08610954566,
    "165": 154606.88302026904,
    "166": 340575.8433384423,
    "167": 196168.59268596862,
    "168": 553371.7373512243,
    "169": 360396.26355263346,
    "170": 182162.94041474376,
    "171": 283616.91004059097,
    "172": 61247.93311450409,
    "173": 225847.0683224294,
    "174": 59288.73239778901,
    "175": 105922.24145239043,
    "176": 117118.5463128597,
    "177": 73612.8189109361,
    "178": 379388.89098698046,
    "179": 80676.91500186629,
    "180": 45823.86203242204,
    "181": 204778.1643304031,
    "182": 439248.1832766923,
    "183": 175163.74617267482,
    "184": 59438.06085708361,
    "185": 328494.83923155436,
    "186": 630254.4646729146,
    "187": 209763.53751770846,
    "188": 418892.3234095964,
    "189": 384697.46442539943,
    "190": 254328.38263585718,
    "191": 328857.921428659,
    "192": 396622.7057264223,
    "193": 28215.743095742975,
    "194": 173184.3236091505,
    "195": 105309.18772645354,
    "196": 217723.8250994323,
    "197": 397749.86753582925,
    "198": 312720.20031580044,
    "199": 86314.60425210692,
    "200": 250950.12528651612,
    "201": 228090.73961093373,
    "202": 213499.52531122137,
    "203": 273298.61137600115,
    "204": 250569.5156384236,
    "205": 131605.21250264117,
    "206": 114147.44633482497,
    "207": 542557.9426975304,
    "208": 41808.55670380519,
    "209": 10049.74938619103,
    "210": 233120.1746762365,
    "211": 204939.15521494622,
    "212": 644757.8095941979,
    "213": 90734.88659470476,
    "214": 35208.594145741336,
    "215": 100804.92066146726,
    "216": 304598.1404786205,
    "217": 311359.95502550656,
    "218": 365256.0575385046,
    "219": 344958.8838245512,
    "220": 212920.0313527225,
    "221": 160901.02150379284,
    "222": 243863.04038478952,
    "223": 62813.34117797907,
    "224": 59731.332895749096,
    "225": 402356.14364413725,
    "226": 138799.51704549743,
    "227": 420822.01136331965,
    "228": 45147.3826153894,
    "229": 515391.26092852594,
    "230": 170506.1094479022,
    "231": 91366.40794271459,
    "232": 439738.3168326103,
    "233": 124159.30958534668,
    "234": 385949.08940756426,
    "235": 164773.64021276464,
    "236": 179240.79272110583,
    "237": 67696.62990966669,
    "238": 229047.07889614624,
    "239": 215605.49001634994,
    "240": 159031.36396750133,
    "241": 117773.40428662447,
    "242": 527141.3444344014,
    "243": 99040.33551486104,
    "244": 240795.23640012238,
    "245": 492435.16308013827,
    "246": 139278.58190500227,
    "247": 60635.7146738472,
    "248": 126483.5935700569,
    "249": 643568.2715195375,
    "250": 326903.03086424165,
    "251": 50429.41776896495,
    "252": 232068.61763547157,
    "253": 186707.09105612728,
    "254": 147094.59658249302,
    "255": 503040.8795880685,
    "256": 96311.60475131731,
    "257": 165282.90809830453,
    "258": 610066.3730552064,
    "259": 22044.50516327948,
    "260": 403402.402092885,
    "261": 90918.0128775496,
    "262": 67183.51270502484,
    "263": 430606.6352945368,
    "264": 340919.88452335604,
    "265": 156734.25277568793,
    "266": 115372.410398098,