{
    "1": 749259.2782064346,
    "2": 271491.00867842336,
    "3": 311266.10042913654,
    "4": 135358.90288684596,
    "5": 97587.34705871461,
    "6": 90438.78752666313,
    "7": 21176.87139243164,
    "8": 95414.84887742945,
    "9": 318093.93763559894,
    "10": 272233.6443531928,
    "11": 241281.06769843958,
    "12": 241274.12769912794,
    "13": 159887.54900451357,
    "14": 174934.63930539886,
    "15": 364410.0008048654,
    "16": 369505.13446706714,
    "17": 56930.85335377064,
    "18": 198347.2062353031,
    "19": 718297.9952887872,
    "20": 406598.4754301224,
    "21": 395876.4764602496,
    "22": 211996.29248238527,
    "23": 574686.7596469659,
    "24": 89210.07368620893,
    "25": 216321.96188762685,
    "26": 82961.68293430649,
    "27": 659761.4257506456,
    "28": 446310.36345883756,
    "29": 342283.48016432655,
    "30": 523051.3732010899,
    "31": 984101.3629895232,
    "32": 333013.8974411188,
    "33": 236471.95186113758,
    "34": 210592.27161974765,
    "35": 329458.85848481837,
    "36": 230495.41617352626,
    "37": 684839.955004724,
    "38": 93182.17088909105,
    "39": 516172.3709418879,
    "40": 299114.58166168124,
    "41": 158139.08136374614,
    "42": 95933.56568203428,
    "43": 183481.38254292784,
    "44": 11282.030005050554,
    "45": 137850.56558431184,
    "46": 197247.1512741633,
    "47": 265680.62083640526,
    "48": 291013.0897221579,
    "49": 38172.226617262575,
    "50": 283824.6532865458,
    "51": 214538.5386135054,
    "52": 323992.952247057,
    "53": 202393.56333867903,
    "54": 253807.56227317272,
    "55": 92250.0755853436,
    "56": 221951.59987584577,
    "57": 346858.1371353851,
    "58": 502671.7770195425,
    "59": 210523.8231174219,
    "60": 495221.01916777354,
    "61": 406049.596945358,
    "62": 701648.3907406434,
    "63": 35851.10186061175,
    "64": 177163.5531026429,
    "65": 137636.8943135358,
    "66": 81697.71926894855,
    "67": 446016.5515720861,
    "68": 128110.35740912354,
    "69": 38044.314375299495,
    "70": 500395.03167187533,
    "71": 102414.01517582993,
    "72": 154694.21960544368,
    "73": 283293.7971915715,
    "74": 16397.06193384022,
    "75": 410796.422290563,
    "76": 201611.3167288728,
    "77": 33642.32242900265,
    "78": 124033.80398275299,
    "79": 108342.5036829426,
    "80": 42082.87095359033,
    "81": 207348.13603980007,
    "82": 183598.550668781,
    "83": 29145.378289170927,
    "84": 1045979.2748006401,
    "85": 465062.97517729434,
    "86": 381101.39270480815,
    "87": 26398.296862781743,
    "88": 180605.34684955116,
    "89": 530227.7559001523,
    "90": 641747.3173680031,
    "91": 285958.9447212537,
    "92": 183821.4269227015,
    "93": 652948.022962211,
    "94": 56721.72891291564,
    "95": 344385.0286541626,
    "96": 21306.54589926548,
    "97": 102143.51107500469,
    "98": 175894.29344347087,
    "99": 183208.7242494066,
    "100": 358938.2765086085,
    "101": 88690.04673371233,
    "102": 189920.40794202208,
    "103": 299110.65561062744,
    "104": 323064.7822308105,
    "105": 260666.99412767967,
    "106": 73167.66831600555,
    "107": 147421.2417881375,
    "108": 45183.66156085194,
    "109": 43109.94079679689,
    "110": 268311.0940727063,
    "111": 439760.08146531373,
    "112": 250033.93724288294,
    "113": 202884.82768885008,
    "114": 201655.55600648842,
    "115": 442012.9776110819,
    "116": 114752.46558622931,
    "117": 142872.1414492986,
    "118": 116741.00701464288,
    "119": 280424.09482439805,
    "120": 70976.91523329941,
    "121": 188247.41074566048,
    "122": 253120.91696952438,
    "123": 353375.64099765744,
    "124": 224057.7771821305,
    "125": 153308.49527254625,
    "126": 313756.61593243736,
    "127": 398004.9692155079,
    "128": 97670.54411498042,
    "129": 13109.042818695552,
    "130": 55063.86674360867,
    "131": 988370.5050140129,
    "132": 177117.11162929054,
    "133": 139151.91932263086,
    "134": 117669.43550335892,
    "135": 441671.4566876393,
    "136": 401802.58187066467,
    "137": 135991.33164789027,
    "138": 470972.02655534155,
    "139": 262724.70298265805,
    "140": 180396.4635247662,
    "141": 102427.00205096116,
    "142": 68325.14278057596,
    "143": 367598.2279095898,
    "144": 152482.00089784927,
    "145": 140293.6942980858,
    "146": 310575.1640162559,
    "147": 367657.3948868028,
    "148": 190535.99087673813,
    "149": 680174.1750297657,
    "150": 88684.57326580772,
    "151": 237947.87818108877,
    "152": 127834.61725912399,
    "153": 464519.97813342727,
    "154": 419528.6515714617,
    "155": 475600.36708185804,
    "156": 597696.7389391124,
    "157": 212815.8748877345,
    "158": 289788.826699429,
    "159": 274029.72980336426,
    "160": 385873.46546735556,
    "161": 136900.23605311435,
    "162": 648330.6599663127,
    "163": 108040.62304020848,
    "164": 60117.713671505466,
    "165": 871977.2711727314,
    "166": 636427.9217865574,
    "167": 229898.2354845742,
    "168": 309169.9766944679,
    "169": 41842.72769088026,
    "170": 29836.887728708105,
    "171": 289382.0449584763,
    "172": 126422.61027303738,
    "173": 102502.18682620517,
    "174": 300740.5736631493,
    "175": 45093.086386896386,
    "176": 435281.489172604,
    "177": 167352.87687280512,
    "178": 164962.03862961577,
    "179": 121182.31014228497,
    "180": 464374.86760180775,
    "181": 195325.22814102055,
    "182": 168144.68870953337,
    "183": 75267.71899104018,
    "184": 390505.5826546903,
    "185": 112394.98768860266,
    "186": 201538.321929426,
    "187": 28793.318757849465,
    "188": 128742.89478343658,
    "189": 130705.94129621453,
    "190": 466988.7552881456,
    "191": 102696.82539664705,
    "192": 274665.2640674819,
    "193": 167349.50992906574,
    "194": 85099.64609199755,
    "195": 68126.99929666636,
    "196": 571300.2231486276,
    "197": 186176.23647496387,
    "198": 298784.1126118452,
    "199": 24812.03017096581,
    "200": 270797.2980029432,
    "201": 101567.33852449707,
    "202": 239621.7769277972,
    "203": 233410.43245551983,
    "204": 246982.1448921283,
    "205": 92404.62127161412,
    "206": 89636.37217114732,
    "207": 147778.90184973628,
    "208": 368815.7582025243,
    "209": 314237.00346195104,
    "210": 568186.7202436514,
    "211": 182202.34822803724,
    "212": 264432.9471815693,
    "213": 197440.14753265827,
    "214": 363364.2295380231,
    "215": 31027.103066928586,
    "216": 94522.32386437122,
    "217": 259853.84405800593,
    "218": 490742.904128036,
    "219": 291632.2977197763,
    "220": 172721.39900087495,
    "221": 260138.25538859522,
    "222": 49844.90332594162,
    "223": 295842.4891517287,
    "224": 164878.5838961134,
    "225": 233520.9305031257,
    "226": 33023.32387358815,
    "227": 212959.58521964474,
    "228": 326261.03675913793,
    "229": 255786.18274547512,
    "230": 848364.7301546755,
    "231": 157161.32087193252,
    "232": 410600.2050866474,
    "233": 341089.1476011022,
    "234": 65830.02849250742,
    "235": 803987.108526689,
    "236": 220886.18001804422,
    "237": 193181.6485769117,
    "238": 46237.21373072381,
    "239": 32418.9458371996,
    "240": 291170.1166795066,
    "241": 70693.3305497991,
    "242": 558281.9035888143,
    "243": 227154.45883661453,
    "244": 284307.8248562811,
    "245": 159790.39304704813,
    "246": 214911.64810722132,
    "247": 79450.35821672447,
    "248": 239412.04329527478,
    "249": 62080.16360689089,
    "250": 294347.69451380946,
    "251": 94876.5922207633,
    "252": 251257.09809086815,
    "253": 85366.12060225912,
    "254": 89075.84866147826,
    "255": 251943.6951943998,
    "256": 767440.2241132279,
    "257": 125018.21780342599,
    "258": 100835.55231372303,
    "259": 108110.60654873942,
    "260": 410681.41498226643,
    "261": 94674.65231346615,
    "262": 761512.2114415828,
    "263": 267052.19714939984,
    "264": 174361.22436785186,
    "265": 378610.22623390873,
    "266": 251234.55264531332,