{
    "1": 248446.58478330274,
    "2": 27459.307527901317,
    "3": 13120.103195961705,
    "4": 429441.64916271856,
    "5": 517530.450808507,
    "6": 51936.07480208527,
    "7": 128758.71363615607,
    "8": 464501.8275719325,
    "9": 87543.54029527599,
    "10": 133767.0118221581,
    "11": 255042.41848965554,
    "12": 236722.78790514191,
    "13": 208586.1049676655,
    "14": 280460.539911158,
    "15": 482666.59284769854,
    "16": 732624.8353180201,
    "17": 234645.09931904014,
    "18": 208530.7564146963,
    "19": 114676.46454530055,
    "20": 94733.16378178302,
    "21": 515991.53900180507,
    "22": 390978.47102118476,
    "23": 750117.1905639196,
    "24": 417945.5760605983,
    "25": 217062.25196053146,
    "26": 155172.9426695521,
    "27": 456891.5407884828,
    "28": 367800.29142478807,
    "29": 69358.3215687424,
    "30": 193331.8198850571,
    "31": 290122.42058509804,
    "32": 289370.68283100636,
    "33": 307526.3458268453,
    "34": 82968.99819307587,
    "35": 262932.5340799359,
    "36": 96810.1496972827,
    "37": 331602.5618672552,
    "38": 296225.0239130519,
    "39": 483320.9649333678,
    "40": 297682.9384630271,
    "41": 103490.41686246134,
    "42": 47268.72579226133,
    "43": 219932.83139136172,
    "44": 89204.4831119185,
    "45": 50986.31059208196,
    "46": 198946.6429424743,
    "47": 434328.8773212071,
    "48": 451484.52036075626,
    "49": 170540.1230240271,
    "50": 49237.624211593626,
    "51": 1447689.89747597,
    "52": 268779.57563182927,
    "53": 415185.50201873586,
    "54": 99740.62522539479,
    "55": 315255.8385510007,
    "56": 272992.2566391772,
    "57": 154840.17056607365,
    "58": 85168.0526225233,
    "59": 66286.63584854547,
    "60": 171166.57135879277,
    "61": 43062.886559535036,
    "62": 134633.5570481946,
    "63": 36359.89146990524,
    "64": 115399.98569627265,
    "65": 82656.9462824604,
    "66": 73706.17641245727,
    "67": 39273.73909944871,
    "68": 159733.50690207916,
    "69": 411292.2421191966,
    "70": 147139.94611023623,
    "71": 327654.9579807422,
    "72": 255379.77780198198,
    "73": 487378.21739222604,
    "74": 923908.9598460114,
    "75": 273842.4467696146,
    "76": 529832.0750776924,
    "77": 176860.0894120451,
    "78": 303303.11139096215,
    "79": 30094.506356992544,
    "80": 521564.3927051095,
    "81": 561989.9766940194,
    "82": 59623.30098730607,
    "83": 357137.88660176663,
    "84": 66486.15832026959,
    "85": 87951.75314063436,
    "86": 436146.1546736649,
    "87": 191725.84451472928,
    "88": 252106.63937413896,
    "89": 214763.28863739356,
    "90": 325801.21528846025,
    "91": 185777.9881617269,
    "92": 163100.72137663577,
    "93": 428254.5168073326,
    "94": 199462.5841645054,
    "95": 233400.39034807123,
    "96": 166022.1019486477,
    "97": 184805.06381778978,
    "98": 196281.23738813633,
    "99": 383599.2559605911,
    "100": 15557.374284682992,
    "101": 126835.3361850978,
    "102": 99993.32347625202,
    "103": 344509.90315590106,
    "104": 201678.4812035699,
    "105": 109492.0874210501,
    "106": 142962.95839356483,
    "107": 127827.56319305078,
    "108": 426560.61588999344,
    "109": 402947.0999978792,
    "110": 513179.02134536306,
    "111": 29875.010384633035,
    "112": 400061.94256836624,
    "113": 59768.83479286372,
    "114": 377584.0330796431,
    "115": 414182.349615655,
    "116": 669867.3049128959,
    "117": 155722.8714446135,
    "118": 295924.7312931317,
    "119": 78354.3604363414,
    "120": 114142.54740575262,
    "121": 196815.10473581034,
    "122": 122538.8162240341,
    "123": 211431.98803234688,
    "124": 740943.6948081289,
    "125": 110609.30448684082,
    "126": 465520.1962491086,
    "127": 341564.11941092054,
    "128": 184833.39268345007,
    "129": 52590.37871102498,
    "130": 149674.37523889742,
    "131": 371121.04185546865,
    "132": 355901.9847080961,
    "133": 223445.37718061713,
    "134": 136819.24494929906,
    "135": 256956.1489414361,
    "136": 322223.94173210737,
    "137": 230477.32538814863,
    "138": 279337.2157069871,
    "139": 132397.6639608567,
    "140": 122638.6843426008,
    "141": 278979.63353320514,
    "142": 860447.4260174736,
    "143": 249062.03640965515,
    "144": 117300.12416348961,
    "145": 144585.69550668797,
    "146": 85041.729620054,
    "147": 477002.7802517256,
    "148": 172512.33500316093,
    "149": 32776.572474047854,
    "150": 144253.0952616785,
    "151": 292765.4964715235,
    "152": 757105.0726056147,
    "153": 146794.18079207366,
    "154": 393476.2518682922,
    "155": 131804.95005963178,
    "156": 122404.15728576813,
    "157": 63053.56574284801,
    "158": 376117.88913980545,
    "159": 49302.84545332374,
    "160": 210242.99379029396,
    "161": 67808.60284349495,
    "162": 114514.38368530945,
    "163": 290744.5979361729,
    "164": 433368.2712708427,
    "165": 287464.7708754783,
    "166": 581541.5677154331,
    "167": 113846.71563757169,
    "168": 220847.87070695183,
    "169": 336588.8296076159,
    "170": 363944.55043395807,
    "171": 362172.4978310122,
    "172": 52967.72943628609,
    "173": 106182.1875320265,
    "174": 36443.74628661231,
    "175": 414641.3293894562,
    "176": 45737.814258993974,
    "177": 164249.87839621,
    "178": 178836.63285753253,
    "179": 223270.93632344325,
    "180": 138128.98357828124,
    "181": 137645.75697306817,
    "182": 183425.08935371105,
    "183": 17025.16944683308,
    "184": 226650.0789691999,
    "185": 45811.9994775657,
    "186": 141777.00206166613,
    "187": 357910.4421595457,
    "188": 281906.3427542534,
    "189": 445857.9668906832,
    "190": 103312.8064369114,
    "191": 51739.57472436959,
    "192": 574917.2956870449,
    "193": 136187.19546949226,
    "194": 627561.36408959,
    "195": 37642.45308650026,
    "196": 94347.08251692628,
    "197": 421829.0947363312,
    "198": 114212.97926725153,
    "199": 91473.25383916314,
    "200": 155459.3087687939,
    "201": 248562.95295456325,
    "202": 348079.05668541056,
    "203": 195119.63523572727,
    "204": 27122.40300537321,
    "205": 66315.29124003803,
    "206": 517466.1441291051,
    "207": 279844.7750578138,
    "208": 286547.25183081644,
    "209": 213963.77765702215,
    "210": 528045.3221668566,
    "211": 533772.7724930465,
    "212": 322761.6806959522,
    "213": 108557.44914084321,
    "214": 338310.2103574388,
    "215": 92878.79205754609,
    "216": 161748.84902327068,
    "217": 337231.7951372684,
    "218": 44179.68783632794,
    "219": 469224.80814195867,
    "220": 201133.60895173936,
    "221": 106073.23120359675,
    "222": 280836.9909038275,
    "223": 491597.0591990866,
    "224": 212347.35546637053,
    "225": 42936.14933289675,
    "226": 243849.44809070707,
    "227": 269157.0511571012,
    "228": 164215.36911475338,
    "229": 111705.5121121262,
    "230": 80619.0378849333,
    "231": 92361.21234027602,
    "232": 696508.6740638334,
    "233": 199308.89483524062,
    "234": 308715.3478634848,
    "235": 351073.6054366292,
    "236": 424921.07261577004,
    "237": 144269.49805644416,
    "238": 34720.67198939157,
    "239": 246216.2806723506,
    "240": 177448.0374140416,
    "241": 306565.7851091767,
    "242": 117722.12073698951,
    "243": 225211.23963295473,
    "244": 175329.81816394412,
    "245": 248293.04029273093,
    "246": 14072.05366026714,
    "247": 368638.70189544023,
    "248": 116373.25607144953,
    "249": 43230.8376959248,
    "250": 384655.5533617739,
    "251": 112146.10979399069,
    "252": 737737.8586810372,
    "253": 229614.5527051096,
    "254": 61601.50312759708,
    "255": 439523.37302957405,
    "256": 300854.70016003825,
    "257": 304378.2436515687,
    "258": 157844.99948297176,
    "259": 85330.49371560245,
    "260": 236958.10356370627,
    "261": 163228.58571465206,
    "262": 96377.29402946665,
    "263": 172019.08138891225,
    "264": 93033.87141158586,
    "265": 307365.13605526346,
    "266": 148490.5128948199,
    "267": 105551.39781752345,