{
    "1": 515982.5566262239,
    "2": 430135.9931227165,
    "3": 41150.93819048828,
    "4": 282772.07792315044,
    "5": 287236.7720538093,
    "6": 320372.0206701953,
    "7": 299005.4576416385,
    "8": 350329.8897900612,
    "9": 58568.6774200524,
    "10": 645723.8989671825,
    "11": 166382.60977363845,
    "12": 383075.0676017311,
    "13": 144152.47094678637,
    "14": 204199.69818864236,
    "15": 160649.60868882597,
    "16": 160484.9122432956,
    "17": 100970.85594704359,
    "18": 595365.1299120011,
    "19": 238746.59371619008,
    "20": 525009.311772722,
    "21": 181037.679269762,
    "22": 71695.66530666547,
    "23": 284082.75982335804,
    "24": 336008.92470164923,
    "25": 83069.04447448142,
    "26": 242907.26530699973,
    "27": 122154.48520846364,
    "28": 332363.9721035733,
    "29": 1001864.2553519986,
    "30": 645809.0206659394,
    "31": 518239.6476164598,
    "32": 268832.7726212778,
    "33": 354418.09141328983,
    "34": 112214.74971424037,
    "35": 43470.527450112364,
    "36": 49590.00516273958,
    "37": 187380.78871093565,
    "38": 319007.22847628023,
    "39": 64629.87105536321,
    "40": 248224.90887752257,
    "41": 175040.15555320107,
    "42": 163617.1204951693,
    "43": 32888.43342851473,
    "44": 296806.3509634989,
    "45": 182213.3126219266,
    "46": 176953.04807116982,
    "47": 347448.85639011126,
    "48": 420224.2381435904,
    "49": 36962.69519659348,
    "50": 46913.0543519027,
    "51": 23288.75447059497,
    "52": 152447.98795004445,
    "53": 220322.95548554082,
    "54": 104079.75706008977,
    "55": 145223.5514944961,
    "56": 349808.1792358277,
    "57": 234040.3637824238,
    "58": 353549.745705929,
    "59": 880640.7726888492,
    "60": 227173.8402734259,
    "61": 121570.35424697307,
    "62": 298810.2735237733,
    "63": 52164.12255569843,
    "64": 114975.75105450577,
    "65": 59225.9290846349,
    "66": 25469.797216239618,
    "67": 127375.37237794537,
    "68": 121866.45647248275,
    "69": 142971.80210634926,
    "70": 295559.0753908889,
    "71": 193940.51418911174,
    "72": 299899.71332174796,
    "73": 234670.42731177373,
    "74": 177102.176558762,
    "75": 305564.74175250955,
    "76": 120093.69834268698,
    "77": 46518.89225971233,
    "78": 35771.13034066117,
    "79": 79181.53415949717,
    "80": 343550.2852826151,
    "81": 558727.9490906575,
    "82": 350591.85246699984,
    "83": 117220.76655684628,
    "84": 951470.0096130884,
    "85": 174723.33321892365,
    "86": 359836.5586939902,
    "87": 90400.65276188514,
    "88": 343443.8573775345,
    "89": 52827.04197551019,
    "90": 265464.2950686935,
    "91": 162474.57885316978,
    "92": 146605.71632621702,
    "93": 256222.39664098967,
    "94": 436251.00940364733,
    "95": 257747.55534115894,
    "96": 542279.4756056934,
    "97": 102638.06767438585,
    "98": 47974.64190590056,
    "99": 545599.7307926917,
    "100": 246434.45144571824,
    "101": 591327.9565090036,
    "102": 543753.0925641102,
    "103": 452451.4332544488,
    "104": 372176.4955399548,
    "105": 32621.89065524806,
    "106": 363295.0104112489,
    "107": 435815.217911619,
    "108": 454012.3332021021,
    "109": 143124.89275037608,
    "110": 352314.7852239477,
    "111": 576221.5223943914,
    "112": 253041.00820075776,
    "113": 135837.27274538338,
    "114": 477162.2792174579,
    "115": 247887.019745894,
    "116": 98846.53744249207,
    "117": 157635.86595630515,
    "118": 255581.25239975023,
    "119": 28079.934614504928,
    "120": 312283.55920475704,
    "121": 131145.4229981374,
    "122": 76150.03031588615,
    "123": 144513.57143996592,
    "124": 451458.93612119765,
    "125": 216747.92838728896,
    "126": 298173.9935839378,
    "127": 75981.26044162005,
    "128": 552154.8866896156,
    "129": 378179.4547463657,
    "130": 546601.7894503709,
    "131": 97495.99255488008,
    "132": 30452.125499593043,
    "133": 251672.49224242137,
    "134": 76025.8343648025,
    "135": 406196.37723224453,
    "136": 54936.95215284941,
    "137": 199099.27551724637,
    "138": 318703.5582697108,
    "139": 506808.9244269288,
    "140": 212245.88646874865,
    "141": 436102.93228465255,
    "142": 75264.82216118176,
    "143": 335408.6393245295,
    "144": 104559.94954296674,
    "145": 201746.46791239575,
    "146": 98089.76136840758,
    "147": 345203.67835782684,
    "148": 334192.81320592674,
    "149": 266360.6283422161,
    "150": 120086.7937657202,
    "151": 118529.61092431766,
    "152": 205108.1533861689,
    "153": 75106.75784689319,
    "154": 76688.49354940286,
    "155": 420076.9948150167,
    "156": 191344.93382100557,
    "157": 479974.0864567984,
    "158": 671889.8126870033,
    "159": 152677.6567186277,
    "160": 146393.2974900229,
    "161": 39121.28492493016,
    "162": 532298.2919433124,
    "163": 145554.82484325522,
    "164": 388452.39237519575,
    "165": 326014.613214584,
    "166": 283891.9645733932,
    "167": 83620.36252498688,
    "168": 195726.10897663017,
    "169": 144958.58216052715,
    "170": 198562.86456978868,
    "171": 156270.46150038156,
    "172": 114344.68291338292,
    "173": 272571.63406542665,
    "174": 394965.02443333546,
    "175": 398150.5498811708,
    "176": 149739.69376080835,
    "177": 206840.3430181277,
    "178": 127044.834152923,
    "179": 159756.27874832024,
    "180": 320866.33604097983,
    "181": 23294.5073506303,
    "182": 292941.00457757694,
    "183": 729449.0692745246,
    "184": 62496.209709305134,
    "185": 222425.2622104022,
    "186": 167767.84473234363,
    "187": 630888.0106516877,
    "188": 28472.851520414377,
    "189": 172787.0631058156,
    "190": 181074.77323983508,
    "191": 149320.65869692562,
    "192": 417538.78819510684,
    "193": 106884.8978010511,
    "194": 107449.22260315738,
    "195": 138304.0495113087,
    "196": 235926.30215936858,
    "197": 125064.33246776905,
    "198": 204245.8820764495,
    "199": 64083.33489608092,
    "200": 12733.410096805044,
    "201": 228495.6706088197,
    "202": 63629.87917383947,
    "203": 144900.6429733121,
    "204": 115682.01568199634,
    "205": 24063.971447156353,
    "206": 153908.10295171844,
    "207": 454452.45525806176,
    "208": 78397.94989533124,
    "209": 631274.8563670233,
    "210": 228461.28564012426,
    "211": 277996.6080377035,
    "212": 261204.16405870303,
    "213": 120298.13674358011,
    "214": 134608.25751984102,
    "215": 517411.24613388645,
    "216": 369115.88979904796,
    "217": 428302.3877920583,
    "218": 710614.9801316553,
    "219": 241143.89178470903,
    "220": 143801.6874225819,
    "221": 319735.9228540615,
    "222": 283967.1578728106,
    "223": 72255.4396483673,
    "224": 292330.5987442525,
    "225": 136173.99842294533,
    "226": 265066.86679603625,
    "227": 238349.7446063883,
    "228": 41562.228676414685,
    "229": 96485.94822022172,
    "230": 561224.3219225794,
    "231": 92002.00205155581,
    "232": 160160.68821376734,
    "233": 610484.3220895899,
    "234": 215844.97267354673,
    "235": 76343.48500983868,
    "236": 138047.12785414836,
    "237": 484565.8908912797,
    "238": 209992.44912118049,
    "239": 103971.98385609062,
    "240": 195399.32535083752,
    "241": 260221.76359040086,
    "242": 449801.03666512476,
    "243": 379656.62310167414,
    "244": 357052.0951020604,
    "245": 254837.7760699481,
    "246": 171459.36138641945,
    "247": 70604.19361363412,
    "248": 155053.2502414717,
    "249": 322120.9586309615,
    "250": 86928.9957290722,
    "251": 484133.7681455882,
    "252": 34455.91221735435,
    "253": 127596.0919590405,
    "254": 278830.3651360965,
    "255": 372745.69526596565,
    "256": 21348.82582296909,
    "257": 233141.9010964675,
    "258": 274336.47282546986,
    "259": 414227.93774724967,
    "260": 103462.38394189464,
    "261": 275503.5551953856,
    "262": 161463.64748324893,
    "263": 109502.69915537351,
    "264": 435148.2321970836,
    "265": 423378.343305652,
    "266": 368635.39605967305,