{
    "1": 274097.13243448205,
    "2": 156275.50193695817,
    "3": 680588.0305806466,
    "4": 56525.56031414187,
    "5": 514639.02703764854,
    "6": 368000.5521034259,
    "7": 119799.57222518673,
    "8": 73087.23770942999,
    "9": 109015.30889129014,
    "10": 367482.01790089416,
    "11": 514674.14880978,
    "12": 361633.4699080628,
    "13": 347950.3766067554,
    "14": 126457.74619927007,
    "15": 71504.63262973393,
    "16": 34272.068804047296,
    "17": 317583.6179490099,
    "18": 73769.33196942207,
    "19": 78370.76694967794,
    "20": 10153.330453700646,
    "21": 444000.8943480431,
    "22": 965072.9627997265,
    "23": 180064.73908180307,
    "24": 42253.89887870792,
    "25": 425949.8871794741,
    "26": 189931.6179849161,
    "27": 142631.41903800782,
    "28": 515760.35580408433,
    "29": 171525.68439673263,
    "30": 600678.7571104954,
    "31": 331166.0233774494,
    "32": 23503.46833085076,
    "33": 151681.69208830607,
    "34": 377401.4202889936,
    "35": 64801.717814299845,
    "36": 81243.99306963905,
    "37": 97743.77474942945,
    "38": 114204.40091952363,
    "39": 64481.22198706153,
    "40": 93771.02561380003,
    "41": 298193.87080285035,
    "42": 175608.6983941972,
    "43": 196280.85423793926,
    "44": 9805.415315089807,
    "45": 375853.22810082935,
    "46": 155756.07842195814,
    "47": 406668.7690946204,
    "48": 230723.42242257227,
    "49": 107210.41540472067,
    "50": 185061.55631368273,
    "51": 577824.8440157607,
    "52": 279813.33018504747,
    "53": 45035.701864224815,
    "54": 1000650.2483459753,
    "55": 159718.64255806562,
    "56": 126129.5969470765,
    "57": 208606.0911070724,
    "58": 166023.59132735373,
    "59": 35006.34774042243,
    "60": 130018.27216504895,
    "61": 73589.70646102104,
    "62": 107911.89474292769,
    "63": 115831.45600497234,
    "64": 130273.99840574495,
    "65": 131509.67180762722,
    "66": 358534.13105947385,
    "67": 478834.9012936911,
    "68": 349664.7943941582,
    "69": 188780.5264364214,
    "70": 207720.04743053552,
    "71": 271690.6329781929,
    "72": 78479.90190843455,
    "73": 158401.6849763519,
    "74": 64241.24387314239,
    "75": 280519.3745195724,
    "76": 339284.2091434472,
    "77": 359071.1949546139,
    "78": 645833.6837488594,
    "79": 279576.38835135347,
    "80": 348034.2558495774,
    "81": 197151.64573819426,
    "82": 451392.5945155543,
    "83": 192913.0881305297,
    "84": 188582.62921313438,
    "85": 117200.06254531513,
    "86": 278483.5062473051,
    "87": 183049.19558205942,
    "88": 410763.14690126054,
    "89": 71858.53796607669,
    "90": 184393.52957588588,
    "91": 543581.6103239643,
    "92": 861895.9580944985,
    "93": 364734.10401806654,
    "94": 213227.59032968024,
    "95": 431107.04750118015,
    "96": 82619.2921538009,
    "97": 265507.8865763858,
    "98": 249558.89049200428,
    "99": 51584.495525785525,
    "100": 316087.13070799387,
    "101": 233452.85570231086,
    "102": 137030.8197351579,
    "103": 85871.49302600007,
    "104": 131700.6040286293,
    "105": 161419.68615314498,
    "106": 158802.8175318533,
    "107": 130973.91057803754,
    "108": 153988.23333602116,
    "109": 165051.9586233786,
    "110": 296899.666446358,
    "111": 159645.4416959684,
    "112": 322221.259056758,
    "113": 467855.90970270376,
    "114": 176693.06475864665,
    "115": 549730.855628576,
    "116": 201022.8203719166,
    "117": 353417.0586958283,
    "118": 601067.6497728206,
    "119": 529130.5832702679,
    "120": 98334.26130056364,
    "121": 417480.081706292,
    "122": 162200.40361961428,
    "123": 666657.2049939428,
    "124": 205245.46406921142,
    "125": 259171.06412062707,
    "126": 527820.0852471982,
    "127": 667460.2421217599,
    "128": 152949.56641876424,
    "129": 254785.510870454,
    "130": 36258.65887485851,
    "131": 328865.4016464675,
    "132": 268774.9596935172,
    "133": 456293.5395373481,
    "134": 238977.98725827213,
    "135": 184430.49888656393,
    "136": 38769.76070477538,
    "137": 346837.83730782074,
    "138": 119461.84538215799,
    "139": 183671.16875533437,
    "140": 150491.7225755639,
    "141": 203485.06174592447,
    "142": 145603.83698197253,
    "143": 211636.78317971344,
    "144": 251148.46748461036,
    "145": 175900.5561802793,
    "146": 456714.6925413114,
    "147": 551502.6416382873,
    "148": 347596.1283450902,
    "149": 324925.07204609085,
    "150": 167845.8021353718,
    "151": 150664.55605143125,
    "152": 200446.1075336786,
    "153": 127872.70679831826,
    "154": 218541.66611363017,
    "155": 96221.8951281686,
    "156": 193586.50215978862,
    "157": 276501.6795600983,
    "158": 66552.46190149395,
    "159": 79002.68786787566,
    "160": 435095.60751544713,
    "161": 126773.00662105819,
    "162": 281156.15467237245,
    "163": 158475.34675762465,
    "164": 136136.90344631404,
    "165": 92783.52614553965,
    "166": 319340.47989192436,
    "167": 54557.27007262414,
    "168": 156217.76474637818,
    "169": 268009.3069723292,
    "170": 222564.0624248518,
    "171": 15819.570572317281,
    "172": 61975.113473934056,
    "173": 183008.6096024009,
    "174": 263674.0436957123,
    "175": 340277.5903432011,
    "176": 90694.03993875312,
    "177": 169385.4371363422,
    "178": 45543.27801543971,
    "179": 577697.9138440341,
    "180": 96424.23250138144,
    "181": 221456.48836656616,
    "182": 189013.42502487055,
    "183": 351324.310851898,
    "184": 431803.1885301482,
    "185": 93150.95267020045,
    "186": 251787.41604948588,
    "187": 362748.72025138035,
    "188": 173103.3977672936,
    "189": 38381.35021917573,
    "190": 257136.54164045418,
    "191": 141201.26210209905,
    "192": 224409.74414881485,
    "193": 300753.3148500166,
    "194": 273817.68515657174,
    "195": 126296.74968579598,
    "196": 25521.73651676227,
    "197": 92883.46996046456,
    "198": 128501.30790939156,
    "199": 162546.52649013177,
    "200": 317219.2124195586,
    "201": 312792.2209032797,
    "202": 174306.1241557762,
    "203": 211453.17166133525,
    "204": 377231.67528427584,
    "205": 126877.33306673897,
    "206": 106620.96505848678,
    "207": 74234.96141940526,
    "208": 24667.048991456264,
    "209": 332157.9291169648,
    "210": 665892.2011049645,
    "211": 313331.4581297831,
    "212": 240451.12134023788,
    "213": 182179.39535320818,
    "214": 271271.4051103642,
    "215": 282186.3214483309,
    "216": 126058.37800931142,
    "217": 244307.18411856267,
    "218": 194073.74092060677,
    "219": 336744.9973001958,
    "220": 94044.85588203045,
    "221": 366036.79281610966,
    "222": 85128.80903881801,
    "223": 94160.26400443913,
    "224": 40115.17719614021,
    "225": 114117.69009794873,
    "226": 166378.9945763327,
    "227": 181017.38491778373,
    "228": 119278.44353376256,
    "229": 671590.3163456299,
    "230": 128436.88779444683,
    "231": 191935.20801805967,
    "232": 230442.20377431522,
    "233": 80513.0979404166,
    "234": 100893.70390368832,
    "235": 135947.67390326096,
    "236": 218042.18130972228,
    "237": 215527.25703456084,
    "238": 382365.2067195536,
    "239": 179061.95938078343,
    "240": 152646.8334702732,
    "241": 21951.881902661502,
    "242": 272027.15050796396,
    "243": 285258.77475945174,
    "244": 355723.30560584494,
    "245": 78283.60916203322,
    "246": 536026.0290118569,
    "247": 645561.5793249029,
    "248": 140734.80627503074,
    "249": 595455.568898031,
    "250": 265226.62928823836,
    "251": 61063.44998578609,
    "252": 122462.15757374484,
    "253": 435109.3247720921,
    "254": 80182.58137455667,
    "255": 285476.6810692924,
    "256": 135578.7310384915,
    "257": 187900.10832136156,
    "258": 231022.3642122448,
    "259": 323749.6826054991,
    "260": 177854.42095681987,
    "261": 180210.0232832326,
    "262": 500759.80865709856,
    "263": 322013.1330718777,
    "264": 479697.084596113,
    "265": 274101.70062458527,
    "266": 93659.54592657885,