{
    "1": 123377.36081657556,
    "2": 361031.5606543106,
    "3": 102083.26508611193,
    "4": 442904.3089053113,
    "5": 174210.07389579937,
    "6": 123347.83222955985,
    "7": 154111.1507207024,
    "8": 19399.34765149025,
    "9": 112185.66956881454,
    "10": 63631.42401553562,
    "11": 19984.325781672454,
    "12": 27528.415841441,
    "13": 267191.62418413267,
    "14": 176698.52603572613,
    "15": 468342.558087118,
    "16": 247341.96625757354,
    "17": 284858.5638417875,
    "18": 152760.02892494673,
    "19": 418782.4134578764,
    "20": 379301.5517588275,
    "21": 394130.0869796598,
    "22": 159911.5189060146,
    "23": 53606.16509501402,
    "24": 167183.6976642558,
    "25": 137449.40125324458,
    "26": 244571.53721010595,
    "27": 257699.02712051955,
    "28": 251631.1794819013,
    "29": 228178.07433130813,
    "30": 158837.20745228705,
    "31": 385558.3971024861,
    "32": 126589.27088185571,
    "33": 513344.7596511054,
    "34": 347185.37491237425,
    "35": 594369.9837540017,
    "36": 142035.5488649563,
    "37": 323904.6076630054,
    "38": 201733.20952568177,
    "39": 161736.4973817175,
    "40": 370359.391622843,
    "41": 114428.57438908477,
    "42": 346770.66358627955,
    "43": 129553.45766074015,
    "44": 45768.36662035534,
    "45": 413320.9685587758,
    "46": 700233.3877042338,
    "47": 80827.11941581716,
    "48": 274962.0580830895,
    "49": 311161.06232206925,
    "50": 436412.97923661186,
    "51": 364149.5961689728,
    "52": 253034.47753489375,
    "53": 182316.66021181177,
    "54": 56620.76049942622,
    "55": 292381.6522039956,
    "56": 245171.37077523314,
    "57": 170873.14249169716,
    "58": 686771.65404834,
    "59": 193441.45198976726,
    "60": 482329.7698548787,
    "61": 278342.8627852454,
    "62": 18427.493508262298,
    "63": 579194.905097144,
    "64": 492242.56560974766,
    "65": 191625.84341087195,
    "66": 222631.9803131528,
    "67": 83797.62965823142,
    "68": 171085.6117336034,
    "69": 295941.85056409304,
    "70": 21035.739305300605,
    "71": 116992.8364223072,
    "72": 226906.894546044,
    "73": 45704.9696784046,
    "74": 222968.67658237912,
    "75": 69856.16470478958,
    "76": 204139.98818949316,
    "77": 441700.35428969807,
    "78": 246505.21857912585,
    "79": 72643.12348028198,
    "80": 966795.4652654171,
    "81": 450685.5918439494,
    "82": 199674.21492356018,
    "83": 88263.91037138265,
    "84": 456256.1409246368,
    "85": 75104.50117650857,
    "86": 278907.4816355132,
    "87": 99601.23555808832,
    "88": 243497.73878215934,
    "89": 116634.22845615307,
    "90": 163796.06322969895,
    "91": 270698.96234071406,
    "92": 337610.4824440914,
    "93": 324216.5190804453,
    "94": 160096.16608807218,
    "95": 207828.99729273934,
    "96": 38386.03787380784,
    "97": 366961.132361661,
    "98": 406124.18674149096,
    "99": 96135.09437341812,
    "100": 29505.514900201728,
    "101": 166419.1205601381,
    "102": 238988.0301476647,
    "103": 57814.030007515204,
    "104": 191670.06144226715,
    "105": 140730.53790317124,
    "106": 192231.07566510772,
    "107": 176109.33989262738,
    "108": 299559.75746258034,
    "109": 760444.7026244336,
    "110": 140932.64828152314,
    "111": 246724.0873965112,
    "112": 545694.7996067785,
    "113": 21345.230659809728,
    "114": 164207.28787843286,
    "115": 13505.973556510633,
    "116": 351820.59283400467,
    "117": 93623.3097224364,
    "118": 454539.52636834426,
    "119": 174257.5201451285,
    "120": 314003.4574396952,
    "121": 169391.72529196233,
    "122": 348324.9077688163,
    "123": 296484.15374783997,
    "124": 223906.3042533264,
    "125": 107534.71246818955,
    "126": 118856.634036071,
    "127": 45980.8647616048,
    "128": 240365.37726281074,
    "129": 128927.31919781712,
    "130": 223011.80900942412,
    "131": 76149.34312358052,
    "132": 569287.0091954756,
    "133": 436207.7117719409,
    "134": 277393.4005950931,
    "135": 199118.06254476745,
    "136": 154729.29362992302,
    "137": 282380.5813095624,
    "138": 631938.4478456462,
    "139": 131944.78299816497,
    "140": 729920.9418120491,
    "141": 563340.7608088288,
    "142": 155248.15321495346,
    "143": 106082.61429347763,
    "144": 100903.80380572293,
    "145": 144932.42911830402,
    "146": 102193.93997845687,
    "147": 301409.5875618874,
    "148": 28275.48174465124,
    "149": 285902.10259568086,
    "150": 64267.36782672487,
    "151": 277687.59895207186,
    "152": 188261.0311098211,
    "153": 28147.431247631353,
    "154": 187605.99688516534,
    "155": 251829.0726936154,
    "156": 76989.19203496605,
    "157": 180875.92885250135,
    "158": 56418.80119260435,
    "159": 166995.71315836272,
    "160": 306921.8664488007,
    "161": 266670.31214161095,
    "162": 152301.47130308868,
    "163": 624197.0065158824,
    "164": 210034.62704356326,
    "165": 604097.6797040515,
    "166": 72794.55175817777,
    "167": 151583.97282722816,
    "168": 17461.179935358774,
    "169": 396778.4974752546,
    "170": 160829.94217326367,
    "171": 234209.0028930394,
    "172": 169249.50919604965,
    "173": 16421.855040348804,
    "174": 708315.9781815056,
    "175": 231588.51104443456,
    "176": 257416.0322929788,
    "177": 112018.93104009659,
    "178": 66667.79049400562,
    "179": 74644.43624173941,
    "180": 87209.92386066793,
    "181": 279535.08776957606,
    "182": 125616.34152801288,
    "183": 42660.55376612129,
    "184": 94805.09647508033,
    "185": 172919.31404298905,
    "186": 402916.7411672971,
    "187": 357594.2391578926,
    "188": 524111.01793273917,
    "189": 27682.261603624025,
    "190": 279090.08176075434,
    "191": 66357.18045179022,
    "192": 282552.7245149098,
    "193": 245713.94659753237,
    "194": 345905.9513294868,
    "195": 296014.0874635431,
    "196": 219964.76431698987,
    "197": 322503.58573018364,
    "198": 662955.1785304402,
    "199": 543042.6518962907,
    "200": 637503.026035871,
    "201": 381708.5675665987,
    "202": 614020.5625992495,
    "203": 225657.59667649277,
    "204": 130144.04767920607,
    "205": 280560.76995238534,
    "206": 86592.86556237574,
    "207": 241063.47303785,
    "208": 238474.50745819756,
    "209": 514910.9293486512,
    "210": 91129.67354523372,
    "211": 356521.1063431429,
    "212": 297774.00360897905,
    "213": 288736.87758572935,
    "214": 175051.05528518214,
    "215": 228321.00999202504,
    "216": 130044.90495226231,
    "217": 630738.5343759834,
    "218": 76090.69821603893,
    "219": 556555.1756414162,
    "220": 270066.4521744242,
    "221": 98600.88288288955,
    "222": 668598.6858762819,
    "223": 156696.33279486254,
    "224": 266031.14174438256,
    "225": 95170.20528723465,
    "226": 140541.87342815934,
    "227": 101667.67145679539,
    "228": 916423.1685221809,
    "229": 192243.64483637695,
    "230": 536612.8811199769,
    "231": 890219.2871673637,
    "232": 461265.3788983516,
    "233": 325465.555146571,
    "234": 77904.31521555057,
    "235": 369217.8650995325,
    "236": 175526.66260156437,
    "237": 322617.792554455,
    "238": 416147.084996215,
    "239": 184031.91617858683,
    "240": 606482.1581953939,
    "241": 46286.38209556939,
    "242": 364425.7179015545,
    "243": 201751.4084884642,
    "244": 309385.8091408329,
    "245": 77861.31546012186,
    "246": 11600.325668937572,
    "247": 573815.5756171341,
    "248": 272418.18881841976,
    "249": 129750.64758762979,
    "250": 60629.339101874895,
    "251": 272392.9383576728,
    "252": 38627.05204932486,
    "253": 114812.4734638051,
    "254": 187572.7697588379,
    "255": 617299.4032239474,
    "256": 161646.31680686798,
    "257": 404009.7977809994,
    "258": 109762.20033567406,
    "259": 343747.31252530054,
    "260": 144046.32096355938,
    "261": 36580.20144879129,
    "262": 110867.37958817635,
    "263": 498792.30212695274,
    "264": 185107.5287658041,
    "265": 336417.82331730536,
    "266": 434926.0334303325,