obj,time,mip_gap
344546.52950217365,0.001672300000000071,
