obj,time,mip_gap
263076.02444995876,0.0016568000000001248,
