obj,time,mip_gap
283403.076863721,0.001970200000000588,
