obj,time,mip_gap
387116.1485635705,0.0011653000000002578,
