obj,time,mip_gap
278778.8107366848,0.0013816999999995971,
