obj,time,mip_gap
415398.17354990717,0.926613699999999,0.02758001566790191
