obj,time,mip_gap
415115.8101661907,0.9274915999999997,0.004109407772046094
