obj,time,mip_gap
402324.04240191996,0.9614613999999992,0.021322168600081473
