obj,time,mip_gap
322420.8869651782,1.0123245,0.04607350221105458
