obj,time,mip_gap
334852.6314940683,0.8549240000000005,0.0
