obj,time,mip_gap
313728.64190810267,0.8571761000000002,0.0
