obj,time,mip_gap
305157.3366950098,0.9018464000000002,0.041284544856330624
