obj,time,mip_gap
345979.4018290444,0.9203840000000021,0.0
