obj,time,mip_gap
401700.2340336413,0.9805552999999989,0.0
