obj,time,mip_gap
383355.2020158907,1.004659199999999,0.0036469157998481644
