time,obj
1113.8495826999933,52768708.68818394
1530.6233522999974,53778963.422329895
2646.6850448999976,53875255.795990415
1643.1701804999975,52265136.027642936
722.9323530999973,53233165.27395661
