obj,time,mip_gap
3246909.500634605,0.01350909999999983,
