obj,time,mip_gap
3785248.2258778596,0.010584200000000266,
