obj,time,mip_gap
3447197.844181721,0.0074406000000002415,
