obj,time,mip_gap
3049245.8340237495,0.022647000000000084,
