obj,time,mip_gap
3459714.4498738623,0.023856600000000228,
