obj,time,mip_gap
440545.6233716238,0.8783262999999977,0.0
