obj,time,mip_gap
451674.040038915,0.9450453999999979,0.03328398644694408
