obj,time,mip_gap
479448.678407239,0.9831208000000018,0.002070474315953761
