obj,time,mip_gap
498590.2799584249,0.9389048000000031,0.01556037505779765
