obj,time,mip_gap
528967.7904238496,0.9174907000000019,0.0
