obj,time,mip_gap
457813.18680585973,0.9462666000000013,0.0
