obj,time,mip_gap
378500.3503712286,0.8560536999999968,3.075699182649529e-16
