obj,time,mip_gap
554859.8848039707,0.9733744999999985,0.0
