obj,time,mip_gap
533562.9389548872,0.9341787000000039,2.1818479757039073e-16
