obj,time,mip_gap
466615.38048585434,1.0368537999999958,0.048823268447359
