obj,time,mip_gap
326968.4807375231,0.0014264999999999972,
