obj,time,mip_gap
260055.99215312686,0.0016820000000006274,
