obj,time,mip_gap
326198.7651609517,0.0011658999999992758,
