obj,time,mip_gap
427990.9287360978,0.0014972000000001984,
