obj,time,mip_gap
404693.85137484234,0.0012790999999996444,
