time,obj
0.15470590000000017,157480.8336616449
0.15248060000000008,77756.86569907308
0.15459730000000027,91981.1571434833
0.15011310000000044,121485.35354103951
0.15741469999999946,54739.1836227043
