obj,time,mip_gap
3032542.910687688,112.41380739999977,0.007748359476853732
