obj,time,mip_gap
3431826.2241586037,71.25993569999991,9.437718530180894e-06
