obj,time,mip_gap
3223187.534823867,62.94692279999981,0.0
