obj,time,mip_gap
3161886.2409769315,143.09859630000028,0.019764662153965256
