obj,time,mip_gap
3319320.3287686585,83.83742789999997,0.03134544722226867
