,obj,time,mip_gap,agent_ub,ind_ub,capacity_value,income_ub
0,3032542.910687688,112.41380739999977,0.007748359476853732,4150480.834699248,556459.375,3408967.2376275603,3947291.875
1,3431826.2241586037,71.25993569999991,9.437718530180894e-06,4344954.6173407165,556459.375,3594081.960257695,3947291.875
2,3223187.534823867,62.94692279999981,0.0,4458293.447157376,556459.375,3818129.58267025,3947291.875
3,3161886.2409769315,143.09859630000028,0.019764662153965256,4310717.534750449,556459.375,3375349.7954413067,3947291.875
4,3319320.3287686585,83.83742789999997,0.03134544722226867,4213529.345047857,556459.375,3468299.817775381,3947291.875
