obj,time,mip_gap
168958.36256965436,0.002507000000000037,
