obj,time,mip_gap
210825.0832921853,0.002465700000000126,
