obj,time,mip_gap
218729.18673546385,0.002309900000000198,
