obj,time,mip_gap
391872.3675993078,0.0009193000000000673,
