obj,time,mip_gap
196802.96772989185,0.0018816999999997641,
