{
    "1": 51844.50772374304,
    "2": 97724.79108243978,
    "3": 93288.67623410338,
    "4": 76332.85423475679,
    "5": 34349.622825619896,
    "6": 142862.65325414736,
    "7": 62029.69627859596,
    "8": 211643.22062782772,
    "9": 146530.76479589829,
    "10": 57198.231497495406,
    "11": 287719.11476973176,
    "12": 255339.99492936127,
    "13": 86866.36111665652,
    "14": 19141.337380201283,
    "15": 111662.68500361328,
    "16": 49336.77501603583,
    "17": 11672.83744000404,
    "18": 109025.77374631217,
    "19": 161164.11019551678,
    "20": 278383.3920594613,
    "21": 72918.5876665995,
    "22": 79600.05716045493,
    "23": 168047.46589978712,
    "24": 159897.0186929621,
    "25": 168359.71449260658,
    "26": 300395.2312959989,
    "27": 105584.88760987401,
    "28": 122198.72454087505,
    "29": 143808.1476664015,
    "30": 220265.40589188726,
    "31": 273137.0221868746,
    "32": 168505.9124379103,
    "33": 288003.72936196096,
    "34": 72164.2927267255,
    "35": 130132.5383320273,
    "36": 151073.06486586697,
    "37": 26975.016022420397,
    "38": 172674.09528949452,
    "39": 100609.44522319737,
    "40": 114332.65524334718,
    "41": 92495.75940821496,
    "42": 39148.72670067211,
    "43": 67677.0995165887,
    "44": 57839.603544658275,
    "45": 77031.46661692507,
    "46": 82023.98238231498,
    "47": 105901.46558862177,
    "48": 119357.10033257202,
    "49": 214134.19315073127,
    "50": 60375.078138070356,
    "51": 41983.16299803878,
    "52": 278996.0748397516,
    "53": 247969.3738420149,
    "54": 160307.2499593703,
    "55": 136353.87313224835,
    "56": 131173.25860644842,
    "57": 341205.52578211593,
    "58": 113837.68491947699,
    "59": 162945.5241603283,
    "60": 78706.21006361138,
    "61": 83988.80739000948,
    "62": 75295.39659711515,
    "63": 115508.75443259563,
    "64": 120491.66429998548,
    "65": 51791.733716836905,
    "66": 43468.324402942984,
    "67": 59797.679930311075,
    "68": 316495.58498962777,
    "69": 150607.8090181559,
    "70": 64828.303527799195,
    "71": 330147.39664291276,
    "72": 97825.51115945845,
    "73": 105467.56832601593,
    "74": 404160.9658330853,
    "75": 49549.1418404533,
    "76": 72171.52288105476,
    "77": 117261.1032730643,
    "78": 263972.05069658597,
    "79": 72814.94162706539,
    "80": 200352.6340135719,
    "81": 344311.68352502416,
    "82": 25536.007087136284,
    "83": 123027.71045623225,
    "84": 60913.56905277281,
    "85": 340149.3116139675,
    "86": 63113.842430802775,
    "87": 42204.35834743987,
    "88": 52951.88526695995,
    "89": 102245.95220874314,
    "90": 278995.82530532073,
    "91": 54327.48369514602,
    "92": 424548.7565448959,
    "93": 206800.3786043704,
    "94": 82970.68833886801,
    "95": 216318.94230108362,
    "96": 657603.9391627432,
    "97": 268511.63887281663,
    "98": 134499.8598388338,
    "99": 101114.61839195488,
    "100": 86528.98086330197,
    "101": 67173.09884254151,
    "102": 170890.7369849246,
    "103": 169347.24571750857,
    "104": 82911.71146500841,
    "105": 390834.5085011924,
    "106": 54113.55568018451,
    "107": 302581.41353011806,
    "108": 202589.4691882698,
    "109": 84530.73036817319,
    "110": 227423.03498097783,
    "111": 45827.30344265197,
    "112": 133231.8659744942,
    "113": 62979.63022443477,
    "114": 544784.7734163601,
    "115": 93065.54442945933,
    "116": 192576.78476528006,
    "117": 369838.22362992266,
    "118": 133036.40913587986,
    "119": 34013.95386146083,
    "120": 123308.34003576534,
    "121": 243993.48387055198,
    "122": 134272.48707459017,
    "123": 173158.4608250813,
    "124": 107348.82972058386,
    "125": 149188.13817816746,
    "126": 265474.350080777,
    "127": 35951.642967980784,
    "128": 96024.34134693292,
    "129": 68705.8678476802,
    "130": 207083.0875710129,
    "131": 187935.26138598067,
    "132": 338975.194366998,
    "133": 308476.5171120434,
    "134": 188446.9940237605,
    "135": 283110.1622439434,
    "136": 128603.91512164776,
    "137": 143602.1707152867,
    "138": 58002.458317141194,
    "139": 145885.989349587,
    "140": 64061.06780847806,
    "141": 180230.1453427487,
    "142": 122679.95665064659,
    "143": 204706.44232205793,
    "144": 176323.53311458533,
    "145": 62649.86084838142,
    "146": 96173.9327723234,
    "147": 53580.94086423619,
    "148": 107234.43312106356,
    "149": 324217.85944002797,
    "150": 334272.0887177943,
    "151": 123084.47497205141,
    "152": 381904.50401272543,
    "153": 145692.26427789536,
    "154": 55829.539998720626,
    "155": 87252.01312332293,
    "156": 38347.22555056555,
    "157": 54271.2868004771,
    "158": 108035.14820218693,
    "159": 226210.47622434213,
    "160": 239725.52162864906,
    "161": 85676.46434901482,
    "162": 24683.00678794718,
    "163": 95646.70046417309,
    "164": 112657.90971747272,
    "165": 160789.6325614859,
    "166": 45794.81616318497,
    "167": 203041.75365052416,
    "168": 64767.61437579784,
    "169": 57301.808442347115,
    "170": 42504.645670070786,
    "171": 499524.0109592496,
    "172": 206082.73255456533,
    "173": 153331.79981080804,
    "174": 150549.8712923882,
    "175": 166136.3662920033,
    "176": 223028.66005460444,
    "177": 149529.1572559633,
    "178": 78690.19289489038,
    "179": 57521.86663785991,
    "180": 54005.54269406006,
    "181": 340775.7242242597,
    "182": 173495.98112627974,
    "183": 107372.63284318324,
    "184": 82404.58263037438,
    "185": 65637.83618244539,
    "186": 198555.89283787165,
    "187": 121170.04137512985,
    "188": 172264.82330201674,
    "189": 82602.03680173076,
    "190": 143486.8993069776,
    "191": 137187.41000385108,
    "192": 35361.49311288392,
    "193": 117283.99537895118,
    "194": 70624.3497301723,
    "195": 149593.05964801167,
    "196": 393700.91022817435,
    "197": 48482.50885716938,
    "198": 343095.08444679086,
    "199": 263800.7238921658,
    "200": 196948.84777663532,
    "201": 442998.05393741746,
    "202": 24049.616775424907,
    "203": 118105.55703680347,
    "204": 183903.4248521206,
    "205": 34294.45741857742,
    "206": 117591.5719451253,
    "207": 319114.0754914861,
    "208": 123852.37840984155,
    "209": 125382.04473869145,
    "210": 88472.07636396139,
    "211": 130020.23096153417,
    "212": 275977.1920455367,
    "213": 94603.2642623397,
    "214": 192565.32526192354,
    "215": 46863.652267001264,
    "216": 124511.90133526953,
    "217": 167305.97074611622,
    "218": 335214.2620340951,
    "219": 86338.19877899211,
    "220": 358123.5814189717,
    "221": 196726.62792160778,
    "222": 148224.01171100241,
    "223": 195383.74190502847,
    "224": 162524.82074270785,
    "225": 127228.43361226776,
    "226": 233977.20410666717,
    "227": 70886.65194352694,
    "228": 65440.91589441407,
    "229": 173515.63238873085,
    "230": 52561.05736715574,
    "231": 151686.94948868424,
    "232": 68461.68970410552,
    "233": 50867.579575439755,
    "234": 219722.35158135268,
    "235": 214598.52007515525,
    "236": 70423.05631068608,
    "237": 112103.63184508393,
    "238": 479578.88979537104,
    "239": 69575.63475978542,
    "240": 188659.3533167692,
    "241": 172035.1871223578,
    "242": 180136.52117012325,
    "243": 42191.32308448254,
    "244": 230861.04743463587,
    "245": 161734.34548899275,
    "246": 75438.98492421472,
    "247": 90382.28880725038,
    "248": 25604.959949101423,
    "249": 100282.05554315164,
    "250": 225187.5018964348,
    "251": 445245.7975524172,
    "252": 266984.8939211119,
    "253": 197902.79388840246,
    "254": 71176.52643567105,
    "255": 47647.62648178646,
    "256": 93101.03291505392,
    "257": 87777.84327435079,
    "258": 62612.60531295466,
    "259": 48973.08629160344,
    "260": 162416.53801084764,
    "261": 25632.76743038761,
    "262": 149335.9898034241,
    "263": 74666.84633297355,
    "264": 182318.046166082,
    "265": 209428.6009628369,
    "266": 58994.508697039855,