{
    "1": 133874.79811616964,
    "2": 117198.11899022796,
    "3": 83816.77040911108,
    "4": 53753.1927645568,
    "5": 132924.8200177298,
    "6": 30501.415369904054,
    "7": 367119.4387789565,
    "8": 240674.8887747189,
    "9": 95754.91014074649,
    "10": 107998.30054349669,
    "11": 47734.801466466466,
    "12": 415025.56433826854,
    "13": 49596.54785313934,
    "14": 89243.4369240738,
    "15": 143243.03701645546,
    "16": 183103.6772606302,
    "17": 219774.91585435922,
    "18": 228102.98739721376,
    "19": 203029.7196118501,
    "20": 147527.34994415162,
    "21": 332402.83354760875,
    "22": 66003.3264606939,
    "23": 106338.75979839294,
    "24": 297987.43880673754,
    "25": 90643.16189628051,
    "26": 313356.99193772336,
    "27": 112030.45538517777,
    "28": 234128.92854514704,
    "29": 23273.07717236222,
    "30": 313492.7040924013,
    "31": 262659.90401367546,
    "32": 122348.10323449131,
    "33": 81836.65755838601,
    "34": 478821.9373745128,
    "35": 326868.9312012855,
    "36": 122177.13492173576,
    "37": 17409.954565107717,
    "38": 395976.0937229801,
    "39": 55500.37352109362,
    "40": 163128.92247904462,
    "41": 126033.8991971907,
    "42": 51324.24848038043,
    "43": 58030.37330184062,
    "44": 108853.73833419854,
    "45": 125071.04075570598,
    "46": 72317.96816959797,
    "47": 224710.31799526577,
    "48": 381737.54992163705,
    "49": 303429.0723673387,
    "50": 132279.5750326277,
    "51": 86588.04400943167,
    "52": 370033.0441487305,
    "53": 79834.330759818,
    "54": 342557.67560253496,
    "55": 198566.46800909913,
    "56": 97026.82464256606,
    "57": 252680.75384309207,
    "58": 27434.107270432396,
    "59": 64607.79361161926,
    "60": 49999.89648317369,
    "61": 93865.93262125159,
    "62": 80905.42211407352,
    "63": 166121.6376932053,
    "64": 197719.4402610777,
    "65": 95053.69510739614,
    "66": 55604.54660743805,
    "67": 50935.77689800468,
    "68": 254011.96889356576,
    "69": 35132.34667922534,
    "70": 242474.87667617857,
    "71": 179686.058320803,
    "72": 70340.01822109878,
    "73": 97373.27772178077,
    "74": 108412.1210829618,
    "75": 287816.7944205825,
    "76": 39508.548472069946,
    "77": 91100.088195084,
    "78": 246026.08038335893,
    "79": 243944.76584431538,
    "80": 90108.0437229098,
    "81": 183033.91333241758,
    "82": 42071.181749838484,
    "83": 150997.74238429943,
    "84": 81300.23828554219,
    "85": 78786.85623690554,
    "86": 78971.11325150302,
    "87": 213364.4699658925,
    "88": 56619.84259217396,
    "89": 46007.72357558363,
    "90": 46387.67140505511,
    "91": 118582.19643096231,
    "92": 211086.44179692713,
    "93": 342350.0489529413,
    "94": 85738.93714342176,
    "95": 63834.37268788032,
    "96": 58995.09800640514,
    "97": 180431.7233101106,
    "98": 190335.35907888852,
    "99": 147152.90636732953,
    "100": 304412.30747557164,
    "101": 55573.48979941299,
    "102": 172760.29020319754,
    "103": 107090.12417584435,
    "104": 355058.4930857567,
    "105": 178432.3112294933,
    "106": 60050.795492488476,
    "107": 128578.04806279484,
    "108": 391413.3978427062,
    "109": 214446.34661143992,
    "110": 344159.21192195034,
    "111": 215004.17582883642,
    "112": 18858.54297236709,
    "113": 30013.50123703366,
    "114": 88056.22352813274,
    "115": 90560.22340896737,
    "116": 113655.28861828602,
    "117": 294229.6347953093,
    "118": 27637.727292583266,
    "119": 71193.83589831112,
    "120": 180565.2961639932,
    "121": 132696.07462666137,
    "122": 138848.3861190723,
    "123": 183805.02385111345,
    "124": 159236.93131468238,
    "125": 196307.58756930026,
    "126": 133014.66390432202,
    "127": 51499.4286734868,
    "128": 80776.78948984061,
    "129": 152702.90292775002,
    "130": 50125.854440729934,
    "131": 164648.03588341083,
    "132": 209172.99998522687,
    "133": 44278.74579966616,
    "134": 97247.3593118942,
    "135": 116550.31397859026,
    "136": 225629.97254120774,
    "137": 59826.62509345769,
    "138": 146217.79515970068,
    "139": 61625.95503917398,
    "140": 186911.87663836134,
    "141": 60971.45689270085,
    "142": 184700.78413446568,
    "143": 206713.8930446812,
    "144": 97089.62469869074,
    "145": 147693.2973200313,
    "146": 189327.28533787947,
    "147": 271306.22039206343,
    "148": 79261.0649532753,
    "149": 219770.12469967757,
    "150": 71496.34937524251,
    "151": 303025.74416485766,
    "152": 104514.36293461715,
    "153": 85844.6199166061,
    "154": 173338.7263576457,
    "155": 78823.96406913502,
    "156": 19725.4010837674,
    "157": 143334.17962987846,
    "158": 236647.02329928475,
    "159": 84697.5428732376,
    "160": 324469.0352340917,
    "161": 236116.0884020525,
    "162": 212638.67898447806,
    "163": 44461.7535500376,
    "164": 268908.02711989905,
    "165": 138713.54994885236,
    "166": 212332.6671160694,
    "167": 54197.77035775883,
    "168": 171841.74874726677,
    "169": 78666.3698702856,
    "170": 246117.723291106,
    "171": 123532.49736606954,
    "172": 270231.6971088887,
    "173": 471599.66382056376,
    "174": 516921.73669918027,
    "175": 317418.7226195149,
    "176": 74892.82591116038,
    "177": 391414.76438672777,
    "178": 486781.7986659867,
    "179": 111600.63827053132,
    "180": 126434.94048544842,
    "181": 174854.89466067124,
    "182": 25917.600059160384,
    "183": 161525.36726909055,
    "184": 79950.02366003663,
    "185": 504651.38759003143,
    "186": 76334.44232591792,
    "187": 74806.87766067676,
    "188": 226337.3457382616,
    "189": 530615.746373886,
    "190": 85571.90287454631,
    "191": 245163.36730108125,
    "192": 231862.73535662203,
    "193": 190150.57115715346,
    "194": 137122.9021582279,
    "195": 257855.6844395092,
    "196": 393223.70249893283,
    "197": 55549.82624307663,
    "198": 37703.253173090015,
    "199": 192427.37166671266,
    "200": 230048.19930781442,
    "201": 148370.2718048861,
    "202": 186002.2729559593,
    "203": 76979.52922873336,
    "204": 114704.32478471464,
    "205": 23149.55792062127,
    "206": 210847.2642694882,
    "207": 119713.52869887819,
    "208": 164136.87601073968,
    "209": 154668.7238303599,
    "210": 58773.40510205231,
    "211": 68106.36216825475,
    "212": 356671.3072195186,
    "213": 135299.089704591,
    "214": 200505.4731641015,
    "215": 159179.74731312966,
    "216": 156787.1947644281,
    "217": 82702.48178923797,
    "218": 324046.2912137406,
    "219": 53673.492256691556,
    "220": 188430.92016035525,
    "221": 225372.27185702394,
    "222": 113485.93519972402,
    "223": 170108.23392870944,
    "224": 130122.93195479496,
    "225": 359557.409330348,
    "226": 34936.32391095632,
    "227": 168467.9353415625,
    "228": 24970.637895774475,
    "229": 46006.22587332341,
    "230": 187914.84235180984,
    "231": 311127.81212429184,
    "232": 40580.790119011624,
    "233": 213329.53949954544,
    "234": 87915.44679971028,
    "235": 79334.65314875515,
    "236": 105589.92843954996,
    "237": 147343.7210829738,
    "238": 74769.26158149568,
    "239": 139529.7358430532,
    "240": 68734.39654336363,
    "241": 229066.85428216524,
    "242": 419974.36259771895,
    "243": 216283.4465305594,
    "244": 82861.78950381868,
    "245": 18194.931089287245,
    "246": 62588.14776188109,
    "247": 97694.69489888745,
    "248": 76321.24740084432,
    "249": 208185.89375850456,
    "250": 113243.22860716231,
    "251": 91825.11315693888,
    "252": 268652.32366332447,
    "253": 155621.06609283382,
    "254": 405637.62451036734,
    "255": 204360.71477634617,
    "256": 132358.885263688,
    "257": 36947.62759408682,
    "258": 565839.9696714326,
    "259": 113498.94912354546,
    "260": 120362.53697371559,
    "261": 341678.74081896857,
    "262": 271064.2543261478,
    "263": 164214.67554183822,
    "264": 47281.56098883002,
    "265": 228053.39255776486,
    "266": 66148.0742569467,