{
    "1": 430897.0969368653,
    "2": 156497.40062739758,
    "3": 98054.3800269986,
    "4": 78866.43377720883,
    "5": 85706.5245777258,
    "6": 117451.41549423918,
    "7": 12729.24023125972,
    "8": 27091.94574847764,
    "9": 85454.48066611799,
    "10": 114781.3989975237,
    "11": 38990.38210517896,
    "12": 182106.26735022853,
    "13": 366386.19348445634,
    "14": 152659.9584422673,
    "15": 54746.123785455035,
    "16": 229423.65744261633,
    "17": 288254.2540950968,
    "18": 51610.59338344738,
    "19": 114765.02438726279,
    "20": 141603.10163197736,
    "21": 111093.14113585168,
    "22": 38523.20200327698,
    "23": 83757.36084351962,
    "24": 402433.3518334176,
    "25": 165383.45614570772,
    "26": 54886.68945184526,
    "27": 210324.9708652623,
    "28": 133698.43549937825,
    "29": 193403.79549799502,
    "30": 43618.56948245148,
    "31": 117561.95610731257,
    "32": 143535.22499955306,
    "33": 216717.46252184,
    "34": 595467.7240506771,
    "35": 113901.85273668509,
    "36": 90458.57934066196,
    "37": 117923.12980842988,
    "38": 295079.2592808897,
    "39": 99023.22206880445,
    "40": 123288.21152465607,
    "41": 399353.89175734844,
    "42": 276323.1496999497,
    "43": 85706.34541869066,
    "44": 108241.73570230133,
    "45": 198924.1474467784,
    "46": 227441.61186088657,
    "47": 186556.39292203847,
    "48": 105801.85288396092,
    "49": 70747.37377906426,
    "50": 290685.8300901075,
    "51": 266978.65312997944,
    "52": 196498.73101427284,
    "53": 76257.17335206311,
    "54": 158988.2666642434,
    "55": 50823.675049879814,
    "56": 88866.92160538964,
    "57": 103129.41793804505,
    "58": 251970.0408322368,
    "59": 82400.89611700461,
    "60": 181853.5901893754,
    "61": 112084.0122411012,
    "62": 51475.41512575086,
    "63": 51804.176317113306,
    "64": 351703.60197540704,
    "65": 269410.8957991502,
    "66": 84329.10411056185,
    "67": 106704.64238727983,
    "68": 307408.0633151994,
    "69": 53553.379440964265,
    "70": 171830.48361432768,
    "71": 267679.99914020125,
    "72": 150236.07255507697,
    "73": 112804.46164556265,
    "74": 117983.40593124456,
    "75": 94668.77474502183,
    "76": 309886.6680792162,
    "77": 369797.57051502913,
    "78": 434225.30554947496,
    "79": 32791.706219563785,
    "80": 191098.83863795592,
    "81": 105443.34206387715,
    "82": 617861.6781042553,
    "83": 89435.95495236495,
    "84": 350173.64140135876,
    "85": 29117.14021618352,
    "86": 216029.77423328257,
    "87": 125530.36717552808,
    "88": 53991.85468572034,
    "89": 231725.70805422481,
    "90": 52394.52820496628,
    "91": 162113.46218541815,
    "92": 81223.41625337058,
    "93": 418393.23758852715,
    "94": 93231.71956202648,
    "95": 234031.22215063483,
    "96": 357332.50418896944,
    "97": 86168.18358716743,
    "98": 88930.30398447748,
    "99": 175047.19764839066,
    "100": 231572.3288388675,
    "101": 369882.1224314986,
    "102": 366720.73731674865,
    "103": 101086.35375709346,
    "104": 110994.46381679208,
    "105": 78359.40683884545,
    "106": 267548.4128223635,
    "107": 21661.771840620564,
    "108": 79840.59295145456,
    "109": 498533.6499721965,
    "110": 104832.2762114354,
    "111": 98610.9645813089,
    "112": 269333.1301282031,
    "113": 195062.94303204588,
    "114": 211525.03796771262,
    "115": 88298.94359984335,
    "116": 105637.77697069327,
    "117": 137674.54064609238,
    "118": 69993.31868443983,
    "119": 142760.97931948295,
    "120": 291934.83239250496,
    "121": 52546.9020124686,
    "122": 478991.8696729232,
    "123": 42453.10202883494,
    "124": 79779.8324042496,
    "125": 127533.72967066467,
    "126": 135209.00476280833,
    "127": 149930.14398224378,
    "128": 73185.18405230333,
    "129": 104539.90608685289,
    "130": 171007.92065139755,
    "131": 190277.68826797,
    "132": 340230.37049494084,
    "133": 236115.88160868754,
    "134": 67033.99979297757,
    "135": 89954.88172671628,
    "136": 73294.33359840771,
    "137": 26902.819755840555,
    "138": 250150.10080174284,
    "139": 408980.82136109186,
    "140": 144043.8908299363,
    "141": 147668.79322024866,
    "142": 151644.36212006994,
    "143": 54295.55957163079,
    "144": 109386.31965147119,
    "145": 414101.3116007014,
    "146": 120613.24072879384,
    "147": 150501.6693582408,
    "148": 104622.61385309203,
    "149": 102014.98903099388,
    "150": 152934.88904541038,
    "151": 224143.87084284544,
    "152": 72452.49600355979,
    "153": 251645.97305688565,
    "154": 279184.63955291867,
    "155": 55376.57194226202,
    "156": 48932.93564660939,
    "157": 90576.11889640287,
    "158": 123770.42201838609,
    "159": 119964.150032304,
    "160": 63104.9461168361,
    "161": 38848.726187198685,
    "162": 98685.12552090337,
    "163": 139006.61368611018,
    "164": 294699.9152438374,
    "165": 92728.47314914348,
    "166": 124543.00836105566,
    "167": 193809.5130951527,
    "168": 318129.75387937226,
    "169": 135735.29497107834,
    "170": 201957.76307790825,
    "171": 94681.5588706741,
    "172": 116275.22993242493,
    "173": 212679.22933169935,
    "174": 128880.03142008564,
    "175": 91005.25786477301,
    "176": 236410.41735839835,
    "177": 72931.24076326277,
    "178": 73537.66813052246,
    "179": 312157.9411280399,
    "180": 202395.1883621616,
    "181": 452184.62217042653,
    "182": 130755.74819294046,
    "183": 125035.68828087152,
    "184": 101957.09858483373,
    "185": 127779.34916282105,
    "186": 122098.80129500448,
    "187": 41882.012465443164,
    "188": 209153.21354801682,
    "189": 63236.992659352676,
    "190": 42752.50246403384,
    "191": 246232.71803229747,
    "192": 110253.06816037411,
    "193": 121917.01900195649,
    "194": 250216.1476603334,
    "195": 109311.96551755148,
    "196": 165086.0026930125,
    "197": 298178.9762386876,
    "198": 162011.4742135541,
    "199": 248064.2279220992,
    "200": 215373.3167559252,
    "201": 268163.6312360349,
    "202": 147393.90900823165,
    "203": 180710.83930337467,
    "204": 68835.39447013712,
    "205": 36995.68062290708,
    "206": 28940.464791245828,
    "207": 176410.709353192,
    "208": 206658.21966671932,
    "209": 42407.57967591231,
    "210": 44095.928308083814,
    "211": 43984.51639144233,
    "212": 67072.85542101145,
    "213": 174022.45139297307,
    "214": 315240.9625567603,
    "215": 23466.698180707135,
    "216": 110064.38730206084,
    "217": 95911.4805112614,
    "218": 57024.640385670355,
    "219": 31600.377806998393,
    "220": 16167.57223502479,
    "221": 75768.80827564429,
    "222": 152381.70006075685,
    "223": 375161.06575164205,
    "224": 202520.42467233088,
    "225": 292592.6630012506,
    "226": 417003.1078374865,
    "227": 84810.15107619022,
    "228": 191795.00100890192,
    "229": 59350.588922113886,
    "230": 272573.70700642985,
    "231": 140534.43617779043,
    "232": 155171.5868889982,
    "233": 67285.86390104369,
    "234": 389112.6180000123,
    "235": 268745.61328672606,
    "236": 262766.1516534768,
    "237": 52541.58290877498,
    "238": 97141.18025497578,
    "239": 104541.59024609393,
    "240": 103512.57137292188,
    "241": 245537.6774480387,
    "242": 319745.33293197193,
    "243": 177186.63501408667,
    "244": 99030.82730248192,
    "245": 125471.27555491049,
    "246": 140302.15090957697,
    "247": 353136.18093220197,
    "248": 91759.67821418637,
    "249": 29863.26010713561,
    "250": 83574.04950885412,
    "251": 74493.96488781454,
    "252": 62154.85071680121,
    "253": 122884.96766109922,
    "254": 53153.831568855225,
    "255": 295878.35340203956,
    "256": 52208.9974245894,
    "257": 116718.732067343,
    "258": 142849.09123225286,
    "259": 15453.431096455644,
    "260": 132811.5590320455,
    "261": 187659.18733846117,
    "262": 87770.34390900836,
    "263": 71549.14606776006,
    "264": 117591.21296688732,
    "265": 97720.26808852803,
    "266": 133355.26309044883,