{
    "1": 94100.24247167047,
    "2": 78198.8011854619,
    "3": 156578.9438113393,
    "4": 48295.67866039258,
    "5": 317815.57224444096,
    "6": 163007.06329803608,
    "7": 63506.74955064746,
    "8": 149973.4914218813,
    "9": 458902.9333237692,
    "10": 122406.98904129723,
    "11": 126508.42654358679,
    "12": 246846.2409751801,
    "13": 140720.3433522093,
    "14": 48148.0453186543,
    "15": 172268.33746309558,
    "16": 60251.07723657019,
    "17": 282845.8996050985,
    "18": 127989.97291349461,
    "19": 33660.745384222646,
    "20": 75727.22713686958,
    "21": 196037.93273798554,
    "22": 145341.15272312285,
    "23": 396696.91418092826,
    "24": 123439.20695151854,
    "25": 93636.7648559374,
    "26": 252481.11794016414,
    "27": 461802.86887546745,
    "28": 204645.939881593,
    "29": 22461.083859086473,
    "30": 79888.72801896093,
    "31": 133806.39476927035,
    "32": 294645.1793796953,
    "33": 67086.3864589773,
    "34": 104157.47790478055,
    "35": 120744.75239265861,
    "36": 59634.586622641895,
    "37": 72767.15825757479,
    "38": 69694.73422409249,
    "39": 97425.46277509547,
    "40": 30148.609569914795,
    "41": 47781.440243701894,
    "42": 60321.42858123775,
    "43": 43284.51337533775,
    "44": 101089.12066949248,
    "45": 65389.08562203326,
    "46": 104956.4457879768,
    "47": 24181.774888994867,
    "48": 299294.3041112183,
    "49": 245454.65924742093,
    "50": 25331.06334333349,
    "51": 72523.52543014438,
    "52": 129432.02302823684,
    "53": 51745.27072129226,
    "54": 53167.00356540345,
    "55": 299979.62464942085,
    "56": 217749.7085172469,
    "57": 53782.09881824975,
    "58": 301356.0530957168,
    "59": 227092.70364949742,
    "60": 156660.77197147167,
    "61": 41220.66409886892,
    "62": 82840.67760429448,
    "63": 742899.638264146,
    "64": 334886.10178929823,
    "65": 48416.183445492636,
    "66": 43595.43377933288,
    "67": 38767.69140832036,
    "68": 140739.0296195607,
    "69": 243164.27958450097,
    "70": 65319.603185114516,
    "71": 137646.66378451136,
    "72": 126145.9753726321,
    "73": 181897.77102200378,
    "74": 274567.5112783772,
    "75": 272538.8656129177,
    "76": 223262.02349263823,
    "77": 198096.87918940283,
    "78": 136497.865001884,
    "79": 176157.44239501157,
    "80": 29107.45842654739,
    "81": 180976.12382925494,
    "82": 466942.16016581655,
    "83": 434257.56446947635,
    "84": 113818.5635335831,
    "85": 403957.6645393827,
    "86": 97490.01770735232,
    "87": 244987.69103455436,
    "88": 134699.71513722936,
    "89": 156770.13514753524,
    "90": 343382.67223047814,
    "91": 87571.18368976338,
    "92": 77883.05050077103,
    "93": 122402.31102292483,
    "94": 261303.1417398581,
    "95": 83373.62587246277,
    "96": 372132.858672731,
    "97": 572371.3604257866,
    "98": 234661.81359650404,
    "99": 151141.15118398727,
    "100": 195846.76313152278,
    "101": 88990.18942376347,
    "102": 209592.5510705859,
    "103": 140462.44796474554,
    "104": 354885.07848252304,
    "105": 321465.2634937183,
    "106": 91848.60740348372,
    "107": 87213.53970812587,
    "108": 129154.11084368783,
    "109": 373847.43814312987,
    "110": 256695.57813055662,
    "111": 339708.99889434886,
    "112": 216878.86918603274,
    "113": 134221.08471008972,
    "114": 96088.36218502073,
    "115": 126238.217910477,
    "116": 11694.265046592585,
    "117": 91868.83261873944,
    "118": 129587.99051168936,
    "119": 212515.4737488126,
    "120": 416672.6762720185,
    "121": 101914.27889392093,
    "122": 65056.61386145239,
    "123": 42000.87892322345,
    "124": 118987.4214573117,
    "125": 43449.71397410548,
    "126": 152067.71606635384,
    "127": 62430.31494831693,
    "128": 23104.096357072216,
    "129": 184268.64863912505,
    "130": 100184.25083106468,
    "131": 224495.95713324242,
    "132": 104003.96470836103,
    "133": 142608.2919681424,
    "134": 351760.59728239913,
    "135": 36515.07974877675,
    "136": 99587.29778781097,
    "137": 108042.62314653645,
    "138": 66642.49053461952,
    "139": 39281.786384991945,
    "140": 121157.29545643272,
    "141": 272571.88023869577,
    "142": 220196.11994913538,
    "143": 206198.5863576711,
    "144": 104148.69087250614,
    "145": 474573.994031731,
    "146": 478316.29589633446,
    "147": 338874.5125063988,
    "148": 90290.38919318227,
    "149": 28764.769605292426,
    "150": 235846.927475173,
    "151": 131500.34049719656,
    "152": 18821.508955964262,
    "153": 173634.01030100865,
    "154": 238441.89195418992,
    "155": 53907.062952614026,
    "156": 90335.09843145382,
    "157": 417223.47288016375,
    "158": 275343.71899400227,
    "159": 208904.64370675033,
    "160": 472121.1856814173,
    "161": 111790.9974366608,
    "162": 94353.04225035553,
    "163": 178625.31651357122,
    "164": 280517.0156606592,
    "165": 579593.2466697824,
    "166": 209559.4312869597,
    "167": 102442.71733912437,
    "168": 443437.62496034766,
    "169": 322513.76758424175,
    "170": 92273.55139644045,
    "171": 246689.58167097907,
    "172": 298793.5280025982,
    "173": 259379.70754372567,
    "174": 79621.56786780314,
    "175": 274689.2865414526,
    "176": 92442.27165659484,
    "177": 143814.21766105155,
    "178": 126290.81694727899,
    "179": 59398.47543794363,
    "180": 74778.35275199385,
    "181": 36699.39416823913,
    "182": 13475.21893941106,
    "183": 106817.1892610847,
    "184": 32855.473532312775,
    "185": 557849.074942545,
    "186": 268477.92051306623,
    "187": 126016.37321418647,
    "188": 349298.9014792005,
    "189": 62639.05554992805,
    "190": 214238.07809440568,
    "191": 241412.7715909038,
    "192": 88038.30057939109,
    "193": 73391.5426807549,
    "194": 52108.77431242219,
    "195": 127858.78702988038,
    "196": 98759.50441622874,
    "197": 79430.89210178667,
    "198": 72365.26347375041,
    "199": 149400.46027075502,
    "200": 83350.90475886648,
    "201": 292097.7580925116,
    "202": 455688.5245345351,
    "203": 153368.7229555542,
    "204": 196670.3858785349,
    "205": 347990.04082235106,
    "206": 46503.16505828544,
    "207": 56206.91941454381,
    "208": 98172.43046611141,
    "209": 135089.5009144153,
    "210": 182710.40275973274,
    "211": 220319.09202973993,
    "212": 56528.26015871218,
    "213": 24029.262217065054,
    "214": 291139.9198824212,
    "215": 327691.6067744932,
    "216": 57447.30788442228,
    "217": 236269.51501109707,
    "218": 199612.44787583672,
    "219": 138669.363257142,
    "220": 195714.06502514408,
    "221": 475741.5302885613,
    "222": 384269.3276963648,
    "223": 87328.9445267706,
    "224": 169906.5295589498,
    "225": 136659.51384715454,
    "226": 100576.84997847855,
    "227": 212382.27910035473,
    "228": 138898.58324891736,
    "229": 188385.32783318174,
    "230": 379171.43748612807,
    "231": 170203.39198698552,
    "232": 45075.02774792607,
    "233": 174508.4106158609,
    "234": 27112.06325907735,
    "235": 467918.08255060494,
    "236": 77022.63776659005,
    "237": 26293.028843382603,
    "238": 180720.34280455403,
    "239": 182117.70141497516,
    "240": 266788.60135865794,
    "241": 22530.596896440413,
    "242": 260864.97804201904,
    "243": 180365.23397096118,
    "244": 34028.146880160515,
    "245": 57004.22687702074,
    "246": 63859.85101318654,
    "247": 127879.61681321915,
    "248": 181448.4848634311,
    "249": 209879.2275369982,
    "250": 78039.09014103137,
    "251": 443106.4160391587,
    "252": 113450.2920616072,
    "253": 529840.8297075194,
    "254": 121537.49193408746,
    "255": 380511.01296472317,
    "256": 124530.78914455317,
    "257": 223083.24600826323,
    "258": 102239.5072116321,
    "259": 34511.93372250149,
    "260": 75605.91289762566,
    "261": 129466.01634982205,
    "262": 112696.59453582253,
    "263": 48617.72748890694,
    "264": 220565.57636312657,
    "265": 226549.0707209468,
    "266": 198628.94741238476,