{
    "1": 62394.70070833508,
    "2": 102189.89862907564,
    "3": 54566.830757852695,
    "4": 221658.5659354191,
    "5": 77186.14796753647,
    "6": 188602.98300277948,
    "7": 164920.63726360528,
    "8": 137696.26910428252,
    "9": 276720.28753444884,
    "10": 114820.31686545421,
    "11": 36924.016924836236,
    "12": 199957.7943318285,
    "13": 125471.61311270716,
    "14": 406153.04906020674,
    "15": 125528.78451235617,
    "16": 50453.08407982197,
    "17": 108416.65862726617,
    "18": 96034.61372615803,
    "19": 78663.81185825291,
    "20": 82372.6508065939,
    "21": 133444.38244280574,
    "22": 256931.85577190944,
    "23": 201474.3520011845,
    "24": 96060.60648362241,
    "25": 135858.78166470578,
    "26": 539299.7897472783,
    "27": 75246.12019714036,
    "28": 384771.77937300183,
    "29": 244276.05310353707,
    "30": 92242.21638353981,
    "31": 428910.49051129754,
    "32": 90774.35083835713,
    "33": 227663.52414287443,
    "34": 247894.88361590923,
    "35": 197543.47013990566,
    "36": 27008.323735285787,
    "37": 339832.49958208296,
    "38": 58919.35982720016,
    "39": 294163.27021938504,
    "40": 371766.9187573599,
    "41": 43605.708225391354,
    "42": 45075.26178498636,
    "43": 188181.34448333512,
    "44": 108632.34771734376,
    "45": 69774.30039827652,
    "46": 113024.34546702437,
    "47": 215090.20910394107,
    "48": 360189.18548280833,
    "49": 64594.93597218216,
    "50": 113035.76111853069,
    "51": 211064.10337737243,
    "52": 254188.59523568724,
    "53": 201089.5411079268,
    "54": 100324.97554934374,
    "55": 119881.19278106991,
    "56": 163915.87462643374,
    "57": 124944.93750006524,
    "58": 65799.99330124973,
    "59": 13079.315179444597,
    "60": 107650.30966088836,
    "61": 44382.816325738466,
    "62": 247924.57043777034,
    "63": 249586.72768644601,
    "64": 85795.78168480506,
    "65": 416200.47225467715,
    "66": 298081.23638324405,
    "67": 199826.00300738323,
    "68": 87476.5705701986,
    "69": 294356.8913597942,
    "70": 261148.88375431718,
    "71": 126846.77228064716,
    "72": 30266.925079005603,
    "73": 63352.98888033624,
    "74": 535429.1349211764,
    "75": 50343.857620555464,
    "76": 64124.4319213546,
    "77": 203507.0447445108,
    "78": 526907.6200035057,
    "79": 372182.46270845167,
    "80": 149300.45182462002,
    "81": 147817.0116067858,
    "82": 74196.3653313792,
    "83": 80074.6883785357,
    "84": 274121.10479558166,
    "85": 174870.89270566232,
    "86": 115215.32978334624,
    "87": 97620.76499065114,
    "88": 56749.61096939826,
    "89": 57405.58595865844,
    "90": 270836.54162765935,
    "91": 63208.68475834185,
    "92": 81955.37075672783,
    "93": 82517.24450725263,
    "94": 58074.74838190342,
    "95": 110907.6241353608,
    "96": 44463.199915038975,
    "97": 103816.61393537604,
    "98": 32067.32105915623,
    "99": 140298.8502023637,
    "100": 485200.55493655195,
    "101": 504396.1185449241,
    "102": 98018.77372701971,
    "103": 78540.89009190995,
    "104": 278877.1588987641,
    "105": 173963.50500670687,
    "106": 83401.79917989501,
    "107": 219417.20752826342,
    "108": 107696.73385041388,
    "109": 55966.956324198945,
    "110": 192813.99580851535,
    "111": 181499.55865274076,
    "112": 184493.095725653,
    "113": 275882.3613414467,
    "114": 226223.65025687998,
    "115": 70727.20708054429,
    "116": 229935.6362210603,
    "117": 87188.05234164957,
    "118": 90637.82111719377,
    "119": 201332.78704697013,
    "120": 101808.4520417866,
    "121": 82484.95414290285,
    "122": 113324.25649942219,
    "123": 193286.95642882728,
    "124": 26542.90623162013,
    "125": 75421.58058464035,
    "126": 132581.46640339686,
    "127": 149799.54504083408,
    "128": 104001.12814273385,
    "129": 242555.65454630068,
    "130": 49122.68101770039,
    "131": 151960.43396263913,
    "132": 52131.780709326755,
    "133": 146542.83930721198,
    "134": 92040.01723724278,
    "135": 261349.51450797488,
    "136": 43518.29512953234,
    "137": 132039.10483175155,
    "138": 182381.2290571842,
    "139": 275510.823317496,
    "140": 324296.12140982045,
    "141": 266162.61799033586,
    "142": 97841.07365866251,
    "143": 225441.90071898198,
    "144": 77987.90937319044,
    "145": 323864.91742097423,
    "146": 81952.69927131149,
    "147": 62450.63438658642,
    "148": 56578.79580855619,
    "149": 354559.1489652723,
    "150": 172954.81799326098,
    "151": 66197.34954939107,
    "152": 178824.06258695966,
    "153": 63883.36687638733,
    "154": 316167.70387712365,
    "155": 70920.12670277143,
    "156": 95544.33212180797,
    "157": 292142.9856882042,
    "158": 66490.57730075333,
    "159": 186224.92012884186,
    "160": 170252.1062706227,
    "161": 154263.26066392974,
    "162": 13460.522106304792,
    "163": 54435.836610413295,
    "164": 30497.363252687406,
    "165": 169774.31754429248,
    "166": 190589.45215562588,
    "167": 101149.6143013735,
    "168": 87419.44021226901,
    "169": 233455.5626575741,
    "170": 166612.75519012695,
    "171": 170306.39148527657,
    "172": 194160.61689998544,
    "173": 300665.82489297807,
    "174": 46984.32336030816,
    "175": 183256.9819511049,
    "176": 429238.73395559395,
    "177": 470755.29872941907,
    "178": 165996.8767641828,
    "179": 57144.13656415151,
    "180": 70231.90559499935,
    "181": 75192.83500208314,
    "182": 64195.98009785468,
    "183": 127611.09027853188,
    "184": 79408.4349593969,
    "185": 138107.73389564434,
    "186": 81637.35500582749,
    "187": 99833.00753080475,
    "188": 70434.01383564126,
    "189": 227516.1649762424,
    "190": 97527.38261204727,
    "191": 41512.671547755555,
    "192": 80532.15476336762,
    "193": 434096.3593066633,
    "194": 340296.69054277265,
    "195": 156688.67115121614,
    "196": 150994.28081726763,
    "197": 105877.21561930505,
    "198": 244636.93205179475,
    "199": 263286.35507554776,
    "200": 189754.66074559328,
    "201": 53397.9451549859,
    "202": 165950.78307134702,
    "203": 396639.8419210385,
    "204": 112511.1146192308,
    "205": 109184.21449186889,
    "206": 53430.29123285654,
    "207": 85932.46427939518,
    "208": 162435.55917371594,
    "209": 299572.37479014264,
    "210": 285700.22457134887,
    "211": 347916.82635443343,
    "212": 67809.86806537643,
    "213": 98004.49357929084,
    "214": 193764.42169740485,
    "215": 155029.19398727966,
    "216": 540241.1399624632,
    "217": 18709.751141282875,
    "218": 231222.576691568,
    "219": 236205.39467019282,
    "220": 108094.50271163427,
    "221": 69723.8692772728,
    "222": 116629.95970704411,
    "223": 229022.78994219398,
    "224": 133122.10192724204,
    "225": 207257.37946700855,
    "226": 149627.1108416848,
    "227": 108892.58012658445,
    "228": 36795.3628876051,
    "229": 109069.96587474289,
    "230": 39238.136624663995,
    "231": 73096.27200015409,
    "232": 188770.71117775512,
    "233": 203347.06371323302,
    "234": 33628.58179740349,
    "235": 120376.05910815459,
    "236": 179223.59600018905,
    "237": 125129.76748370982,
    "238": 62283.97733233951,
    "239": 166221.65759841894,
    "240": 95530.88692410137,
    "241": 136233.85655509884,
    "242": 292135.58813739876,
    "243": 215434.10742213004,
    "244": 127444.27464110315,
    "245": 63904.102192948434,
    "246": 70022.06402655125,
    "247": 577246.3342570737,
    "248": 130505.52655333233,
    "249": 247699.57066600103,
    "250": 250505.996846924,
    "251": 216199.82713141956,
    "252": 12444.354087235635,
    "253": 44496.78085910678,
    "254": 48167.42489509558,
    "255": 89484.37826919174,
    "256": 35835.0333397419,
    "257": 89247.99430275237,
    "258": 343348.90362352895,
    "259": 17011.461607786805,
    "260": 389210.4554128816,
    "261": 41922.28753931399,
    "262": 239071.79802773276,
    "263": 111382.3442754211,
    "264": 100153.70254472036,
    "265": 175021.1329449546,