{
    "1": 141463.5983139384,
    "2": 230958.9979918712,
    "3": 25315.83744285706,
    "4": 160840.1132305039,
    "5": 203511.17003436142,
    "6": 220463.8984353294,
    "7": 317450.5905787274,
    "8": 120140.6805632487,
    "9": 81388.9090685196,
    "10": 65556.84996125195,
    "11": 209466.35737682218,
    "12": 190055.71529440692,
    "13": 127271.31145817431,
    "14": 126656.99363571852,
    "15": 315649.0881312247,
    "16": 56255.245549512736,
    "17": 87203.21781528884,
    "18": 87548.2140105456,
    "19": 252085.86698370014,
    "20": 42744.7013125787,
    "21": 129868.04028941476,
    "22": 79738.21695601381,
    "23": 84174.51425076657,
    "24": 90863.5358683931,
    "25": 97298.78880667101,
    "26": 55482.25945449107,
    "27": 241630.05568474127,
    "28": 70589.65969396483,
    "29": 327785.7111727846,
    "30": 104933.85014209934,
    "31": 402592.116300391,
    "32": 105405.13543630623,
    "33": 321492.3023547804,
    "34": 25081.110444841433,
    "35": 92405.84761633647,
    "36": 423280.5143011476,
    "37": 95367.36484388252,
    "38": 134995.2693620669,
    "39": 81279.97186453527,
    "40": 196089.6173412729,
    "41": 29319.331875343316,
    "42": 150581.37817035607,
    "43": 165960.8751620915,
    "44": 141883.61085957513,
    "45": 132980.58652674043,
    "46": 246948.10035010017,
    "47": 155860.45888285697,
    "48": 611968.540821071,
    "49": 132237.748706442,
    "50": 85045.23019114739,
    "51": 41696.13433806097,
    "52": 108512.92193280956,
    "53": 202599.86978199,
    "54": 261648.3127842792,
    "55": 191330.4678027488,
    "56": 298816.52851887664,
    "57": 85696.43704253704,
    "58": 113501.70687525568,
    "59": 228198.9439161475,
    "60": 205780.5393331838,
    "61": 318904.63722007856,
    "62": 314961.9742011078,
    "63": 61527.999126877745,
    "64": 70424.01681976073,
    "65": 26593.745060979763,
    "66": 66132.60350759054,
    "67": 51724.441091202636,
    "68": 295342.93480003,
    "69": 160684.89490003843,
    "70": 73077.04607054095,
    "71": 176234.2116567426,
    "72": 188421.14518519223,
    "73": 36345.19295557572,
    "74": 85373.47073184009,
    "75": 514022.8832610979,
    "76": 223935.82053693826,
    "77": 420031.11916495906,
    "78": 132846.7761117172,
    "79": 75182.897687021,
    "80": 159150.2707800145,
    "81": 82286.19431192533,
    "82": 58319.32986222533,
    "83": 420473.3266072506,
    "84": 71522.63135238762,
    "85": 63470.738619838725,
    "86": 14372.944941278072,
    "87": 87758.60864745762,
    "88": 85663.56445110364,
    "89": 41486.529492964895,
    "90": 115147.52269285296,
    "91": 73773.04865603731,
    "92": 102577.6476007619,
    "93": 228434.8477170848,
    "94": 253063.90766895076,
    "95": 155600.9716258212,
    "96": 215068.54488631446,
    "97": 64448.216301316,
    "98": 137900.70371642685,
    "99": 265637.1132397222,
    "100": 79961.43953486247,
    "101": 104092.0096414431,
    "102": 72620.79747527732,
    "103": 70273.39404321455,
    "104": 282662.67059242754,
    "105": 155456.79719074751,
    "106": 46854.81679397002,
    "107": 273745.33773015655,
    "108": 106451.91801466605,
    "109": 237334.04575544831,
    "110": 163667.5779372415,
    "111": 189303.54649898506,
    "112": 99052.58701223749,
    "113": 144201.15679558823,
    "114": 296618.57400649175,
    "115": 17376.67811267662,
    "116": 37082.334995389894,
    "117": 424317.86917154473,
    "118": 158052.96555257836,
    "119": 34121.10899305424,
    "120": 69184.92208851119,
    "121": 125244.05738670152,
    "122": 28336.729754992917,
    "123": 290157.97991627286,
    "124": 247407.76776153327,
    "125": 104318.55244891954,
    "126": 390734.8779696201,
    "127": 151829.61723256225,
    "128": 239100.4962659188,
    "129": 149256.74260224873,
    "130": 53252.89772726603,
    "131": 204546.8222192923,
    "132": 48114.48764858129,
    "133": 181077.32511786307,
    "134": 55515.99116283935,
    "135": 336146.5392472429,
    "136": 83050.93186292078,
    "137": 116577.1506119014,
    "138": 54807.55300051959,
    "139": 80249.1454054441,
    "140": 138562.3771137731,
    "141": 60847.95695834437,
    "142": 125333.50548619678,
    "143": 337515.12183839537,
    "144": 103918.91033414143,
    "145": 136494.4330606501,
    "146": 58080.42694619556,
    "147": 344356.64980276616,
    "148": 13961.043330451002,
    "149": 79485.5550621556,
    "150": 422590.70571029116,
    "151": 24530.122446465033,
    "152": 181303.30019812015,
    "153": 195062.5938733578,
    "154": 60027.13807687042,
    "155": 269619.209474601,
    "156": 127135.05564807601,
    "157": 35937.44276534442,
    "158": 132398.2540943166,
    "159": 241258.16281416404,
    "160": 96610.1108587124,
    "161": 101833.93197443239,
    "162": 88547.9290825247,
    "163": 279243.06869368104,
    "164": 156654.0500300425,
    "165": 151966.5331361622,
    "166": 134116.39873769297,
    "167": 66808.23484811625,
    "168": 195424.6484922637,
    "169": 356271.8024197227,
    "170": 125586.4178800735,
    "171": 75646.05169025373,
    "172": 112827.03999682024,
    "173": 135993.2126591276,
    "174": 117413.03049992537,
    "175": 217301.27494462693,
    "176": 121153.7561966764,
    "177": 43333.4021778225,
    "178": 27635.566889640228,
    "179": 65323.12872099856,
    "180": 209574.1780205573,
    "181": 134539.29476041315,
    "182": 150796.1001730714,
    "183": 46664.09583223649,
    "184": 365605.39524986985,
    "185": 124265.6034252777,
    "186": 140881.75237154786,
    "187": 282797.2274301558,
    "188": 38219.06556984462,
    "189": 230734.56445944268,
    "190": 28569.718117921202,
    "191": 178164.59780361335,
    "192": 99794.53766810379,
    "193": 139469.51217541608,
    "194": 223098.62917367,
    "195": 33006.455113876706,
    "196": 202236.54701043863,
    "197": 64191.392474392545,
    "198": 248408.06373876767,
    "199": 116524.74395652552,
    "200": 151842.07102296362,
    "201": 521493.48970529967,
    "202": 84257.07787726997,
    "203": 146170.46999306898,
    "204": 169965.3966597371,
    "205": 109772.20327327606,
    "206": 230087.98487428925,
    "207": 172209.80641872078,
    "208": 43367.168167639305,
    "209": 63486.98657030631,
    "210": 76605.05995423868,
    "211": 206798.26456551143,
    "212": 180271.6936968009,
    "213": 118003.84595585127,
    "214": 271029.55458809814,
    "215": 122605.54924621285,
    "216": 509260.2207272642,
    "217": 202840.6542115582,
    "218": 175321.37713389352,
    "219": 98110.62622992844,
    "220": 239912.8328703804,
    "221": 49259.6339288277,
    "222": 112297.65203326089,
    "223": 189530.01426628654,
    "224": 289023.37516598473,
    "225": 117528.27723358903,
    "226": 69614.16148256135,
    "227": 96704.36444599059,
    "228": 177059.87802481133,
    "229": 302690.0911966655,
    "230": 82258.91536035617,
    "231": 27803.03858920363,
    "232": 66200.08714403844,
    "233": 87167.89465575745,
    "234": 53554.214915732024,
    "235": 200053.44717654813,
    "236": 123218.84658818998,
    "237": 51600.19309077514,
    "238": 99986.84223499983,
    "239": 523043.7073694194,
    "240": 57661.43918774834,
    "241": 139412.8631609266,
    "242": 160733.64789866438,
    "243": 122098.22266061384,
    "244": 115068.44499705517,
    "245": 103934.24861756618,
    "246": 44331.65328208078,
    "247": 21373.459134280776,
    "248": 113559.6816334622,
    "249": 34508.45124423056,
    "250": 102730.00423598236,
    "251": 129063.80038429446,
    "252": 104006.60304186954,
    "253": 63322.648821439165,
    "254": 148882.98957280384,
    "255": 85940.38152707339,
    "256": 248272.19935384204,
    "257": 199396.97996118272,
    "258": 123697.44759956968,
    "259": 130846.13530368183,
    "260": 123480.96330395575,
    "261": 96543.11987511428,
    "262": 413278.25128631026,
    "263": 69378.45426014421,
    "264": 456225.0774546076,
    "265": 251667.42080838123,
    "266": 214129.0491141349,
    "267": 86345.60908306108,