{
    "1": 97724.55057441932,
    "2": 10344.494021828343,
    "3": 30004.151349875847,
    "4": 236150.62202523445,
    "5": 72604.52051459876,
    "6": 191372.08527981874,
    "7": 162321.91430042987,
    "8": 138503.00726064944,
    "9": 151269.21170921918,
    "10": 392722.6772457688,
    "11": 225983.62402715225,
    "12": 138384.69513640134,
    "13": 43567.48492146797,
    "14": 182724.4878406715,
    "15": 110425.37582515091,
    "16": 19991.422977547627,
    "17": 592698.4811868208,
    "18": 468376.5516374729,
    "19": 53496.66834594233,
    "20": 165297.24610241898,
    "21": 374921.90734262747,
    "22": 92072.70107748381,
    "23": 134273.75174176286,
    "24": 132306.07046904898,
    "25": 100357.82831132683,
    "26": 275916.52906368754,
    "27": 195822.08030653224,
    "28": 165588.7330681164,
    "29": 70255.49674475566,
    "30": 354133.7810000602,
    "31": 48691.73153791744,
    "32": 71982.24434222827,
    "33": 132865.71600168853,
    "34": 28919.380851859427,
    "35": 88806.43076196242,
    "36": 299332.28338272485,
    "37": 74413.87550507336,
    "38": 107610.728861378,
    "39": 94706.91032004757,
    "40": 73249.36468734409,
    "41": 153680.64326429775,
    "42": 80059.79617481695,
    "43": 43972.25725398407,
    "44": 79498.81778898595,
    "45": 284875.34267248784,
    "46": 26837.617325560313,
    "47": 17458.951399282432,
    "48": 82350.45061214683,
    "49": 80521.36244965524,
    "50": 98279.1141143464,
    "51": 114365.68867809307,
    "52": 143086.03903344812,
    "53": 147813.2726553826,
    "54": 114242.51291803391,
    "55": 212646.368576243,
    "56": 58716.40719344069,
    "57": 158456.10420178427,
    "58": 246985.89984645718,
    "59": 187097.3455904447,
    "60": 367839.04246953723,
    "61": 70444.48960421354,
    "62": 45467.663048910275,
    "63": 64852.85911068629,
    "64": 230342.98214109437,
    "65": 203947.80771163153,
    "66": 13770.03285580881,
    "67": 111902.6197403785,
    "68": 189355.2623208285,
    "69": 125268.0586123655,
    "70": 289337.214325612,
    "71": 305268.69286751014,
    "72": 53390.845862810216,
    "73": 90414.75828486065,
    "74": 88000.2902823735,
    "75": 154877.015388801,
    "76": 74274.08327437373,
    "77": 498115.10967305215,
    "78": 209091.7194640753,
    "79": 78901.04348965255,
    "80": 151182.86548063706,
    "81": 229931.46708744662,
    "82": 189813.82697422168,
    "83": 44554.492231614175,
    "84": 232434.80734073115,
    "85": 94493.78870659113,
    "86": 88926.22436511214,
    "87": 31006.26668904979,
    "88": 181674.5226630424,
    "89": 135329.47249412243,
    "90": 114193.86772091332,
    "91": 61971.49055230637,
    "92": 153562.97906655268,
    "93": 302105.91209876904,
    "94": 42982.86731548436,
    "95": 375557.1350526702,
    "96": 114043.04704815321,
    "97": 167584.0984398875,
    "98": 394098.86432720727,
    "99": 52733.871650604895,
    "100": 59419.30625741381,
    "101": 340948.31411694974,
    "102": 202243.06517960603,
    "103": 26188.438350687626,
    "104": 799610.6094934971,
    "105": 196298.8745919422,
    "106": 233559.67321696784,
    "107": 73248.22992437321,
    "108": 190683.9484773576,
    "109": 128644.60955005081,
    "110": 103192.93550987102,
    "111": 123025.14286846791,
    "112": 179637.7805214817,
    "113": 244107.2018429721,
    "114": 76422.22441160779,
    "115": 151097.54034860278,
    "116": 30921.433957912977,
    "117": 292919.81423897576,
    "118": 114919.05168125247,
    "119": 109323.52846387628,
    "120": 296799.50143800373,
    "121": 304702.98946393066,
    "122": 208783.65805092882,
    "123": 104626.02861331243,
    "124": 137137.32701171172,
    "125": 169587.04779805554,
    "126": 51066.45084545246,
    "127": 167980.94191562937,
    "128": 365353.1352340348,
    "129": 95049.47742572209,
    "130": 277740.8632643791,
    "131": 101640.91090312625,
    "132": 99822.83164045899,
    "133": 23479.1047847549,
    "134": 391379.6992590246,
    "135": 155462.8697463639,
    "136": 97715.70189329534,
    "137": 219759.8585740981,
    "138": 109256.36247012635,
    "139": 40273.982474116434,
    "140": 176921.045334394,
    "141": 121838.34577360009,
    "142": 92960.95984802298,
    "143": 242718.89022735256,
    "144": 277139.78621925204,
    "145": 138111.30541025707,
    "146": 154442.1532366509,
    "147": 262332.3524528431,
    "148": 48801.3543393031,
    "149": 69119.98909227703,
    "150": 188374.1979756741,
    "151": 64458.73900095882,
    "152": 69748.10028774037,
    "153": 195854.94250101253,
    "154": 156835.89940956887,
    "155": 92926.42409613081,
    "156": 131063.23553105396,
    "157": 61113.6420515877,
    "158": 88931.8052989491,
    "159": 554856.6759729133,
    "160": 32180.420183779323,
    "161": 41112.66605258396,
    "162": 181757.33549564154,
    "163": 53862.67620023068,
    "164": 260500.64606246658,
    "165": 45905.45720974148,
    "166": 300888.33370622975,
    "167": 68691.44003069605,
    "168": 77836.76499316272,
    "169": 96088.2982028726,
    "170": 76187.96803755978,
    "171": 72540.89165550657,
    "172": 14944.452868931055,
    "173": 119616.67061603339,
    "174": 86187.44814134351,
    "175": 41625.00615383095,
    "176": 205283.0762721035,
    "177": 145055.56857027012,
    "178": 236301.14756178018,
    "179": 72054.35068385013,
    "180": 137850.31212637943,
    "181": 150710.96853225128,
    "182": 57836.36159815966,
    "183": 217042.41885335243,
    "184": 106716.68240792678,
    "185": 173812.89210770818,
    "186": 59929.62398409282,
    "187": 114200.28541264379,
    "188": 568385.2230998048,
    "189": 112414.8527049605,
    "190": 122649.4848144236,
    "191": 231105.71575622348,
    "192": 17709.039132090464,
    "193": 109291.14600310421,
    "194": 125763.38406232896,
    "195": 41059.617849369664,
    "196": 19321.57348979482,
    "197": 259739.41944700148,
    "198": 451739.5410223254,
    "199": 125676.72466929634,
    "200": 94436.09281906839,
    "201": 175344.04849845,
    "202": 22467.771804040887,
    "203": 21934.269323712007,
    "204": 84172.33212570589,
    "205": 122476.88310130239,
    "206": 122899.20260742016,
    "207": 306567.9807279835,
    "208": 127631.93593685466,
    "209": 126986.78674801321,
    "210": 172268.5174687629,
    "211": 123556.99907330949,
    "212": 135282.2967362148,
    "213": 115711.19547850336,
    "214": 21340.079837833116,
    "215": 217566.0112612714,
    "216": 65004.89452940812,
    "217": 102489.44225644812,
    "218": 312653.0406286994,
    "219": 344852.33424082043,
    "220": 397440.7452848837,
    "221": 185389.58947615934,
    "222": 48236.08882576792,
    "223": 176399.3831401393,
    "224": 205138.88956950407,
    "225": 31755.19008212214,
    "226": 388194.15829403466,
    "227": 300361.66688687145,
    "228": 188942.71283268076,
    "229": 66799.68628386682,
    "230": 123061.96118240447,
    "231": 44671.07797755465,
    "232": 80382.82479915964,
    "233": 86789.62917441358,
    "234": 274808.4867202784,
    "235": 391644.82198786346,
    "236": 233204.40341634708,
    "237": 213210.93233264604,
    "238": 346475.45890232356,
    "239": 492920.5485818073,
    "240": 130544.73203641697,
    "241": 108941.35727316576,
    "242": 54870.15166628526,
    "243": 474848.2544506099,
    "244": 121602.3482817234,
    "245": 248198.2025020737,
    "246": 178813.66991005078,
    "247": 244931.5488216958,
    "248": 42703.194945754236,
    "249": 264027.71779742197,
    "250": 208286.87832306663,
    "251": 97803.87444429378,
    "252": 276527.31742768694,
    "253": 502360.44122149167,
    "254": 215955.71279835544,
    "255": 70448.79304930191,
    "256": 167464.5508932143,
    "257": 118111.25251116746,
    "258": 159064.6695673869,
    "259": 801995.0173925541,
    "260": 119615.14571098883,
    "261": 36392.15324108718,
    "262": 460723.88863968535,
    "263": 422974.17718801345,
    "264": 180560.40262927892,
    "265": 152030.7155311477,
    "266": 246992.5169468502,