{
    "1": 29504.119137573598,
    "2": 380133.25500559405,
    "3": 216300.0204625695,
    "4": 109330.00693487069,
    "5": 42759.64324696869,
    "6": 51073.56905796899,
    "7": 158383.3714056152,
    "8": 473672.52237647853,
    "9": 163668.21257678684,
    "10": 121879.82349666485,
    "11": 112550.00446792536,
    "12": 65554.39035310564,
    "13": 42377.29113854116,
    "14": 217250.47973621878,
    "15": 314069.5923139074,
    "16": 32719.922145596844,
    "17": 42492.37282162179,
    "18": 64252.81611378501,
    "19": 210872.56719067963,
    "20": 95805.50356236388,
    "21": 287379.23219763994,
    "22": 51772.807069169634,
    "23": 90611.2283379087,
    "24": 308502.1740438984,
    "25": 34153.626668084544,
    "26": 137424.11616326225,
    "27": 354331.0485131639,
    "28": 370773.8094946416,
    "29": 264868.1569412997,
    "30": 32739.813575155917,
    "31": 114682.25157977872,
    "32": 18029.2963805205,
    "33": 197442.82181907978,
    "34": 394593.67578933813,
    "35": 150066.36951226648,
    "36": 100110.63654375798,
    "37": 67051.17032481002,
    "38": 37445.01244876676,
    "39": 122443.6664548503,
    "40": 204579.7278437613,
    "41": 299451.7843694686,
    "42": 309016.9708552598,
    "43": 209925.49786122475,
    "44": 185290.5963803505,
    "45": 337387.85164235235,
    "46": 121831.41283711807,
    "47": 152264.97549109196,
    "48": 261761.06307334237,
    "49": 57303.50673487299,
    "50": 168347.75866052872,
    "51": 198740.06459301597,
    "52": 162305.20063006264,
    "53": 85879.60770586196,
    "54": 271022.46807730995,
    "55": 287399.7479443862,
    "56": 266074.1561962268,
    "57": 220189.92019971606,
    "58": 50275.471451438716,
    "59": 184517.9985303795,
    "60": 300506.55319153186,
    "61": 219765.24510436802,
    "62": 531972.6815516572,
    "63": 122437.30017028854,
    "64": 142849.85801429578,
    "65": 185108.0756886075,
    "66": 91945.79426554007,
    "67": 451155.74359618785,
    "68": 106434.03527180632,
    "69": 134629.81181815785,
    "70": 173859.04574064628,
    "71": 65674.86366632793,
    "72": 162093.86888616407,
    "73": 57449.2119321316,
    "74": 72354.1272901664,
    "75": 101125.48642498335,
    "76": 65796.7683124106,
    "77": 237951.9165873424,
    "78": 30125.5589158127,
    "79": 403691.04169472243,
    "80": 200131.7421237608,
    "81": 70885.6513519907,
    "82": 63442.122258332056,
    "83": 50206.211363143615,
    "84": 110887.66217859455,
    "85": 192527.18557348204,
    "86": 176148.59929497377,
    "87": 285773.8147912403,
    "88": 86813.80815422037,
    "89": 170906.02226583206,
    "90": 338231.42998440773,
    "91": 254234.6874117746,
    "92": 430224.59985384956,
    "93": 183651.62557989964,
    "94": 259287.56061237332,
    "95": 360476.4461083748,
    "96": 143581.9075178104,
    "97": 235911.2523636933,
    "98": 104679.3205861488,
    "99": 43987.07766397585,
    "100": 41049.156875756344,
    "101": 54788.58830372885,
    "102": 100325.95844160307,
    "103": 53458.39004477018,
    "104": 118066.94440772306,
    "105": 59984.63742886339,
    "106": 53315.66741694319,
    "107": 297477.7197582597,
    "108": 65194.38879269663,
    "109": 197616.34466427958,
    "110": 109170.22936981193,
    "111": 170051.15554619368,
    "112": 40304.781351881335,
    "113": 121217.44709392342,
    "114": 40685.920435446846,
    "115": 28540.56173158118,
    "116": 83037.44612513762,
    "117": 107471.94028085416,
    "118": 60057.20613733542,
    "119": 64303.252696361,
    "120": 78580.0946669443,
    "121": 150591.00158033616,
    "122": 149866.64247986776,
    "123": 584372.5226081801,
    "124": 247064.55818629754,
    "125": 266111.7078636509,
    "126": 156397.56404720774,
    "127": 164681.469414901,
    "128": 273483.21287422813,
    "129": 47481.48893884535,
    "130": 90244.81697905954,
    "131": 137188.2892661092,
    "132": 87664.06526764958,
    "133": 170281.16814397115,
    "134": 394326.42450449563,
    "135": 148146.6088733603,
    "136": 91004.25779070597,
    "137": 283617.8779316877,
    "138": 391285.1846548776,
    "139": 47360.48734874297,
    "140": 76679.72701245476,
    "141": 107327.03712294564,
    "142": 137878.44121649684,
    "143": 102096.76239628321,
    "144": 158299.0282699544,
    "145": 143916.50151712616,
    "146": 91013.08708106619,
    "147": 45350.74764935638,
    "148": 186073.72734296828,
    "149": 395930.50393269816,
    "150": 92093.31305499712,
    "151": 346630.3810105835,
    "152": 153314.86492618913,
    "153": 22248.597723868974,
    "154": 44095.95341344847,
    "155": 105235.41752460119,
    "156": 72013.91924912296,
    "157": 281575.1418591389,
    "158": 229126.5243493174,
    "159": 343735.28221019055,
    "160": 179703.52092837173,
    "161": 220052.38675412477,
    "162": 95425.57386756492,
    "163": 141195.4171878396,
    "164": 87456.78561468601,
    "165": 141555.08085524623,
    "166": 58628.521722348036,
    "167": 88248.24566992672,
    "168": 94721.17090980799,
    "169": 331590.81224542984,
    "170": 55450.9515646488,
    "171": 470473.1613747284,
    "172": 169308.985130535,
    "173": 88284.7299496198,
    "174": 32309.368495726256,
    "175": 218775.56687760958,
    "176": 39343.76865237998,
    "177": 91305.37767874877,
    "178": 81123.57220787994,
    "179": 50771.8761305889,
    "180": 144452.12996147253,
    "181": 297768.76452668983,
    "182": 63000.658345288,
    "183": 196115.09918958633,
    "184": 198472.68082371686,
    "185": 207164.17347425717,
    "186": 97904.17303599147,
    "187": 312047.28004786285,
    "188": 320609.383299897,
    "189": 177646.63589944472,
    "190": 142770.12570223128,
    "191": 32422.528456855354,
    "192": 34898.65264509904,
    "193": 389872.96610374603,
    "194": 95442.98425287413,
    "195": 213632.1167198825,
    "196": 84250.82637983597,
    "197": 457793.38597831567,
    "198": 359469.33717896754,
    "199": 62372.52621978216,
    "200": 240636.37072454678,
    "201": 70955.83374144856,
    "202": 57568.22333906637,
    "203": 70190.54723504164,
    "204": 159001.1376153844,
    "205": 122731.81686920213,
    "206": 314344.30443472223,
    "207": 94661.93580041712,
    "208": 84685.51221795387,
    "209": 17147.744141512954,
    "210": 29283.38008177112,
    "211": 26803.23049426289,
    "212": 63200.354551657314,
    "213": 75949.41263913628,
    "214": 335335.5458093443,
    "215": 115635.0183816856,
    "216": 280590.3688878762,
    "217": 348133.60306330636,
    "218": 253093.90478089201,
    "219": 50410.881418388424,
    "220": 87164.89623705736,
    "221": 78656.22195702713,
    "222": 176506.9754148825,
    "223": 146564.18218092644,
    "224": 154775.7890052346,
    "225": 158520.18778601463,
    "226": 132268.21622628288,
    "227": 155991.46803397563,
    "228": 410845.24057728966,
    "229": 86856.89515243164,
    "230": 183978.70826188484,
    "231": 115786.80034240137,
    "232": 109845.04501982586,
    "233": 227576.12500018324,
    "234": 159271.3554544146,
    "235": 67010.35248748267,
    "236": 166303.1920184482,
    "237": 29434.362275848358,
    "238": 48172.356693888716,
    "239": 71406.1829012736,
    "240": 55751.48963215887,
    "241": 96225.39919266793,
    "242": 113436.19855522696,
    "243": 158596.33599726684,
    "244": 379941.6831727707,
    "245": 120694.43801616131,
    "246": 178038.67557388433,
    "247": 602100.1829342735,
    "248": 215525.928199142,
    "249": 186449.23384675506,
    "250": 47920.67043493445,
    "251": 58360.00222319529,
    "252": 77659.18625254012,
    "253": 122894.15978734179,
    "254": 196291.60812012153,
    "255": 332339.52468874253,
    "256": 264548.48435874755,
    "257": 166453.04382211852,
    "258": 113248.84272893479,
    "259": 224334.97305990852,
    "260": 176016.61602182925,
    "261": 194115.99504818226,
    "262": 154759.29536558504,
    "263": 219591.28945119947,
    "264": 185253.89477417953,
    "265": 93979.38685554227,
    "266": 106394.64458455323,