obj,time,mip_gap
3492977.728731743,109.50531180000007,0.04253292179783361
