obj,time,mip_gap
3864155.0080731767,21.797551699999985,0.020502891343449348
