obj,time,mip_gap
3698762.0767477453,83.5978153000001,0.022877431422157167
