obj,time,mip_gap
3482077.406221045,40.048483900000065,0.017270787989388928
