obj,time,mip_gap
3758192.8957368457,64.77027499999986,0.008540898509388647
