time,obj
7.015943600000014,432895.2802473077
1131.4319194,437946.545235246
281.52748870000005,360175.3787488636
594.9620441999998,443657.545240118
650.6639779999996,390348.8902112688
