obj,time,mip_gap
277211.5979560371,0.0019175999999996307,
