obj,time,mip_gap
309520.24160103605,0.002126199999999745,
