obj,time,mip_gap
262379.13374902215,0.002003300000000152,
