obj,time,mip_gap
189769.15579984355,0.003316099999999711,
