obj,time,mip_gap
426126.0710861295,0.0017037000000001967,
