obj,time,mip_gap
247448.43712442834,0.002008899999999869,
