obj,time,mip_gap
182790.35183293442,0.0018647000000000524,
