obj,time,mip_gap
419630.3582261942,0.0008599999999998609,
