obj,time,mip_gap
360085.588072381,0.0015944999999999432,
