obj,time,mip_gap
295115.45064492145,0.0016921999999999215,
