time,obj
0.1772215000000017,181631.68531206186
3.0788085999999986,163438.9764788435
0.47825560000000067,130809.1945851373
1.486598800000003,174402.06101986923
1.4947267000000046,180377.8948334466
