obj,time,mip_gap
450273.6399971859,43.3828924999998,0.04971591175519774
