obj,time,mip_gap
460065.47811431787,10802.296282700001,0.13844421578845031
