obj,time,mip_gap
490238.83764518437,1221.6841767000005,0.04996609443798685
