obj,time,mip_gap
502599.32693998876,10801.8374096,0.13069142199379966
