order,from type,to type,upgrade amount
1,1,2,3.000000000000014
2,1,2,3.999999999999985
3,1,2,7.0
4,1,2,0.0
5,1,2,0.0
