obj,time,mip_gap
533975.4655193534,2341.659620800001,0.049971280686160455
