obj,time,mip_gap
473305.7862234839,3909.3332252000037,0.04994601760176066
