obj,time,mip_gap
384557.31334817887,127.71031020000373,0.0492618271668089
