obj,time,mip_gap
555059.7222536922,10801.892431199994,0.0684224514975202
