obj,time,mip_gap
537398.9096658158,572.7210198999965,0.04985958391054705
