obj,time,mip_gap
530167.6136978194,1497.646914099998,0.04997958402163397
