obj,time,mip_gap
411548.06334464217,0.0018450999999997109,
