obj,time,mip_gap
348851.25785378355,0.00194139999999976,
