obj,time,mip_gap
300760.6754658254,0.0016780999999994606,
