obj,time,mip_gap
339762.15530333004,0.0012774999999995984,
