obj,time,mip_gap
288062.55974059616,0.0006968000000000529,
