obj,time,mip_gap
321597.07617218315,0.0015385999999999456,
