obj,time,mip_gap
304813.3324803946,0.001501699999999495,
