obj,time,mip_gap
345531.52173592243,0.001453600000000499,
