obj,time,mip_gap
356714.9826849335,0.0015697000000001182,
