obj,time,mip_gap
310789.83883054357,0.0019302999999997184,
