obj,time,mip_gap
2931312.0006174347,0.008777100000031623,
