obj,time,mip_gap
2956009.464377497,0.003093100000000959,
