obj,time,mip_gap
3147688.3479566043,0.006957800000009229,
