obj,time,mip_gap
2701223.3852632283,0.007028800000000501,
