obj,time,mip_gap
2993157.429672372,0.011106999999924483,
