obj,time,mip_gap
3170920.5695095398,0.012420900000000401,
