obj,time,mip_gap
3300183.0063353046,0.005267700000000097,
