obj,time,mip_gap
3192945.470224327,0.00875139999999952,
