obj,time,mip_gap
2934073.0029433514,0.014108499999999857,
