obj,time,mip_gap
3193188.6799152335,0.014689299999999683,
