{
    "1": 139851.23312595667,
    "2": 17610.12226301533,
    "3": 328331.06626742403,
    "4": 263234.8432687624,
    "5": 115881.43118145292,
    "6": 50879.988977851826,
    "7": 95471.8242998513,
    "8": 89362.06853809048,
    "9": 400255.89675050386,
    "10": 501007.77201825543,
    "11": 10521.73200772039,
    "12": 69964.29567305301,
    "13": 197217.85002476393,
    "14": 345753.06870091613,
    "15": 214612.03976151394,
    "16": 171483.23623107065,
    "17": 79010.71187778634,
    "18": 35623.69268647567,
    "19": 205172.08333632225,
    "20": 338078.5273964456,
    "21": 29669.992478559612,
    "22": 449458.3143105056,
    "23": 163617.90219968514,
    "24": 557403.3504440761,
    "25": 195515.9224391762,
    "26": 184547.99480272434,
    "27": 93648.12236161377,
    "28": 201818.56354115545,
    "29": 180726.3559590171,
    "30": 366341.551098448,
    "31": 364154.8387177318,
    "32": 176774.82094092737,
    "33": 105930.00264137285,
    "34": 126662.36335791208,
    "35": 88882.97989440084,
    "36": 339669.34339760354,
    "37": 236955.79156101632,
    "38": 41135.99959310352,
    "39": 95705.23726892876,
    "40": 21861.304628467602,
    "41": 233201.14981855924,
    "42": 373040.4178151305,
    "43": 342125.1987185571,
    "44": 84014.17514494174,
    "45": 177423.16776104635,
    "46": 124091.69576169235,
    "47": 85376.19330741532,
    "48": 131950.69883580884,
    "49": 211525.36334453337,
    "50": 212460.61526273517,
    "51": 101323.47918517987,
    "52": 185685.95151304477,
    "53": 319147.4076778812,
    "54": 203001.86113595904,
    "55": 159903.46373242248,
    "56": 23224.0434842136,
    "57": 177311.35899683382,
    "58": 49108.508905429895,
    "59": 89420.31494719254,
    "60": 134924.6687955675,
    "61": 294890.8361631302,
    "62": 378875.64898308285,
    "63": 179005.47436972492,
    "64": 78230.25422822518,
    "65": 313356.61346849595,
    "66": 242895.24973670067,
    "67": 266804.68594824895,
    "68": 258131.01844642276,
    "69": 42479.79135232634,
    "70": 41716.40332824124,
    "71": 241048.25278241167,
    "72": 57452.393085531876,
    "73": 147033.77609309854,
    "74": 400822.1154294919,
    "75": 246775.5647403311,
    "76": 253305.20561676114,
    "77": 253131.47054268763,
    "78": 123529.30716746468,
    "79": 24205.714574279285,
    "80": 169703.8623994735,
    "81": 190147.5616145709,
    "82": 166574.3010833938,
    "83": 139673.2448211148,
    "84": 73149.27773010667,
    "85": 274157.9526553409,
    "86": 104648.16904974656,
    "87": 121130.55200611988,
    "88": 166070.26054066874,
    "89": 115735.33491264792,
    "90": 261139.96953625063,
    "91": 242383.36483291662,
    "92": 147241.3825503663,
    "93": 570077.7330155447,
    "94": 156451.97924296587,
    "95": 293447.65605784475,
    "96": 54734.79656499466,
    "97": 44473.918123848205,
    "98": 97047.17911960094,
    "99": 141959.614837602,
    "100": 212860.43366704189,
    "101": 27675.39872589954,
    "102": 127920.26591815495,
    "103": 69864.41538618517,
    "104": 229178.29758543413,
    "105": 101730.03246680301,
    "106": 54137.327964884505,
    "107": 195075.6814508637,
    "108": 52409.347944831105,
    "109": 88781.01469762808,
    "110": 82634.18555715527,
    "111": 69630.62022501921,
    "112": 244262.68335706095,
    "113": 88701.69568028173,
    "114": 112814.76258991781,
    "115": 462678.759710914,
    "116": 361877.45947106247,
    "117": 78277.76586397375,
    "118": 122956.15055251848,
    "119": 28863.93006306537,
    "120": 174418.60644529038,
    "121": 161904.72103776253,
    "122": 679400.0784411664,
    "123": 48336.65190623393,
    "124": 160230.57626049517,
    "125": 115490.49846147311,
    "126": 174879.2553626338,
    "127": 72818.2263542356,
    "128": 102473.24875800157,
    "129": 93556.4958252742,
    "130": 95498.8347535333,
    "131": 151367.65693185784,
    "132": 195110.31390491262,
    "133": 214366.52459762365,
    "134": 41994.88188428393,
    "135": 21337.580824273282,
    "136": 159924.60957129495,
    "137": 69511.75887416233,
    "138": 159582.47104184167,
    "139": 135439.40205696243,
    "140": 172801.40233472438,
    "141": 288210.33370620833,
    "142": 122061.09069943975,
    "143": 220609.52318268534,
    "144": 55836.20378033598,
    "145": 65278.55485549259,
    "146": 89228.63202910362,
    "147": 176644.1570649207,
    "148": 60926.27645672655,
    "149": 151822.67048308632,
    "150": 102323.6985096956,
    "151": 122681.9927136485,
    "152": 40624.277386825735,
    "153": 175061.1043058406,
    "154": 103383.38097600055,
    "155": 266979.2332854278,
    "156": 140046.39756671785,
    "157": 61103.174221237474,
    "158": 70594.97936367919,
    "159": 80100.59018509064,
    "160": 147487.30467333074,
    "161": 85270.28170030456,
    "162": 450038.29760144424,
    "163": 222396.2096649436,
    "164": 36789.851010502774,
    "165": 110821.03226440828,
    "166": 174896.3437046779,
    "167": 71036.81613574112,
    "168": 114161.4702512843,
    "169": 309398.60677447135,
    "170": 116747.92102672944,
    "171": 24873.415473404057,
    "172": 380575.535564253,
    "173": 239281.24825115036,
    "174": 452729.3545550812,
    "175": 194237.64728133206,
    "176": 74159.20721753415,
    "177": 133598.7466102116,
    "178": 51800.653386577185,
    "179": 64689.354373148904,
    "180": 194548.42571514967,
    "181": 211131.56704263738,
    "182": 189986.4452898036,
    "183": 26510.004562168073,
    "184": 417945.8703920099,
    "185": 246635.45291642752,
    "186": 104777.45278307455,
    "187": 191882.59128534407,
    "188": 31828.423293268264,
    "189": 114629.50828640383,
    "190": 212319.12254021864,
    "191": 119602.03147094023,
    "192": 74707.07211835134,
    "193": 209267.7023145717,
    "194": 119232.05234659629,
    "195": 69255.8650755603,
    "196": 133711.7741751519,
    "197": 224866.41254238994,
    "198": 185420.98893510798,
    "199": 185241.07295624877,
    "200": 139961.9441597879,
    "201": 88389.05200472711,
    "202": 212306.71192431203,
    "203": 270634.62900856155,
    "204": 201910.22349824358,
    "205": 32148.67477222895,
    "206": 433391.84364567493,
    "207": 102157.2603395506,
    "208": 49797.40514898978,
    "209": 147128.77248981778,
    "210": 201088.9401137513,
    "211": 362797.6393993115,
    "212": 76547.02250501458,
    "213": 75921.61367706851,
    "214": 44175.7503692116,
    "215": 69380.18587571612,
    "216": 375132.1713326634,
    "217": 410759.28650165943,
    "218": 141933.9591922863,
    "219": 134285.64588142175,
    "220": 183904.17295286103,
    "221": 314457.6322533434,
    "222": 135021.91956713388,
    "223": 511561.7513213721,
    "224": 350048.26809030084,
    "225": 256277.10788019648,
    "226": 175739.41493223739,
    "227": 438990.6773843451,
    "228": 24255.788389857324,
    "229": 368400.33694961865,
    "230": 66922.10571114298,
    "231": 91228.27350102851,
    "232": 53054.19142486283,
    "233": 168625.11437209157,
    "234": 185867.83036085725,
    "235": 289232.1373119931,
    "236": 176634.24474381225,
    "237": 182488.41253210243,
    "238": 115679.0450739238,
    "239": 323911.1845679245,
    "240": 251648.12442762105,
    "241": 61942.84208577723,
    "242": 290120.3225962642,
    "243": 94264.43901804522,
    "244": 170447.15270377565,
    "245": 103952.75608032127,
    "246": 475807.5539618604,
    "247": 326959.1136105101,
    "248": 74141.02032850585,
    "249": 85232.4560481916,
    "250": 208746.62800993785,
    "251": 96417.61562129826,
    "252": 186477.09767985163,
    "253": 138982.20397162868,
    "254": 107223.24518631224,
    "255": 127272.06866707023,
    "256": 227866.05777220274,
    "257": 91269.10326938066,
    "258": 245078.30400194737,
    "259": 177107.04520451548,
    "260": 114085.31487780678,
    "261": 106952.78813632033,
    "262": 295778.21089679445,
    "263": 56806.936018677356,
    "264": 104310.76868429212,
    "265": 42212.37706742175,