{
    "1": 154543.85057523637,
    "2": 45703.18714885283,
    "3": 313093.6618955851,
    "4": 196947.89071790542,
    "5": 226478.41369613487,
    "6": 23665.76212885316,
    "7": 299037.011572691,
    "8": 95442.57546316381,
    "9": 140966.41423021498,
    "10": 304785.2347441005,
    "11": 315719.85658384743,
    "12": 294442.57239560055,
    "13": 145587.6227458079,
    "14": 216012.22487015763,
    "15": 94957.15763704795,
    "16": 57117.7264761297,
    "17": 71167.91507361099,
    "18": 141121.9640107624,
    "19": 104823.06213101164,
    "20": 85455.33794668662,
    "21": 126111.7061083186,
    "22": 67386.12998911434,
    "23": 296149.8393609747,
    "24": 214680.17276370816,
    "25": 145135.97058443402,
    "26": 588949.6537407334,
    "27": 53778.90562790764,
    "28": 234183.06041239543,
    "29": 234528.61931695836,
    "30": 258999.21037771035,
    "31": 85313.7847844474,
    "32": 226213.26008859766,
    "33": 24329.94482937635,
    "34": 197766.7206142136,
    "35": 63458.85039066494,
    "36": 273242.97211311234,
    "37": 227269.21266293805,
    "38": 252903.16974914353,
    "39": 536258.7570389837,
    "40": 442243.31991787,
    "41": 137935.2751838025,
    "42": 233257.71572603835,
    "43": 170321.3634358323,
    "44": 63256.55941379265,
    "45": 144452.96862477364,
    "46": 544619.254538525,
    "47": 35414.65257636593,
    "48": 121853.59160692386,
    "49": 121643.56279372911,
    "50": 654051.3451550642,
    "51": 138376.88590996852,
    "52": 259062.01284979816,
    "53": 84153.49474223462,
    "54": 124727.03844742452,
    "55": 123484.73750468333,
    "56": 40555.58398942077,
    "57": 204906.70896983065,
    "58": 21685.363391339368,
    "59": 44522.83979992966,
    "60": 137015.9548380966,
    "61": 51929.6014170725,
    "62": 47908.26162159609,
    "63": 91736.51816522016,
    "64": 53239.84155504064,
    "65": 80975.33307546412,
    "66": 113349.98951955176,
    "67": 114086.26441314716,
    "68": 40180.626837999065,
    "69": 91975.80622037956,
    "70": 83009.81332512364,
    "71": 231743.6913927146,
    "72": 74511.76829301809,
    "73": 25634.328536221892,
    "74": 166294.50561947352,
    "75": 242440.45995499182,
    "76": 37082.64576623851,
    "77": 341867.63157435233,
    "78": 89893.51097412189,
    "79": 309588.51310081646,
    "80": 11667.955505746104,
    "81": 62258.70322294103,
    "82": 312382.45766472386,
    "83": 127657.27376255703,
    "84": 59095.45798617162,
    "85": 448424.3489828066,
    "86": 265587.8689139564,
    "87": 137834.90546694974,
    "88": 241777.67951856824,
    "89": 179283.32632215467,
    "90": 39236.87894117462,
    "91": 289440.4294185256,
    "92": 100470.4281910393,
    "93": 94461.42383214344,
    "94": 253006.98624594344,
    "95": 107370.43171575757,
    "96": 350216.2270465831,
    "97": 401390.4537257445,
    "98": 186271.15044991235,
    "99": 65722.91480535839,
    "100": 136512.93166429934,
    "101": 73254.77350642241,
    "102": 359198.78564768203,
    "103": 198348.46098300937,
    "104": 392900.28483072476,
    "105": 143185.644055197,
    "106": 73431.25510178489,
    "107": 188207.70338453606,
    "108": 128777.78003390513,
    "109": 147796.0147638646,
    "110": 252853.35242418878,
    "111": 115584.81712118389,
    "112": 43277.09994485639,
    "113": 69501.3488616025,
    "114": 35862.694477338366,
    "115": 325251.4909492923,
    "116": 90373.43767153104,
    "117": 164583.71406598305,
    "118": 96059.73980517448,
    "119": 185930.63588256508,
    "120": 28247.10558360624,
    "121": 263392.1154913693,
    "122": 91706.24284349286,
    "123": 129242.45815882344,
    "124": 258066.19267309926,
    "125": 46424.32873055871,
    "126": 391018.9728025834,
    "127": 38695.649931664964,
    "128": 54755.62784688453,
    "129": 99977.35207733835,
    "130": 229139.64143723354,
    "131": 173702.53772900754,
    "132": 120385.51325627239,
    "133": 330556.1336578648,
    "134": 145371.26502318005,
    "135": 65267.555552397265,
    "136": 34812.42858988438,
    "137": 252588.20826600183,
    "138": 134276.74207529167,
    "139": 145168.17713060678,
    "140": 204538.02418036832,
    "141": 91754.09235271129,
    "142": 212188.52760698774,
    "143": 117527.65961378653,
    "144": 128731.76933530139,
    "145": 321698.6694435723,
    "146": 635645.5001650456,
    "147": 376857.1666629018,
    "148": 61685.44416587714,
    "149": 139411.50789710376,
    "150": 81600.07060559384,
    "151": 172594.44729886847,
    "152": 123508.2583705759,
    "153": 234775.92563929802,
    "154": 46729.35821092656,
    "155": 145332.23634581643,
    "156": 137534.5721934162,
    "157": 127564.23166083258,
    "158": 61700.63013653193,
    "159": 55135.96097076084,
    "160": 140709.4971641637,
    "161": 120248.24018578675,
    "162": 180208.16428783367,
    "163": 293363.4344438707,
    "164": 135140.72056696343,
    "165": 151144.8454861897,
    "166": 98711.60853056936,
    "167": 264453.4276649623,
    "168": 36231.14194473847,
    "169": 399970.37211788696,
    "170": 180535.0509890671,
    "171": 66703.71632951596,
    "172": 367460.68070743897,
    "173": 138264.15055881997,
    "174": 42228.7820449316,
    "175": 74834.11426030124,
    "176": 76444.91767064873,
    "177": 215838.10602869297,
    "178": 127966.58009410508,
    "179": 81285.2725628043,
    "180": 144593.75310257866,
    "181": 117565.97076182775,
    "182": 249138.05303025126,
    "183": 162822.91333979793,
    "184": 155175.7107773367,
    "185": 167886.07664051943,
    "186": 113178.6067445426,
    "187": 135093.6454934966,
    "188": 240813.9456171173,
    "189": 81116.97228600661,
    "190": 599315.4139622812,
    "191": 109332.75010659045,
    "192": 249358.36206799033,
    "193": 272370.3680318948,
    "194": 59007.648538400725,
    "195": 26129.599804017867,
    "196": 14036.950272290362,
    "197": 158820.22528339588,
    "198": 135298.5912263678,
    "199": 702024.1608483668,
    "200": 287307.5529770269,
    "201": 100041.53759578885,
    "202": 344776.2643911441,
    "203": 14744.047666378634,
    "204": 248291.5557568441,
    "205": 66506.39837532745,
    "206": 179987.28632836018,
    "207": 218032.79170085452,
    "208": 233685.24423535814,
    "209": 91370.65928243722,
    "210": 223600.47003484736,
    "211": 133835.9175769774,
    "212": 165483.863431561,
    "213": 83176.59359720463,
    "214": 200399.45417097915,
    "215": 210557.86461208502,
    "216": 86379.52292490662,
    "217": 295725.60512303095,
    "218": 150210.11431502065,
    "219": 142246.00842835347,
    "220": 45358.42406635777,
    "221": 207396.21989299692,
    "222": 170190.4874647309,
    "223": 642394.7964949232,
    "224": 57208.61624708515,
    "225": 149722.82304854752,
    "226": 18217.012515713188,
    "227": 610191.3468145053,
    "228": 209348.97082936036,
    "229": 147851.452039943,
    "230": 92537.80698898516,
    "231": 236382.04750442508,
    "232": 134225.2251541142,
    "233": 66298.78838791262,
    "234": 210633.81952072043,
    "235": 223036.43221150312,
    "236": 122792.99178605742,
    "237": 97984.1104613606,
    "238": 154347.81457750205,
    "239": 84300.79579090861,
    "240": 47957.36927857117,
    "241": 24847.073212720712,
    "242": 249383.74283016066,
    "243": 89379.44827704746,
    "244": 136084.98991985852,
    "245": 243790.29288313573,
    "246": 336966.33555068803,
    "247": 252336.3231722596,
    "248": 248490.78673345328,
    "249": 24751.385260963234,
    "250": 47371.78137868285,
    "251": 134420.7507420847,
    "252": 87131.65821864975,
    "253": 37081.472148209155,
    "254": 129877.9453029751,
    "255": 400378.7972225502,
    "256": 226744.47194020503,
    "257": 44732.18818560267,
    "258": 93251.89280437547,
    "259": 216912.13656733942,
    "260": 64123.07555257987,
    "261": 144994.61661599408,
    "262": 262012.23122513722,
    "263": 155866.57070047996,
    "264": 229086.6410607949,
    "265": 57303.17860028947,
    "266": 170258.85479726933,