{
    "1": 72519.2595266546,
    "2": 80324.60194154318,
    "3": 46154.97533010692,
    "4": 78985.74593483664,
    "5": 174302.20055956778,
    "6": 130296.22319615152,
    "7": 180723.55411243378,
    "8": 266443.88385044184,
    "9": 127476.62003460998,
    "10": 236785.05286195144,
    "11": 109210.53808647787,
    "12": 36468.853794255905,
    "13": 91807.08274893601,
    "14": 42501.03929435379,
    "15": 163717.20597069335,
    "16": 118615.5038441837,
    "17": 330561.1913259625,
    "18": 194799.47468724093,
    "19": 124484.5836002273,
    "20": 65854.78351704899,
    "21": 91951.24794765821,
    "22": 271442.60156625474,
    "23": 66799.51131794175,
    "24": 265601.4399361997,
    "25": 38276.4892035849,
    "26": 211578.29347385475,
    "27": 39464.853811590896,
    "28": 226163.27583648977,
    "29": 191479.85880403928,
    "30": 158083.21464633473,
    "31": 41615.940997931815,
    "32": 156507.89570038978,
    "33": 177893.4638065939,
    "34": 230697.71451960207,
    "35": 128165.64801062913,
    "36": 189019.26792909054,
    "37": 103808.8772222081,
    "38": 148022.005595882,
    "39": 73524.2508874706,
    "40": 247438.43631085497,
    "41": 301484.2337965384,
    "42": 245283.68219394915,
    "43": 528398.239043938,
    "44": 421809.75433691434,
    "45": 98086.6473706996,
    "46": 295253.21236213116,
    "47": 88898.33726774734,
    "48": 177252.8393014471,
    "49": 273883.76066038123,
    "50": 147575.2592132052,
    "51": 330997.57438074803,
    "52": 399882.6020097589,
    "53": 167648.75323962324,
    "54": 181352.6429973465,
    "55": 502769.8839755928,
    "56": 150519.00196705945,
    "57": 186871.33805471013,
    "58": 212649.61669340899,
    "59": 50156.05635289841,
    "60": 217197.12915746612,
    "61": 144633.2445532994,
    "62": 132794.96325165805,
    "63": 25523.655343817536,
    "64": 105017.88215658788,
    "65": 133501.8850979535,
    "66": 8146.405250661366,
    "67": 138161.11118783406,
    "68": 76124.7205716551,
    "69": 118681.09772272008,
    "70": 293426.06132725,
    "71": 444233.5672814577,
    "72": 147185.93872472426,
    "73": 164960.28718274858,
    "74": 269581.27169746405,
    "75": 82794.88769424292,
    "76": 124928.99856982612,
    "77": 16430.9253798725,
    "78": 57106.61249548425,
    "79": 101929.61877316203,
    "80": 69668.98465996799,
    "81": 108625.79518383858,
    "82": 96261.28202051767,
    "83": 178747.59571545038,
    "84": 75431.78812078189,
    "85": 171932.83026049865,
    "86": 85855.69843984171,
    "87": 140991.28401281126,
    "88": 195853.81163804416,
    "89": 131109.09788159307,
    "90": 254006.29258120654,
    "91": 39336.92620768985,
    "92": 551256.9921479343,
    "93": 205285.47359009896,
    "94": 196498.5884595463,
    "95": 138158.10170081697,
    "96": 142310.05451881947,
    "97": 140324.01895439826,
    "98": 249086.39811421465,
    "99": 57910.03555665214,
    "100": 248958.28279277828,
    "101": 133035.2974469174,
    "102": 174955.40898736945,
    "103": 113429.22352771739,
    "104": 84342.85185578844,
    "105": 127863.75178229621,
    "106": 375591.40788805264,
    "107": 162077.15634994325,
    "108": 165630.29489865995,
    "109": 183456.68342743348,
    "110": 204082.622507915,
    "111": 198364.28949248986,
    "112": 92973.59402504684,
    "113": 277604.3596166314,
    "114": 78990.33382862087,
    "115": 551294.6463834964,
    "116": 567938.7578814969,
    "117": 94182.77093013276,
    "118": 73103.41285533094,
    "119": 240699.9562001288,
    "120": 160767.7074653513,
    "121": 20396.83358059563,
    "122": 93071.76972388018,
    "123": 205330.4247026253,
    "124": 318423.64794081345,
    "125": 451163.5921888343,
    "126": 575732.405550889,
    "127": 235745.60017403934,
    "128": 307561.2179349613,
    "129": 351032.92592878826,
    "130": 70950.16177150152,
    "131": 46283.84471193362,
    "132": 54437.616291784,
    "133": 300025.45122942515,
    "134": 41910.30397852643,
    "135": 121570.55770155102,
    "136": 159332.9774499383,
    "137": 186271.47815748403,
    "138": 182523.02424196893,
    "139": 352899.1313096456,
    "140": 282440.2531999348,
    "141": 114555.66550993398,
    "142": 76865.03331688556,
    "143": 154451.51534540826,
    "144": 86854.89061931073,
    "145": 199635.483622754,
    "146": 271264.5605457734,
    "147": 95029.07468965623,
    "148": 98062.75287767626,
    "149": 233613.9057636545,
    "150": 109153.15739402143,
    "151": 213812.19274730742,
    "152": 317563.6279707478,
    "153": 233429.90723260885,
    "154": 330513.52467615646,
    "155": 182179.03886723562,
    "156": 154343.80777324742,
    "157": 227403.15709026877,
    "158": 39709.39948626914,
    "159": 203622.1021027662,
    "160": 251427.0562164729,
    "161": 127056.90487285916,
    "162": 381240.42335000564,
    "163": 239473.5553323422,
    "164": 44043.94307526158,
    "165": 130119.21733262925,
    "166": 303509.57851527527,
    "167": 80879.8687987128,
    "168": 310865.3834820443,
    "169": 16716.777415672972,
    "170": 130823.66297621024,
    "171": 65740.04741545465,
    "172": 159236.96913792336,
    "173": 152756.06552304645,
    "174": 39590.24248454038,
    "175": 20479.471564157782,
    "176": 135059.54895650526,
    "177": 177496.66519198962,
    "178": 171469.89887627633,
    "179": 101177.45724962972,
    "180": 655006.778396698,
    "181": 49665.804340744995,
    "182": 141011.2340478906,
    "183": 292628.41333188437,
    "184": 209204.47501042506,
    "185": 172391.18005482457,
    "186": 34475.08754337628,
    "187": 186845.58182935658,
    "188": 22593.15172039992,
    "189": 104322.1429707053,
    "190": 100888.11834865325,
    "191": 245032.82354829612,
    "192": 89379.75313252455,
    "193": 158733.79714663184,
    "194": 194426.23066169495,
    "195": 110058.95279718503,
    "196": 358322.315129146,
    "197": 94661.97516570745,
    "198": 133426.92018493437,
    "199": 106944.387057645,
    "200": 374207.53651337145,
    "201": 44824.85219165058,
    "202": 47360.35851404042,
    "203": 77498.31036434042,
    "204": 192850.08148169625,
    "205": 95974.86812010588,
    "206": 51062.08998109085,
    "207": 183258.63981642874,
    "208": 304665.31636425364,
    "209": 86363.09635005466,
    "210": 119502.22198148721,
    "211": 511218.8562613438,
    "212": 140625.17846719475,
    "213": 239099.40135025646,
    "214": 55767.2577229493,
    "215": 14363.893313020932,
    "216": 34160.0558119192,
    "217": 64205.60112439024,
    "218": 243804.67292723726,
    "219": 86805.221280277,
    "220": 56127.949216631154,
    "221": 133510.9656381013,
    "222": 226936.50990142493,
    "223": 88979.75398256743,
    "224": 132532.70908598043,
    "225": 237009.77197711763,
    "226": 58177.96073685566,
    "227": 299130.7265357191,
    "228": 174990.65277500782,
    "229": 126957.17983101551,
    "230": 43475.22622786775,
    "231": 102208.51594974604,
    "232": 243311.57365702532,
    "233": 85802.52003538513,
    "234": 245134.6098094348,
    "235": 106478.5154125851,
    "236": 389144.295738736,
    "237": 153600.39717009268,
    "238": 97137.56877358696,
    "239": 178431.38347091893,
    "240": 478904.75157637853,
    "241": 100720.5008147297,
    "242": 318803.777759002,
    "243": 259361.98911333564,
    "244": 220443.5173891515,
    "245": 44486.67939722141,
    "246": 274821.22527681227,
    "247": 155779.41870262197,
    "248": 168346.36869037262,
    "249": 79652.72558808196,
    "250": 267939.6671793065,
    "251": 242147.51311767256,
    "252": 159360.86018274544,
    "253": 59154.04090800932,
    "254": 63327.62401969624,
    "255": 145971.57456253175,
    "256": 125223.62915433937,
    "257": 448736.40971921815,
    "258": 18266.839443741876,
    "259": 151063.5076120141,
    "260": 222621.9027185426,
    "261": 50336.19610540625,
    "262": 122033.6811495109,
    "263": 151074.75656119495,
    "264": 171868.4995119562,
    "265": 187728.1156680154,
    "266": 110560.83210436482,