{
    "1": 31031.849934075166,
    "2": 176377.21797943622,
    "3": 90187.60225321315,
    "4": 224929.14439231978,
    "5": 110291.45065251051,
    "6": 91880.3105920316,
    "7": 296685.6082847588,
    "8": 293143.71706957946,
    "9": 155577.46275130752,
    "10": 99037.23129467563,
    "11": 432197.41198402015,
    "12": 172431.87404321664,
    "13": 25093.4520489368,
    "14": 146273.74489832492,
    "15": 235877.9114413818,
    "16": 133558.34318478993,
    "17": 111686.51521481879,
    "18": 186035.47349331662,
    "19": 95314.58854726965,
    "20": 50109.7977469047,
    "21": 101104.498145916,
    "22": 289162.9305542396,
    "23": 133814.8193404056,
    "24": 294074.8989039273,
    "25": 80337.2727473944,
    "26": 146008.19835685403,
    "27": 114873.32729418999,
    "28": 247128.49482813163,
    "29": 123770.6821488073,
    "30": 68758.50876139478,
    "31": 334196.32939437445,
    "32": 54596.43323582077,
    "33": 15924.42100240135,
    "34": 271528.3650940979,
    "35": 140217.82713923138,
    "36": 34088.979593898395,
    "37": 93103.45644866732,
    "38": 76403.89017328,
    "39": 218162.45326011165,
    "40": 37626.28111511953,
    "41": 169524.61033760654,
    "42": 187173.57847344116,
    "43": 274831.2200441066,
    "44": 303376.01032918575,
    "45": 84391.51114659505,
    "46": 322254.79386445554,
    "47": 291181.3867542648,
    "48": 286531.22545921535,
    "49": 45354.229975172544,
    "50": 204708.77941421643,
    "51": 111630.80582305508,
    "52": 55053.43382549813,
    "53": 70758.7216187007,
    "54": 66291.40930794168,
    "55": 75739.65043185574,
    "56": 83100.73491593065,
    "57": 195684.2490507443,
    "58": 198773.35379813187,
    "59": 191657.37895481783,
    "60": 230630.04486383978,
    "61": 105022.33353690313,
    "62": 213655.3062976161,
    "63": 49373.65346715811,
    "64": 36679.52612677737,
    "65": 512869.04190514534,
    "66": 186397.40894533598,
    "67": 257130.04278312382,
    "68": 17930.55840594189,
    "69": 271113.7792557994,
    "70": 106609.84594157242,
    "71": 152637.51933749096,
    "72": 40943.45772994675,
    "73": 507513.53271407925,
    "74": 93831.84979868578,
    "75": 229313.49997768263,
    "76": 18517.810874990624,
    "77": 215881.26137401603,
    "78": 102394.5388355046,
    "79": 251617.89355174976,
    "80": 38501.88692691457,
    "81": 68174.1090629933,
    "82": 100138.04330680732,
    "83": 132901.55907304038,
    "84": 36105.457462305225,
    "85": 404184.9202654709,
    "86": 140410.0961023694,
    "87": 139072.15307653238,
    "88": 71279.03423335524,
    "89": 41542.19154681638,
    "90": 39089.478131611075,
    "91": 169876.4070593257,
    "92": 115064.37836128903,
    "93": 122909.186797437,
    "94": 92995.47841888628,
    "95": 107375.35687389008,
    "96": 72902.6651036924,
    "97": 124042.0521377426,
    "98": 20156.649305865143,
    "99": 191926.89119253983,
    "100": 265549.6558509456,
    "101": 104169.77418126068,
    "102": 84989.84003718592,
    "103": 183090.73970673606,
    "104": 568789.3384726965,
    "105": 92142.07791733989,
    "106": 554050.8340557846,
    "107": 192677.8076714336,
    "108": 132530.36075461205,
    "109": 45998.88830841861,
    "110": 168691.66952764528,
    "111": 166549.29636746744,
    "112": 347375.7161799539,
    "113": 110840.82406383181,
    "114": 56095.17412471871,
    "115": 425984.2183005673,
    "116": 29844.113439422854,
    "117": 90649.12151582858,
    "118": 371131.0882970199,
    "119": 214703.79084106392,
    "120": 220361.75321163537,
    "121": 156302.9096654868,
    "122": 181420.89448273822,
    "123": 34400.21764941803,
    "124": 156323.5072565757,
    "125": 35538.5987745489,
    "126": 80395.31195506423,
    "127": 332697.92971859075,
    "128": 294955.7156565395,
    "129": 172964.12884038014,
    "130": 322566.7187495493,
    "131": 311016.2890950786,
    "132": 190917.7987369099,
    "133": 398005.95203555195,
    "134": 105271.64876505063,
    "135": 69154.95673497437,
    "136": 241033.13851907154,
    "137": 78998.76188378574,
    "138": 130028.22222046909,
    "139": 290771.15693543997,
    "140": 135860.03664805501,
    "141": 167998.1821312562,
    "142": 51723.88112337108,
    "143": 242146.90184770594,
    "144": 69315.57055784465,
    "145": 244403.25521447213,
    "146": 137399.38931396735,
    "147": 738957.0562935894,
    "148": 399641.8436757541,
    "149": 220433.2543387873,
    "150": 141316.59432001173,
    "151": 153839.2315548225,
    "152": 31931.692408275238,
    "153": 49115.67892568625,
    "154": 220473.02140541337,
    "155": 149034.8710841248,
    "156": 60246.68113924664,
    "157": 127650.26772032163,
    "158": 138010.37483707588,
    "159": 11999.866013195118,
    "160": 107593.44239950737,
    "161": 339873.41077357484,
    "162": 157944.0713449934,
    "163": 105133.93772925605,
    "164": 206258.81424604414,
    "165": 89526.61412339004,
    "166": 72100.00052090586,
    "167": 243171.13175876287,
    "168": 486018.8470729531,
    "169": 237859.4254866595,
    "170": 690163.2571043693,
    "171": 188107.71049302423,
    "172": 141690.80584908032,
    "173": 241276.98965409936,
    "174": 151769.10238948176,
    "175": 42997.315779812605,
    "176": 163106.62820307165,
    "177": 24271.55231871108,
    "178": 70758.15825289098,
    "179": 134271.1606620719,
    "180": 84539.85132377286,
    "181": 284398.983273893,
    "182": 116787.15245547527,
    "183": 107061.86225270039,
    "184": 194428.12637266223,
    "185": 87110.43122626064,
    "186": 103366.2617581203,
    "187": 448991.6222225527,
    "188": 54888.85281609773,
    "189": 265328.9432911902,
    "190": 71435.94491498875,
    "191": 214523.31238139461,
    "192": 105632.33425625713,
    "193": 233119.39049489694,
    "194": 81966.52153117715,
    "195": 236628.81246766503,
    "196": 139350.30385724446,
    "197": 411618.57049511845,
    "198": 200087.64115563486,
    "199": 112891.32196082368,
    "200": 234909.07881739808,
    "201": 50253.96286441639,
    "202": 286776.7740421983,
    "203": 194190.9050672173,
    "204": 252599.324525691,
    "205": 513578.5953577578,
    "206": 56831.07506109055,
    "207": 87437.08601160173,
    "208": 92156.72317568735,
    "209": 155835.6442779854,
    "210": 323674.3097525603,
    "211": 22013.88428499292,
    "212": 68417.21033471261,
    "213": 169016.13698154408,
    "214": 131005.31377036193,
    "215": 74170.43924256883,
    "216": 84934.7863997022,
    "217": 183486.77149287716,
    "218": 5431.655242602219,
    "219": 114491.21209536889,
    "220": 115108.59476297307,
    "221": 122019.02410850025,
    "222": 92759.51832791229,
    "223": 435709.4767990943,
    "224": 97634.69496899378,
    "225": 185359.6634762359,
    "226": 93589.0057725976,
    "227": 157821.84394999067,
    "228": 177318.0741276987,
    "229": 170279.4469124329,
    "230": 93765.51506217735,
    "231": 72916.73571101642,
    "232": 124483.42972473973,
    "233": 222821.92811162362,
    "234": 281336.7126154921,
    "235": 146928.57858577557,
    "236": 371736.3420487112,
    "237": 185750.65371609505,
    "238": 244352.3639407727,
    "239": 67481.72700263945,
    "240": 220575.70738225357,
    "241": 449072.6507660714,
    "242": 126304.02762841241,
    "243": 136506.29432875622,
    "244": 138657.09035419565,
    "245": 11812.641649752055,
    "246": 185224.32089378717,
    "247": 198252.9835391803,
    "248": 44734.94540180592,
    "249": 231933.9738325149,
    "250": 133471.43244807827,
    "251": 42730.84454644183,
    "252": 71850.01889937963,
    "253": 246882.47926980988,
    "254": 129787.75830834117,
    "255": 224046.64371278405,
    "256": 64884.96170274138,
    "257": 44373.941742744406,
    "258": 217759.4920284158,
    "259": 159323.74260945566,
    "260": 165671.50167160976,
    "261": 116357.42988019412,
    "262": 56402.02581198712,
    "263": 144507.1557966269,
    "264": 65922.11986276711,
    "265": 100660.53940062768,
    "266": 57607.47379682453,