time,obj
0.14236249999999995,167591.4555658619
0.1271962999999996,166385.00678590187
0.13588349999999982,202502.86124287665
0.1345928999999999,206942.63458885247
0.13834539999999995,154112.77995444927
