time,obj
0.18095980000000012,188497.85047446185
0.1717727,190359.33910086434
0.17223140000000026,210056.8924102517
0.16800190000000015,218883.2831609899
0.18132449999999967,172656.72033156687
