time,obj
0.3565211000000019,483939.2801090533
0.3811174000000008,464297.44132546394
0.3850598000000005,378280.2757682391
1.3041160000000005,471871.3968833389
0.3805993000000001,409404.4234649801
