obj,time,mip_gap
223111.33142122586,0.0014707999999998833,
