obj,time,mip_gap
238758.04088385403,0.0018327000000000204,
