obj,time,mip_gap
287360.46529403626,0.0014894999999999214,
