obj,time,mip_gap
451860.4328903835,0.0015151000000002135,
