obj,time,mip_gap
354179.33557382715,0.0011668000000000234,
