,Room1,Room2,Room3,Room4,Room5,Room6
Room1,0.0,0.0,0.0,0.0,0.0,0.0
Room2,0.20487311934069,0.0,0.0,0.0,0.0,0.0
Room3,0.20375021228071058,0.18110797848306673,0.0,0.0,0.0,0.0
Room4,0.15450771039597153,0.16864260676577233,0.14830946381306837,0.0,0.0,0.0
Room5,0.169435816342846,0.12177569859340638,0.0789751588145319,0.09983322708207903,0.0,0.0
Room6,0.13156822867933943,0.07193260229152665,0.048796814636597505,0.0801810366609397,0.09669317105017275,0.0
