,Room1,Room2,Room3,Room4,Room5,Room6
Room1,0.0,0.0,0.0,0.0,0.0,0.0
Room2,0.05759474170117547,0.0,0.0,0.0,0.0,0.0
Room3,0.023035829474833562,0.09104361377907952,0.0,0.0,0.0,0.0
Room4,0.0,0.003069053708439898,0.012486812073194999,0.0,0.0,0.0
Room5,0.0,0.0,0.0,0.01616161616161616,0.0,0.0
Room6,0.0,0.0,0.0,0.0,0.0,0.0
