,Room1,Room2,Room3,Room4,Room5,Room6
Room1,0.0,0.0,0.0,0.0,0.0,0.0
Room2,0.20582541134435894,0.0,0.0,0.0,0.0,0.0
Room3,0.1807364800149713,0.14601149233785682,0.0,0.0,0.0,0.0
Room4,0.14270533601358384,0.06862833766499007,0.07628343898897831,0.0,0.0,0.0
Room5,0.04089339835981058,0.011247218007924768,0.012367845527487611,0.03735032609522067,0.0,0.0
Room6,0.0,0.0,0.0,0.0,0.0,0.0
