,Room1,Room2,Room3,Room4,Room5,Room6
Room1,0.0,0.0,0.0,0.0,0.0,0.0
Room2,0.20852530006531617,0.0,0.0,0.0,0.0,0.0
Room3,0.18551141658532716,0.16664559393814407,0.0,0.0,0.0,0.0
Room4,0.09663133813118852,0.055717574370705306,0.06494810196316801,0.0,0.0,0.0
Room5,0.031862194521632484,0.022740184078526352,0.010562592762807233,0.028639189112373797,0.0,0.0
Room6,0.0,0.0,0.0,0.0,0.0,0.0
