,Room1,Room2,Room3,Room4,Room5,Room6
Room1,0.0,0.0,0.0,0.0,0.0,0.0
Room2,0.0592506720733821,0.0,0.0,0.0,0.0,0.0
Room3,0.02288285518117424,0.08958239252900524,0.0,0.0,0.0,0.0
Room4,0.001054481546572935,0.0028119507908611597,0.027707890849095685,0.0,0.0,0.0
Room5,0.0,0.0,0.0,0.008040201005025126,0.0,0.0
Room6,0.0,0.0,0.0,0.0,0.0,0.0
