,Room1,Room2,Room3,Room4,Room5,Room6
Room1,0.0,0.0,0.0,0.0,0.0,0.0
Room2,0.18003691491489077,0.0,0.0,0.0,0.0,0.0
Room3,0.1936930616169851,0.15369693952512367,0.0,0.0,0.0,0.0
Room4,0.1773242028850345,0.11653813319209357,0.1100246574616068,0.0,0.0,0.0
Room5,0.18064060118039324,0.1258686651174568,0.06493742399659204,0.08625098115579335,0.0,0.0
Room6,0.12799294416452056,0.10086872980959338,0.049424599798580784,0.05197896599015993,0.07628453196392704,0.0
