,Room1,Room2,Room3,Room4,Room5,Room6
Room1,0.0,0.0,0.0,0.0,0.0,0.0
Room2,0.24759528813502363,0.0,0.0,0.0,0.0,0.0
Room3,0.18489422765564284,0.17657984667878762,0.0,0.0,0.0,0.0
Room4,0.16267755746072546,0.14896167356612888,0.10748459225250173,0.0,0.0,0.0
Room5,0.15458522327159946,0.12142335584928406,0.0915256884980582,0.09113542870699745,0.0,0.0
Room6,0.11850120108264572,0.09877624878139694,0.07140490722990518,0.06378527895335935,0.08860246496364253,0.0
