,Room1,Room2,Room3,Room4,Room5,Room6
Room1,0.0,0.0,0.0,0.0,0.0,0.0
Room2,0.18809610573335994,0.0,0.0,0.0,0.0,0.0
Room3,0.1948888554029653,0.1708161276227335,0.0,0.0,0.0,0.0
Room4,0.16675396690307165,0.13673014847321258,0.10979845040712406,0.0,0.0,0.0
Room5,0.14309710758709665,0.1301730150887495,0.08398190629219435,0.08265506720899368,0.0,0.0
Room6,0.12259508759808022,0.0853440217451025,0.05244766852630674,0.07469559525070889,0.07335448123408214,0.0
