,Room1,Room2,Room3,Room4,Room5,Room6
Room1,0.0,0.0,0.0,0.0,0.0,0.0
Room2,0.21192633714157813,0.0,0.0,0.0,0.0,0.0
Room3,0.2039429589709662,0.1520129815343502,0.0,0.0,0.0,0.0
Room4,0.10239334511956162,0.06821579876353587,0.0688308442665561,0.0,0.0,0.0
Room5,0.024936392350058234,0.01929448879538671,0.018756246089149962,0.03431588588633778,0.0,0.0
Room6,0.0,0.0,0.0,0.0,0.0,0.0
