,Room1,Room2,Room3,Room4,Room5,Room6
Room1,0.0,0.0,0.0,0.0,0.0,0.0
Room2,0.05297120900186356,0.0,0.0,0.0,0.0,0.0
Room3,0.014340290833036586,0.08208873291284809,0.0,0.0,0.0,0.0
Room4,0.002557544757033248,0.006903412547923366,0.02643964417192455,0.0,0.0,0.0
Room5,0.0,0.0,0.0,0.010366522366522368,0.0,0.0
Room6,0.0,0.0,0.0,0.0,0.0,0.0
