,Room1,Room2,Room3,Room4,Room5,Room6
Room1,0.0,0.0,0.0,0.0,0.0,0.0
Room2,0.19291444176419362,0.0,0.0,0.0,0.0,0.0
Room3,0.2299575103560389,0.14817599168986212,0.0,0.0,0.0,0.0
Room4,0.1502472578371754,0.14225138423847178,0.10647147289863831,0.0,0.0,0.0
Room5,0.14317108754904628,0.11386964315027388,0.08340252065292791,0.10699283544499769,0.0,0.0
Room6,0.13383038615311535,0.08373986730077684,0.06922574323249311,0.049252684953494594,0.07685769189771739,0.0
