,Room1,Room2,Room3,Room4,Room5,Room6
Room1,0.0,0.0,0.0,0.0,0.0,0.0
Room2,0.19422928961644956,0.0,0.0,0.0,0.0,0.0
Room3,0.17636959014827028,0.14842486617045897,0.0,0.0,0.0,0.0
Room4,0.09253463315367319,0.08211745089510492,0.06967843563113661,0.0,0.0,0.0
Room5,0.016528510792381483,0.0133439820606498,0.023068134438445097,0.025323679558057956,0.0,0.0
Room6,0.0,0.0,0.0,0.0,0.0,0.0
