,Room1,Room2,Room3,Room4,Room5,Room6
Room1,0.0,0.0,0.0,0.0,0.0,0.0
Room2,0.2437552695927508,0.0,0.0,0.0,0.0,0.0
Room3,0.1810038528559293,0.16879042340133527,0.0,0.0,0.0,0.0
Room4,0.10639468440489712,0.07514536027929454,0.07962400975300249,0.0,0.0,0.0
Room5,0.03389377372277714,0.020552738407587066,0.012992101934474639,0.03277856049759083,0.0,0.0
Room6,0.0,0.0,0.0,0.0,0.0,0.0
