,Room1,Room2,Room3,Room4,Room5,Room6
Room1,0.0,0.0,0.0,0.0,0.0,0.0
Room2,0.051211633733127614,0.0,0.0,0.0,0.0,0.0
Room3,0.025261641819542612,0.06227563029352908,0.0,0.0,0.0,0.0
Room4,0.0014780628992975893,0.00799683979798024,0.027466023291039587,0.0,0.0,0.0
Room5,0.0,0.0,0.0,0.003908794788273615,0.0,0.0
Room6,0.0,0.0,0.0,0.0,0.0,0.0
