,Room1,Room2,Room3,Room4,Room5,Room6
Room1,0.0,0.0,0.0,0.0,0.0,0.0
Room2,0.17702498701023636,0.0,0.0,0.0,0.0,0.0
Room3,0.191374546414043,0.13859275201560467,0.0,0.0,0.0,0.0
Room4,0.12271264826473822,0.06659307249703575,0.07280356625822496,0.0,0.0,0.0
Room5,0.03159891080505415,0.005614479995753585,0.017204574193744614,0.03221621070627048,0.0,0.0
Room6,0.0,0.0,0.0,0.0,0.0,0.0
