,Room1,Room2,Room3,Room4,Room5,Room6
Room1,0.0,0.0,0.0,0.0,0.0,0.0
Room2,0.21550980227874744,0.0,0.0,0.0,0.0,0.0
Room3,0.17441736332758814,0.14494578321927848,0.0,0.0,0.0,0.0
Room4,0.12045880150770627,0.08754769863396998,0.06927001614904559,0.0,0.0,0.0
Room5,0.023212486725768113,0.010318643038429982,0.012444844055101888,0.03954463605663467,0.0,0.0
Room6,0.0,0.0,0.0,0.0,0.0,0.0
