,Room1,Room2,Room3,Room4,Room5,Room6
Room1,0.0,0.0,0.0,0.0,0.0,0.0
Room2,0.23968376037083178,0.0,0.0,0.0,0.0,0.0
Room3,0.19328262568704233,0.17115719836173734,0.0,0.0,0.0,0.0
Room4,0.08344686572739096,0.08615032204766716,0.10504308611236828,0.0,0.0,0.0
Room5,0.022092539735477527,0.024163256865192488,0.02175940652625286,0.024368080914306544,0.0,0.0
Room6,0.0,0.0,0.0,0.0,0.0,0.0
