,Room1,Room2,Room3,Room4,Room5,Room6
Room1,0.0,0.0,0.0,0.0,0.0,0.0
Room2,0.2160149455808102,0.0,0.0,0.0,0.0,0.0
Room3,0.1957542587396734,0.18543993862681837,0.0,0.0,0.0,0.0
Room4,0.16737055017930377,0.1375133934025231,0.10283015513300901,0.0,0.0,0.0
Room5,0.14323474521858218,0.1417672448638483,0.10479407385501723,0.08223968892897915,0.0,0.0
Room6,0.12576625768029537,0.07692260792841026,0.07445229583762787,0.07274525667020064,0.0992331571374986,0.0
