,Room1,Room2,Room3,Room4,Room5,Room6
Room1,0.0,0.0,0.0,0.0,0.0,0.0
Room2,0.05276922297344202,0.0,0.0,0.0,0.0,0.0
Room3,0.014950799204723846,0.07975271223148973,0.0,0.0,0.0,0.0
Room4,0.0,0.0014925373134328358,0.02460380533108482,0.0,0.0,0.0
Room5,0.0,0.0,0.0,0.0,0.0,0.0
Room6,0.0,0.0,0.0,0.0,0.0,0.0
