,Room1,Room2,Room3,Room4,Room5,Room6
Room1,0.0,0.0,0.0,0.0,0.0,0.0
Room2,0.06191388092159158,0.0,0.0,0.0,0.0,0.0
Room3,0.022724940108148763,0.045656016214853594,0.0,0.0,0.0,0.0
Room4,0.0006666666666666668,0.0020632603406326036,0.05236188714608264,0.0,0.0,0.0
Room5,0.0,0.0,0.0,0.0,0.0,0.0
Room6,0.0,0.0,0.0,0.0,0.0,0.0
