{
    "1": 139922.98273758838,
    "2": 86397.89986594244,
    "3": 87678.33807219523,
    "4": 5071.5151833717455,
    "5": 106749.54428367528,
    "6": 475840.60821099335,
    "7": 595138.1060080468,
    "8": 225464.4276411806,
    "9": 112789.6620136055,
    "10": 287486.42385933973,
    "11": 244021.5931791773,
    "12": 198251.51384458694,
    "13": 245158.0130965915,
    "14": 183747.94512720805,
    "15": 104918.26460563362,
    "16": 201162.82531828078,
    "17": 356328.47731950606,
    "18": 728326.8154049106,
    "19": 854870.011862286,
    "20": 29323.929662579532,
    "21": 195096.59883136343,
    "22": 426774.1851200009,
    "23": 85241.88050574857,
    "24": 724246.9101323591,
    "25": 146568.0901087863,
    "26": 233400.87479867344,
    "27": 334922.74283033784,
    "28": 203277.18409155213,
    "29": 66618.8501628207,
    "30": 262641.642376004,
    "31": 97034.47786595896,
    "32": 217759.68846351292,
    "33": 274391.5497065131,
    "34": 189148.29198732472,
    "35": 261332.69962650113,
    "36": 476818.4007389995,
    "37": 684046.9092690537,
    "38": 96599.8229905703,
    "39": 345611.1358689679,
    "40": 238414.85751490624,
    "41": 128572.28037245366,
    "42": 492461.67976425786,
    "43": 505785.1034272125,
    "44": 435177.5066406718,
    "45": 289804.6313352443,
    "46": 107441.7657176692,
    "47": 325718.2071244906,
    "48": 284661.10877886007,
    "49": 200533.7542707382,
    "50": 212522.07209161445,
    "51": 444739.92617978266,
    "52": 233900.60503837504,
    "53": 224886.71190057168,
    "54": 583909.4908876083,
    "55": 49007.03435703402,
    "56": 314791.3961945478,
    "57": 337844.1058641708,
    "58": 308368.18581175053,
    "59": 7671.60136786034,
    "60": 112747.60772809492,
    "61": 75119.4114688609,
    "62": 291124.0686953976,
    "63": 456798.30582822446,
    "64": 455576.7971520066,
    "65": 87381.60455164987,
    "66": 603066.9605844003,
    "67": 501648.7184250673,
    "68": 124229.1476097248,
    "69": 280150.8344516844,
    "70": 47468.5060776334,
    "71": 77500.33322470958,
    "72": 149140.14968416948,
    "73": 70237.09869502929,
    "74": 113631.45309824102,
    "75": 242442.28061666377,
    "76": 313385.1731273972,
    "77": 561326.0673591109,
    "78": 376804.61844902457,
    "79": 383623.7069418087,
    "80": 552045.0829678247,
    "81": 210836.7062199119,
    "82": 329116.15686748334,
    "83": 421048.1700596762,
    "84": 181840.90442771692,
    "85": 526324.364508831,
    "86": 287548.2207044324,
    "87": 166526.1740023351,
    "88": 776165.2639096042,
    "89": 309969.30028376734,
    "90": 108091.31415379053,
    "91": 198925.11840326386,
    "92": 140006.24614396621,
    "93": 344904.5920101029,
    "94": 170312.74742327826,
    "95": 606029.0699129874,
    "96": 349451.89506000024,
    "97": 206559.36203951944,
    "98": 787478.0528105147,
    "99": 280795.8054511127,
    "100": 293072.29612845083,
    "101": 338752.0983572721,
    "102": 238017.88120190325,
    "103": 995725.4244176825,
    "104": 82716.1504905141,
    "105": 33845.63136012526,
    "106": 350125.11226628564,
    "107": 224949.76068380006,
    "108": 82199.10880641722,
    "109": 89607.66738017678,
    "110": 44408.17062871568,
    "111": 337300.44356588245,
    "112": 99064.59944768254,
    "113": 218436.61651846164,
    "114": 1219620.0884841636,
    "115": 46347.75875693376,
    "116": 250317.3332373621,
    "117": 468014.0028931825,
    "118": 436132.96456034615,
    "119": 408254.4995104033,
    "120": 135234.24774410357,
    "121": 198826.84030253612,
    "122": 85542.97459708372,
    "123": 269691.87976348953,
    "124": 519681.0898421525,
    "125": 216850.29055262133,
    "126": 51454.04362654631,
    "127": 134508.3802652116,
    "128": 260062.3069578852,
    "129": 152609.32041441975,
    "130": 430419.4627329278,
    "131": 821267.127514909,
    "132": 621575.2330282985,
    "133": 239090.979195637,
    "134": 35054.491770824345,
    "135": 233194.40974488767,
    "136": 114201.36240618344,
    "137": 279779.1585388524,
    "138": 151523.3726804059,
    "139": 469919.1178546489,
    "140": 62411.01844607718,
    "141": 307927.36389975384,
    "142": 255667.93236260908,
    "143": 163732.5860560366,
    "144": 247228.18325692855,
    "145": 250658.64809636667,
    "146": 638439.014951089,
    "147": 935927.0832826137,
    "148": 95424.15597441776,
    "149": 104902.96914118074,
    "150": 175548.09082443736,
    "151": 249818.03891070082,
    "152": 687493.5270685,
    "153": 87382.66203341332,
    "154": 354289.518872281,
    "155": 332514.96525963506,
    "156": 181926.20709201254,
    "157": 206979.35056109706,
    "158": 797626.8002224327,
    "159": 394382.5486298287,
    "160": 530043.7627418727,
    "161": 385766.18239356944,
    "162": 500343.69369237963,
    "163": 187531.62752755487,
    "164": 410866.1710627645,
    "165": 68001.01350954894,
    "166": 445150.10624440655,
    "167": 252175.30763994204,
    "168": 171302.92242361704,
    "169": 272014.1034245437,
    "170": 224037.70204280937,
    "171": 291482.6509844123,
    "172": 230139.28684911903,
    "173": 514382.6953328489,
    "174": 339702.42779547797,
    "175": 255501.45579997625,
    "176": 239339.41780815923,
    "177": 409908.7704219142,
    "178": 507334.76272980403,
    "179": 400619.1209183408,
    "180": 307610.2896559767,
    "181": 170064.6722202187,
    "182": 43839.52324542166,
    "183": 208201.37680737927,
    "184": 580875.2314055483,
    "185": 171880.36571578172,
    "186": 232582.4661316887,
    "187": 96422.06258067187,
    "188": 36243.74569300476,
    "189": 153348.16412910636,
    "190": 589065.4040690428,
    "191": 167780.1608225954,
    "192": 101596.74603993857,
    "193": 171292.12121081946,
    "194": 89442.75963640948,
    "195": 386198.5542851123,
    "196": 368789.41877538286,
    "197": 497086.1280600299,
    "198": 370356.71031267045,
    "199": 396105.2996042066,
    "200": 527276.0753977916,
    "201": 348217.27056787483,
    "202": 562446.3235275182,
    "203": 311408.25838888495,
    "204": 379726.6593198298,
    "205": 97898.85348372985,
    "206": 99404.10265964839,
    "207": 325114.58365096897,
    "208": 118986.19530601044,
    "209": 765713.3600251789,
    "210": 394467.7956244421,
    "211": 74224.68330185916,
    "212": 98187.0398992092,
    "213": 248678.5465658005,
    "214": 524923.7342374852,
    "215": 244623.15388616335,
    "216": 298029.93884988636,
    "217": 239021.64579147846,
    "218": 271982.1919055765,
    "219": 73916.89219773909,
    "220": 608223.8136071899,
    "221": 250970.703354566,
    "222": 305439.1635009034,
    "223": 129201.93281098899,
    "224": 110539.25644130731,
    "225": 128361.48366471726,
    "226": 431784.96949232684,
    "227": 124885.48093378707,
    "228": 293243.59472261526,
    "229": 241703.2723678725,
    "230": 305612.0095478072,
    "231": 157494.1636449955,
    "232": 312799.81017610227,
    "233": 20926.050379209475,
    "234": 180625.14703671492,
    "235": 265853.6927833823,
    "236": 441855.1642434468,
    "237": 190075.7718043341,
    "238": 212299.00048717347,
    "239": 682979.2316595324,
    "240": 209712.83386380482,
    "241": 147635.9269636245,
    "242": 124638.52984905813,
    "243": 521157.15617539105,
    "244": 354147.5066676199,
    "245": 210102.55826720994,
    "246": 79427.51739473398,
    "247": 291720.84252129245,
    "248": 184370.4670504388,
    "249": 56372.337101296886,
    "250": 226451.15964433245,
    "251": 361895.46508613386,
    "252": 389227.42089503235,
    "253": 198841.20852822563,
    "254": 410779.85989037063,
    "255": 203575.84951998043,
    "256": 604091.1130834378,
    "257": 195965.65295313642,
    "258": 435230.3925682116,
    "259": 219792.11855171938,
    "260": 224323.42214436427,
    "261": 52708.56550280639,
    "262": 338290.44432725594,
    "263": 518484.0126154507,
    "264": 261249.1408477735,
    "265": 434667.98791405733,
    "266": 752459.3290910502,