{
    "1": 18317.607174598837,
    "2": 150133.4673147946,
    "3": 50297.61813591449,
    "4": 221189.51913968753,
    "5": 154785.4343459501,
    "6": 830322.6252812699,
    "7": 575297.2308472564,
    "8": 696482.9709969955,
    "9": 366977.80109589593,
    "10": 260209.74825168878,
    "11": 547940.0733475239,
    "12": 320655.4533711104,
    "13": 308741.2658095649,
    "14": 608782.3664988228,
    "15": 377494.2766097244,
    "16": 523823.7566410799,
    "17": 281417.859740503,
    "18": 128683.8259218481,
    "19": 369858.3558600694,
    "20": 193523.9701246668,
    "21": 136385.83487310348,
    "22": 58759.55439603814,
    "23": 255632.81683193444,
    "24": 118017.89646158506,
    "25": 337811.01266784855,
    "26": 111671.94483222795,
    "27": 305562.3325937647,
    "28": 278689.4393730314,
    "29": 196965.10774778746,
    "30": 45476.07002898298,
    "31": 231568.2889841099,
    "32": 265702.97177093127,
    "33": 104298.82255476911,
    "34": 197732.2326722996,
    "35": 522964.77866412024,
    "36": 418864.72494919464,
    "37": 68126.73562247155,
    "38": 316118.0302473794,
    "39": 115393.75610080191,
    "40": 372291.87732272426,
    "41": 268581.1465623144,
    "42": 242236.76688066506,
    "43": 56586.034207096476,
    "44": 496841.7781890125,
    "45": 64652.82419244872,
    "46": 274922.75154951686,
    "47": 208206.218272059,
    "48": 269741.8443815224,
    "49": 893658.450616711,
    "50": 387667.47310216783,
    "51": 576316.8135993957,
    "52": 316001.77037385077,
    "53": 147405.10988558078,
    "54": 193670.99613900186,
    "55": 133017.68673099502,
    "56": 77073.4429331986,
    "57": 376145.0128303474,
    "58": 388835.44054923824,
    "59": 210563.72829613765,
    "60": 334180.09106658265,
    "61": 482694.51643120375,
    "62": 376103.8494659848,
    "63": 550432.3904664638,
    "64": 86279.907648791,
    "65": 54543.034642391765,
    "66": 348403.62061825965,
    "67": 498255.8833039224,
    "68": 252051.19556857247,
    "69": 130104.85699263522,
    "70": 424830.98961090617,
    "71": 284502.6163787959,
    "72": 154708.39780515185,
    "73": 167700.41954820688,
    "74": 215380.79032030332,
    "75": 106324.51466292983,
    "76": 545050.3745718607,
    "77": 47712.58568350428,
    "78": 158583.34912465728,
    "79": 652585.2281105436,
    "80": 187379.2387515201,
    "81": 26467.89789725669,
    "82": 60658.262205889674,
    "83": 184905.55481464224,
    "84": 177902.37964517792,
    "85": 472568.05291850894,
    "86": 663205.2024062566,
    "87": 87708.60979707034,
    "88": 183276.87592379027,
    "89": 898494.2104944182,
    "90": 238609.96684273685,
    "91": 454769.0517671163,
    "92": 262992.5997564898,
    "93": 580605.0787184527,
    "94": 90651.84505831012,
    "95": 95135.93455325068,
    "96": 130134.4783712765,
    "97": 160247.68471759223,
    "98": 357635.98066048877,
    "99": 27969.50038818865,
    "100": 134731.9701664361,
    "101": 74660.52690530827,
    "102": 245195.18711088097,
    "103": 180311.3305208944,
    "104": 461418.29504839965,
    "105": 41217.27919282127,
    "106": 363683.832968869,
    "107": 253951.60098894231,
    "108": 201376.41794176438,
    "109": 87338.81005627628,
    "110": 336911.7225487517,
    "111": 148355.62816542215,
    "112": 123470.45743980173,
    "113": 410643.2933924976,
    "114": 502625.0957735803,
    "115": 300066.9259619141,
    "116": 239608.25659310276,
    "117": 313549.291007077,
    "118": 204788.67478424462,
    "119": 843092.499534925,
    "120": 216671.58944902342,
    "121": 200449.51192726745,
    "122": 347834.1731384561,
    "123": 298446.6948220327,
    "124": 323468.28669236496,
    "125": 244249.12863779964,
    "126": 184259.2139728867,
    "127": 210053.32344348036,
    "128": 20548.8651827688,
    "129": 148192.08546664176,
    "130": 214460.97931328753,
    "131": 171090.0108301934,
    "132": 172182.01643768206,
    "133": 118318.20182296331,
    "134": 133460.3598541797,
    "135": 535398.5009614403,
    "136": 133172.2359368498,
    "137": 459693.0971102324,
    "138": 575883.4492518625,
    "139": 298851.57755900576,
    "140": 437274.9422416636,
    "141": 488893.9685674313,
    "142": 156137.03270451503,
    "143": 290681.4852379335,
    "144": 337336.66940507054,
    "145": 106752.10940255765,
    "146": 80884.20086686003,
    "147": 153215.27969057034,
    "148": 161843.97542923628,
    "149": 175587.99718024395,
    "150": 232302.7460821074,
    "151": 599131.6524627735,
    "152": 172102.08344239363,
    "153": 403663.4964418511,
    "154": 106586.68294870925,
    "155": 93292.59443420665,
    "156": 327983.10337274394,
    "157": 84385.74696388913,
    "158": 336931.22919868457,
    "159": 154957.54474682486,
    "160": 189357.18513933496,
    "161": 626716.0807396938,
    "162": 459936.0493377187,
    "163": 327240.0015906955,
    "164": 706825.4949109906,
    "165": 132856.68833971483,
    "166": 225965.0815528549,
    "167": 665675.1759111163,
    "168": 678559.2006217245,
    "169": 95727.0721643132,
    "170": 403599.4696051918,
    "171": 139688.3527490404,
    "172": 381688.52124525566,
    "173": 302011.6839268247,
    "174": 210524.5976094319,
    "175": 125956.44864270288,
    "176": 182727.71301567988,
    "177": 255248.83366808353,
    "178": 183866.0488760813,
    "179": 122244.23953252484,
    "180": 205392.2134312311,
    "181": 490117.44347833644,
    "182": 76229.25959160601,
    "183": 390872.83573667274,
    "184": 153497.80420071929,
    "185": 511058.0288633713,
    "186": 118507.41888991705,
    "187": 121161.25642331276,
    "188": 280044.63730773306,
    "189": 493634.4251007081,
    "190": 139324.29712460592,
    "191": 285750.2402930072,
    "192": 406336.0849892354,
    "193": 441019.5532327406,
    "194": 733745.4518367815,
    "195": 434706.20180298755,
    "196": 338045.1223078265,
    "197": 179994.85125513794,
    "198": 517971.49513175205,
    "199": 391778.47764315037,
    "200": 290519.2088365967,
    "201": 67301.54761105315,
    "202": 269228.85669996653,
    "203": 422247.8195323158,
    "204": 70522.83661969223,
    "205": 416290.5925488392,
    "206": 794719.74297779,
    "207": 169023.5706171471,
    "208": 253672.02095901544,
    "209": 67887.14178752994,
    "210": 414055.10767853464,
    "211": 217200.04169218228,
    "212": 188614.6458887986,
    "213": 286051.06541928934,
    "214": 91253.25466375229,
    "215": 43111.70308182037,
    "216": 473958.83731837856,
    "217": 362492.13568047073,
    "218": 405099.86021173117,
    "219": 136476.56587209186,
    "220": 134173.81417020553,
    "221": 204976.98304840288,
    "222": 144943.90925264847,
    "223": 276225.8424215355,
    "224": 317710.0792103601,
    "225": 260115.17581650417,
    "226": 125286.42465286281,
    "227": 98148.3391981036,
    "228": 224657.2398690266,
    "229": 172381.1051859369,
    "230": 570257.8370356025,
    "231": 935794.2402158788,
    "232": 219612.100251362,
    "233": 106957.85849445894,
    "234": 662232.5806648233,
    "235": 178237.85352579455,
    "236": 146722.12796304922,
    "237": 382729.2888290148,
    "238": 491400.59627244045,
    "239": 549074.6641282911,
    "240": 330727.4459790226,
    "241": 297094.99789784907,
    "242": 673146.2473731817,
    "243": 202842.9999713084,
    "244": 156662.93785809033,
    "245": 299264.156761703,
    "246": 357622.96882430237,
    "247": 427782.4850361416,
    "248": 503658.89190873015,
    "249": 204589.14814093296,
    "250": 113567.85808378208,
    "251": 286418.50808024715,
    "252": 235610.84739482732,
    "253": 130717.55727002486,
    "254": 390802.5838086786,
    "255": 257244.24179332302,
    "256": 904959.855944699,
    "257": 366173.3573816917,
    "258": 288538.73997225787,
    "259": 276766.06133624434,
    "260": 322484.19473835896,
    "261": 861716.0668161897,
    "262": 196291.7367951882,
    "263": 116972.158931613,
    "264": 268991.4090423936,
    "265": 329271.9114775082,
    "266": 221207.808598143,