{
    "1": 117314.94172165434,
    "2": 476552.7142724433,
    "3": 98369.03870539312,
    "4": 251413.51912509932,
    "5": 122825.3847611732,
    "6": 880256.3730543812,
    "7": 444791.05104460893,
    "8": 171499.30568191028,
    "9": 40327.857110151985,
    "10": 254880.52668299785,
    "11": 327510.74331815564,
    "12": 295407.8253460624,
    "13": 328629.24533355195,
    "14": 171525.86319228273,
    "15": 703629.0565766481,
    "16": 358902.5625795737,
    "17": 109616.58469500959,
    "18": 203977.89080181633,
    "19": 138993.12838845493,
    "20": 79386.52005423223,
    "21": 114996.63813940682,
    "22": 101161.03582965315,
    "23": 420337.97117025545,
    "24": 180739.78467308765,
    "25": 135616.87225700976,
    "26": 440438.412177335,
    "27": 55511.081618290635,
    "28": 173900.56438497046,
    "29": 713829.8852823429,
    "30": 143294.5246659375,
    "31": 381137.0402713541,
    "32": 117620.05041832807,
    "33": 365414.81873974425,
    "34": 165336.9915286004,
    "35": 232607.32548217644,
    "36": 158799.86000199243,
    "37": 75438.90463981016,
    "38": 599997.812504038,
    "39": 72531.40410273662,
    "40": 24520.33402718261,
    "41": 216428.256768638,
    "42": 89095.45626847929,
    "43": 305987.105620717,
    "44": 866625.1776386056,
    "45": 236361.1180625403,
    "46": 165579.93594823507,
    "47": 153271.9143072841,
    "48": 145537.50729203806,
    "49": 111695.79208459839,
    "50": 10593.711200800904,
    "51": 132397.13466616083,
    "52": 861410.702097612,
    "53": 170412.65561282844,
    "54": 258061.30589144863,
    "55": 324134.7083548007,
    "56": 194153.3914666008,
    "57": 47277.51798887117,
    "58": 295210.91814166814,
    "59": 159904.41949316213,
    "60": 484146.54767229856,
    "61": 68555.92240812868,
    "62": 183620.3584649166,
    "63": 534593.3250710597,
    "64": 438956.6974476082,
    "65": 316151.43395670137,
    "66": 56520.44924439554,
    "67": 231427.58003142566,
    "68": 449768.32070354675,
    "69": 244661.06800245136,
    "70": 260626.16428421703,
    "71": 325414.59941799106,
    "72": 49768.81058505439,
    "73": 221668.9980163109,
    "74": 160534.75998869282,
    "75": 162088.27458956087,
    "76": 193222.6508108113,
    "77": 189081.39430222905,
    "78": 546838.3277795906,
    "79": 28903.960599226535,
    "80": 416030.2801353806,
    "81": 142634.16658262207,
    "82": 547633.6755002388,
    "83": 872846.9175515447,
    "84": 531986.171041469,
    "85": 296983.00289128907,
    "86": 356684.4494774843,
    "87": 62357.51304102701,
    "88": 203614.31278440726,
    "89": 212267.89830479724,
    "90": 69007.71098641476,
    "91": 110521.4867728368,
    "92": 420426.773048682,
    "93": 527840.1378772713,
    "94": 374473.054150712,
    "95": 266784.67479780654,
    "96": 357871.8460794808,
    "97": 218742.06935186734,
    "98": 131173.54644954778,
    "99": 212097.21132001182,
    "100": 765680.5552599266,
    "101": 569334.3562493976,
    "102": 152321.76121872655,
    "103": 378646.67031497,
    "104": 80946.23010067405,
    "105": 578643.4471310781,
    "106": 241086.0456269902,
    "107": 51673.78319530396,
    "108": 345114.32185324613,
    "109": 662940.8237996353,
    "110": 364648.29191757174,
    "111": 191613.3032442897,
    "112": 196180.27408072358,
    "113": 497505.38626630686,
    "114": 26788.532813527327,
    "115": 174782.27237151616,
    "116": 207387.34064609543,
    "117": 221197.18791011604,
    "118": 122566.65859975146,
    "119": 60061.61213090516,
    "120": 122270.99709164025,
    "121": 93968.05794780367,
    "122": 249277.27932531995,
    "123": 244372.56089560807,
    "124": 72667.1220418905,
    "125": 104624.11869607776,
    "126": 93174.74553032233,
    "127": 330326.42737734964,
    "128": 146232.21606970928,
    "129": 236294.58375766082,
    "130": 296424.1336155291,
    "131": 378772.0430441886,
    "132": 246146.4493290293,
    "133": 417351.3619310325,
    "134": 486279.9789384873,
    "135": 241511.35104857842,
    "136": 424721.75971931696,
    "137": 61847.25407743777,
    "138": 253808.8509872028,
    "139": 684805.7403086805,
    "140": 232723.16637804205,
    "141": 550551.2743791095,
    "142": 141352.19937517704,
    "143": 18378.682645474757,
    "144": 83270.42838558834,
    "145": 189904.2093839714,
    "146": 838895.1997428259,
    "147": 26900.29152700289,
    "148": 838922.3848510328,
    "149": 410454.9254162473,
    "150": 241877.1626927339,
    "151": 199698.3443815694,
    "152": 123279.41883865063,
    "153": 196258.7569887419,
    "154": 390806.6979874958,
    "155": 111545.62720030645,
    "156": 133236.12644379796,
    "157": 137537.67628269191,
    "158": 262184.1835536736,
    "159": 324231.02695873973,
    "160": 553524.4727891396,
    "161": 230781.81508174795,
    "162": 221555.0113491733,
    "163": 56748.68963957587,
    "164": 143469.3148499139,
    "165": 110682.8782684296,
    "166": 73023.46194650778,
    "167": 205193.28705466073,
    "168": 274023.2732723958,
    "169": 655304.8520149534,
    "170": 307176.2366080804,
    "171": 224030.9628907454,
    "172": 101130.48166181443,
    "173": 448703.1828330398,
    "174": 113752.3990933682,
    "175": 580290.8975425053,
    "176": 38751.81981663702,
    "177": 204653.1138854386,
    "178": 91435.97296731551,
    "179": 180301.3299998332,
    "180": 531526.8933848989,
    "181": 71893.13606490915,
    "182": 111105.24793596948,
    "183": 600267.6577674611,
    "184": 197791.75773806273,
    "185": 64650.541237842364,
    "186": 396791.49578927725,
    "187": 243869.5068285066,
    "188": 105386.31230713967,
    "189": 517185.901300708,
    "190": 124884.66548544074,
    "191": 580626.7893868842,
    "192": 138633.64680449426,
    "193": 278410.7277551094,
    "194": 202906.2548126685,
    "195": 380027.0152864909,
    "196": 21277.046990324507,
    "197": 48781.40211011475,
    "198": 348284.9530142705,
    "199": 137742.04104470855,
    "200": 425283.48964807915,
    "201": 340529.54779595707,
    "202": 430769.8498254429,
    "203": 326874.8246659637,
    "204": 154325.73815801597,
    "205": 197516.78459053065,
    "206": 435216.43545029627,
    "207": 221322.9122545363,
    "208": 637415.3390538137,
    "209": 266045.5026762787,
    "210": 287482.20256231475,
    "211": 135051.39219264808,
    "212": 64003.240325156774,
    "213": 280523.594418125,
    "214": 380069.7867277238,
    "215": 51748.88532676499,
    "216": 295655.6033166635,
    "217": 210277.35734146857,
    "218": 351840.3703111441,
    "219": 147351.44471448028,
    "220": 194145.107524998,
    "221": 158986.98370740042,
    "222": 435977.0618810332,
    "223": 425300.85111362813,
    "224": 229438.77007460964,
    "225": 404765.78769428283,
    "226": 108894.98325286373,
    "227": 172497.02162495902,
    "228": 268987.5340420288,
    "229": 454964.2812558491,
    "230": 162705.55166003117,
    "231": 212768.5348503259,
    "232": 89663.7593633286,
    "233": 95799.79593767883,
    "234": 290065.6225582901,
    "235": 91558.3340264846,
    "236": 138437.42398249888,
    "237": 1280761.8689617035,
    "238": 138564.48562039636,
    "239": 188525.5935049564,
    "240": 248091.02042550745,
    "241": 349334.658437317,
    "242": 336888.4451271351,
    "243": 275657.8236664453,
    "244": 409200.0972700596,
    "245": 199773.5785795152,
    "246": 246431.4453747496,
    "247": 282109.5988180975,
    "248": 335091.77751970553,
    "249": 319708.12095089915,
    "250": 223207.20983588975,
    "251": 205327.54931431223,
    "252": 137745.5369497654,
    "253": 30090.24356045088,
    "254": 235761.70546102978,
    "255": 70022.46515754974,
    "256": 490913.16141701466,
    "257": 376331.70411476155,
    "258": 50054.82631923119,
    "259": 263463.4760186907,
    "260": 220642.09131150463,
    "261": 278745.7869468063,
    "262": 341509.8955137852,
    "263": 570842.8420009894,
    "264": 179202.08477076679,
    "265": 161773.3060139766,
    "266": 316220.6952252278,