{
    "1": 309148.6886069845,
    "2": 319424.726647081,
    "3": 257417.62576666175,
    "4": 336531.06181164307,
    "5": 93740.33738979565,
    "6": 62901.29636257329,
    "7": 296240.92849049665,
    "8": 145106.7054731476,
    "9": 555480.587636959,
    "10": 536808.4563678456,
    "11": 215142.87501994966,
    "12": 354825.57771964534,
    "13": 487695.9542201612,
    "14": 196121.9723599786,
    "15": 190689.17915427798,
    "16": 647593.5596526444,
    "17": 151794.07142667606,
    "18": 487066.5922927594,
    "19": 626710.563211113,
    "20": 282928.9962699871,
    "21": 329209.92000307626,
    "22": 293420.06066640123,
    "23": 175659.81093216332,
    "24": 260417.4331636994,
    "25": 205048.4259199882,
    "26": 99447.12081367159,
    "27": 112515.87277837798,
    "28": 18889.684522101743,
    "29": 249483.8315972101,
    "30": 109101.15389745151,
    "31": 660051.0893975183,
    "32": 648378.8582181531,
    "33": 198558.82300145866,
    "34": 259464.21743071193,
    "35": 27119.937870436876,
    "36": 171983.0068722725,
    "37": 133120.2481836404,
    "38": 261828.23823089394,
    "39": 24455.420342854042,
    "40": 177539.13494641264,
    "41": 119899.10003216207,
    "42": 91629.16408868584,
    "43": 281325.6568528644,
    "44": 141141.7836277739,
    "45": 113287.93171691407,
    "46": 288483.61235493276,
    "47": 111028.827947932,
    "48": 143705.39030067032,
    "49": 659859.5870525402,
    "50": 208271.0909254072,
    "51": 265865.856093352,
    "52": 213542.56021773064,
    "53": 507808.163736201,
    "54": 173795.71865153464,
    "55": 295550.40842859825,
    "56": 63538.46795215827,
    "57": 436743.6234030099,
    "58": 418350.9047335938,
    "59": 170879.47078421447,
    "60": 362539.539174484,
    "61": 334729.9137355386,
    "62": 107161.75398743882,
    "63": 335221.15119801625,
    "64": 328522.7650461015,
    "65": 435805.77876479103,
    "66": 410757.96051047114,
    "67": 348626.34225917613,
    "68": 49322.1132588833,
    "69": 734507.7254857577,
    "70": 303374.58447479096,
    "71": 78974.60451192898,
    "72": 183085.1261446881,
    "73": 355042.5635506329,
    "74": 986541.2596482364,
    "75": 217923.06732671143,
    "76": 211532.52623290676,
    "77": 125410.78211293646,
    "78": 271344.84057770635,
    "79": 283665.84884541517,
    "80": 87398.96917434424,
    "81": 65532.385637127976,
    "82": 184787.80953216786,
    "83": 231519.99704710708,
    "84": 47930.43850386887,
    "85": 221413.0709712345,
    "86": 170691.8738401682,
    "87": 1113074.7653797816,
    "88": 84205.61009655651,
    "89": 751894.2692677509,
    "90": 66128.62992664352,
    "91": 234553.68540815308,
    "92": 285232.4471439669,
    "93": 60934.71895815685,
    "94": 324236.5275608763,
    "95": 481748.75091293943,
    "96": 805488.8160421473,
    "97": 395087.8431824698,
    "98": 95263.73268895996,
    "99": 29364.550593138894,
    "100": 409411.2029535002,
    "101": 189741.7291307069,
    "102": 154984.72442188428,
    "103": 161005.8735871938,
    "104": 345837.0399335225,
    "105": 249588.6132244508,
    "106": 119736.76559950373,
    "107": 299866.37689062493,
    "108": 72978.99175537005,
    "109": 486464.7751947373,
    "110": 254951.69983504785,
    "111": 324152.809483717,
    "112": 269989.36609576305,
    "113": 189616.08573247286,
    "114": 668799.1340768703,
    "115": 632306.4361300233,
    "116": 187033.15680216238,
    "117": 105484.24126336674,
    "118": 270672.7440198016,
    "119": 246577.94012448154,
    "120": 204413.1234898712,
    "121": 195616.00978191316,
    "122": 344832.2252010367,
    "123": 112314.21430694513,
    "124": 39091.270530189235,
    "125": 180866.6704161689,
    "126": 192305.04738334817,
    "127": 90488.25260141848,
    "128": 126652.66512272492,
    "129": 490552.07625806174,
    "130": 594065.3207426466,
    "131": 148169.29945139049,
    "132": 107272.65188348788,
    "133": 154365.52693456088,
    "134": 48332.605321829236,
    "135": 366367.90260848013,
    "136": 210759.93784052154,
    "137": 40679.51782335643,
    "138": 260844.83122140024,
    "139": 521578.0723271586,
    "140": 276281.8591187552,
    "141": 189177.649712736,
    "142": 16589.419463662365,
    "143": 263009.0137614892,
    "144": 377616.1477610882,
    "145": 463068.19515390426,
    "146": 167801.48609511845,
    "147": 445227.2062448444,
    "148": 280789.509646961,
    "149": 430649.59348718193,
    "150": 74953.40996821316,
    "151": 301535.49228919705,
    "152": 172059.99086738966,
    "153": 191732.5394538403,
    "154": 704686.0966003857,
    "155": 244659.08433560425,
    "156": 289191.6796133793,
    "157": 271569.6652733734,
    "158": 129442.81024085199,
    "159": 649055.765814723,
    "160": 441861.58510339615,
    "161": 240689.53935420013,
    "162": 194885.13847671504,
    "163": 161575.03000908345,
    "164": 470804.37429296563,
    "165": 678286.2253299276,
    "166": 86323.95592286436,
    "167": 629975.1492374404,
    "168": 134841.55290634674,
    "169": 17329.859097123517,
    "170": 203322.82402265718,
    "171": 200938.07780250697,
    "172": 161167.24522412347,
    "173": 332369.7875860462,
    "174": 112363.51435454628,
    "175": 241831.5615549035,
    "176": 790487.336688833,
    "177": 158491.3790087524,
    "178": 144426.50578287285,
    "179": 898641.5576289447,
    "180": 122512.93221564963,
    "181": 208898.59026374973,
    "182": 357799.10755281313,
    "183": 126662.72493643705,
    "184": 302662.6720882288,
    "185": 62361.849630552926,
    "186": 267746.5676524228,
    "187": 297800.50402209174,
    "188": 124103.89676245749,
    "189": 16143.764180693459,
    "190": 265206.52072109794,
    "191": 683476.0956839913,
    "192": 560754.5104390713,
    "193": 128294.8364197475,
    "194": 184937.28434376436,
    "195": 353378.0263107092,
    "196": 635163.4209329817,
    "197": 224825.87027869615,
    "198": 661956.4282503569,
    "199": 214991.1799907028,
    "200": 173028.91098232428,
    "201": 478187.26542806777,
    "202": 105750.64434786592,
    "203": 825960.3868521444,
    "204": 773279.1755009613,
    "205": 554543.8607204771,
    "206": 81373.86742927582,
    "207": 115840.04896043648,
    "208": 384306.9970408006,
    "209": 394533.7117089461,
    "210": 432581.8619241028,
    "211": 282617.0083914416,
    "212": 171086.36415503456,
    "213": 22450.30134576857,
    "214": 359865.8374912246,
    "215": 84866.86685449404,
    "216": 448057.4454611958,
    "217": 132775.53946476182,
    "218": 185222.02437481555,
    "219": 821823.9731623502,
    "220": 292462.98240533564,
    "221": 100048.61072754441,
    "222": 410564.7923932513,
    "223": 25571.769333095206,
    "224": 522444.1812266843,
    "225": 56899.938378809726,
    "226": 701182.2892465412,
    "227": 279505.2014248263,
    "228": 217418.03575179947,
    "229": 271249.05643889593,
    "230": 464166.92924662324,
    "231": 450411.402470774,
    "232": 274085.0962349666,
    "233": 101783.91183916731,
    "234": 245191.85602602,
    "235": 83920.39690192451,
    "236": 141311.5999374519,
    "237": 112722.01499414777,
    "238": 603667.0919740298,
    "239": 126789.42312637427,
    "240": 23684.573531909387,
    "241": 231445.08658756668,
    "242": 275459.0362910199,
    "243": 162608.17349374463,
    "244": 249803.7886634765,
    "245": 302890.19069859484,
    "246": 216204.25870918087,
    "247": 321164.80351398635,
    "248": 470134.5630913008,
    "249": 223901.33369763874,
    "250": 142397.09282311087,
    "251": 451250.73380430724,
    "252": 539212.4684183525,
    "253": 401479.58407899394,
    "254": 755956.3938330078,
    "255": 158440.87733697443,
    "256": 295993.54037659115,
    "257": 23935.553536927346,
    "258": 75434.3296198451,
    "259": 637936.470087292,
    "260": 402499.0665706535,
    "261": 391817.6906546062,
    "262": 194886.15860672816,
    "263": 996272.6867320174,
    "264": 328113.22937332356,
    "265": 704046.6106211444,
    "266": 305653.20446829,