{
    "1": 620091.0717450343,
    "2": 175028.67689915394,
    "3": 148698.29899893605,
    "4": 138007.40744378918,
    "5": 325559.345813604,
    "6": 311230.53178165795,
    "7": 193646.21613224517,
    "8": 12788.754463741245,
    "9": 146982.58003788098,
    "10": 466531.0842527168,
    "11": 82375.87100435252,
    "12": 266958.11276565003,
    "13": 174969.25080593073,
    "14": 86562.65393237515,
    "15": 77924.95366705391,
    "16": 474129.5526176251,
    "17": 280366.92840845324,
    "18": 429613.0310493293,
    "19": 545910.0030263284,
    "20": 228487.498940864,
    "21": 614898.7300312829,
    "22": 237166.13935216854,
    "23": 211932.25742769334,
    "24": 354677.7651981472,
    "25": 422708.62144271657,
    "26": 419301.7117548349,
    "27": 505941.98828500323,
    "28": 419275.9430223683,
    "29": 554758.6655764199,
    "30": 170828.93949685592,
    "31": 121418.81413266799,
    "32": 311518.2447182524,
    "33": 135102.83899189002,
    "34": 292305.8571579969,
    "35": 510078.8249333626,
    "36": 480196.05465253093,
    "37": 218180.85021808217,
    "38": 342248.7909972907,
    "39": 166531.47261336705,
    "40": 217279.79711225146,
    "41": 167386.92581391628,
    "42": 143729.51229944947,
    "43": 169106.16751393408,
    "44": 78450.23216076843,
    "45": 57073.45703110919,
    "46": 400959.6527951095,
    "47": 38281.40448678332,
    "48": 247023.83274830278,
    "49": 148901.350231831,
    "50": 483853.288337671,
    "51": 386732.21294402884,
    "52": 65394.662358824644,
    "53": 434447.7983328325,
    "54": 272089.87692044134,
    "55": 623599.5175892849,
    "56": 30642.97397720879,
    "57": 66582.90439522188,
    "58": 54104.32584119229,
    "59": 37785.17885681415,
    "60": 101899.41366343564,
    "61": 197910.128013121,
    "62": 162634.64432563112,
    "63": 581565.6303272239,
    "64": 335687.09946637345,
    "65": 206946.10728306437,
    "66": 57314.47028936926,
    "67": 100490.99086431404,
    "68": 834531.916278829,
    "69": 112722.75912077642,
    "70": 260789.55769857098,
    "71": 292103.13696884684,
    "72": 61016.57133697507,
    "73": 587774.1969561838,
    "74": 86072.4532157907,
    "75": 178450.36739017867,
    "76": 550805.3803354369,
    "77": 90639.71706660368,
    "78": 405877.652656619,
    "79": 298982.5351072232,
    "80": 319758.63050448877,
    "81": 173639.60348514988,
    "82": 575446.3980361654,
    "83": 40639.416881973615,
    "84": 212002.53462591127,
    "85": 184918.20738458436,
    "86": 770804.4900623831,
    "87": 289199.4556586496,
    "88": 356915.47752510186,
    "89": 588245.3168343364,
    "90": 554095.5469124941,
    "91": 262435.202171163,
    "92": 409275.7779408764,
    "93": 273399.37044075073,
    "94": 238938.30108955767,
    "95": 122204.96264481981,
    "96": 240680.55600329975,
    "97": 269381.1258546221,
    "98": 164612.5120194064,
    "99": 144446.43216788204,
    "100": 288415.6056796995,
    "101": 236633.28509315863,
    "102": 162846.9665891568,
    "103": 571820.3128664312,
    "104": 553775.2381155491,
    "105": 219905.94587020084,
    "106": 123034.28393123056,
    "107": 517032.43582483986,
    "108": 630807.1029007669,
    "109": 196253.45997888688,
    "110": 140798.53284138086,
    "111": 459778.8058320149,
    "112": 79368.44635527296,
    "113": 354705.30604262254,
    "114": 85329.84862839428,
    "115": 187493.8800542274,
    "116": 550896.7902362379,
    "117": 226905.9128388842,
    "118": 193802.66522254705,
    "119": 719845.7604544875,
    "120": 406879.12790868245,
    "121": 290885.672134347,
    "122": 500594.8911904943,
    "123": 134952.51328137438,
    "124": 55725.676744975644,
    "125": 358958.05025069066,
    "126": 187448.083256055,
    "127": 567061.0201028993,
    "128": 47036.663353907694,
    "129": 269333.1458441066,
    "130": 251034.3395182379,
    "131": 182295.11878597538,
    "132": 118950.77117443603,
    "133": 203548.5652929528,
    "134": 299516.6607417462,
    "135": 701880.2193929183,
    "136": 110269.73805979661,
    "137": 121811.86557998322,
    "138": 722996.8592111588,
    "139": 302686.87292113056,
    "140": 324755.6500089157,
    "141": 162374.12429852408,
    "142": 339618.0926769294,
    "143": 118320.65811410705,
    "144": 222903.6472587869,
    "145": 351910.64684713626,
    "146": 309108.43821949285,
    "147": 236994.58318903873,
    "148": 21507.085205678257,
    "149": 220315.43259156626,
    "150": 301834.3102032663,
    "151": 314441.98029006826,
    "152": 292346.20586696494,
    "153": 315243.705664197,
    "154": 464986.35461075115,
    "155": 23399.719244924403,
    "156": 178223.07004050675,
    "157": 394920.2752532026,
    "158": 41689.68887764433,
    "159": 136780.32258615343,
    "160": 91305.40245451122,
    "161": 104142.30584932522,
    "162": 99593.06633296785,
    "163": 54100.400458035256,
    "164": 191295.7539724077,
    "165": 424663.79707767826,
    "166": 578238.5392492905,
    "167": 82902.88302777719,
    "168": 549194.4719198556,
    "169": 379213.12682881916,
    "170": 53031.84899962241,
    "171": 272335.04935456254,
    "172": 294265.4997195957,
    "173": 520785.3496687974,
    "174": 183811.91244245492,
    "175": 397650.81416664086,
    "176": 339403.18813570886,
    "177": 592370.3479725105,
    "178": 212794.59640427635,
    "179": 404380.41454990144,
    "180": 328770.6691040613,
    "181": 342958.25227301306,
    "182": 245073.14253028296,
    "183": 149137.53415268648,
    "184": 292990.4052653102,
    "185": 229688.95943388288,
    "186": 162697.50336848962,
    "187": 144751.57227142007,
    "188": 430708.42275315925,
    "189": 85896.47779234318,
    "190": 93296.0205835341,
    "191": 128162.5134658313,
    "192": 617333.4820305742,
    "193": 200375.1260308354,
    "194": 99024.97931800058,
    "195": 373660.42426121904,
    "196": 340252.69327825174,
    "197": 320897.9744484808,
    "198": 393709.028813269,
    "199": 300338.75927414914,
    "200": 322963.8042231269,
    "201": 395923.98588304094,
    "202": 289615.31848424295,
    "203": 394963.5182649315,
    "204": 284188.6364306433,
    "205": 279454.75060637906,
    "206": 498966.023346845,
    "207": 338327.9544037244,
    "208": 974093.4119132012,
    "209": 994534.8844013623,
    "210": 61084.93722831434,
    "211": 217367.87977281824,
    "212": 329871.95945535204,
    "213": 576754.8637699716,
    "214": 218575.21497339176,
    "215": 234487.9068564946,
    "216": 233293.79089938884,
    "217": 185139.24860450902,
    "218": 57595.02704067906,
    "219": 232940.95468072762,
    "220": 416195.77676584903,
    "221": 145994.63065453098,
    "222": 74415.1336340838,
    "223": 384063.6894860316,
    "224": 498134.08819092985,
    "225": 500813.956551281,
    "226": 285366.4611797912,
    "227": 157114.3220132617,
    "228": 329914.31207591674,
    "229": 177589.97404665843,
    "230": 183845.9035914528,
    "231": 287376.6674391346,
    "232": 40681.33985857239,
    "233": 193749.44252582712,
    "234": 56669.385705670546,
    "235": 96177.72117782856,
    "236": 300967.3598744128,
    "237": 171447.69315622732,
    "238": 407228.95995513396,
    "239": 493082.0160290442,
    "240": 336705.9766585378,
    "241": 348177.9066904753,
    "242": 197385.976524356,
    "243": 68593.85139061607,
    "244": 27157.848475691568,
    "245": 280918.65923783835,
    "246": 487868.4841422574,
    "247": 370725.6912339814,
    "248": 101706.02446809445,
    "249": 121431.35584017074,
    "250": 66416.23817793626,
    "251": 192361.07560686307,
    "252": 181263.69114521705,
    "253": 186929.34030490997,
    "254": 468881.9690850839,
    "255": 471656.5666165538,
    "256": 542739.4012929508,
    "257": 228896.1014263762,
    "258": 31764.393597556904,
    "259": 188894.46797159666,
    "260": 133921.4585873722,
    "261": 253767.96981999205,
    "262": 234121.72762665598,
    "263": 240022.16473332135,
    "264": 133807.49771272158,
    "265": 84754.39026798317,
    "266": 46516.590653705935,