{
    "1": 638561.1229031571,
    "2": 84469.38195924237,
    "3": 484931.19949583133,
    "4": 83952.87869117092,
    "5": 81388.69484482543,
    "6": 103753.75593059718,
    "7": 169262.33278789476,
    "8": 86736.20965249221,
    "9": 214027.09196988354,
    "10": 311687.9342064603,
    "11": 119652.44220443719,
    "12": 386196.7246382324,
    "13": 287786.1534742932,
    "14": 45201.65756235022,
    "15": 398779.6741917051,
    "16": 252470.11037763054,
    "17": 199014.93466733137,
    "18": 186758.69376569253,
    "19": 507748.4381806069,
    "20": 379474.95615671313,
    "21": 90125.44447828857,
    "22": 229009.69950574677,
    "23": 316424.6168596167,
    "24": 242652.77587575218,
    "25": 314399.09641572926,
    "26": 118233.94168928565,
    "27": 174844.51414989872,
    "28": 64620.58572354965,
    "29": 93220.67798493235,
    "30": 377564.750767238,
    "31": 426776.39408945735,
    "32": 101789.57406393845,
    "33": 259210.18528012547,
    "34": 149561.1093498012,
    "35": 581387.106682294,
    "36": 186631.24291885295,
    "37": 106207.91720243881,
    "38": 74899.84909620434,
    "39": 417166.6810464521,
    "40": 156214.4695628179,
    "41": 309047.17467479303,
    "42": 225560.6291509327,
    "43": 399640.73391224165,
    "44": 204203.6526199274,
    "45": 41274.49945925736,
    "46": 848493.3474171583,
    "47": 857306.5759106945,
    "48": 82730.09944940254,
    "49": 425918.22149569483,
    "50": 68140.74866174853,
    "51": 179556.05680150056,
    "52": 102008.47432649868,
    "53": 33001.42558597083,
    "54": 842521.380328476,
    "55": 865438.7232806006,
    "56": 438525.7197096265,
    "57": 196257.03225434304,
    "58": 530218.3112190639,
    "59": 246853.28552639842,
    "60": 115149.56479855542,
    "61": 81019.00951181779,
    "62": 352724.949221074,
    "63": 212417.39368154493,
    "64": 457323.848970012,
    "65": 303844.1562601693,
    "66": 349328.9175626973,
    "67": 396687.7914971444,
    "68": 349191.30155062693,
    "69": 166927.8111961103,
    "70": 271481.4314561059,
    "71": 647831.6635838372,
    "72": 95513.80511923495,
    "73": 243829.57218643982,
    "74": 257246.58237544593,
    "75": 414798.6005377307,
    "76": 59395.772210018156,
    "77": 889841.9239997782,
    "78": 58085.554927122444,
    "79": 501339.2949290891,
    "80": 106334.03715448274,
    "81": 48120.294892255595,
    "82": 265157.8099474078,
    "83": 67331.90885013618,
    "84": 412330.0713533468,
    "85": 272651.63558096555,
    "86": 301009.5197052689,
    "87": 227712.5858191522,
    "88": 177770.770504911,
    "89": 133213.12320865222,
    "90": 306147.4695532571,
    "91": 254865.01436195205,
    "92": 67262.42003577275,
    "93": 427969.208354707,
    "94": 536093.689241619,
    "95": 276138.22369461384,
    "96": 203046.42612085957,
    "97": 833270.8871026136,
    "98": 246656.52952074868,
    "99": 69167.10857414766,
    "100": 1313327.1262918396,
    "101": 40583.49051334203,
    "102": 170064.27390204888,
    "103": 742126.3578934779,
    "104": 180814.94001765133,
    "105": 289273.9055824777,
    "106": 163410.07259203473,
    "107": 538532.1337568401,
    "108": 135085.72230293704,
    "109": 638252.4475016572,
    "110": 298207.5008367295,
    "111": 334662.9319385487,
    "112": 313980.51368541043,
    "113": 136706.95149224706,
    "114": 379516.79082095553,
    "115": 289040.76394304953,
    "116": 142492.45053557717,
    "117": 38942.983475503424,
    "118": 1065513.953370465,
    "119": 424752.16031758126,
    "120": 144186.97032746449,
    "121": 335521.91168770863,
    "122": 148723.4919435485,
    "123": 356631.9984135261,
    "124": 715917.2868092897,
    "125": 430627.5627307622,
    "126": 296371.50904997066,
    "127": 36479.02395969359,
    "128": 627819.030418473,
    "129": 570229.5404556465,
    "130": 113083.69444122711,
    "131": 237132.5193550555,
    "132": 223310.37475387516,
    "133": 284156.8175292608,
    "134": 127947.63460384616,
    "135": 410931.95992585237,
    "136": 290664.8925284149,
    "137": 143607.26946767216,
    "138": 414630.4193733184,
    "139": 100154.87822746487,
    "140": 231600.05230772722,
    "141": 98092.97877724559,
    "142": 113160.06491028196,
    "143": 666292.4808217151,
    "144": 96317.7974174891,
    "145": 667918.6646716357,
    "146": 89991.63332363253,
    "147": 273868.5968732859,
    "148": 323207.1745161216,
    "149": 206938.43489127292,
    "150": 628294.4494364999,
    "151": 144869.6042516266,
    "152": 232182.63165970944,
    "153": 187646.9829825123,
    "154": 312142.00901677244,
    "155": 98764.21000842899,
    "156": 37820.85241798996,
    "157": 157834.01978491503,
    "158": 152153.04074204597,
    "159": 151980.21260834925,
    "160": 320954.442169494,
    "161": 354845.6336000944,
    "162": 270425.02064987767,
    "163": 35356.46262399088,
    "164": 326000.21059975383,
    "165": 164071.78061920675,
    "166": 240081.2639112073,
    "167": 524568.998615317,
    "168": 495510.61158457317,
    "169": 96751.45060552392,
    "170": 310042.66647650633,
    "171": 150374.95417960527,
    "172": 89381.37325277376,
    "173": 326026.02075761586,
    "174": 81692.76029473085,
    "175": 272439.5654738901,
    "176": 497270.02620562667,
    "177": 696259.7672601942,
    "178": 376582.4375999439,
    "179": 383886.0955001598,
    "180": 138679.2658361961,
    "181": 413273.75973257166,
    "182": 294861.0804025398,
    "183": 138345.52536367904,
    "184": 556534.3654381768,
    "185": 315687.14831654396,
    "186": 246593.94096998477,
    "187": 272175.59679809725,
    "188": 328145.95114531723,
    "189": 472175.059496879,
    "190": 507427.1575326842,
    "191": 214084.23238272007,
    "192": 542798.3461037659,
    "193": 81830.5148309806,
    "194": 41156.68914821801,
    "195": 632597.2485999218,
    "196": 370956.0908081442,
    "197": 198445.84114621714,
    "198": 310500.6526341907,
    "199": 311427.2754740862,
    "200": 443432.9975401425,
    "201": 151100.17272906945,
    "202": 133608.90574258057,
    "203": 261860.73283161645,
    "204": 260396.70904868748,
    "205": 102217.95342109221,
    "206": 355680.6203270698,
    "207": 361817.80492502695,
    "208": 514727.3168962564,
    "209": 211042.69224789087,
    "210": 276401.5898386264,
    "211": 159751.58953717182,
    "212": 662502.9501597449,
    "213": 210385.82396001503,
    "214": 581995.8485915823,
    "215": 198750.3986270118,
    "216": 332245.7446805244,
    "217": 44186.07938224496,
    "218": 180117.15441259896,
    "219": 187982.7992315639,
    "220": 461847.8379835769,
    "221": 113162.39410576038,
    "222": 502257.69368261046,
    "223": 342987.8651315528,
    "224": 332312.77859696286,
    "225": 356627.38748461276,
    "226": 316316.5442585505,
    "227": 452846.7585626415,
    "228": 363872.5572193221,
    "229": 202529.42214500354,
    "230": 70249.82933609419,
    "231": 97236.95944924868,
    "232": 390381.6851313948,
    "233": 764825.3302216779,
    "234": 212238.78137410927,
    "235": 47039.68887201166,
    "236": 321941.2215451599,
    "237": 154869.1491001735,
    "238": 168326.0013802776,
    "239": 98746.6564166621,
    "240": 235201.73302152645,
    "241": 427336.2027569912,
    "242": 163576.49749066238,
    "243": 718035.0975181393,
    "244": 336013.4203753439,
    "245": 491078.00675886293,
    "246": 104399.51823811354,
    "247": 244942.4531890234,
    "248": 170999.51671911936,
    "249": 64757.67781363266,
    "250": 133786.82295705794,
    "251": 483470.17035251635,
    "252": 336577.4694955191,
    "253": 384377.3982976567,
    "254": 133332.21449469522,
    "255": 260506.12240448114,
    "256": 46983.01437749023,
    "257": 40675.189453356936,
    "258": 43678.031867157064,
    "259": 165763.99852928883,
    "260": 139293.7772504978,
    "261": 160939.5471510667,
    "262": 164759.3844294084,
    "263": 193130.33184822137,
    "264": 357381.2469312879,
    "265": 88120.47334012955,
    "266": 127301.8657262403,