{
    "1": 205593.54547344593,
    "2": 510999.9925363578,
    "3": 72144.00289898887,
    "4": 138685.96274958816,
    "5": 74992.02111958145,
    "6": 200419.01676311114,
    "7": 324386.1609356835,
    "8": 411726.08613189624,
    "9": 92836.699240812,
    "10": 311022.51607664983,
    "11": 175075.07466845095,
    "12": 230642.92514798813,
    "13": 164974.53378533092,
    "14": 279727.98085959797,
    "15": 428182.6574114167,
    "16": 356109.508705717,
    "17": 133724.61567151995,
    "18": 106908.73440040761,
    "19": 122679.97444949693,
    "20": 315670.65840293217,
    "21": 149780.07571130188,
    "22": 618344.7741594827,
    "23": 39278.57844997001,
    "24": 640445.4031485555,
    "25": 237224.51076554338,
    "26": 424839.11600191024,
    "27": 187579.1839422029,
    "28": 363113.04224453017,
    "29": 723235.2586750446,
    "30": 513220.057997313,
    "31": 306687.91567523597,
    "32": 483760.49489699554,
    "33": 302668.2763221903,
    "34": 296041.8545769327,
    "35": 61850.56012090945,
    "36": 329895.2685602517,
    "37": 185458.84652350514,
    "38": 218766.2114470339,
    "39": 266578.81506705645,
    "40": 248849.5746038638,
    "41": 233376.2346732197,
    "42": 154946.54746298172,
    "43": 259263.72074502203,
    "44": 226104.8615780168,
    "45": 733877.8484979485,
    "46": 191647.31611572453,
    "47": 503611.5886030834,
    "48": 305833.63850362937,
    "49": 501186.509342037,
    "50": 254661.85338081684,
    "51": 158493.9169728546,
    "52": 428174.4849142304,
    "53": 58499.42368351716,
    "54": 548393.5510661923,
    "55": 187627.0085278373,
    "56": 233674.36644181077,
    "57": 332277.8497796515,
    "58": 478541.58880221786,
    "59": 101258.61673094601,
    "60": 129391.47590145993,
    "61": 575972.1467297248,
    "62": 271201.4623995802,
    "63": 609332.5048734903,
    "64": 363361.04912471573,
    "65": 32882.66801951263,
    "66": 41228.61103299052,
    "67": 209002.49189586673,
    "68": 264095.7994630667,
    "69": 297962.1862210149,
    "70": 401576.32465067774,
    "71": 429425.1702005677,
    "72": 332188.2923463082,
    "73": 174597.20240757824,
    "74": 102532.3543106594,
    "75": 117073.67255431775,
    "76": 123041.29917167504,
    "77": 76621.63601403726,
    "78": 219870.26747202655,
    "79": 215161.2018635196,
    "80": 321250.1037917738,
    "81": 184275.2256775615,
    "82": 284729.69441411213,
    "83": 10814.257755703273,
    "84": 79760.04899310358,
    "85": 517854.59144299227,
    "86": 200645.02662149753,
    "87": 95415.33277116528,
    "88": 307519.46743376425,
    "89": 112806.60736361289,
    "90": 142710.18656873415,
    "91": 101026.75833702419,
    "92": 32571.974105881454,
    "93": 179971.9682170402,
    "94": 69848.26267651745,
    "95": 124658.10760084022,
    "96": 313505.48320030706,
    "97": 284095.5109632352,
    "98": 252719.86158956334,
    "99": 195571.2181341038,
    "100": 210010.37930642618,
    "101": 281001.4903711582,
    "102": 174203.90577535497,
    "103": 200660.22597070425,
    "104": 375522.8667453753,
    "105": 390448.6947222119,
    "106": 208401.07753878002,
    "107": 311561.8555966495,
    "108": 123882.15620302483,
    "109": 168276.3766356004,
    "110": 74435.6183249798,
    "111": 258775.5874699055,
    "112": 260727.78971659314,
    "113": 114831.82542906329,
    "114": 138677.83740963292,
    "115": 382474.38178220624,
    "116": 257803.1999331387,
    "117": 274579.9839011588,
    "118": 37252.33604680897,
    "119": 338775.9183058944,
    "120": 386900.18167682516,
    "121": 195770.2298153202,
    "122": 361327.4601092555,
    "123": 351488.41495087446,
    "124": 181700.23492364006,
    "125": 219041.5747005719,
    "126": 262466.6836181217,
    "127": 922439.3624074489,
    "128": 429993.5314768063,
    "129": 119681.5402999844,
    "130": 487036.3636082547,
    "131": 558490.2656437884,
    "132": 246431.4089638995,
    "133": 703055.0186935532,
    "134": 234393.13320944866,
    "135": 429434.9536789799,
    "136": 41260.95683029993,
    "137": 84500.71054536957,
    "138": 257402.1173033579,
    "139": 364734.9799788567,
    "140": 398967.56902521313,
    "141": 341674.39862798015,
    "142": 193193.58279941278,
    "143": 96545.36309545119,
    "144": 593278.0526122698,
    "145": 69269.73523360395,
    "146": 368677.3972847355,
    "147": 337319.86550859583,
    "148": 279768.09990726964,
    "149": 436651.08843597217,
    "150": 526913.7918383055,
    "151": 76531.7061572459,
    "152": 355080.97739819874,
    "153": 62638.26821010429,
    "154": 147622.45027434046,
    "155": 377499.04146617104,
    "156": 325805.1044830729,
    "157": 254151.03886207563,
    "158": 272684.25916987844,
    "159": 292131.2815342953,
    "160": 66654.95969828076,
    "161": 545755.3005909149,
    "162": 446796.9315200762,
    "163": 404637.54900437896,
    "164": 570197.2177401703,
    "165": 136049.7405052626,
    "166": 321004.9824006679,
    "167": 370902.635237402,
    "168": 305585.33649188513,
    "169": 720581.3742228216,
    "170": 88360.093954516,
    "171": 620560.2500347379,
    "172": 294063.52641681506,
    "173": 150004.25818485866,
    "174": 77070.16799648956,
    "175": 200544.95296024406,
    "176": 232283.75737490665,
    "177": 145803.24577698665,
    "178": 16744.257007598204,
    "179": 214195.89595154652,
    "180": 136778.5534208567,
    "181": 413402.5353965149,
    "182": 229361.31056932567,
    "183": 91230.82872803035,
    "184": 106140.64353498451,
    "185": 331980.6461850102,
    "186": 162305.21057264062,
    "187": 94997.57474898765,
    "188": 389616.6769029336,
    "189": 69674.76338489375,
    "190": 112776.33819230199,
    "191": 409478.9983656909,
    "192": 279131.8833562947,
    "193": 250378.94025905212,
    "194": 593087.6639731362,
    "195": 240275.37326157364,
    "196": 185159.58821722053,
    "197": 425431.38018149824,
    "198": 563334.6211084601,
    "199": 198777.11449309243,
    "200": 248850.34048141018,
    "201": 226046.68240742057,
    "202": 46355.444437247876,
    "203": 319125.71912268543,
    "204": 356903.9072245931,
    "205": 340258.31771458464,
    "206": 207835.12854423912,
    "207": 649106.491259868,
    "208": 501918.981618739,
    "209": 308524.59185633395,
    "210": 210415.71570331094,
    "211": 630575.3991791427,
    "212": 337136.2507666547,
    "213": 143874.945232296,
    "214": 295846.9132155179,
    "215": 223224.08512634196,
    "216": 219550.44888580256,
    "217": 175000.0676845615,
    "218": 24008.414512467716,
    "219": 315574.4544712026,
    "220": 182836.98312765974,
    "221": 440589.0761571775,
    "222": 110898.81457782222,
    "223": 667401.5986522544,
    "224": 263492.5246923941,
    "225": 93323.3131159352,
    "226": 467503.1113835133,
    "227": 465410.4923604829,
    "228": 242614.22508158136,
    "229": 248105.63598280397,
    "230": 329289.2798778167,
    "231": 612584.3707745734,
    "232": 336414.87995490595,
    "233": 70611.72381912786,
    "234": 446772.8441393003,
    "235": 56261.20285719098,
    "236": 273726.1797578515,
    "237": 325407.0345855412,
    "238": 259537.18076078765,
    "239": 280714.59420632216,
    "240": 347621.27446347405,
    "241": 308524.40610517195,
    "242": 335145.51672890363,
    "243": 150367.93014244473,
    "244": 500502.9942956614,
    "245": 212666.7460854658,
    "246": 234001.1792179367,
    "247": 302049.0283085467,
    "248": 153950.85787293327,
    "249": 140256.61263695676,
    "250": 59317.78074034652,
    "251": 451857.6796139131,
    "252": 211169.0593637731,
    "253": 97853.73788379975,
    "254": 249922.10743755352,
    "255": 175598.0393725363,
    "256": 688249.5903239077,
    "257": 107421.58326263604,
    "258": 597082.1739090659,
    "259": 406206.97359987954,
    "260": 101596.98735446557,
    "261": 290886.33592625323,
    "262": 76418.75088413988,
    "263": 20500.19727630603,
    "264": 513667.8828217033,
    "265": 220868.09105484097,
    "266": 435747.1956581812,