{
    "1": 144159.89510597478,
    "2": 150453.16100396484,
    "3": 234219.73018300583,
    "4": 252406.22572533743,
    "5": 257001.3090578863,
    "6": 51516.61584336701,
    "7": 108804.9251675356,
    "8": 191701.12185313366,
    "9": 674432.7710676527,
    "10": 42136.93823366743,
    "11": 206740.46293661548,
    "12": 557927.5401121414,
    "13": 576009.2937169776,
    "14": 572470.5020067426,
    "15": 116182.19550751953,
    "16": 199113.75942662093,
    "17": 401416.4892011787,
    "18": 215730.81278810935,
    "19": 728861.9526615465,
    "20": 69914.74530917473,
    "21": 123709.72490172417,
    "22": 63315.058748741925,
    "23": 342472.1762023166,
    "24": 526492.3858323336,
    "25": 42805.47198540561,
    "26": 293980.08082429925,
    "27": 31883.03278379509,
    "28": 111053.73384941756,
    "29": 628234.1062414136,
    "30": 234088.28458136175,
    "31": 41842.60265007008,
    "32": 916567.7011003026,
    "33": 128952.98135006471,
    "34": 273310.85107378947,
    "35": 531639.9260938972,
    "36": 70928.35497030204,
    "37": 101089.16750120831,
    "38": 210834.49305642385,
    "39": 236615.70913974204,
    "40": 36218.37786050254,
    "41": 139059.50974151678,
    "42": 446251.98909613723,
    "43": 59678.316713666114,
    "44": 248571.08852888574,
    "45": 360095.6086381897,
    "46": 344570.5052906889,
    "47": 285026.8438501853,
    "48": 125162.40556503684,
    "49": 24476.963953551716,
    "50": 245468.84019036955,
    "51": 227941.4448420607,
    "52": 201631.18560626864,
    "53": 432372.752689829,
    "54": 187424.3941664005,
    "55": 433754.01548906334,
    "56": 267013.2149571179,
    "57": 87687.8246537497,
    "58": 537040.0802591771,
    "59": 203991.21369122053,
    "60": 275824.9892719622,
    "61": 80103.18605523578,
    "62": 305327.1074672883,
    "63": 149879.31607047663,
    "64": 433036.4305389581,
    "65": 150139.29393077624,
    "66": 259077.09143262196,
    "67": 165654.93807699037,
    "68": 185999.03779881497,
    "69": 225649.02749205832,
    "70": 126275.60983327903,
    "71": 217230.0824017998,
    "72": 640470.549745203,
    "73": 69323.93261610565,
    "74": 264177.89715799905,
    "75": 100365.65255040121,
    "76": 40105.315187576736,
    "77": 334650.77004410274,
    "78": 195576.46123690804,
    "79": 395347.1438044819,
    "80": 235449.73033719155,
    "81": 525718.4426454967,
    "82": 372778.43085086136,
    "83": 132030.74375141374,
    "84": 431303.13883804483,
    "85": 242348.38367395042,
    "86": 110599.02875997996,
    "87": 569883.807139709,
    "88": 239385.54823272012,
    "89": 18009.719918269304,
    "90": 854165.8059179678,
    "91": 361566.798277437,
    "92": 177676.38522797625,
    "93": 226093.07553345888,
    "94": 221801.7477855996,
    "95": 223420.6689142237,
    "96": 275258.72964193136,
    "97": 354457.6328091282,
    "98": 296183.1701565782,
    "99": 201460.75513106748,
    "100": 488080.31456691085,
    "101": 464793.24273815,
    "102": 76926.16226925483,
    "103": 421002.13520171895,
    "104": 556203.5212118794,
    "105": 168641.031489061,
    "106": 317018.27160204435,
    "107": 301002.2357415995,
    "108": 429384.9385571197,
    "109": 591726.5439489633,
    "110": 119528.62895621256,
    "111": 301790.8820710082,
    "112": 344183.9182138886,
    "113": 115378.09986531593,
    "114": 164687.66798113481,
    "115": 146097.71007169702,
    "116": 489299.19712919387,
    "117": 224855.93483356255,
    "118": 229907.2813771952,
    "119": 518954.94694981026,
    "120": 49771.09221081832,
    "121": 169368.86826285822,
    "122": 454964.9308789808,
    "123": 500716.8550813754,
    "124": 47119.260090160766,
    "125": 333787.5518188315,
    "126": 112799.69453052247,
    "127": 509299.99290278356,
    "128": 804294.5245893692,
    "129": 137795.3913396563,
    "130": 175745.90210621932,
    "131": 136241.4934511639,
    "132": 175616.03884938697,
    "133": 263371.795945301,
    "134": 738390.292048392,
    "135": 170632.84035540323,
    "136": 234312.48750015785,
    "137": 301480.47381244146,
    "138": 101870.50661555462,
    "139": 82726.47491961405,
    "140": 473819.7370316421,
    "141": 118061.26929561673,
    "142": 293468.4847620036,
    "143": 101812.11482839122,
    "144": 351162.2101974641,
    "145": 308897.53247796156,
    "146": 37034.011549553245,
    "147": 683837.0278098343,
    "148": 145216.3668323293,
    "149": 82174.87106320166,
    "150": 105019.75569299533,
    "151": 70046.1027399103,
    "152": 531665.3663870144,
    "153": 381189.2320196091,
    "154": 234090.23697652196,
    "155": 195593.25260623856,
    "156": 303171.1447051048,
    "157": 60059.583215303755,
    "158": 151400.1074018924,
    "159": 130283.41101721309,
    "160": 428627.64631933504,
    "161": 15946.445875070982,
    "162": 294472.21091714187,
    "163": 276589.02453563083,
    "164": 102098.2373515116,
    "165": 57958.945064417996,
    "166": 37139.90994585156,
    "167": 63435.305334929835,
    "168": 332630.8200333986,
    "169": 283073.2360072203,
    "170": 285751.2379172919,
    "171": 127574.77592847684,
    "172": 272578.11111793556,
    "173": 62879.62735431673,
    "174": 440515.8141054522,
    "175": 740195.3596046346,
    "176": 372363.06779157347,
    "177": 88945.72209141914,
    "178": 313268.1080354655,
    "179": 983975.6993999409,
    "180": 630138.5023896747,
    "181": 259570.1523975656,
    "182": 792658.6047515272,
    "183": 128003.72319271378,
    "184": 359526.688397891,
    "185": 236256.11392201317,
    "186": 220553.8202925013,
    "187": 436220.5020173481,
    "188": 260964.86536886924,
    "189": 306146.3031831784,
    "190": 509473.9491721885,
    "191": 144778.04699734232,
    "192": 257290.42751164362,
    "193": 354605.225970107,
    "194": 131038.31319733056,
    "195": 698300.737009571,
    "196": 63408.475518275176,
    "197": 108735.59833618934,
    "198": 345419.9667430859,
    "199": 355321.0246041759,
    "200": 48069.94173647829,
    "201": 716865.5132973574,
    "202": 381120.56414905377,
    "203": 47681.09104345285,
    "204": 213916.8919690367,
    "205": 377432.2341300812,
    "206": 56626.281474484895,
    "207": 561214.3028591627,
    "208": 170910.5696959584,
    "209": 323818.5195399538,
    "210": 424330.0911497248,
    "211": 205491.38448320565,
    "212": 207285.38433885406,
    "213": 116365.52355892726,
    "214": 233801.4680398785,
    "215": 757621.7684895654,
    "216": 304442.80554474995,
    "217": 664473.1746610767,
    "218": 196487.43301747975,
    "219": 702449.7040346133,
    "220": 171471.49063385744,
    "221": 31237.847374105877,
    "222": 332495.6408315248,
    "223": 36867.04804329625,
    "224": 177242.00495584484,
    "225": 233314.78947441417,
    "226": 368907.78636686265,
    "227": 76441.38060775826,
    "228": 556687.4658963725,
    "229": 176687.5855332522,
    "230": 29011.09934241903,
    "231": 189138.79879960566,
    "232": 355707.3416326239,
    "233": 309658.33027457434,
    "234": 34625.00205576404,
    "235": 240114.3338084933,
    "236": 105679.05648181203,
    "237": 94440.5942277709,
    "238": 249161.07751463875,
    "239": 250833.85203996877,
    "240": 391399.76130827155,
    "241": 394766.04986843286,
    "242": 329853.3290556034,
    "243": 228856.20621888645,
    "244": 198512.20972391588,
    "245": 295940.27415486635,
    "246": 89362.0413435674,
    "247": 33285.39585650756,
    "248": 177074.99534501543,
    "249": 427218.89788529335,
    "250": 307859.33757326694,
    "251": 132387.3677074771,
    "252": 449718.0258272965,
    "253": 158952.37059836497,
    "254": 216404.4104396198,
    "255": 672156.3234239296,
    "256": 77747.18479016877,
    "257": 517562.01869013155,
    "258": 206824.27173599263,
    "259": 178517.07551239213,
    "260": 264245.570152167,
    "261": 365658.5913369225,
    "262": 63511.55752657396,
    "263": 318067.9663293748,
    "264": 1086164.4614987676,
    "265": 84967.91827485754,
    "266": 54109.0608166239,