{
    "1": 211954.6523269301,
    "2": 142051.46857622763,
    "3": 374836.4605827343,
    "4": 95913.91518380311,
    "5": 82153.22968161288,
    "6": 288605.9446146223,
    "7": 716900.7731432315,
    "8": 165563.74510656035,
    "9": 309310.5563227301,
    "10": 62941.41598488541,
    "11": 61309.0555519315,
    "12": 234920.933276405,
    "13": 245792.46085417288,
    "14": 546087.6207600763,
    "15": 175165.38342987394,
    "16": 430599.01617722196,
    "17": 352227.6608881185,
    "18": 335023.340841387,
    "19": 328087.92068340525,
    "20": 38472.43762093098,
    "21": 482305.953120543,
    "22": 589563.280609727,
    "23": 297832.97793450224,
    "24": 380747.71585974644,
    "25": 411800.8383671015,
    "26": 299731.8146034182,
    "27": 223584.27759226746,
    "28": 220922.49639852904,
    "29": 279231.0026126875,
    "30": 324466.1086878326,
    "31": 263346.5729213136,
    "32": 164924.37782099698,
    "33": 158226.47175104584,
    "34": 416368.7143242467,
    "35": 610116.5513863831,
    "36": 34370.69467716447,
    "37": 105160.74643004694,
    "38": 150367.43514906155,
    "39": 221590.52258115046,
    "40": 684163.8303219823,
    "41": 96295.55089141044,
    "42": 503927.5224919115,
    "43": 172173.95188006136,
    "44": 161259.8410689828,
    "45": 349463.075497074,
    "46": 464789.82368083246,
    "47": 155222.46664358908,
    "48": 238651.30023721,
    "49": 327340.83341720904,
    "50": 251717.61815878874,
    "51": 188084.9946291914,
    "52": 278456.5683802896,
    "53": 222116.9395765992,
    "54": 33552.17067205151,
    "55": 57013.546377541024,
    "56": 459653.2744192346,
    "57": 184264.53985066933,
    "58": 292071.4027647744,
    "59": 371151.63712083694,
    "60": 209870.85413904572,
    "61": 117376.08311203234,
    "62": 196671.93513924256,
    "63": 391230.7077041322,
    "64": 137115.4221018926,
    "65": 423979.301931248,
    "66": 398794.32444494945,
    "67": 261358.63981491304,
    "68": 205428.11159481193,
    "69": 98507.14399945391,
    "70": 102957.98074801735,
    "71": 440314.6636850373,
    "72": 375288.9116123941,
    "73": 362307.80809868476,
    "74": 82003.39096428305,
    "75": 71928.0882797667,
    "76": 68422.98490119705,
    "77": 256654.74987307153,
    "78": 407447.538031149,
    "79": 63004.263824803114,
    "80": 302487.6770929947,
    "81": 232161.02105908073,
    "82": 169635.2181750338,
    "83": 163568.17907993146,
    "84": 376867.02652752586,
    "85": 632283.6973305446,
    "86": 273282.9812191297,
    "87": 216128.61255195658,
    "88": 183446.35518945762,
    "89": 541954.8507240425,
    "90": 431276.619983219,
    "91": 114862.60799425837,
    "92": 292833.3062809167,
    "93": 434212.63944428053,
    "94": 191539.34601422236,
    "95": 243004.22139226383,
    "96": 128841.36735532152,
    "97": 258377.39539631037,
    "98": 104019.78139132111,
    "99": 338304.3917529811,
    "100": 100482.56323758868,
    "101": 188892.03842637068,
    "102": 286477.62652742595,
    "103": 426916.15107933246,
    "104": 139077.49753978723,
    "105": 153502.12552574053,
    "106": 364840.50864347495,
    "107": 715118.6171630616,
    "108": 106392.0916532706,
    "109": 99386.47997886248,
    "110": 322890.83085519366,
    "111": 306476.3907148866,
    "112": 309442.2776437615,
    "113": 685494.2792643708,
    "114": 216238.94887802782,
    "115": 89385.40562647113,
    "116": 681832.5350276972,
    "117": 102697.10693264702,
    "118": 354548.7998356795,
    "119": 52834.66295335189,
    "120": 224976.66991623453,
    "121": 205541.89055263056,
    "122": 355034.3139903652,
    "123": 401567.87275688257,
    "124": 37479.70531060947,
    "125": 200804.97992929793,
    "126": 197771.5696891832,
    "127": 276776.60624499636,
    "128": 167552.7030726609,
    "129": 767604.6750211407,
    "130": 66183.05064883082,
    "131": 348651.24697906396,
    "132": 184539.69251983508,
    "133": 426451.24651186215,
    "134": 293305.07715392316,
    "135": 276538.40767235425,
    "136": 557276.0195677823,
    "137": 355925.16582914436,
    "138": 51554.167715190924,
    "139": 272035.1643205292,
    "140": 180738.90909386956,
    "141": 188780.17934022332,
    "142": 224368.61901892122,
    "143": 553874.2032743576,
    "144": 157010.56788314995,
    "145": 47376.93391563069,
    "146": 268686.7093291964,
    "147": 354216.06772130873,
    "148": 184537.14299845073,
    "149": 155944.55108460892,
    "150": 276831.63951006136,
    "151": 93560.43852677297,
    "152": 282548.8348782693,
    "153": 497220.3907686952,
    "154": 328892.69160737074,
    "155": 228007.97216580992,
    "156": 684912.9827121795,
    "157": 630786.0618267091,
    "158": 182393.96183548396,
    "159": 197681.5402084058,
    "160": 84783.59017656693,
    "161": 289819.26690785185,
    "162": 261219.13402044942,
    "163": 316241.5332544517,
    "164": 351057.54936240806,
    "165": 655345.4918473242,
    "166": 207296.47158903934,
    "167": 333424.1254994866,
    "168": 482488.1645394706,
    "169": 484359.11381491506,
    "170": 31068.080271136292,
    "171": 524087.8453063175,
    "172": 455465.8114803262,
    "173": 332861.5686432048,
    "174": 379567.56367274246,
    "175": 182228.3612290882,
    "176": 527175.993755282,
    "177": 181347.71486882964,
    "178": 611346.463241464,
    "179": 200040.10032147862,
    "180": 397746.8497544364,
    "181": 288563.79769880837,
    "182": 168618.63110384843,
    "183": 451484.19382450404,
    "184": 282577.80447936774,
    "185": 195499.0546241861,
    "186": 253606.01351607748,
    "187": 353050.1532519185,
    "188": 97089.26260021607,
    "189": 187369.70126330643,
    "190": 142306.8161329248,
    "191": 32438.741723283594,
    "192": 592910.8615083215,
    "193": 41761.07114144778,
    "194": 472782.71844388294,
    "195": 553652.5982248003,
    "196": 124700.36004652675,
    "197": 226132.3843979242,
    "198": 372368.82683332363,
    "199": 965040.3464725227,
    "200": 219272.88293062086,
    "201": 325155.5983933015,
    "202": 332512.1788069965,
    "203": 916282.262653553,
    "204": 145446.35141358624,
    "205": 208092.01012644765,
    "206": 168987.95480866672,
    "207": 227275.0266644082,
    "208": 425577.2975441115,
    "209": 54562.6169083733,
    "210": 88537.45265552693,
    "211": 451525.9723708945,
    "212": 207231.2052591776,
    "213": 68534.59702991675,
    "214": 235617.73749520522,
    "215": 425947.2398494132,
    "216": 392415.9948311589,
    "217": 324271.0272467451,
    "218": 531532.0178234037,
    "219": 45204.72416667866,
    "220": 303581.6349303403,
    "221": 176083.0236359709,
    "222": 401785.2728922384,
    "223": 192343.50332566383,
    "224": 368735.47680071014,
    "225": 181850.7594648069,
    "226": 348246.07232684025,
    "227": 244636.42895629973,
    "228": 203404.68439273353,
    "229": 192546.34255179038,
    "230": 145058.70158263328,
    "231": 183367.2185692826,
    "232": 405271.73092657945,
    "233": 425651.2031010789,
    "234": 568138.5291359811,
    "235": 487619.1174280968,
    "236": 421583.80007788754,
    "237": 100560.93307507112,
    "238": 173704.62393638285,
    "239": 151736.00492931108,
    "240": 145865.10390293712,
    "241": 74683.98040286743,
    "242": 500369.55499504274,
    "243": 778982.2894127959,
    "244": 261928.9976647583,
    "245": 381959.66744852916,
    "246": 291214.468679893,
    "247": 392600.48317423003,
    "248": 313461.10617098236,
    "249": 257428.3517185288,
    "250": 124054.24206565015,
    "251": 625605.4873034426,
    "252": 263812.33093526907,
    "253": 99571.45275343774,
    "254": 332039.53091380495,
    "255": 337350.004222961,
    "256": 406045.35274336976,
    "257": 109519.43612485987,
    "258": 68789.49774236495,
    "259": 174292.52591448824,
    "260": 63350.214939050216,
    "261": 217773.89073080965,
    "262": 122345.381008181,
    "263": 483237.4297919543,
    "264": 186581.86178251705,
    "265": 733351.1613114361,
    "266": 198170.002351303,