{
    "1": {
        "1": 0.0,
        "2": -4.8,
        "3": -19.2,
        "4": -24.0,
        "5": -43.199999999999996,
        "6": -52.8
    },
    "2": {
        "1": 4.8,
        "2": 0.0,
        "3": -14.399999999999999,
        "4": -19.2,
        "5": -38.4,
        "6": -48.0
    },
    "3": {
        "1": 19.2,
        "2": 14.399999999999999,
        "3": 0.0,
        "4": -4.8,
        "5": -24.0,
        "6": -33.6
    },
    "4": {
        "1": 24.0,
        "2": 19.2,
        "3": 4.8,
        "4": 0.0,
        "5": -19.2,
        "6": -28.799999999999997
    },
    "5": {
        "1": 43.199999999999996,
        "2": 38.4,
        "3": 24.0,
        "4": 19.2,
        "5": 0.0,
        "6": -9.6
    },
    "6": {
        "1": 52.8,
        "2": 48.0,
        "3": 33.6,
        "4": 28.799999999999997,
        "5": 9.6,
        "6": 0.0
    }
}