{
    "1": {
        "1": 0.0,
        "2": 70.0,
        "3": 140.0,
        "4": 210.0,
        "5": 280.0,
        "6": 315.0,
        "7": 350.0,
        "8": 385.0,
        "9": 420.0,
        "10": 454.99999999999994,
        "11": 489.99999999999994,
        "12": 560.0,
        "13": 630.0,
        "14": 665.0,
        "15": 700.0,
        "16": 770.0,
        "17": 840.0,
        "18": 909.9999999999999,
        "19": 979.9999999999999,
        "20": 1050.0,
        "21": 1120.0,
        "22": 1260.0,
        "23": 2170.0,
        "24": 2870.0
    },
    "2": {
        "1": -130.0,
        "2": 0.0,
        "3": 70.0,
        "4": 140.0,
        "5": 210.0,
        "6": 244.99999999999997,
        "7": 280.0,
        "8": 315.0,
        "9": 350.0,
        "10": 385.0,
        "11": 420.0,
        "12": 489.99999999999994,
        "13": 560.0,
        "14": 595.0,
        "15": 630.0,
        "16": 700.0,
        "17": 770.0,
        "18": 840.0,
        "19": 909.9999999999999,
        "20": 979.9999999999999,
        "21": 1050.0,
        "22": 1190.0,
        "23": 2100.0,
        "24": 2800.0
    },
    "3": {
        "1": -260.0,
        "2": -130.0,
        "3": 0.0,
        "4": 70.0,
        "5": 140.0,
        "6": 175.0,
        "7": 210.0,
        "8": 244.99999999999997,
        "9": 280.0,
        "10": 315.0,
        "11": 350.0,
        "12": 420.0,
        "13": 489.99999999999994,
        "14": 525.0,
        "15": 560.0,
        "16": 630.0,
        "17": 700.0,
        "18": 770.0,
        "19": 840.0,
        "20": 909.9999999999999,
        "21": 979.9999999999999,
        "22": 1120.0,
        "23": 2029.9999999999998,
        "24": 2730.0
    },
    "4": {
        "1": -390.0,
        "2": -260.0,
        "3": -130.0,
        "4": 0.0,
        "5": 70.0,
        "6": 105.0,
        "7": 140.0,
        "8": 175.0,
        "9": 210.0,
        "10": 244.99999999999997,
        "11": 280.0,
        "12": 350.0,
        "13": 420.0,
        "14": 454.99999999999994,
        "15": 489.99999999999994,
        "16": 560.0,
        "17": 630.0,
        "18": 700.0,
        "19": 770.0,
        "20": 840.0,
        "21": 909.9999999999999,
        "22": 1050.0,
        "23": 1959.9999999999998,
        "24": 2660.0
    },
    "5": {
        "1": -520.0,
        "2": -390.0,
        "3": -260.0,
        "4": -130.0,
        "5": 0.0,
        "6": 35.0,
        "7": 70.0,
        "8": 105.0,
        "9": 140.0,
        "10": 175.0,
        "11": 210.0,
        "12": 280.0,
        "13": 350.0,
        "14": 385.0,
        "15": 420.0,
        "16": 489.99999999999994,
        "17": 560.0,
        "18": 630.0,
        "19": 700.0,
        "20": 770.0,
        "21": 840.0,
        "22": 979.9999999999999,
        "23": 1889.9999999999998,
        "24": 2590.0
    },
    "6": {
        "1": -585.0,
        "2": -455.0,
        "3": -325.0,
        "4": -195.0,
        "5": -65.0,
        "6": 0.0,
        "7": 35.0,
        "8": 70.0,
        "9": 105.0,
        "10": 140.0,
        "11": 175.0,
        "12": 244.99999999999997,
        "13": 315.0,
        "14": 350.0,
        "15": 385.0,
        "16": 454.99999999999994,
        "17": 525.0,
        "18": 595.0,
        "19": 665.0,
        "20": 735.0,
        "21": 805.0,
        "22": 944.9999999999999,
        "23": 1854.9999999999998,
        "24": 2555.0
    },
    "7": {
        "1": -650.0,
        "2": -520.0,
        "3": -390.0,
        "4": -260.0,
        "5": -130.0,
        "6": -65.0,
        "7": 0.0,
        "8": 35.0,
        "9": 70.0,
        "10": 105.0,
        "11": 140.0,
        "12": 210.0,
        "13": 280.0,
        "14": 315.0,
        "15": 350.0,
        "16": 420.0,
        "17": 489.99999999999994,
        "18": 560.0,
        "19": 630.0,
        "20": 700.0,
        "21": 770.0,
        "22": 909.9999999999999,
        "23": 1819.9999999999998,
        "24": 2520.0
    },
    "8": {
        "1": -715.0,
        "2": -585.0,
        "3": -455.0,
        "4": -325.0,
        "5": -195.0,
        "6": -130.0,
        "7": -65.0,
        "8": 0.0,
        "9": 35.0,
        "10": 70.0,
        "11": 105.0,
        "12": 175.0,
        "13": 244.99999999999997,
        "14": 280.0,
        "15": 315.0,
        "16": 385.0,
        "17": 454.99999999999994,
        "18": 525.0,
        "19": 595.0,
        "20": 665.0,
        "21": 735.0,
        "22": 875.0,
        "23": 1785.0,
        "24": 2485.0
    },
    "9": {
        "1": -780.0,
        "2": -650.0,
        "3": -520.0,
        "4": -390.0,
        "5": -260.0,
        "6": -195.0,
        "7": -130.0,
        "8": -65.0,
        "9": 0.0,
        "10": 35.0,
        "11": 70.0,
        "12": 140.0,
        "13": 210.0,
        "14": 244.99999999999997,
        "15": 280.0,
        "16": 350.0,
        "17": 420.0,
        "18": 489.99999999999994,
        "19": 560.0,
        "20": 630.0,
        "21": 700.0,
        "22": 840.0,
        "23": 1750.0,
        "24": 2450.0
    },
    "10": {
        "1": -845.0,
        "2": -715.0,
        "3": -585.0,
        "4": -455.0,
        "5": -325.0,
        "6": -260.0,
        "7": -195.0,
        "8": -130.0,
        "9": -65.0,
        "10": 0.0,
        "11": 35.0,
        "12": 105.0,
        "13": 175.0,
        "14": 210.0,
        "15": 244.99999999999997,
        "16": 315.0,
        "17": 385.0,
        "18": 454.99999999999994,
        "19": 525.0,
        "20": 595.0,
        "21": 665.0,
        "22": 805.0,
        "23": 1715.0,
        "24": 2415.0
    },
    "11": {
        "1": -910.0,
        "2": -780.0,
        "3": -650.0,
        "4": -520.0,
        "5": -390.0,
        "6": -325.0,
        "7": -260.0,
        "8": -195.0,
        "9": -130.0,
        "10": -65.0,
        "11": 0.0,
        "12": 70.0,
        "13": 140.0,
        "14": 175.0,
        "15": 210.0,
        "16": 280.0,
        "17": 350.0,
        "18": 420.0,
        "19": 489.99999999999994,
        "20": 560.0,
        "21": 630.0,
        "22": 770.0,
        "23": 1680.0,
        "24": 2380.0
    },
    "12": {
        "1": -1040.0,
        "2": -910.0,
        "3": -780.0,
        "4": -650.0,
        "5": -520.0,
        "6": -455.0,
        "7": -390.0,
        "8": -325.0,
        "9": -260.0,
        "10": -195.0,
        "11": -130.0,
        "12": 0.0,
        "13": 70.0,
        "14": 105.0,
        "15": 140.0,
        "16": 210.0,
        "17": 280.0,
        "18": 350.0,
        "19": 420.0,
        "20": 489.99999999999994,
        "21": 560.0,
        "22": 700.0,
        "23": 1610.0,
        "24": 2310.0
    },
    "13": {
        "1": -1170.0,
        "2": -1040.0,
        "3": -910.0,
        "4": -780.0,
        "5": -650.0,
        "6": -585.0,
        "7": -520.0,
        "8": -455.0,
        "9": -390.0,
        "10": -325.0,
        "11": -260.0,
        "12": -130.0,
        "13": 0.0,
        "14": 35.0,
        "15": 70.0,
        "16": 140.0,
        "17": 210.0,
        "18": 280.0,
        "19": 350.0,
        "20": 420.0,
        "21": 489.99999999999994,
        "22": 630.0,
        "23": 1540.0,
        "24": 2240.0
    },
    "14": {
        "1": -1235.0,
        "2": -1105.0,
        "3": -975.0,
        "4": -845.0,
        "5": -715.0,
        "6": -650.0,
        "7": -585.0,
        "8": -520.0,
        "9": -455.0,
        "10": -390.0,
        "11": -325.0,
        "12": -195.0,
        "13": -65.0,
        "14": 0.0,
        "15": 35.0,
        "16": 105.0,
        "17": 175.0,
        "18": 244.99999999999997,
        "19": 315.0,
        "20": 385.0,
        "21": 454.99999999999994,
        "22": 595.0,
        "23": 1505.0,
        "24": 2205.0
    },
    "15": {
        "1": -1300.0,
        "2": -1170.0,
        "3": -1040.0,
        "4": -910.0,
        "5": -780.0,
        "6": -715.0,
        "7": -650.0,
        "8": -585.0,
        "9": -520.0,
        "10": -455.0,
        "11": -390.0,