obj,time,mip_gap
358081.3480568939,0.0025335000000001884,
