obj,time,mip_gap
293901.9653386108,0.0023583999999998717,
