obj,time,mip_gap
265550.704736963,0.002516299999999916,
