obj,time,mip_gap
408275.4323982561,0.0009581999999999091,
