obj,time,mip_gap
324364.29456994066,0.0020590999999998694,
