order,from type,to type,upgrade amount
1,1,2,0.0
2,1,2,0.0
3,1,2,0.0
4,1,2,7.999999999999918
5,1,2,2.999999999999977
