obj,time,mip_gap
3069425.282939195,82.4884654,0.021294280312800718
