obj,time,mip_gap
3351875.814177272,29.050052499999993,0.007289786023325131
