obj,time,mip_gap
3266633.3933231486,72.91207440000017,0.0121756530559102
