obj,time,mip_gap
3080303.4348169384,106.10260799999992,0.01117240094718875
