obj,time,mip_gap
3311777.1445230814,107.71998810000014,0.00334329382983683
