{
    "1": 325350.3032674293,
    "2": 221422.97375493942,
    "3": 415871.727085764,
    "4": 306399.5728560283,
    "5": 127250.67470806342,
    "6": 324075.58795231156,
    "7": 155692.30059250764,
    "8": 254778.78646516136,
    "9": 256855.4703218887,
    "10": 162707.1859701352,
    "11": 385010.93427326746,
    "12": 531099.4872413679,
    "13": 135074.96547792593,
    "14": 204456.68022958317,
    "15": 438441.5400790033,
    "16": 121684.41963738145,
    "17": 278686.5604762807,
    "18": 267709.80630653765,
    "19": 261133.64068558544,
    "20": 251495.1802334449,
    "21": 139905.21200529346,
    "22": 84974.56938691354,
    "23": 215006.31838014524,
    "24": 421314.47655755456,
    "25": 295556.07439176855,
    "26": 79120.27027705406,
    "27": 186032.2018281781,
    "28": 287596.0609814016,
    "29": 97474.84828537943,
    "30": 368156.0275375996,
    "31": 505266.34661703167,
    "32": 169843.26648268907,
    "33": 164041.37028099093,
    "34": 109464.18079723755,
    "35": 422331.8613221731,
    "36": 66625.0428440538,
    "37": 361456.86894451774,
    "38": 324868.3007722346,
    "39": 357446.92220706155,
    "40": 150521.60846340747,
    "41": 436128.6992803869,
    "42": 492820.8892275598,
    "43": 719206.8533646606,
    "44": 136515.4672404052,
    "45": 151435.10901441495,
    "46": 227303.93031057608,
    "47": 179480.99167832953,
    "48": 93073.43645915836,
    "49": 121231.60508540344,
    "50": 60585.93778383423,
    "51": 144780.0907577755,
    "52": 946558.9356687486,
    "53": 422462.0014281232,
    "54": 326672.6031778888,
    "55": 427159.9543259957,
    "56": 26680.133790501546,
    "57": 365568.5131488356,
    "58": 224927.09073270406,
    "59": 212784.30247260485,
    "60": 19025.159402299545,
    "61": 163288.04874410675,
    "62": 154713.22904980037,
    "63": 64049.03836157241,
    "64": 461650.787198924,
    "65": 536074.777485463,
    "66": 90662.71451590201,
    "67": 570085.8188899097,
    "68": 86725.4208485326,
    "69": 171003.5585293411,
    "70": 156431.096769963,
    "71": 33669.00352432595,
    "72": 34628.070037464124,
    "73": 100032.83915237457,
    "74": 303932.70942356356,
    "75": 70159.49052160906,
    "76": 377824.9708272967,
    "77": 296962.2779770641,
    "78": 106838.85427411197,
    "79": 71060.60731321703,
    "80": 231059.3174644409,
    "81": 359306.4855169036,
    "82": 439114.01455877273,
    "83": 132100.11474412435,
    "84": 120939.2513428141,
    "85": 51479.109783379594,
    "86": 62269.51117120592,
    "87": 312942.9465582197,
    "88": 157529.48059089357,
    "89": 306284.4108086069,
    "90": 407569.15354134573,
    "91": 71476.13049151344,
    "92": 172690.1129149905,
    "93": 337925.2285376486,
    "94": 267822.1570847961,
    "95": 111739.54701859246,
    "96": 435041.33107806224,
    "97": 139630.84901804876,
    "98": 248489.123976948,
    "99": 78265.1308396741,
    "100": 66203.12341797064,
    "101": 424013.45580564975,
    "102": 64091.42884643356,
    "103": 578507.6153524196,
    "104": 622437.66017443,
    "105": 65800.96242273945,
    "106": 6686.35336466926,
    "107": 290126.9247680608,
    "108": 22842.766972598667,
    "109": 96206.85329089586,
    "110": 166086.8826067159,
    "111": 104144.41428580735,
    "112": 418695.9263114503,
    "113": 267363.3112176235,
    "114": 34977.465240821824,
    "115": 358993.01096298004,
    "116": 165071.00442527124,
    "117": 212749.19120317802,
    "118": 147128.54593625278,
    "119": 99195.10365793674,
    "120": 165312.81363877546,
    "121": 89516.79334866218,
    "122": 164151.5526625233,
    "123": 237631.1050007805,
    "124": 121881.37947214722,
    "125": 180228.95897843916,
    "126": 261152.8257137429,
    "127": 73405.69347647812,
    "128": 321944.91412405693,
    "129": 103378.13065521215,
    "130": 70795.89328533494,
    "131": 128158.29845245556,
    "132": 31764.12894918207,
    "133": 293502.92410552944,
    "134": 14281.540988267096,
    "135": 100630.64551134311,
    "136": 146585.93140291993,
    "137": 414157.6799455127,
    "138": 406077.29602030874,
    "139": 297303.66840017587,
    "140": 224301.65540228435,
    "141": 95537.69862683554,
    "142": 398941.4578252433,
    "143": 376529.26582648605,
    "144": 686483.6499061361,
    "145": 99640.81990726518,
    "146": 53930.72096140631,
    "147": 471986.5790115935,
    "148": 238030.41689672074,
    "149": 146830.86323055532,
    "150": 408805.30681551,
    "151": 426358.74006976077,
    "152": 367756.6119748505,
    "153": 63192.292894010425,
    "154": 111426.59318244694,
    "155": 545626.6825629772,
    "156": 407098.9908425423,
    "157": 239186.02297731454,
    "158": 684696.5190099096,
    "159": 84232.7102937821,
    "160": 373553.6655314625,
    "161": 112695.14337813438,
    "162": 149752.5394062775,
    "163": 200603.08371430388,
    "164": 635250.8284958842,
    "165": 235756.05829086623,
    "166": 220825.4175808376,
    "167": 104948.52280225512,
    "168": 115672.44840425198,
    "169": 503293.4225518918,
    "170": 567334.2637735923,
    "171": 14680.807411495041,
    "172": 221843.98221138283,
    "173": 153948.87682549618,
    "174": 216011.40176291432,
    "175": 60824.01831611191,
    "176": 99241.44998704003,
    "177": 164214.92194030533,
    "178": 273905.3330479382,
    "179": 131643.50962300226,
    "180": 58662.16063037076,
    "181": 387062.1415170412,
    "182": 144099.08437687907,
    "183": 63967.17649120441,
    "184": 171280.811049997,
    "185": 249076.96116518823,
    "186": 278473.6138728979,
    "187": 17198.990937612725,
    "188": 232545.44940877944,
    "189": 420326.6865515566,
    "190": 346760.9761779831,
    "191": 273058.32316525147,
    "192": 125098.3645405962,
    "193": 518220.14469534124,
    "194": 71434.79269660513,
    "195": 296795.2031695317,
    "196": 25128.51071062664,
    "197": 297790.93251331954,
    "198": 73499.32240343283,
    "199": 187808.9300011906,
    "200": 227104.0495565379,
    "201": 227878.21607121377,
    "202": 126712.68864367412,
    "203": 107073.20713497615,
    "204": 298353.755335785,
    "205": 454223.4080144763,
    "206": 156325.20287467472,
    "207": 376246.1065786367,
    "208": 204766.62068781198,
    "209": 389285.4406047082,
    "210": 737591.3861537406,
    "211": 67755.09563324285,
    "212": 49195.90628604322,
    "213": 295159.08603138267,
    "214": 68786.63615282005,
    "215": 62641.82591373385,
    "216": 373190.92256067356,
    "217": 31710.068266071623,
    "218": 154299.17500340394,
    "219": 419906.6460369854,
    "220": 155167.72808599842,
    "221": 253415.8918759996,
    "222": 261464.8330558644,
    "223": 36494.4582087736,
    "224": 34003.89439875492,
    "225": 168556.79169031262,
    "226": 274902.2549087132,
    "227": 206899.69247944865,
    "228": 96702.40690267445,
    "229": 272699.8862996366,
    "230": 93754.48981584288,
    "231": 28841.018892940152,
    "232": 48240.72914320022,
    "233": 46951.89344029012,
    "234": 203687.622270623,
    "235": 559089.4363252661,
    "236": 112115.03192438642,
    "237": 34432.48418589706,
    "238": 206134.05932359333,
    "239": 80942.16569264271,
    "240": 90959.60220266598,
    "241": 389450.0398841997,
    "242": 110518.12526813401,
    "243": 306334.77088441123,
    "244": 590187.0771583664,
    "245": 304981.72834021464,
    "246": 214958.42111605874,
    "247": 266492.2695173462,
    "248": 141853.13205917244,
    "249": 201469.5408789606,
    "250": 110478.02536759117,
    "251": 236621.39767152624,
    "252": 10648.528094173274,
    "253": 603859.0905763507,
    "254": 289117.363371638,
    "255": 27379.3152444362,
    "256": 273606.3848653537,
    "257": 188454.69649623247,
    "258": 134360.67419647862,
    "259": 325704.65509142086,
    "260": 103394.33310830206,
    "261": 89883.62936313893,
    "262": 83820.57666355016,
    "263": 191567.12468151512,
    "264": 58744.06872288552,
    "265": 23394.497114088626,
    "266": 107005.98768874147,