{
    "1": 179143.89931001668,
    "2": 448614.5674995856,
    "3": 503910.7106179378,
    "4": 61976.8452434489,
    "5": 102974.11684826363,
    "6": 360340.1095019144,
    "7": 179028.2224774087,
    "8": 387323.01874663134,
    "9": 424357.18478440295,
    "10": 76197.32443465394,
    "11": 336189.0513894462,
    "12": 295519.5383829225,
    "13": 177959.38058632222,
    "14": 54567.37938172518,
    "15": 93592.14161012025,
    "16": 152789.5003705574,
    "17": 54908.94458626337,
    "18": 208373.73555415726,
    "19": 398534.62873208907,
    "20": 66391.72282249182,
    "21": 227129.7643923961,
    "22": 147622.36720281924,
    "23": 79745.8405480179,
    "24": 34067.35099265968,
    "25": 208697.09613900576,
    "26": 161884.35570450439,
    "27": 349699.9479345633,
    "28": 124724.19903567608,
    "29": 181585.78738030847,
    "30": 416270.1172275733,
    "31": 155564.19236846894,
    "32": 86657.42089291556,
    "33": 202565.3688182948,
    "34": 148093.6598166661,
    "35": 363129.5633184117,
    "36": 150364.42539772263,
    "37": 44403.23998419014,
    "38": 520264.64830257604,
    "39": 40508.79777731531,
    "40": 93938.77524826922,
    "41": 45640.66495731418,
    "42": 133047.26599080733,
    "43": 447990.02828626276,
    "44": 190598.55821132936,
    "45": 328453.47172514413,
    "46": 106101.05584224498,
    "47": 352254.43453583465,
    "48": 122686.18846328632,
    "49": 336057.38801197795,
    "50": 235403.49776047666,
    "51": 162790.361388281,
    "52": 338499.636715606,
    "53": 417203.02115652064,
    "54": 93172.99817045935,
    "55": 128277.39166107532,
    "56": 23893.27601623675,
    "57": 137928.169784234,
    "58": 484743.27237833414,
    "59": 291786.85780123936,
    "60": 455106.2387238883,
    "61": 309895.17053913535,
    "62": 71670.24402517553,
    "63": 239318.17575884404,
    "64": 384588.118877547,
    "65": 56281.91630204177,
    "66": 135519.87926716366,
    "67": 380495.7025729806,
    "68": 259203.9570671989,
    "69": 317696.3360208434,
    "70": 137102.22144306987,
    "71": 138364.70153063186,
    "72": 209594.64691427603,
    "73": 251972.21596414974,
    "74": 107455.52679919403,
    "75": 107794.26904563117,
    "76": 692102.3237397267,
    "77": 437214.3075794255,
    "78": 56067.37352088978,
    "79": 124394.74538457303,
    "80": 279048.1971261235,
    "81": 138378.95830756924,
    "82": 58140.910290321386,
    "83": 79219.95194824143,
    "84": 176000.6779418586,
    "85": 78474.44779866363,
    "86": 166758.92224296526,
    "87": 38383.26887055152,
    "88": 192403.94112128695,
    "89": 196064.10563130074,
    "90": 193619.06684721762,
    "91": 66348.59183649777,
    "92": 462520.335644137,
    "93": 131044.8000921309,
    "94": 174797.78909556454,
    "95": 188286.6200676176,
    "96": 234418.459541633,
    "97": 190566.85568057888,
    "98": 166738.21880313306,
    "99": 150660.5714158171,
    "100": 173901.29415522533,
    "101": 100162.7636159897,
    "102": 64706.407812622136,
    "103": 81607.93242670574,
    "104": 325762.1202264486,
    "105": 51672.54626919443,
    "106": 501982.1636372163,
    "107": 21697.111559799523,
    "108": 421622.4486722336,
    "109": 306957.2503784681,
    "110": 386632.670274456,
    "111": 52596.57913295628,
    "112": 186751.04052000912,
    "113": 157650.0487894587,
    "114": 58712.55925459505,
    "115": 298900.7598724094,
    "116": 193625.7205086463,
    "117": 493777.2206770893,
    "118": 138341.1168441362,
    "119": 39978.73640452429,
    "120": 749451.9077429087,
    "121": 124225.16459311254,
    "122": 242244.45958872754,
    "123": 81828.3611660284,
    "124": 223151.161947292,
    "125": 53300.945370968395,
    "126": 616527.9815113443,
    "127": 155739.94518223382,
    "128": 270295.7616182748,
    "129": 38953.73188644339,
    "130": 143193.6608179401,
    "131": 422451.14786732267,
    "132": 218477.18703929533,
    "133": 203358.6954588512,
    "134": 147446.6764670822,
    "135": 136930.72164596885,
    "136": 35467.743688144525,
    "137": 280626.94465698657,
    "138": 241299.12752690533,
    "139": 394615.3281218012,
    "140": 244806.84011374085,
    "141": 501730.95750244684,
    "142": 173914.48093200728,
    "143": 261557.86410058613,
    "144": 162781.44106262067,
    "145": 460231.4053589947,
    "146": 342689.72667419055,
    "147": 373650.04905577167,
    "148": 251437.84394357048,
    "149": 378870.10368342756,
    "150": 148180.2246023577,
    "151": 326164.67055598705,
    "152": 208420.95619288547,
    "153": 236908.28044872498,
    "154": 129454.55607851624,
    "155": 339946.7368126494,
    "156": 109247.05928139502,
    "157": 195750.83557678567,
    "158": 53856.283145952875,
    "159": 240116.35529728842,
    "160": 338565.20087020536,
    "161": 343772.5761227736,
    "162": 97570.25941691357,
    "163": 88394.64789238079,
    "164": 197767.47242762015,
    "165": 11102.964037955237,
    "166": 151129.101441291,
    "167": 331660.0795100387,
    "168": 423016.96099122684,
    "169": 116376.41244244624,
    "170": 470915.0619564718,
    "171": 238140.2167771118,
    "172": 95390.46793254302,
    "173": 166096.68383720756,
    "174": 451113.315415115,
    "175": 36388.01747990206,
    "176": 114706.59465877952,
    "177": 59851.411184871155,
    "178": 155136.07600186873,
    "179": 170361.2949805236,
    "180": 144171.85026924824,
    "181": 202943.83453894863,
    "182": 202392.0613229555,
    "183": 282105.8580998286,
    "184": 136266.38986894715,
    "185": 273728.1242948268,
    "186": 124096.09065793612,
    "187": 70572.9560640632,
    "188": 285641.0264787215,
    "189": 504113.737926727,
    "190": 48740.71989588499,
    "191": 224372.86251229123,
    "192": 468473.4391461209,
    "193": 449261.9865931314,
    "194": 211058.3016364824,
    "195": 184316.14176285744,
    "196": 167911.80688245984,
    "197": 139734.2412115768,
    "198": 140224.4167733434,
    "199": 118686.87510571527,
    "200": 89313.47879979177,
    "201": 25437.756249754788,
    "202": 267060.0003952336,
    "203": 206256.84935241126,
    "204": 65871.43067565898,
    "205": 240579.65356214155,
    "206": 183629.81660466202,
    "207": 68792.64213215381,
    "208": 169485.286936265,
    "209": 456703.1089149848,
    "210": 225731.14173159408,
    "211": 376064.84408149787,
    "212": 216144.8033812482,
    "213": 104273.09095914425,
    "214": 366047.0835388421,
    "215": 355314.0220651963,
    "216": 243168.14224499886,
    "217": 339092.22008997225,
    "218": 26708.692646707423,
    "219": 252873.3955422275,
    "220": 222528.67409177663,
    "221": 338852.99399714306,
    "222": 151201.4718764671,
    "223": 91507.39129718904,
    "224": 159317.42312357013,
    "225": 292582.5762455959,
    "226": 85183.33886443193,
    "227": 10182.653568151467,
    "228": 538054.8167268118,
    "229": 281408.93849003606,
    "230": 93188.74523111529,
    "231": 142813.6239655216,
    "232": 227891.90686575038,
    "233": 61713.708560446146,
    "234": 61071.33348975783,
    "235": 170367.9877526743,
    "236": 76709.66469770866,
    "237": 467097.438555801,
    "238": 46321.58067667872,
    "239": 22651.262685909576,
    "240": 329314.65076747356,
    "241": 132180.854816723,
    "242": 194529.13138530447,
    "243": 149467.02615214844,
    "244": 365241.8479314091,
    "245": 251868.529853401,
    "246": 95403.47440909166,
    "247": 60029.565137194775,
    "248": 250734.46178567616,
    "249": 84037.59673318376,
    "250": 212361.66529468572,
    "251": 167075.31659012788,
    "252": 242146.36849848877,
    "253": 55797.08662842162,
    "254": 377861.58663012116,
    "255": 30947.01577085568,
    "256": 245882.90115316233,
    "257": 54460.42425610233,
    "258": 33374.65195691314,
    "259": 249324.7689810521,
    "260": 222493.38050164343,
    "261": 61012.15870503211,
    "262": 62120.32637749549,
    "263": 178213.59665397223,
    "264": 350284.83233571803,
    "265": 557207.3929551166,
    "266": 169778.2036578361,