{
    "1": 245321.03805530493,
    "2": 187196.0951364669,
    "3": 184216.70485625046,
    "4": 385999.28328094963,
    "5": 60390.70848234347,
    "6": 60490.05593472555,
    "7": 400534.68552913127,
    "8": 85203.24802885839,
    "9": 46515.03704316006,
    "10": 78905.0794454547,
    "11": 602503.2239015629,
    "12": 99117.38474249703,
    "13": 78294.05537540263,
    "14": 525184.7168756122,
    "15": 105852.0422719816,
    "16": 614370.9984048002,
    "17": 49959.94525673443,
    "18": 648250.4449809566,
    "19": 118902.71708447194,
    "20": 34128.25604459095,
    "21": 62661.672709493585,
    "22": 30231.091905403373,
    "23": 175841.6282987521,
    "24": 44921.3628052391,
    "25": 104912.0810666972,
    "26": 283169.1405738422,
    "27": 123084.70273795252,
    "28": 662213.023163654,
    "29": 55111.54066507684,
    "30": 78835.63983876673,
    "31": 113562.07639921049,
    "32": 320598.59664246836,
    "33": 22156.532984916288,
    "34": 268989.12854036794,
    "35": 202859.24299395582,
    "36": 238706.99464754117,
    "37": 54805.29232990773,
    "38": 276149.9355339743,
    "39": 117450.85458229233,
    "40": 266364.63560429483,
    "41": 204910.53144356995,
    "42": 35006.25078766311,
    "43": 463161.8951748873,
    "44": 146080.22346776622,
    "45": 73934.68108493574,
    "46": 61396.155790018536,
    "47": 534224.8823153687,
    "48": 531756.6574695345,
    "49": 259992.8390765138,
    "50": 504468.17053972394,
    "51": 399721.98276538384,
    "52": 95870.89005848882,
    "53": 426833.2747906966,
    "54": 322068.480189978,
    "55": 158431.4836042022,
    "56": 14788.678257471045,
    "57": 119679.93434328675,
    "58": 383152.14220450027,
    "59": 168103.26981414363,
    "60": 155277.78743227758,
    "61": 47620.746960398326,
    "62": 457869.1482007079,
    "63": 479100.58020380815,
    "64": 192856.95331757833,
    "65": 269849.0652004805,
    "66": 110221.91620578544,
    "67": 80088.00407470374,
    "68": 207477.39785922473,
    "69": 253219.06268056502,
    "70": 243460.28643982884,
    "71": 72155.27131496844,
    "72": 271214.8194944502,
    "73": 367961.42557273374,
    "74": 115812.2375638476,
    "75": 55317.41008327342,
    "76": 163243.75398577555,
    "77": 192196.0232706317,
    "78": 502399.67079977394,
    "79": 160137.45733909088,
    "80": 181539.7823139798,
    "81": 231407.48054364455,
    "82": 430006.0352771578,
    "83": 84615.07728417231,
    "84": 197909.3762841628,
    "85": 64249.60303667907,
    "86": 180290.75741137832,
    "87": 65505.30721591933,
    "88": 370329.78921010706,
    "89": 332782.5117718789,
    "90": 288919.018198831,
    "91": 382192.86942170176,
    "92": 206566.84690269805,
    "93": 82608.93655486757,
    "94": 222783.68895095133,
    "95": 27504.020321249704,
    "96": 324744.34264951636,
    "97": 197840.18188144668,
    "98": 79452.4751540638,
    "99": 50956.94177146172,
    "100": 26970.91850934369,
    "101": 312254.93317599327,
    "102": 71583.47928456702,
    "103": 89492.3699144283,
    "104": 134710.01007738317,
    "105": 98352.79352490952,
    "106": 27524.053958082324,
    "107": 126294.88643644044,
    "108": 208768.83129174265,
    "109": 352639.44107606437,
    "110": 549221.143576168,
    "111": 132329.26518509848,
    "112": 466787.6133069112,
    "113": 151426.40792982842,
    "114": 147652.97542965837,
    "115": 619536.2342817719,
    "116": 155955.7569502104,
    "117": 261141.53817674128,
    "118": 29936.550659643483,
    "119": 70108.2471289333,
    "120": 84130.46119664333,
    "121": 54358.71366307829,
    "122": 147124.68426128195,
    "123": 209350.85440961877,
    "124": 205558.35039377594,
    "125": 30937.214524732255,
    "126": 61653.303322328626,
    "127": 370116.6782029869,
    "128": 229276.71067165496,
    "129": 826301.291502289,
    "130": 338347.357697006,
    "131": 151228.5121438688,
    "132": 548223.8808530712,
    "133": 405764.42476679164,
    "134": 41376.33005375761,
    "135": 66824.94270738309,
    "136": 85269.09968450527,
    "137": 194365.08995952908,
    "138": 177413.09948119996,
    "139": 348287.1575772628,
    "140": 126816.50846467963,
    "141": 155658.94328664354,
    "142": 391123.1647406786,
    "143": 102548.33979183504,
    "144": 275348.21398677665,
    "145": 76198.52553454683,
    "146": 388629.2409879746,
    "147": 337661.8326433242,
    "148": 88328.89230101752,
    "149": 116285.8870279591,
    "150": 30230.58192418134,
    "151": 132318.3577242111,
    "152": 38875.95935627686,
    "153": 37424.82101912428,
    "154": 282179.00762578583,
    "155": 760946.0891745255,
    "156": 123975.5818762521,
    "157": 123522.40443114575,
    "158": 708047.9072258432,
    "159": 95436.71932427543,
    "160": 463009.76403475396,
    "161": 96953.89269299248,
    "162": 36683.740113657615,
    "163": 265815.7592880437,
    "164": 174378.65055433728,
    "165": 130487.57646563725,
    "166": 328927.59713173157,
    "167": 237405.99372258686,
    "168": 151966.22503829532,
    "169": 58407.16807432765,
    "170": 217258.4220624802,
    "171": 349713.6637000529,
    "172": 265295.10502138373,
    "173": 302572.90796728357,
    "174": 96476.78465020572,
    "175": 65015.51383008847,
    "176": 180072.1751430449,
    "177": 248537.8188566275,
    "178": 207428.6647033492,
    "179": 466593.1874781591,
    "180": 180488.2827134118,
    "181": 322866.8452333086,
    "182": 317384.1479221828,
    "183": 183740.23603852242,
    "184": 98151.20717923422,
    "185": 262942.7910728085,
    "186": 183598.6641182569,
    "187": 474421.14868374047,
    "188": 282923.58686075115,
    "189": 915049.2211613696,
    "190": 162587.18022280198,
    "191": 107923.65720829926,
    "192": 213421.25976674425,
    "193": 108825.5912484433,
    "194": 133946.63400594884,
    "195": 175365.04032995197,
    "196": 97289.4491094173,
    "197": 545894.4003785466,
    "198": 147011.20209276135,
    "199": 83922.2414935883,
    "200": 122335.3066283288,
    "201": 229282.7354522804,
    "202": 55550.50870644922,
    "203": 379225.0214061021,
    "204": 606048.0867091608,
    "205": 124267.49438552672,
    "206": 118810.43498092896,
    "207": 284470.3840628704,
    "208": 266971.98065983405,
    "209": 325590.75965503656,
    "210": 119470.09522446938,
    "211": 241775.45289348625,
    "212": 179263.47577045864,
    "213": 225205.65847060052,
    "214": 663161.6202577986,
    "215": 393633.7012474449,
    "216": 273626.16943535313,
    "217": 165601.72459151404,
    "218": 439099.7156379726,
    "219": 54502.73831684995,
    "220": 356437.8570749724,
    "221": 365917.8823790082,
    "222": 295567.5816117898,
    "223": 259878.94024736158,
    "224": 138571.96556289538,
    "225": 214509.94161027294,
    "226": 558620.5254853684,
    "227": 42272.743290018,
    "228": 220742.48535506785,
    "229": 353648.7372841016,
    "230": 14961.80480620795,
    "231": 584269.4636003149,
    "232": 146028.31760597104,
    "233": 27523.638234327624,
    "234": 56636.00247578362,
    "235": 173200.2768114905,
    "236": 86028.39121678448,
    "237": 187314.2819576178,
    "238": 168997.39749132778,
    "239": 327845.46340141573,
    "240": 51770.989484409125,
    "241": 80324.59453471564,
    "242": 157523.64310778808,
    "243": 425391.08217826934,
    "244": 96926.11603567083,
    "245": 207433.28329377226,
    "246": 92951.68315540362,
    "247": 174862.78584436205,
    "248": 238374.1956426451,
    "249": 95016.4114549998,
    "250": 86700.74753123183,
    "251": 599823.5317453136,
    "252": 294704.67818507494,
    "253": 202742.0687627032,
    "254": 676479.4124823126,
    "255": 153458.624568758,
    "256": 180479.92836133685,
    "257": 219381.15562503817,
    "258": 27272.863591004516,
    "259": 37512.766413038735,
    "260": 99671.04955236433,
    "261": 469531.05130873935,
    "262": 114319.37818823227,
    "263": 345707.18488863803,
    "264": 147245.16170996206,
    "265": 286116.72834190197,
    "266": 258515.63630783945,