{
    "1": 113693.97863244043,
    "2": 128964.08214283886,
    "3": 72759.61826575422,
    "4": 285754.7968394256,
    "5": 67848.12386319457,
    "6": 319708.6878146669,
    "7": 79306.63740364189,
    "8": 691107.244284789,
    "9": 133867.48180810377,
    "10": 320692.3767658315,
    "11": 40469.985205817524,
    "12": 508688.0962096023,
    "13": 131046.64039255463,
    "14": 406075.66542211315,
    "15": 208516.99486809576,
    "16": 560355.8676249031,
    "17": 26559.317393666544,
    "18": 265587.6285163595,
    "19": 19473.781083986123,
    "20": 192235.50988194768,
    "21": 157550.64468856982,
    "22": 143202.7242169675,
    "23": 124800.05217527175,
    "24": 37561.05923917351,
    "25": 607086.8988632847,
    "26": 541221.4414485225,
    "27": 9446.785107671149,
    "28": 221994.73929024805,
    "29": 226952.29666245752,
    "30": 92485.77680346066,
    "31": 97125.2010773701,
    "32": 90359.21168227957,
    "33": 141985.73943510035,
    "34": 40604.458095563314,
    "35": 98749.37005512783,
    "36": 515852.425511956,
    "37": 213028.65654508042,
    "38": 285246.87874218205,
    "39": 197689.07855334843,
    "40": 380518.9858893227,
    "41": 49901.42071701853,
    "42": 50263.35210532701,
    "43": 37767.782503723305,
    "44": 58047.27803198587,
    "45": 175678.01709381552,
    "46": 264489.3711158367,
    "47": 159962.2002060079,
    "48": 17917.623031531428,
    "49": 140241.18235340295,
    "50": 240250.14578430032,
    "51": 124668.80874913005,
    "52": 349506.74145933584,
    "53": 486990.0690785298,
    "54": 361833.5671753535,
    "55": 334936.0779667342,
    "56": 139444.7980737802,
    "57": 159873.786120158,
    "58": 125622.49171137049,
    "59": 179236.56914523416,
    "60": 184226.44282333826,
    "61": 116318.59310226695,
    "62": 156080.38761963087,
    "63": 227159.90597098097,
    "64": 333745.8820842427,
    "65": 309393.3362256192,
    "66": 263499.51923720504,
    "67": 370424.0797649151,
    "68": 74800.78144462046,
    "69": 125968.37741910838,
    "70": 58336.799597368044,
    "71": 530517.8247074833,
    "72": 15014.72208153263,
    "73": 183916.60198177234,
    "74": 551577.8834773067,
    "75": 396957.94684462296,
    "76": 27306.748986213905,
    "77": 106036.79728197759,
    "78": 469131.5059790587,
    "79": 213874.1472495385,
    "80": 309728.7775505106,
    "81": 294228.7429118901,
    "82": 24900.314112898137,
    "83": 127842.3335161656,
    "84": 385948.43674937444,
    "85": 504802.2127930476,
    "86": 189282.91779427414,
    "87": 101422.84162942202,
    "88": 93755.66361818199,
    "89": 489320.76106945967,
    "90": 103590.79599625355,
    "91": 559513.883168404,
    "92": 45109.86394333789,
    "93": 260875.38039653993,
    "94": 79063.71184646917,
    "95": 391647.62658950244,
    "96": 324790.7426171316,
    "97": 355932.9667135813,
    "98": 316614.4462174815,
    "99": 48078.85250962487,
    "100": 144940.21476650488,
    "101": 146048.69952585336,
    "102": 197487.85131055774,
    "103": 68817.84115488795,
    "104": 29933.962388030923,
    "105": 190768.22126102174,
    "106": 306879.6381631861,
    "107": 209448.50610271632,
    "108": 330509.1893323166,
    "109": 93144.10439869532,
    "110": 46655.22933540156,
    "111": 318263.8240554644,
    "112": 477000.49739383644,
    "113": 55408.071815869254,
    "114": 35378.41380381324,
    "115": 338785.47436584556,
    "116": 365659.68085875397,
    "117": 90874.41864835462,
    "118": 373561.7661368951,
    "119": 458952.49318626657,
    "120": 254498.38955355613,
    "121": 39859.62729504739,
    "122": 38299.67519892227,
    "123": 260294.4170473887,
    "124": 226996.52224802374,
    "125": 286919.34579360887,
    "126": 190190.7056162851,
    "127": 125906.32095775547,
    "128": 136093.8985446456,
    "129": 101804.8090748354,
    "130": 74174.42586795092,
    "131": 199063.8420119647,
    "132": 314003.27311290184,
    "133": 448741.5826671185,
    "134": 213958.97043951135,
    "135": 164992.70808243696,
    "136": 19298.241591094884,
    "137": 32863.585239724816,
    "138": 335534.4898673367,
    "139": 60538.101597070854,
    "140": 210165.60695922174,
    "141": 716417.8896829315,
    "142": 123731.08308714301,
    "143": 635291.373898449,
    "144": 167090.02576810934,
    "145": 115867.96166031378,
    "146": 758475.9794765994,
    "147": 134467.7291226769,
    "148": 24964.72477948277,
    "149": 266523.5770002141,
    "150": 113376.63738376266,
    "151": 83232.02041107109,
    "152": 160704.60414469504,
    "153": 160354.6859359051,
    "154": 256991.61255898615,
    "155": 123264.36783279969,
    "156": 237159.74736155212,
    "157": 129770.43089726362,
    "158": 165236.23823492258,
    "159": 41434.455604022274,
    "160": 615783.9518228836,
    "161": 29672.706135828124,
    "162": 248889.55215324118,
    "163": 99504.38076235972,
    "164": 106363.7862580499,
    "165": 35043.25075863998,
    "166": 159732.9541603405,
    "167": 270509.482856621,
    "168": 106018.91835930222,
    "169": 1083929.4515939346,
    "170": 192165.70309688293,
    "171": 64299.768901945274,
    "172": 89376.46671227843,
    "173": 136393.63078168329,
    "174": 56163.991831391315,
    "175": 1040163.6173980077,
    "176": 532477.4161702743,
    "177": 124890.91195860268,
    "178": 287701.4243679811,
    "179": 363827.785079428,
    "180": 101856.76886718669,
    "181": 37640.17444442386,
    "182": 258162.3416546134,
    "183": 222761.59412498923,
    "184": 211368.90369143797,
    "185": 225000.92362994308,
    "186": 436997.4729880233,
    "187": 91965.23847974068,
    "188": 250869.98746068694,
    "189": 136074.9830759054,
    "190": 201140.27425804408,
    "191": 167252.77209406864,
    "192": 127176.67022424955,
    "193": 29984.466513588424,
    "194": 222773.8652879925,
    "195": 608823.0196654602,
    "196": 366273.7767397289,
    "197": 602958.2766102054,
    "198": 200346.46108483957,
    "199": 854184.6873972362,
    "200": 445179.496276281,
    "201": 79117.3942961127,
    "202": 115859.80379442817,
    "203": 273968.482407875,
    "204": 127907.8925532314,
    "205": 288124.1026827455,
    "206": 509735.8962099288,
    "207": 326697.28213352064,
    "208": 244741.76465158645,
    "209": 78236.03229029373,
    "210": 192040.35003735943,
    "211": 758704.7764739284,
    "212": 82257.72855547708,
    "213": 89569.95154851115,
    "214": 82812.2824689996,
    "215": 166581.29673459497,
    "216": 31760.75305430496,
    "217": 109730.25389276438,
    "218": 254332.2978671971,
    "219": 464679.3168943608,
    "220": 280606.081249838,
    "221": 82831.68958294539,
    "222": 55801.922027915265,
    "223": 62896.08483967808,
    "224": 254639.0764086954,
    "225": 62075.57492351485,
    "226": 212199.14079514777,
    "227": 303024.01275148435,
    "228": 33806.25841585531,
    "229": 418517.9017650974,
    "230": 95020.67529717644,
    "231": 143283.1964648981,
    "232": 132659.52933262847,
    "233": 161862.503488721,
    "234": 144026.61457459602,
    "235": 109812.05440496781,
    "236": 45232.47150796869,
    "237": 237702.09819631878,
    "238": 73407.83135341736,
    "239": 302664.16583049716,
    "240": 354574.15401876235,
    "241": 70227.63987043085,
    "242": 63813.84200900779,
    "243": 469636.5005900843,
    "244": 212561.55863303365,
    "245": 65229.99247143198,
    "246": 152379.44059983932,
    "247": 465472.1355050232,
    "248": 194414.4168652231,
    "249": 170339.4015120569,
    "250": 254632.6352761991,
    "251": 191708.29540921116,
    "252": 111980.64932160416,
    "253": 374830.67814190884,
    "254": 294466.5421882468,
    "255": 405783.57313952746,
    "256": 458442.71697560593,
    "257": 56985.44519384923,
    "258": 238378.50366147037,
    "259": 482508.12062492326,
    "260": 647863.7841712864,
    "261": 31755.1992010402,
    "262": 416586.4628700374,
    "263": 88321.97298929682,
    "264": 169871.09517644826,
    "265": 967622.6984946096,
    "266": 250819.1880768428,