{
    "1": 231380.17499972702,
    "2": 76588.3417287306,
    "3": 314562.30121905106,
    "4": 205845.1467060718,
    "5": 244442.5904391782,
    "6": 325238.3476788941,
    "7": 213430.0219847095,
    "8": 386116.07178305625,
    "9": 258483.18984256292,
    "10": 242840.03872705236,
    "11": 120879.16582393224,
    "12": 278850.01087999786,
    "13": 157774.28992092016,
    "14": 34055.57507593008,
    "15": 56236.29181547989,
    "16": 192603.51882957242,
    "17": 204583.92358795626,
    "18": 143902.13244538594,
    "19": 28679.895883070112,
    "20": 146927.6801792462,
    "21": 276009.6909153975,
    "22": 30746.988596122108,
    "23": 354294.8615425886,
    "24": 247061.69117526992,
    "25": 264188.69579392794,
    "26": 467553.95523853024,
    "27": 274662.0881058831,
    "28": 28926.77042785392,
    "29": 139278.01478158883,
    "30": 309548.09207697393,
    "31": 412911.5881376433,
    "32": 86376.70064725794,
    "33": 391464.2252607413,
    "34": 138295.76346309241,
    "35": 202147.00915806636,
    "36": 194619.7977221326,
    "37": 27145.559068371287,
    "38": 121328.48634502746,
    "39": 80509.74896647013,
    "40": 253656.99395526995,
    "41": 11697.427701702956,
    "42": 31898.79798980021,
    "43": 89181.78174442703,
    "44": 372516.9362915654,
    "45": 142821.97398217145,
    "46": 258943.62425346198,
    "47": 114221.820017478,
    "48": 124319.78083749782,
    "49": 299577.8521522318,
    "50": 411888.4712882301,
    "51": 8651.439219502294,
    "52": 311538.7219955973,
    "53": 583799.4188031987,
    "54": 172284.909401222,
    "55": 324812.8963838283,
    "56": 268967.87407282094,
    "57": 487229.8886934528,
    "58": 133533.9363807128,
    "59": 315418.52119429084,
    "60": 225790.3042563517,
    "61": 94001.43992767399,
    "62": 87408.94381774426,
    "63": 77508.32123328856,
    "64": 284366.4555611178,
    "65": 526873.6741559838,
    "66": 65951.21990525025,
    "67": 23932.178241890622,
    "68": 405382.2086239741,
    "69": 149182.1217005797,
    "70": 288417.57525476674,
    "71": 264954.3443365354,
    "72": 188055.84883363964,
    "73": 157332.4084113937,
    "74": 228702.16043198787,
    "75": 134753.08649058107,
    "76": 479191.6709129667,
    "77": 369795.0278662433,
    "78": 89561.51354327991,
    "79": 322175.9836529307,
    "80": 146041.0161934711,
    "81": 182769.38688449954,
    "82": 50479.06653086434,
    "83": 183446.51509726085,
    "84": 395045.9896884533,
    "85": 185804.5293554068,
    "86": 362867.82783925877,
    "87": 172881.35107748437,
    "88": 344303.28655434406,
    "89": 141753.50917110348,
    "90": 187032.8092567247,
    "91": 275565.6057750405,
    "92": 266877.137746778,
    "93": 261725.1061894314,
    "94": 73766.09411243815,
    "95": 74195.24068605255,
    "96": 198194.60916015125,
    "97": 142330.27597064074,
    "98": 632305.0566060873,
    "99": 151281.50906731046,
    "100": 198184.9027988256,
    "101": 343042.4697176647,
    "102": 92662.1044712154,
    "103": 155710.86460466924,
    "104": 201479.59941210973,
    "105": 176985.77258826164,
    "106": 516637.5351447344,
    "107": 82788.02355837356,
    "108": 192788.121099257,
    "109": 182219.69256877297,
    "110": 521508.20288209186,
    "111": 41029.23662128889,
    "112": 15979.616458083288,
    "113": 140847.5832675451,
    "114": 197835.75439904127,
    "115": 434912.0651860414,
    "116": 197535.44883174167,
    "117": 41199.357337111454,
    "118": 38459.15245696967,
    "119": 166048.14433725583,
    "120": 42344.4001971341,
    "121": 158811.9478241484,
    "122": 220292.64138742274,
    "123": 75093.44435770425,
    "124": 112787.75209166882,
    "125": 50518.80248771402,
    "126": 80216.71873854916,
    "127": 184427.23417657643,
    "128": 366259.3610916072,
    "129": 63591.13967250645,
    "130": 128877.2914214372,
    "131": 176686.09709055183,
    "132": 203635.4659282599,
    "133": 116124.02448523152,
    "134": 115532.02007276779,
    "135": 18938.766444946872,
    "136": 153713.51564307397,
    "137": 544543.0516248434,
    "138": 492310.7242774829,
    "139": 93899.9277417366,
    "140": 47465.43388242075,
    "141": 38706.0358082476,
    "142": 112453.14927848255,
    "143": 166186.45032013254,
    "144": 173237.0178957387,
    "145": 106278.99971548567,
    "146": 103249.24084661376,
    "147": 78414.9126517948,
    "148": 192564.78435196096,
    "149": 301336.8044526335,
    "150": 492595.1264423363,
    "151": 317510.2161497971,
    "152": 114662.29072434414,
    "153": 192042.50870160296,
    "154": 301395.5238808059,
    "155": 136262.5148440221,
    "156": 174598.75777559707,
    "157": 224955.75772647094,
    "158": 48666.12265459285,
    "159": 344320.0041197816,
    "160": 422931.96452241973,
    "161": 236336.16809500143,
    "162": 160035.03025896603,
    "163": 64919.99533592501,
    "164": 84686.863789925,
    "165": 255262.2026587006,
    "166": 240723.59944646497,
    "167": 288147.66380903433,
    "168": 175164.05857389185,
    "169": 398479.14061270416,
    "170": 190542.28838852,
    "171": 92531.23720596476,
    "172": 103333.7322375985,
    "173": 50499.20779439517,
    "174": 221364.02885851843,
    "175": 255488.66708466134,
    "176": 76362.56145001652,
    "177": 185957.8565781256,
    "178": 154533.69472690605,
    "179": 125829.86151587656,
    "180": 545778.6225634477,
    "181": 106934.05165605508,
    "182": 291371.8652018252,
    "183": 180460.61384897176,
    "184": 62931.82738276131,
    "185": 129220.84117239376,
    "186": 290035.6492419463,
    "187": 260300.85160538336,
    "188": 42493.63161509296,
    "189": 511284.2770481702,
    "190": 154941.9669410868,
    "191": 97265.79457195706,
    "192": 243757.73316923637,
    "193": 154932.41423793064,
    "194": 208602.62707818937,
    "195": 169841.34352781394,
    "196": 161711.85115123302,
    "197": 198623.68422073504,
    "198": 115771.37939338095,
    "199": 170302.17346927573,
    "200": 64092.19477865263,
    "201": 53283.26450106549,
    "202": 780395.4519948496,
    "203": 67184.32825785896,
    "204": 93098.43615114303,
    "205": 290404.3282303901,
    "206": 153762.01083128355,
    "207": 336313.88775348477,
    "208": 460071.91216129414,
    "209": 161513.06816649935,
    "210": 247538.03993123447,
    "211": 48280.6393568784,
    "212": 276259.3903282461,
    "213": 700921.1777193078,
    "214": 59399.88470603178,
    "215": 101883.22605095542,
    "216": 183433.77489751263,
    "217": 183922.0488449466,
    "218": 320119.151623041,
    "219": 161845.86173236137,
    "220": 60566.877105250176,
    "221": 112532.27734116986,
    "222": 332807.47861361783,
    "223": 379518.33119315084,
    "224": 93700.75875385529,
    "225": 373120.5947497878,
    "226": 207821.3299745758,
    "227": 119286.9126151297,
    "228": 407130.3837081503,
    "229": 706521.5064116713,
    "230": 482972.5301184284,
    "231": 219385.49039088777,
    "232": 142225.98151733613,
    "233": 431452.47656850884,
    "234": 167404.0417638548,
    "235": 408279.8338366925,
    "236": 279215.4698429393,
    "237": 167494.3065358476,
    "238": 177021.91142797572,
    "239": 191650.80847221878,
    "240": 225760.87713275204,
    "241": 88401.32894227745,
    "242": 156771.6744544854,
    "243": 147510.80246662765,
    "244": 277192.74734937336,
    "245": 134132.0590085722,
    "246": 346771.92665310076,
    "247": 388771.51582782646,
    "248": 293356.27517454646,
    "249": 66570.96140310164,
    "250": 60924.17062347774,
    "251": 167398.89317458225,
    "252": 88414.46681982256,
    "253": 71178.8400551416,
    "254": 488037.5711405358,
    "255": 26008.6452161041,
    "256": 159372.19668210248,
    "257": 54241.898926688715,
    "258": 68144.80003159288,
    "259": 201992.01943899915,
    "260": 508013.98525636137,
    "261": 116009.80802817483,
    "262": 199554.19609199816,
    "263": 120938.22620304578,
    "264": 371871.1538115962,
    "265": 46247.71888309999,
    "266": 300736.85271351755,