{
    "1": 123543.32971626052,
    "2": 319343.4098427741,
    "3": 317266.0868496663,
    "4": 375692.18009311444,
    "5": 227996.73649489094,
    "6": 200346.06715533155,
    "7": 378069.63650151086,
    "8": 636311.9768388618,
    "9": 45318.0933139858,
    "10": 59455.14982674871,
    "11": 327469.2761277972,
    "12": 147618.73536587245,
    "13": 138965.68207230547,
    "14": 218515.52041544885,
    "15": 484397.8373459046,
    "16": 56560.28605237103,
    "17": 138312.55218540918,
    "18": 183803.6374453028,
    "19": 578216.2541113102,
    "20": 175791.81483995807,
    "21": 165674.53623215543,
    "22": 276582.6639759863,
    "23": 41569.050089158714,
    "24": 375521.2512731473,
    "25": 67735.7238932176,
    "26": 114616.26718494201,
    "27": 59632.141088654396,
    "28": 272083.99431542854,
    "29": 93765.78335661034,
    "30": 234671.82304091175,
    "31": 254234.8630877347,
    "32": 60111.879015266015,
    "33": 33164.491642604786,
    "34": 235184.6775117715,
    "35": 16976.496971263023,
    "36": 145458.3668427099,
    "37": 345716.1057317485,
    "38": 321511.2979931101,
    "39": 453808.93689556967,
    "40": 146707.27725839015,
    "41": 241357.34993245942,
    "42": 174936.46462088483,
    "43": 307640.6958744182,
    "44": 85555.30217020612,
    "45": 121580.23265097663,
    "46": 97192.3721464918,
    "47": 198151.1627093521,
    "48": 100133.69072173286,
    "49": 205591.35241584323,
    "50": 88411.49411415699,
    "51": 71327.88933141872,
    "52": 313017.6790372147,
    "53": 77391.01706932856,
    "54": 356609.3986665039,
    "55": 170083.81171809998,
    "56": 145809.87047218878,
    "57": 588195.3016970783,
    "58": 348215.64013190183,
    "59": 421834.55130108487,
    "60": 445821.38998062594,
    "61": 52371.3510018423,
    "62": 130336.99771005948,
    "63": 171040.53520962872,
    "64": 325181.05800541944,
    "65": 58040.53602119069,
    "66": 20708.039306795028,
    "67": 164443.12418838617,
    "68": 99395.74750363042,
    "69": 464638.4706678315,
    "70": 374860.01578290266,
    "71": 215828.73156138507,
    "72": 92826.6366321136,
    "73": 529223.384355847,
    "74": 441164.5386475172,
    "75": 119008.21699036162,
    "76": 204569.80899465724,
    "77": 202174.26995702463,
    "78": 541607.071931824,
    "79": 124418.66460289928,
    "80": 90915.98462214602,
    "81": 177922.42396023183,
    "82": 226802.48797972483,
    "83": 115288.16273194224,
    "84": 337023.5753494488,
    "85": 89411.74670865545,
    "86": 28149.026846600333,
    "87": 245472.35070021977,
    "88": 199306.76996345056,
    "89": 102083.89585664967,
    "90": 235810.34620872786,
    "91": 156291.12774164748,
    "92": 409539.09936600714,
    "93": 449383.2593477746,
    "94": 249977.45625427226,
    "95": 96727.73567511329,
    "96": 140720.27861930375,
    "97": 286384.0120446419,
    "98": 10653.109196214687,
    "99": 275101.15093606024,
    "100": 402560.01791642356,
    "101": 441976.12364359567,
    "102": 76683.97376415953,
    "103": 363439.00203683495,
    "104": 349727.0409641654,
    "105": 154889.2481071427,
    "106": 134211.56350346832,
    "107": 19255.633408208945,
    "108": 273891.2330635935,
    "109": 736965.1499636212,
    "110": 286536.99602193414,
    "111": 106781.81199526499,
    "112": 119536.23376817539,
    "113": 68290.25703753569,
    "114": 18507.99030194094,
    "115": 81123.42551850807,
    "116": 160918.44415611777,
    "117": 181575.8762478402,
    "118": 193065.30967280007,
    "119": 503949.13540227944,
    "120": 274039.9013054507,
    "121": 105220.07039034505,
    "122": 631691.0416310008,
    "123": 293440.7535736059,
    "124": 22372.99774085303,
    "125": 288098.59191281535,
    "126": 114250.87036181662,
    "127": 461186.15365851606,
    "128": 79046.84688375326,
    "129": 292386.400324054,
    "130": 189839.5520835826,
    "131": 841334.3372648839,
    "132": 87581.5942840023,
    "133": 218596.66872539325,
    "134": 188108.12419815082,
    "135": 125002.55661874973,
    "136": 63354.27922156983,
    "137": 166191.82347464818,
    "138": 252184.354082606,
    "139": 144105.6865107615,
    "140": 349561.6699049593,
    "141": 184927.88717169894,
    "142": 135302.586212511,
    "143": 306707.30217035546,
    "144": 174994.61926423514,
    "145": 125940.8408427226,
    "146": 438893.58679645247,
    "147": 105423.40471156026,
    "148": 121347.50644697643,
    "149": 237145.91996343265,
    "150": 100345.47259694182,
    "151": 161742.31431742178,
    "152": 205265.52572362337,
    "153": 197498.0383127739,
    "154": 67071.78989565818,
    "155": 386970.4544651858,
    "156": 240931.9572469309,
    "157": 323371.9176773545,
    "158": 169303.182484092,
    "159": 140815.54253035007,
    "160": 292601.4822560367,
    "161": 282888.01388298126,
    "162": 68221.90209771985,
    "163": 108792.11068083667,
    "164": 360993.41798207734,
    "165": 94340.87730625003,
    "166": 338801.2744847412,
    "167": 160718.74733866443,
    "168": 119326.14399088745,
    "169": 149472.3299776387,
    "170": 382749.9218926235,
    "171": 398627.9399774795,
    "172": 91797.04150033352,
    "173": 95858.88026093722,
    "174": 129233.6656420571,
    "175": 229021.32640163784,
    "176": 298622.7600475319,
    "177": 173335.16867511143,
    "178": 540969.9120176573,
    "179": 125296.2954454725,
    "180": 217242.98723513863,
    "181": 302203.21760711435,
    "182": 143013.9389488957,
    "183": 139646.85077636776,
    "184": 238577.65627437597,
    "185": 290386.63595081697,
    "186": 115480.0096628165,
    "187": 96353.90176105866,
    "188": 47671.31952822634,
    "189": 465890.880718831,
    "190": 328090.47168946743,
    "191": 101874.7238753935,
    "192": 113821.57276749962,
    "193": 141432.66905848146,
    "194": 298412.50498688925,
    "195": 574761.9005390799,
    "196": 16976.72115376634,
    "197": 116469.35860293762,
    "198": 263927.3794160933,
    "199": 354447.8978962961,
    "200": 6298.566610136771,
    "201": 49641.220156650794,
    "202": 81334.8324725298,
    "203": 591238.8241380038,
    "204": 345622.2715553667,
    "205": 163545.92024475354,
    "206": 106980.84297149089,
    "207": 133430.33520467381,
    "208": 145909.4410264134,
    "209": 205009.17969901022,
    "210": 24539.198987064523,
    "211": 173888.6739906895,
    "212": 326285.5828118063,
    "213": 174211.51115279927,
    "214": 30072.938288115784,
    "215": 163601.23472987761,
    "216": 162934.38398334998,
    "217": 569641.7172362371,
    "218": 247567.21073171863,
    "219": 309385.66909418843,
    "220": 206013.99735451888,
    "221": 39276.49756158141,
    "222": 375676.9715891536,
    "223": 72781.48243861705,
    "224": 291307.3928404754,
    "225": 320599.04674363445,
    "226": 340912.0076018198,
    "227": 304860.9805007473,
    "228": 121879.48590365883,
    "229": 282298.5955052087,
    "230": 94442.52433898882,
    "231": 319044.3320934331,
    "232": 235049.07544238368,
    "233": 49125.336539524986,
    "234": 218282.9824681411,
    "235": 1011878.8633726308,
    "236": 178035.51031396296,
    "237": 220762.04626771502,
    "238": 384873.93319428846,
    "239": 112397.86668738071,
    "240": 500289.36677541665,
    "241": 202784.98348820079,
    "242": 288517.68102837785,
    "243": 110656.35442961763,
    "244": 300226.9402585389,
    "245": 220811.08892726683,
    "246": 289141.2128511428,
    "247": 121208.99574148991,
    "248": 31143.36400975316,
    "249": 77360.68587314666,
    "250": 225514.51979834246,
    "251": 287960.7872478723,
    "252": 208516.97161340655,
    "253": 287352.8817363114,
    "254": 238633.39365783663,
    "255": 483762.9997421969,
    "256": 401160.2742464918,
    "257": 288431.9287875593,
    "258": 136044.52132714723,
    "259": 138519.72145782076,
    "260": 53172.91066088263,
    "261": 89468.65279580628,
    "262": 90717.4183095769,
    "263": 17545.614510812906,
    "264": 492727.78795336094,
    "265": 177088.58049931127,
    "266": 173292.9016213704,