{
    "1": 49703.68516935521,
    "2": 66879.77326917682,
    "3": 256405.9861262384,
    "4": 81105.4691216024,
    "5": 125791.40051231206,
    "6": 106923.98078664059,
    "7": 410337.77411830856,
    "8": 99834.86881931801,
    "9": 214903.93524403093,
    "10": 97088.15805420089,
    "11": 13969.370283305707,
    "12": 58725.30946447276,
    "13": 76682.6178308405,
    "14": 204167.29849619404,
    "15": 508166.38696020143,
    "16": 190699.7997410707,
    "17": 274309.7618885026,
    "18": 547765.8191102158,
    "19": 81798.9164916283,
    "20": 569833.088438983,
    "21": 116752.30103418432,
    "22": 59692.13495401312,
    "23": 136674.56861882383,
    "24": 323496.7676183779,
    "25": 63758.50549064029,
    "26": 202131.7090522629,
    "27": 126628.96866615712,
    "28": 23607.904430830098,
    "29": 86712.16482530218,
    "30": 268094.04874091566,
    "31": 652641.7412150084,
    "32": 110815.0779143802,
    "33": 81167.24361825673,
    "34": 62324.081351198416,
    "35": 255292.51260092724,
    "36": 111185.12451632749,
    "37": 337855.0570504066,
    "38": 61374.39172037806,
    "39": 295310.912664403,
    "40": 189977.74335369086,
    "41": 117348.56550480307,
    "42": 119638.18671416033,
    "43": 144167.48234329576,
    "44": 160950.82653548254,
    "45": 154974.1460112177,
    "46": 381701.7822115964,
    "47": 237685.34236352355,
    "48": 409034.9217350414,
    "49": 243170.63689176878,
    "50": 193267.26877757552,
    "51": 148121.12198321242,
    "52": 172552.05030782137,
    "53": 123468.90301730004,
    "54": 62490.396010472046,
    "55": 94324.51938845635,
    "56": 163334.37077316354,
    "57": 544743.374863284,
    "58": 277241.5927262607,
    "59": 388644.87655685254,
    "60": 109156.90982480056,
    "61": 17163.027421109637,
    "62": 179420.33354373332,
    "63": 72518.0069243268,
    "64": 572840.3254462018,
    "65": 138071.7547035484,
    "66": 40442.94451340264,
    "67": 47853.63824782704,
    "68": 208569.42245462025,
    "69": 61854.886543226356,
    "70": 79328.85008375831,
    "71": 155303.67452861913,
    "72": 142288.18106075103,
    "73": 164197.37067990217,
    "74": 303181.1617584219,
    "75": 615179.291210363,
    "76": 33621.171521291144,
    "77": 457858.8457796904,
    "78": 102047.98120972744,
    "79": 90329.60873010586,
    "80": 172570.52295587733,
    "81": 467574.01505630586,
    "82": 227342.23317886927,
    "83": 69949.02076619667,
    "84": 178132.3965297158,
    "85": 411035.1047820769,
    "86": 48426.076106846696,
    "87": 312405.85025631264,
    "88": 138670.25117885348,
    "89": 407615.7312084984,
    "90": 57388.44187355284,
    "91": 98591.29968576835,
    "92": 131762.92212692482,
    "93": 30285.296761161302,
    "94": 360810.04615024163,
    "95": 156194.8861111242,
    "96": 38526.33443199984,
    "97": 73737.98243227189,
    "98": 615530.4285376784,
    "99": 311640.0702984918,
    "100": 168628.08979780215,
    "101": 376414.67054448975,
    "102": 414296.11960756656,
    "103": 386872.3882432168,
    "104": 93421.6677394315,
    "105": 174370.02881244096,
    "106": 77283.2607819361,
    "107": 170428.4689636205,
    "108": 371477.0523726915,
    "109": 291479.9740207973,
    "110": 31117.351002273743,
    "111": 230385.1593339541,
    "112": 159976.73817120312,
    "113": 14116.356297234348,
    "114": 32077.0032854738,
    "115": 139035.5363533884,
    "116": 202818.26777505173,
    "117": 98459.56580927696,
    "118": 94079.92974541502,
    "119": 46133.7356976277,
    "120": 350646.7424602315,
    "121": 274034.9969524073,
    "122": 82284.8587961789,
    "123": 216792.37439191015,
    "124": 112894.51270449639,
    "125": 75088.01402890954,
    "126": 79398.09900426118,
    "127": 277719.16189350124,
    "128": 124242.72525755403,
    "129": 77885.0489612247,
    "130": 448516.6551169702,
    "131": 185107.32883447793,
    "132": 163113.33822742305,
    "133": 292988.8790861034,
    "134": 179468.52295104752,
    "135": 61610.83319809757,
    "136": 348187.24620052194,
    "137": 158262.14299318774,
    "138": 228366.3005958782,
    "139": 243467.6284621954,
    "140": 123469.82405739451,
    "141": 111849.27072624792,
    "142": 112031.83345949715,
    "143": 239375.0059132056,
    "144": 392938.68892243283,
    "145": 286517.34069322335,
    "146": 204595.54239950908,
    "147": 24068.497942754882,
    "148": 165956.70931378895,
    "149": 48583.27095956815,
    "150": 242987.11668804748,
    "151": 270405.65358000016,
    "152": 109494.0519882134,
    "153": 33638.36812237693,
    "154": 94333.95224357722,
    "155": 234621.7427042135,
    "156": 461518.80007872457,
    "157": 108112.03374481475,
    "158": 45752.6296619272,
    "159": 105433.49200969124,
    "160": 301464.96102007973,
    "161": 105733.38154775887,
    "162": 144961.9806032995,
    "163": 65807.52788945357,
    "164": 138169.2003535456,
    "165": 48435.36021950585,
    "166": 255480.07963377543,
    "167": 308569.4695267427,
    "168": 418143.30517251237,
    "169": 238681.33966083478,
    "170": 297068.05795799417,
    "171": 232566.17853927333,
    "172": 840400.1580774398,
    "173": 367260.8411367718,
    "174": 635069.4712022293,
    "175": 289651.580785488,
    "176": 152249.35989316786,
    "177": 116277.26474639271,
    "178": 29808.73760175648,
    "179": 223055.176149186,
    "180": 581980.7110107911,
    "181": 62934.443539939806,
    "182": 631069.009036627,
    "183": 571423.8579627506,
    "184": 64210.895532777104,
    "185": 63403.47058023887,
    "186": 87871.49240419854,
    "187": 313338.6784468047,
    "188": 67483.29811158772,
    "189": 85428.13643762784,
    "190": 96488.74832426732,
    "191": 209970.1289887062,
    "192": 225422.92422069574,
    "193": 366288.86017492507,
    "194": 157112.60342842055,
    "195": 106100.54759879065,
    "196": 283570.9573236813,
    "197": 119946.8722126372,
    "198": 102762.80537141998,
    "199": 94913.33934033084,
    "200": 25399.4515311603,
    "201": 330982.6355464314,
    "202": 303887.06807314814,
    "203": 236191.31140343123,
    "204": 194251.1038674931,
    "205": 361017.2311553668,
    "206": 426242.9751109551,
    "207": 116521.91367388918,
    "208": 224964.3837533694,
    "209": 79554.1354649382,
    "210": 18788.19051261173,
    "211": 276181.20918967377,
    "212": 189597.9389444484,
    "213": 534394.6818897723,
    "214": 53909.72632778161,
    "215": 51415.97067830427,
    "216": 279339.8982351131,
    "217": 175041.45772002244,
    "218": 143840.44539406683,
    "219": 289692.2691390423,
    "220": 301365.8200667258,
    "221": 79255.48932946222,
    "222": 135079.4198631075,
    "223": 240172.5142056422,
    "224": 363530.4511123324,
    "225": 324063.20684468496,
    "226": 505722.36327706306,
    "227": 106013.64897061644,
    "228": 136144.72847331341,
    "229": 297688.9474571037,
    "230": 207568.90004291665,
    "231": 87056.2757440997,
    "232": 70540.27414451631,
    "233": 427263.93935857667,
    "234": 118760.54150636974,
    "235": 196230.36515993866,
    "236": 254250.01391703362,
    "237": 192214.50135939324,
    "238": 817028.0271474295,
    "239": 348596.34543462744,
    "240": 22505.361095164368,
    "241": 283014.6034229917,
    "242": 354941.3447111785,
    "243": 149005.24622756604,
    "244": 424403.7387610479,
    "245": 355460.3370883036,
    "246": 557144.0157425167,
    "247": 76830.0641149051,
    "248": 128173.88074865783,
    "249": 651695.0697759767,
    "250": 213289.14987632172,
    "251": 201604.35353651884,
    "252": 60976.5247405645,
    "253": 535852.8142691879,
    "254": 254221.39507460303,
    "255": 240293.2214285224,
    "256": 112350.81716721287,
    "257": 279115.68805900525,
    "258": 249331.54153109752,
    "259": 249600.8263183504,
    "260": 350073.3599353133,
    "261": 84190.58488784672,
    "262": 123671.90356972703,
    "263": 203854.49457177237,
    "264": 205509.30204270582,
    "265": 171733.04396864487,
    "266": 100638.93159480866,