{
    "1": 40310.26488565102,
    "2": 108517.85375177453,
    "3": 98772.37014534499,
    "4": 142120.6531395857,
    "5": 205121.50896311522,
    "6": 444306.7774893743,
    "7": 281936.3552941648,
    "8": 25338.332024019564,
    "9": 114463.78608170191,
    "10": 148874.13081684808,
    "11": 131446.85734392732,
    "12": 118960.77292600344,
    "13": 219980.7986224466,
    "14": 75097.5785859091,
    "15": 343278.372513267,
    "16": 297487.44276986027,
    "17": 92531.49987791415,
    "18": 105713.39672954215,
    "19": 131906.21983245655,
    "20": 477398.06224438053,
    "21": 119189.09115599313,
    "22": 621910.1410059156,
    "23": 341242.28433484084,
    "24": 98949.13639340155,
    "25": 243489.14376607304,
    "26": 99761.42415810631,
    "27": 60403.305196254245,
    "28": 225453.83348552906,
    "29": 210362.04157328943,
    "30": 259807.7184548378,
    "31": 113860.74992587247,
    "32": 9292.857206613387,
    "33": 199876.49366190127,
    "34": 58921.804837411335,
    "35": 290673.8605019788,
    "36": 386279.8517754178,
    "37": 191501.3215937429,
    "38": 422618.7943081576,
    "39": 355130.9007048355,
    "40": 57060.97008889005,
    "41": 170541.85835100868,
    "42": 217520.28863752462,
    "43": 184322.87913580728,
    "44": 201427.25485855446,
    "45": 312894.9004887612,
    "46": 161307.80742430026,
    "47": 11163.177500602675,
    "48": 414316.9882337031,
    "49": 254491.57131523648,
    "50": 291680.5320606319,
    "51": 64214.627913121774,
    "52": 472173.67285466054,
    "53": 105655.12836104937,
    "54": 375365.0951161305,
    "55": 425466.34344148875,
    "56": 339411.98668623366,
    "57": 555284.7503781649,
    "58": 327013.7565017188,
    "59": 74254.5939110055,
    "60": 228182.53878639487,
    "61": 127047.72388028144,
    "62": 180289.97128995173,
    "63": 171946.78319966097,
    "64": 61805.945856410246,
    "65": 528813.7213415265,
    "66": 155899.61474166025,
    "67": 69788.49500797209,
    "68": 17767.700656502235,
    "69": 33594.7374357169,
    "70": 74162.21132606131,
    "71": 630312.4827798832,
    "72": 248480.02051212816,
    "73": 322395.2947557628,
    "74": 303991.3216593278,
    "75": 21355.45006250341,
    "76": 58669.499549045046,
    "77": 148346.49112633138,
    "78": 50080.26939777243,
    "79": 582966.4880939041,
    "80": 198118.33695206314,
    "81": 484578.8587497968,
    "82": 554324.3810474679,
    "83": 96109.57114623627,
    "84": 60473.12867009553,
    "85": 254660.98019829177,
    "86": 310843.3237260091,
    "87": 94101.3309293797,
    "88": 244913.74922598945,
    "89": 31973.719128382985,
    "90": 190851.76769804256,
    "91": 59677.70574591452,
    "92": 102869.36063534339,
    "93": 391481.0109615597,
    "94": 207609.5444284723,
    "95": 190255.38016058886,
    "96": 241548.46447445994,
    "97": 124111.0628750438,
    "98": 63667.97975188087,
    "99": 183284.09448907882,
    "100": 138539.9246381641,
    "101": 39807.117496642604,
    "102": 104841.64891603102,
    "103": 86990.2175055743,
    "104": 282900.00488873094,
    "105": 149824.52046017567,
    "106": 456555.88230661553,
    "107": 723651.6077109014,
    "108": 73246.4117184502,
    "109": 98539.5757209275,
    "110": 216943.2439403941,
    "111": 143505.9968032489,
    "112": 223449.4387746669,
    "113": 331834.9969073462,
    "114": 104847.84110824928,
    "115": 106165.08917266843,
    "116": 213276.9783467248,
    "117": 493329.9234933113,
    "118": 41704.21369768596,
    "119": 217330.533191705,
    "120": 205511.41556440224,
    "121": 23721.731160204323,
    "122": 106350.18192008029,
    "123": 95881.63509899713,
    "124": 19079.686926868708,
    "125": 177251.61717856675,
    "126": 223997.85609990673,
    "127": 458320.7495572207,
    "128": 331641.3659173125,
    "129": 68117.4235027999,
    "130": 740777.2077062719,
    "131": 229549.61816977803,
    "132": 234956.5404390547,
    "133": 34592.72595555195,
    "134": 163338.23338297202,
    "135": 411055.13507682155,
    "136": 58794.835835163954,
    "137": 373898.07942704187,
    "138": 122316.2731188414,
    "139": 129470.9663399473,
    "140": 226112.03066137875,
    "141": 245562.33013054664,
    "142": 397572.2454659198,
    "143": 18025.785274193684,
    "144": 225407.94172901762,
    "145": 78031.21224047284,
    "146": 102517.83968618778,
    "147": 406378.39362060523,
    "148": 117771.70225532482,
    "149": 311645.21816052234,
    "150": 61806.68111194727,
    "151": 329076.17589331965,
    "152": 542424.1809928338,
    "153": 210314.5973095951,
    "154": 80464.55056724577,
    "155": 151049.0815264088,
    "156": 257786.19154571067,
    "157": 443667.7837378122,
    "158": 149858.38833287588,
    "159": 293326.51618020394,
    "160": 212857.9762251803,
    "161": 126797.94839458323,
    "162": 89128.93421882676,
    "163": 55623.87550187601,
    "164": 344215.1638910247,
    "165": 79719.54429727532,
    "166": 656398.8882636321,
    "167": 141219.53611258022,
    "168": 18018.1668875136,
    "169": 13533.177931696697,
    "170": 111968.39158609523,
    "171": 74656.52304054007,
    "172": 157551.24195240694,
    "173": 44491.635121771076,
    "174": 112872.05737747699,
    "175": 201822.32008736266,
    "176": 98009.05107054669,
    "177": 82101.41707860547,
    "178": 120882.8011776415,
    "179": 294063.54804174823,
    "180": 371432.0611573439,
    "181": 120329.68877734679,
    "182": 218189.48737666535,
    "183": 111185.1514416776,
    "184": 43729.8034833297,
    "185": 126050.50359747051,
    "186": 463798.7535287895,
    "187": 518229.24925795436,
    "188": 261881.51904288642,
    "189": 131369.5712832467,
    "190": 20515.86392467324,
    "191": 265594.5384533541,
    "192": 106273.89911673566,
    "193": 29951.231152301112,
    "194": 186566.63468159875,
    "195": 166597.94031701647,
    "196": 103764.62024381082,
    "197": 83458.64503710106,
    "198": 239953.67561182237,
    "199": 88801.71320692373,
    "200": 46013.45817402913,
    "201": 33036.75244985064,
    "202": 120771.66055887546,
    "203": 67446.84010107235,
    "204": 147670.2961711679,
    "205": 201647.24554606286,
    "206": 171945.69133586407,
    "207": 319848.1521306982,
    "208": 162773.4561220421,
    "209": 210867.60974255513,
    "210": 146886.03564646732,
    "211": 225654.11710747986,
    "212": 203024.21790954564,
    "213": 46988.36710426439,
    "214": 79802.25876177693,
    "215": 259033.78873785987,
    "216": 40673.07781183852,
    "217": 294413.41303153243,
    "218": 397536.4960658531,
    "219": 208537.40513430728,
    "220": 104658.82354142552,
    "221": 68162.72298413444,
    "222": 100834.64668276515,
    "223": 668788.0081508666,
    "224": 162915.6095871298,
    "225": 39403.146914539655,
    "226": 181554.3065757772,
    "227": 185025.1664901363,
    "228": 224640.10109997797,
    "229": 85349.10205406536,
    "230": 150472.67962709127,
    "231": 20448.393179580627,
    "232": 84851.55362183755,
    "233": 183377.98694219024,
    "234": 9135.37943646727,
    "235": 81146.24497706785,
    "236": 101597.46912220053,
    "237": 266988.259363544,
    "238": 363972.4732521585,
    "239": 161333.6324321775,
    "240": 101003.0437937041,
    "241": 223848.0751302739,
    "242": 134360.52189467935,
    "243": 108387.03958894448,
    "244": 195487.75496431332,
    "245": 293953.66583540494,
    "246": 259990.34044782372,
    "247": 252808.27032502307,
    "248": 59757.01877057165,
    "249": 159730.68909235092,
    "250": 229649.10304859685,
    "251": 147250.7237272311,
    "252": 46173.22154457904,
    "253": 386712.82011471473,
    "254": 87499.82085211162,
    "255": 199165.77640825126,
    "256": 215014.86834112124,
    "257": 81110.30023101669,
    "258": 660958.1786745628,
    "259": 64192.51677392101,
    "260": 167352.39238912906,
    "261": 323789.66558114893,
    "262": 167269.69089035437,
    "263": 417427.4574442313,
    "264": 152867.76230031662,
    "265": 276778.8385220894,
    "266": 130031.87894223662,