{
    "1": 240103.15394609302,
    "2": 80840.87710767386,
    "3": 236049.5095623267,
    "4": 272112.555897216,
    "5": 123557.35002645066,
    "6": 256038.50382501376,
    "7": 283818.41840775614,
    "8": 161406.2292001717,
    "9": 169091.58087096174,
    "10": 76393.7580451801,
    "11": 85854.59961795817,
    "12": 31519.34526196172,
    "13": 321672.0677426471,
    "14": 38008.88193992801,
    "15": 79129.13142075243,
    "16": 41695.23406385629,
    "17": 316983.27115598955,
    "18": 168344.11419569392,
    "19": 315771.21269487054,
    "20": 36402.018658643174,
    "21": 461611.35022037034,
    "22": 208725.66429781666,
    "23": 137239.27763004758,
    "24": 549056.2196726714,
    "25": 200091.35491316314,
    "26": 357653.19317550113,
    "27": 262316.62265879876,
    "28": 115342.9246094315,
    "29": 54644.9060865118,
    "30": 213679.7092160855,
    "31": 175635.2505347865,
    "32": 478380.0601234404,
    "33": 673985.2081426419,
    "34": 381977.7480729051,
    "35": 423886.9664511553,
    "36": 139020.67943700502,
    "37": 466885.63064795226,
    "38": 75934.53525014252,
    "39": 210489.981447129,
    "40": 490859.57924688124,
    "41": 141372.105186565,
    "42": 292521.11491786846,
    "43": 123410.00838565553,
    "44": 74785.17489646263,
    "45": 75207.26085370609,
    "46": 52089.17398742968,
    "47": 264721.70840428805,
    "48": 356591.48783033894,
    "49": 207214.66417301784,
    "50": 61833.295166851334,
    "51": 417164.3208087906,
    "52": 106341.73478955681,
    "53": 344201.86465310195,
    "54": 236041.01668053222,
    "55": 352323.4363415528,
    "56": 68271.31714025611,
    "57": 97854.87693194249,
    "58": 71324.83937198059,
    "59": 328189.44085492013,
    "60": 222571.41162969932,
    "61": 234965.0359691935,
    "62": 569807.9394322146,
    "63": 201094.1279511269,
    "64": 172507.40602397345,
    "65": 302699.4543309065,
    "66": 134603.44059894944,
    "67": 371383.2101599717,
    "68": 242818.22986256424,
    "69": 140651.63515846265,
    "70": 671884.8256347976,
    "71": 94703.76751622315,
    "72": 68271.68099641931,
    "73": 332888.5421512643,
    "74": 56307.06352315896,
    "75": 165752.15870708018,
    "76": 41407.642780657436,
    "77": 134621.03333692974,
    "78": 291605.27860413847,
    "79": 326082.1312658051,
    "80": 140753.73377418827,
    "81": 312940.76322289364,
    "82": 100958.20741547558,
    "83": 182729.53548244678,
    "84": 237224.1070057939,
    "85": 786137.8326369204,
    "86": 274331.447363963,
    "87": 244400.24101075952,
    "88": 169722.76382982053,
    "89": 59229.17998652259,
    "90": 150055.15084522232,
    "91": 141765.3261408556,
    "92": 135872.4996419965,
    "93": 280793.64399119344,
    "94": 617397.543172551,
    "95": 304127.15994308883,
    "96": 164416.73903226896,
    "97": 325451.808795671,
    "98": 57244.4434952386,
    "99": 418508.3388213815,
    "100": 83338.87851853613,
    "101": 272202.003899406,
    "102": 219443.53867172202,
    "103": 79457.2106041907,
    "104": 106035.19848669309,
    "105": 205994.00207342874,
    "106": 53553.189402567834,
    "107": 181543.3631318841,
    "108": 60641.995412089236,
    "109": 118013.27191600483,
    "110": 55186.34834044169,
    "111": 407884.35400809604,
    "112": 104951.11405674217,
    "113": 131119.51687213726,
    "114": 89571.20285797423,
    "115": 104046.08274044706,
    "116": 120539.06231978227,
    "117": 100257.90101002964,
    "118": 114785.15838670546,
    "119": 46600.56044260787,
    "120": 53059.39765160382,
    "121": 66726.51428744635,
    "122": 103519.90803550307,
    "123": 290661.45065742655,
    "124": 196468.20079059785,
    "125": 124197.31955982995,
    "126": 74482.26206931997,
    "127": 78443.00864578663,
    "128": 189565.9327724472,
    "129": 67094.14371668603,
    "130": 219726.12297796493,
    "131": 72643.7639877198,
    "132": 34105.53796503197,
    "133": 117168.02924648384,
    "134": 106116.89843094676,
    "135": 188762.45061532065,
    "136": 151728.169320799,
    "137": 45683.93753425185,
    "138": 45340.901538901046,
    "139": 41851.550930224774,
    "140": 223501.20556780338,
    "141": 237214.27009962642,
    "142": 269268.39492705686,
    "143": 81687.87807007984,
    "144": 575876.509148601,
    "145": 52113.41522315043,
    "146": 151430.9926083823,
    "147": 102096.58472465683,
    "148": 53707.98345424659,
    "149": 435706.9421866262,
    "150": 127802.56878906208,
    "151": 251652.8127427327,
    "152": 470354.7231227244,
    "153": 41645.86232890425,
    "154": 110212.9374698621,
    "155": 41445.4511537968,
    "156": 191633.39957017556,
    "157": 399508.092456299,
    "158": 539418.1577700893,
    "159": 291933.78632023535,
    "160": 232966.5462185413,
    "161": 443127.83590172936,
    "162": 187543.23627374083,
    "163": 108020.85156585126,
    "164": 213976.37918700793,
    "165": 310778.0537547101,
    "166": 195660.3534833518,
    "167": 47693.51644539904,
    "168": 141100.79445540393,
    "169": 476231.0514124291,
    "170": 36147.42779737154,
    "171": 168205.1490672564,
    "172": 159036.5503107975,
    "173": 60651.215389516095,
    "174": 15061.409357525834,
    "175": 112793.27758618345,
    "176": 66473.26352527068,
    "177": 262424.02883983654,
    "178": 107160.87512958924,
    "179": 163920.78308916403,
    "180": 79047.59450314348,
    "181": 218757.9095931796,
    "182": 83207.6236698111,
    "183": 184137.68405209214,
    "184": 354664.213724699,
    "185": 83100.95195668285,
    "186": 169803.8675317058,
    "187": 176704.05950325634,
    "188": 197556.7057352648,
    "189": 218321.5337259786,
    "190": 319540.84437823377,
    "191": 129557.71208520605,
    "192": 364862.7812731896,
    "193": 854607.7345972342,
    "194": 60786.3739453148,
    "195": 225940.85883103788,
    "196": 105180.65592417707,
    "197": 447951.7856572087,
    "198": 90017.87135909394,
    "199": 199518.02618318505,
    "200": 194446.9066249676,
    "201": 156151.673974656,
    "202": 396995.6694782331,
    "203": 200431.90154474808,
    "204": 160944.74391700307,
    "205": 45825.24931805615,
    "206": 101398.14949350082,
    "207": 56685.60749914547,
    "208": 159436.81216944012,
    "209": 254183.62731887243,
    "210": 61157.77417468822,
    "211": 284702.3573903129,
    "212": 174773.02529595236,
    "213": 201780.93235114476,
    "214": 93083.04668321038,
    "215": 84645.90603922466,
    "216": 60217.542400549086,
    "217": 76996.12456092413,
    "218": 39917.906719170685,
    "219": 51949.09906856104,
    "220": 34431.85849487985,
    "221": 176886.7886081185,
    "222": 178250.6563915854,
    "223": 182666.48680658746,
    "224": 49210.700836881464,
    "225": 58816.82104117993,
    "226": 482621.0910613359,
    "227": 263389.9364978659,
    "228": 160695.03535411917,
    "229": 153372.7765661047,
    "230": 221350.64559125053,
    "231": 251274.42343560973,
    "232": 24649.63498381863,
    "233": 260043.44092296154,
    "234": 114719.21775848509,
    "235": 207474.078656263,
    "236": 286951.1088855075,
    "237": 269671.2756401966,
    "238": 320966.06187095324,
    "239": 232411.308468391,
    "240": 169574.2914588231,
    "241": 281324.9020146632,
    "242": 30862.922088744337,
    "243": 215843.13349293225,
    "244": 443218.49959230924,
    "245": 311236.0670910519,
    "246": 155626.5040155605,
    "247": 169955.0906692233,
    "248": 95025.32870112767,
    "249": 245925.53549912444,
    "250": 145310.0543236279,
    "251": 19127.88468093631,
    "252": 67348.16559085475,
    "253": 375122.0044601562,
    "254": 161592.6646487903,
    "255": 509655.3169317368,
    "256": 216776.8696929495,
    "257": 104907.85903596287,
    "258": 152659.92426852966,
    "259": 189264.95871400388,
    "260": 54329.756146202446,
    "261": 93028.41829055913,
    "262": 82393.56162297768,
    "263": 659871.5229598678,
    "264": 143648.47942909723,
    "265": 151613.24738818145,
    "266": 43869.22667166103,