{
    "1": 170135.80127161532,
    "2": 717493.3116455231,
    "3": 148284.78188098466,
    "4": 43306.37426019606,
    "5": 87565.31121093473,
    "6": 148303.103326602,
    "7": 46814.39594773527,
    "8": 224035.99333462282,
    "9": 162937.8732470253,
    "10": 194166.61825041185,
    "11": 91099.88803660533,
    "12": 214811.77944600114,
    "13": 263492.393983871,
    "14": 271716.45043531095,
    "15": 361899.54724561545,
    "16": 158568.43949856743,
    "17": 85898.51625441732,
    "18": 372467.3425524092,
    "19": 187129.32682141205,
    "20": 155745.89870580102,
    "21": 165262.41466590422,
    "22": 84495.00813457259,
    "23": 41475.03252433965,
    "24": 24190.532834983078,
    "25": 297584.2472571831,
    "26": 205192.65802693894,
    "27": 244198.1681313625,
    "28": 487027.19550721813,
    "29": 159353.9606616295,
    "30": 180523.51783752925,
    "31": 509204.6676447517,
    "32": 23939.473777135627,
    "33": 91686.29026907215,
    "34": 325959.03077911015,
    "35": 333992.4211635972,
    "36": 168037.79258191708,
    "37": 138330.12683095367,
    "38": 231426.99014028668,
    "39": 69491.21858625319,
    "40": 118578.11652302371,
    "41": 277332.51688315434,
    "42": 186932.84207768153,
    "43": 213291.16809151333,
    "44": 13878.283841733695,
    "45": 55021.12048900266,
    "46": 387890.67525829416,
    "47": 388930.0512894011,
    "48": 156448.8511524493,
    "49": 138083.57727523326,
    "50": 64370.35120351254,
    "51": 37562.08792493974,
    "52": 225959.8048716058,
    "53": 408570.6699110521,
    "54": 44772.65268256488,
    "55": 311594.77202967944,
    "56": 192747.81302275133,
    "57": 172059.37438228636,
    "58": 320454.67881866073,
    "59": 333251.14479844185,
    "60": 86924.03807283378,
    "61": 169092.75285405034,
    "62": 168177.6502380487,
    "63": 200714.18797087643,
    "64": 80771.47511579042,
    "65": 262818.4715174517,
    "66": 329033.79517118406,
    "67": 71057.00606300587,
    "68": 180786.24053989863,
    "69": 99525.7991996494,
    "70": 113576.84399425934,
    "71": 250784.8155265541,
    "72": 395813.05036769545,
    "73": 163634.7936978887,
    "74": 293137.9496889641,
    "75": 192884.72655695604,
    "76": 130647.2261819026,
    "77": 132704.57588363488,
    "78": 153092.45890773693,
    "79": 69929.45538018472,
    "80": 26480.604565499165,
    "81": 283724.17226001696,
    "82": 605505.952243067,
    "83": 160351.3467535383,
    "84": 694442.0395162578,
    "85": 102059.48512049227,
    "86": 172512.8964455211,
    "87": 32705.721713874154,
    "88": 80901.8704264346,
    "89": 61340.2792010077,
    "90": 159460.29124371745,
    "91": 303072.5584295253,
    "92": 695385.2823928493,
    "93": 713119.507279108,
    "94": 201312.75942538973,
    "95": 234306.6816975017,
    "96": 193049.65784446188,
    "97": 603089.9505994146,
    "98": 37338.19470439164,
    "99": 335812.4483683176,
    "100": 630322.7451775817,
    "101": 475374.9831387488,
    "102": 196940.8440630753,
    "103": 137791.75053090614,
    "104": 85093.6657971611,
    "105": 101166.89181481456,
    "106": 225884.0322633447,
    "107": 379244.52597671596,
    "108": 458607.8988464152,
    "109": 248228.83184894596,
    "110": 14507.447414924514,
    "111": 412047.74161655176,
    "112": 413568.7716939525,
    "113": 232680.14893262793,
    "114": 274652.4127798576,
    "115": 304878.1176968069,
    "116": 78468.40110581115,
    "117": 107026.3701523273,
    "118": 129268.38529622067,
    "119": 118001.60603636359,
    "120": 188891.4181748512,
    "121": 376163.22420633084,
    "122": 216447.73269420592,
    "123": 538947.3446896464,
    "124": 98204.17436383152,
    "125": 295024.22511124826,
    "126": 227030.23818332708,
    "127": 285776.4806122594,
    "128": 433457.42325350177,
    "129": 198655.315647904,
    "130": 153125.70506078523,
    "131": 62783.36235089887,
    "132": 250284.85544900183,
    "133": 64757.679757086815,
    "134": 83883.58023172105,
    "135": 858955.6100017661,
    "136": 913886.3164260237,
    "137": 171762.41626859448,
    "138": 72940.57459251779,
    "139": 44995.66416018613,
    "140": 132460.02524024685,
    "141": 229403.1269743188,
    "142": 267723.53856201936,
    "143": 333493.229423714,
    "144": 80791.5799570716,
    "145": 127055.94217953632,
    "146": 246921.07967986338,
    "147": 283312.67006068316,
    "148": 337832.1447240529,
    "149": 19468.921447860597,
    "150": 158534.93106436424,
    "151": 275541.68573967455,
    "152": 84722.18948749156,
    "153": 418340.17911444925,
    "154": 417842.081193399,
    "155": 201052.10279835734,
    "156": 715040.8209387639,
    "157": 80208.16747655788,
    "158": 323072.2289936026,
    "159": 35000.565400608,
    "160": 16921.13524120498,
    "161": 46766.376187737056,
    "162": 167709.12789167353,
    "163": 224239.65833900686,
    "164": 338617.25978295517,
    "165": 155773.07341056672,
    "166": 88113.62703348706,
    "167": 454504.16968798847,
    "168": 69566.39508838153,
    "169": 557187.356784319,
    "170": 235888.43287815477,
    "171": 103577.2436049123,
    "172": 158063.45979884343,
    "173": 96375.52778976559,
    "174": 303292.95277732785,
    "175": 457179.4043411004,
    "176": 35162.777165122825,
    "177": 35558.7597542876,
    "178": 250912.22882327117,
    "179": 269554.1409439315,
    "180": 479179.80039457924,
    "181": 224803.84866566854,
    "182": 286504.9002799068,
    "183": 93376.74945040827,
    "184": 442891.1877648737,
    "185": 163022.20631508194,
    "186": 289619.88999368896,
    "187": 146920.01989961945,
    "188": 230887.79934477733,
    "189": 35254.55652879084,
    "190": 215976.5236639881,
    "191": 752270.5531261053,
    "192": 159426.03435571393,
    "193": 136720.35188823758,
    "194": 361826.1967121932,
    "195": 624799.8955196452,
    "196": 276248.47425731143,
    "197": 413606.2962322367,
    "198": 495339.3772421094,
    "199": 73959.71935483743,
    "200": 238270.41798477256,
    "201": 278343.30755372805,
    "202": 82774.07462254023,
    "203": 110231.85618430247,
    "204": 171954.77784077864,
    "205": 82259.07495374321,
    "206": 94233.8144883438,
    "207": 473436.80624069105,
    "208": 166429.44132981976,
    "209": 340889.12390893203,
    "210": 218685.96830158567,
    "211": 207357.644029026,
    "212": 36676.90228281231,
    "213": 465799.2143715635,
    "214": 117119.30858737846,
    "215": 153988.03624095535,
    "216": 276564.0913373944,
    "217": 85622.05675009292,
    "218": 247680.21296120525,
    "219": 75646.83958764593,
    "220": 142244.68796506006,
    "221": 395722.0723460224,
    "222": 415714.178083757,
    "223": 240140.08921369354,
    "224": 76125.22934304264,
    "225": 176262.07322797965,
    "226": 307910.43565507757,
    "227": 68974.82695441452,
    "228": 67879.32842734284,
    "229": 44818.51771903477,
    "230": 117825.74270310634,
    "231": 125812.47180797988,
    "232": 75789.45553326473,
    "233": 95494.45222065254,
    "234": 95954.45121506661,
    "235": 58327.82576079779,
    "236": 469626.9284702396,
    "237": 123039.533581966,
    "238": 271626.27154101187,
    "239": 587017.348407148,
    "240": 136523.7516060255,
    "241": 319688.341698302,
    "242": 57129.64899096083,
    "243": 250051.36915394195,
    "244": 191998.8432975461,
    "245": 139702.9122713622,
    "246": 298076.1810767083,
    "247": 300248.61811643065,
    "248": 188643.32194889258,
    "249": 70955.63011517594,
    "250": 147956.38699051994,
    "251": 289778.92232751794,
    "252": 55032.22650497133,
    "253": 79829.23598355951,
    "254": 54747.08091099209,
    "255": 517959.36215354304,
    "256": 126737.3664944347,
    "257": 101695.98875987246,
    "258": 467676.8959714968,
    "259": 44454.67854451246,
    "260": 332061.10919729405,
    "261": 194658.71798032962,
    "262": 134046.36331269905,
    "263": 159572.72228020313,
    "264": 211680.58218486715,
    "265": 260461.84555047692,
    "266": 187093.35042554617,