{
    "1": 422635.2552350334,
    "2": 211406.98990233097,
    "3": 246180.20364805034,
    "4": 255726.65496054268,
    "5": 106831.56072117056,
    "6": 419587.9337132176,
    "7": 88225.69837613261,
    "8": 202799.224481199,
    "9": 193613.5751259927,
    "10": 94474.8739650959,
    "11": 83552.12732021417,
    "12": 55912.76391185115,
    "13": 491012.501287691,
    "14": 120345.82765824633,
    "15": 213779.86238582354,
    "16": 64683.98745822531,
    "17": 484796.6668439635,
    "18": 98172.38567387204,
    "19": 278768.2930164164,
    "20": 95733.38844216373,
    "21": 153666.43274748148,
    "22": 489010.8897804833,
    "23": 163499.08085697822,
    "24": 145398.5789105503,
    "25": 282973.29063608346,
    "26": 148445.4661052282,
    "27": 108389.1718631423,
    "28": 216729.9131491607,
    "29": 324098.8855462596,
    "30": 418909.10779400624,
    "31": 219919.80075396103,
    "32": 694460.5172669285,
    "33": 91103.42797311807,
    "34": 187869.5573465684,
    "35": 236805.61222767914,
    "36": 510894.70411417633,
    "37": 201359.53570562927,
    "38": 105336.92810673968,
    "39": 196135.69663569267,
    "40": 77674.19559917027,
    "41": 86374.96886340862,
    "42": 244453.71207155994,
    "43": 191538.6907930658,
    "44": 172103.21308982596,
    "45": 443132.3496159646,
    "46": 544622.537277924,
    "47": 268780.3691063418,
    "48": 249602.51245566676,
    "49": 149879.5249207372,
    "50": 86689.6184326104,
    "51": 122319.50207830041,
    "52": 23857.077757855564,
    "53": 228093.89656656169,
    "54": 171457.86351828068,
    "55": 148276.1192595167,
    "56": 576696.8799831687,
    "57": 459913.9129683866,
    "58": 222249.51187768547,
    "59": 262506.02244560845,
    "60": 52556.7485145435,
    "61": 103072.50292454811,
    "62": 151938.72512573685,
    "63": 246706.60215256675,
    "64": 271594.7145491813,
    "65": 363769.5218690431,
    "66": 344347.35173854156,
    "67": 116438.16786946978,
    "68": 625654.0120570646,
    "69": 267719.8522452573,
    "70": 307898.51661754586,
    "71": 230598.777523883,
    "72": 387736.9496487902,
    "73": 553480.9898628793,
    "74": 322389.5128614619,
    "75": 719108.9841206672,
    "76": 80873.03701990977,
    "77": 174850.0743644384,
    "78": 110784.67018162449,
    "79": 90424.55314597591,
    "80": 322801.3857634163,
    "81": 81171.56247195227,
    "82": 182892.266488798,
    "83": 119305.42106503423,
    "84": 333884.8783841226,
    "85": 180516.2720404954,
    "86": 120560.79602681464,
    "87": 233101.5200057295,
    "88": 750623.4094929101,
    "89": 254725.7603533261,
    "90": 31926.326489062132,
    "91": 59137.5593085733,
    "92": 319449.95690624183,
    "93": 136255.43947434862,
    "94": 179530.22090536033,
    "95": 90951.59699094496,
    "96": 43827.60614917279,
    "97": 173440.36159396035,
    "98": 243813.254215984,
    "99": 74805.88673115647,
    "100": 582882.8339045121,
    "101": 176872.20727946947,
    "102": 80564.598620733,
    "103": 353053.3600833286,
    "104": 185484.76896140803,
    "105": 318504.2314360414,
    "106": 123126.92909464812,
    "107": 375597.28251089517,
    "108": 479999.59891105513,
    "109": 129838.76168011448,
    "110": 117262.95424386155,
    "111": 249201.79630663406,
    "112": 101612.67413848995,
    "113": 231616.25253798984,
    "114": 422957.8250806963,
    "115": 54573.39895003118,
    "116": 25977.741259289705,
    "117": 185775.07136561474,
    "118": 321010.6206735274,
    "119": 133035.57243322922,
    "120": 248355.62641159177,
    "121": 171241.49224166878,
    "122": 247502.7929428981,
    "123": 227969.7431728848,
    "124": 572383.0811190807,
    "125": 506592.27199349314,
    "126": 69657.35181721045,
    "127": 177004.11387345867,
    "128": 318455.10128991504,
    "129": 459442.4354487035,
    "130": 176150.48275253913,
    "131": 142400.65853424917,
    "132": 337461.4829566408,
    "133": 143254.15331709705,
    "134": 290076.6119900113,
    "135": 289791.8372531957,
    "136": 191329.06320133153,
    "137": 298096.1121178251,
    "138": 200070.93929187654,
    "139": 27539.340785072927,
    "140": 337048.0989447506,
    "141": 82874.53877796124,
    "142": 198531.30868182177,
    "143": 308390.9294734479,
    "144": 10098.925028712165,
    "145": 57130.39596026864,
    "146": 684292.2550631653,
    "147": 102134.97152417897,
    "148": 140919.742665,
    "149": 47864.322077686644,
    "150": 229949.1807698837,
    "151": 283893.9955710325,
    "152": 585722.9587823823,
    "153": 439456.32069901476,
    "154": 368225.2259498323,
    "155": 476219.28163378465,
    "156": 562387.863272135,
    "157": 371806.8162978809,
    "158": 60229.63148195715,
    "159": 200917.35898117558,
    "160": 379753.71131638036,
    "161": 629330.5468173192,
    "162": 171071.45047499234,
    "163": 306410.9258958262,
    "164": 147000.6153160088,
    "165": 153019.44964771759,
    "166": 221625.04158654233,
    "167": 149724.68779860868,
    "168": 196991.03333242174,
    "169": 154821.2617606037,
    "170": 353216.47525084927,
    "171": 343778.22871919343,
    "172": 324534.47223922994,
    "173": 503824.751808989,
    "174": 130494.62227310974,
    "175": 15539.164943128186,
    "176": 265969.5149360566,
    "177": 243027.00439554424,
    "178": 105002.53973002716,
    "179": 159387.47108372202,
    "180": 447698.04389242444,
    "181": 276189.47222439304,
    "182": 94582.2892387367,
    "183": 123529.97970831655,
    "184": 478874.7783756308,
    "185": 727008.7627442766,
    "186": 285639.9690861916,
    "187": 141221.65487802762,
    "188": 323502.7142526706,
    "189": 647495.2295893637,
    "190": 431792.2467735982,
    "191": 171397.30113904158,
    "192": 490416.03949130693,
    "193": 358075.6604106829,
    "194": 307869.0490447665,
    "195": 176609.75185304286,
    "196": 30497.396143320075,
    "197": 90536.31523425593,
    "198": 92395.33911355589,
    "199": 206332.37006943556,
    "200": 45463.556192888784,
    "201": 857039.8616462547,
    "202": 744224.1397066866,
    "203": 348362.8939310214,
    "204": 281886.07179115055,
    "205": 105960.72666916683,
    "206": 138521.93574463288,
    "207": 206742.62105829816,
    "208": 53475.62003151941,
    "209": 113042.41497088803,
    "210": 235278.22782588255,
    "211": 90744.99400555964,
    "212": 187948.35520301506,
    "213": 224910.2709009938,
    "214": 67854.82680575867,
    "215": 199594.20249068408,
    "216": 248893.71161934765,
    "217": 299470.8777007892,
    "218": 64391.45714661433,
    "219": 557919.3648975522,
    "220": 128445.02323648923,
    "221": 88312.40583814839,
    "222": 206730.93337573312,
    "223": 72092.84260293732,
    "224": 395685.4291140711,
    "225": 175253.40141739443,
    "226": 186567.9008365802,
    "227": 596852.4019116146,
    "228": 244919.2811746913,
    "229": 262495.659041151,
    "230": 152942.71097535643,
    "231": 566022.8279024252,
    "232": 168623.8137427439,
    "233": 277338.3266652143,
    "234": 77387.08633789363,
    "235": 448418.0988330538,
    "236": 790179.5377633416,
    "237": 295472.9630573767,
    "238": 207548.70535829515,
    "239": 132479.39504047987,
    "240": 159816.45553808578,
    "241": 637023.7140255785,
    "242": 230474.51042607924,
    "243": 146307.3313582167,
    "244": 61844.665603070884,
    "245": 546238.5077894222,
    "246": 337007.2989721629,
    "247": 144570.61362049464,
    "248": 127337.94080447525,
    "249": 77437.07806582525,
    "250": 58586.531447961715,
    "251": 402636.40479509585,
    "252": 87267.1215418168,
    "253": 113484.16389815057,
    "254": 230838.39216771894,
    "255": 207163.0842613982,
    "256": 55994.09728840811,
    "257": 135624.07690968146,
    "258": 258535.97182646175,
    "259": 291126.23502525495,
    "260": 287480.51375047193,
    "261": 290921.4602877831,
    "262": 32071.415961243314,
    "263": 146419.89814716505,
    "264": 167439.43409246954,
    "265": 239161.5038405449,
    "266": 130505.58537378976,