{
    "1": 94444.97255624714,
    "2": 149068.1949803691,
    "3": 974277.9568563709,
    "4": 31947.6618434023,
    "5": 198972.00598115128,
    "6": 95623.82797489307,
    "7": 116597.98965562791,
    "8": 422481.15820053517,
    "9": 341641.11040438985,
    "10": 444885.1283180425,
    "11": 508590.6405080849,
    "12": 330766.37649254146,
    "13": 207291.4524517426,
    "14": 118616.95674991298,
    "15": 422230.60359582276,
    "16": 40815.22847346059,
    "17": 51405.274721640766,
    "18": 58003.41938414927,
    "19": 296192.671910273,
    "20": 248269.81103484152,
    "21": 50972.66757117352,
    "22": 110445.47434452148,
    "23": 189412.4388588269,
    "24": 101006.70978282655,
    "25": 61810.594026494684,
    "26": 369829.8847190488,
    "27": 199009.2650444887,
    "28": 255491.44028192022,
    "29": 31064.803393578502,
    "30": 237252.94733831208,
    "31": 139552.04745199188,
    "32": 268318.6099382249,
    "33": 121467.92846575577,
    "34": 231737.24954374737,
    "35": 570609.8088308326,
    "36": 248088.57387773556,
    "37": 80289.6678636858,
    "38": 215991.36803083177,
    "39": 211741.5586416366,
    "40": 144949.15204317876,
    "41": 174405.46313203816,
    "42": 350511.49212148157,
    "43": 204459.89433033182,
    "44": 301784.80463365506,
    "45": 357027.33613151027,
    "46": 443243.5351528011,
    "47": 261835.16632996104,
    "48": 112954.92033383092,
    "49": 245750.51581683732,
    "50": 22798.302467268386,
    "51": 203122.16888763563,
    "52": 865967.6943003512,
    "53": 87310.09829354478,
    "54": 132155.87147423648,
    "55": 378979.0271105539,
    "56": 26204.50364321942,
    "57": 122031.73989404284,
    "58": 78931.26314074635,
    "59": 124681.39874698815,
    "60": 238173.81237309967,
    "61": 143238.43399325092,
    "62": 141506.73740291563,
    "63": 29842.91264405092,
    "64": 24060.668965682176,
    "65": 115669.72003986557,
    "66": 239975.01880252274,
    "67": 141862.988208367,
    "68": 491426.99877759506,
    "69": 550066.1559991197,
    "70": 96705.0859615423,
    "71": 403139.33564099675,
    "72": 101843.81669452589,
    "73": 684540.0860935429,
    "74": 266975.53366549884,
    "75": 169221.33474569218,
    "76": 41723.910580805554,
    "77": 143492.36402275844,
    "78": 465320.1580706188,
    "79": 9745.33409719278,
    "80": 70600.93037215568,
    "81": 173180.4124370411,
    "82": 182533.8524389715,
    "83": 570637.807105088,
    "84": 110739.98875614292,
    "85": 184571.35672138634,
    "86": 178236.67135007292,
    "87": 182777.20015328747,
    "88": 161411.81197182115,
    "89": 314020.3869328357,
    "90": 353930.4786256463,
    "91": 149691.82575457895,
    "92": 154833.16635120468,
    "93": 51426.34811852198,
    "94": 143895.4732457077,
    "95": 54844.859429658056,
    "96": 41778.09239844118,
    "97": 151885.95195769108,
    "98": 550812.2321289714,
    "99": 236742.0071691475,
    "100": 119631.47374786236,
    "101": 81018.55467558229,
    "102": 145539.06423224343,
    "103": 308881.9684709058,
    "104": 477458.86450976855,
    "105": 253597.30643986713,
    "106": 230904.76985043968,
    "107": 433136.7204315752,
    "108": 67478.43023182389,
    "109": 182604.89295812047,
    "110": 126134.90914002676,
    "111": 247416.43614040993,
    "112": 130109.48112987707,
    "113": 115691.32494736476,
    "114": 135994.43421675474,
    "115": 207529.42477006532,
    "116": 293454.5955793028,
    "117": 148522.35672261126,
    "118": 263562.3111130157,
    "119": 566904.4177507742,
    "120": 305045.11263688863,
    "121": 183454.07932716332,
    "122": 103411.80210274499,
    "123": 114910.06306089542,
    "124": 180866.93203782037,
    "125": 143489.78446767817,
    "126": 111998.75798458274,
    "127": 64796.341400453915,
    "128": 79651.39449190337,
    "129": 110976.73908858222,
    "130": 212280.70008629077,
    "131": 280840.5635510769,
    "132": 147284.4738487108,
    "133": 315613.0840310162,
    "134": 263080.9050098777,
    "135": 418531.57948461623,
    "136": 23817.682730807934,
    "137": 537739.8474827626,
    "138": 72621.76963242116,
    "139": 97357.4960118037,
    "140": 104939.09920624226,
    "141": 65251.83035403956,
    "142": 161919.4786213982,
    "143": 187460.10262181188,
    "144": 268269.518087466,
    "145": 169786.9943292327,
    "146": 187307.07647582446,
    "147": 144140.54489032252,
    "148": 83364.64693143545,
    "149": 324063.4254134272,
    "150": 121535.68043994601,
    "151": 198408.86811116824,
    "152": 126306.09156780128,
    "153": 116494.13643785025,
    "154": 173599.85732063735,
    "155": 270326.59394435445,
    "156": 145445.32642168095,
    "157": 117818.1549149072,
    "158": 266880.8880701756,
    "159": 182081.0596729531,
    "160": 646784.3809177765,
    "161": 140483.26768281378,
    "162": 46679.328513085326,
    "163": 49228.121519495784,
    "164": 89976.21893160685,
    "165": 315855.4668002138,
    "166": 342058.56328233914,
    "167": 284091.62708447006,
    "168": 346651.63114972383,
    "169": 317194.1246158879,
    "170": 106023.22567046793,
    "171": 242452.27852138653,
    "172": 269828.8556831559,
    "173": 211651.7898401327,
    "174": 280780.1693853185,
    "175": 63397.74938597771,
    "176": 881786.4655070944,
    "177": 139863.9785360224,
    "178": 74248.16997196876,
    "179": 290002.58902988606,
    "180": 246795.26121970674,
    "181": 264417.111971642,
    "182": 65411.40112221854,
    "183": 189396.21760635366,
    "184": 144047.0239868544,
    "185": 114945.71403129931,
    "186": 60865.283888866164,
    "187": 171525.13920325652,
    "188": 276664.5593620039,
    "189": 208720.65125596503,
    "190": 416137.4098640886,
    "191": 66178.10838850285,
    "192": 59914.97863812469,
    "193": 450770.8971736439,
    "194": 173551.97979345042,
    "195": 291424.05966187007,
    "196": 768376.0660170414,
    "197": 278410.06678307365,
    "198": 352977.7013473023,
    "199": 104943.94531330904,
    "200": 117003.17681616751,
    "201": 864681.8152038951,
    "202": 358200.4263764422,
    "203": 583511.48166637,
    "204": 12514.592053190068,
    "205": 313617.5124063132,
    "206": 112261.71236261881,
    "207": 210974.53399615458,
    "208": 236882.77729935732,
    "209": 78350.92901637875,
    "210": 133029.96755582752,
    "211": 631252.9498387947,
    "212": 182460.92445557017,
    "213": 148904.89542800354,
    "214": 214982.92784982533,
    "215": 146025.6036744805,
    "216": 404525.3175785922,
    "217": 147157.85160183776,
    "218": 146046.69935892388,
    "219": 208671.75451998835,
    "220": 91588.90514449429,
    "221": 209920.5206115001,
    "222": 202394.96015234894,
    "223": 180460.53529024098,
    "224": 235291.1328892607,
    "225": 61123.4856974611,
    "226": 247141.83220648044,
    "227": 946807.2882486647,
    "228": 225127.99507490554,
    "229": 48127.13631603861,
    "230": 96860.57710681797,
    "231": 291714.44093736826,
    "232": 266771.3675685171,
    "233": 366873.54317356535,
    "234": 308471.90289683884,
    "235": 428595.36768429785,
    "236": 284656.7575410886,
    "237": 53510.684274932304,
    "238": 105557.51174502203,
    "239": 148549.29218257678,
    "240": 248361.507071869,
    "241": 253626.48470185022,
    "242": 51029.704080360316,
    "243": 315546.2810304959,
    "244": 226212.94079777214,
    "245": 346641.2280716227,
    "246": 593051.3241166922,
    "247": 124779.52275955814,
    "248": 221214.0941974834,
    "249": 211461.96147563538,
    "250": 284540.2950173142,
    "251": 165147.41406898588,
    "252": 139370.51791068361,
    "253": 183995.8203707539,
    "254": 81898.6164395087,
    "255": 325589.6363428389,
    "256": 48794.418439146495,
    "257": 267227.55153343437,
    "258": 189304.05992393728,
    "259": 60157.53546216754,
    "260": 194647.5794542535,
    "261": 63258.87329467302,
    "262": 453294.61175318056,
    "263": 147424.67826801783,
    "264": 267686.9044267285,
    "265": 294419.07232699613,