{
    "1": 40068.65059526925,
    "2": 34874.13743093568,
    "3": 319498.406784905,
    "4": 474871.83178098564,
    "5": 117250.30673860092,
    "6": 155350.45527493607,
    "7": 186915.85073354832,
    "8": 31807.920975974943,
    "9": 219300.34024618115,
    "10": 231975.74297972512,
    "11": 54055.1183296266,
    "12": 113921.65508257788,
    "13": 294938.4475560165,
    "14": 236769.5789827735,
    "15": 131051.4226829391,
    "16": 285603.883926139,
    "17": 323776.76514066133,
    "18": 337376.3346119891,
    "19": 213860.83730154403,
    "20": 146320.4075649821,
    "21": 148696.57232017693,
    "22": 411559.59264963766,
    "23": 108724.5614914177,
    "24": 307034.65649821394,
    "25": 115994.67553776735,
    "26": 239384.2733987642,
    "27": 81095.637361709,
    "28": 65559.80508343561,
    "29": 127543.89711637748,
    "30": 321192.2216043809,
    "31": 57196.72241588843,
    "32": 95076.46602036676,
    "33": 194717.2385487984,
    "34": 386738.3723256707,
    "35": 197258.3002786864,
    "36": 142137.34731283784,
    "37": 192045.06266345852,
    "38": 136684.19437521783,
    "39": 799038.2412738637,
    "40": 144737.32504723052,
    "41": 326566.6446558321,
    "42": 216150.14923958783,
    "43": 201923.8466194609,
    "44": 187260.71753037244,
    "45": 249282.27359867876,
    "46": 65902.48337791933,
    "47": 357860.6682212144,
    "48": 473166.0517278606,
    "49": 65177.08689930351,
    "50": 246273.33366592496,
    "51": 283497.40581448795,
    "52": 305473.6089450866,
    "53": 624055.6011550924,
    "54": 212340.07882434927,
    "55": 368308.05821179703,
    "56": 402072.18563238304,
    "57": 83719.65498409276,
    "58": 251930.47777169087,
    "59": 265908.1192001383,
    "60": 375762.2845116704,
    "61": 577593.8738835686,
    "62": 89354.22294513581,
    "63": 220095.70954920154,
    "64": 203955.38804666346,
    "65": 121022.43252019635,
    "66": 307085.7756654466,
    "67": 84818.72019425122,
    "68": 106808.80182816063,
    "69": 99534.23960712874,
    "70": 381648.5651845591,
    "71": 367382.9991122845,
    "72": 233204.20370725362,
    "73": 765115.319489903,
    "74": 136717.329446086,
    "75": 87561.59944673948,
    "76": 60449.176438067545,
    "77": 406744.6655634539,
    "78": 526125.6868487041,
    "79": 146449.19570319113,
    "80": 31136.923582725314,
    "81": 187707.44613991524,
    "82": 611442.1905672083,
    "83": 200803.90365515958,
    "84": 320876.0438751064,
    "85": 103681.8337204579,
    "86": 180039.27451767938,
    "87": 90218.19074742838,
    "88": 152987.6985904803,
    "89": 253491.23720022352,
    "90": 200181.853907429,
    "91": 127865.80009050827,
    "92": 340550.04128498957,
    "93": 92774.71677179808,
    "94": 443035.9937277162,
    "95": 123813.2144812802,
    "96": 452288.2685661929,
    "97": 187313.08363506844,
    "98": 35847.73688418181,
    "99": 266858.90435095667,
    "100": 301090.78178153944,
    "101": 180697.42646579354,
    "102": 769578.5758182632,
    "103": 491468.3494044781,
    "104": 102088.37770411147,
    "105": 102639.71125889492,
    "106": 262613.15656947065,
    "107": 184004.995858295,
    "108": 147436.23943072968,
    "109": 150160.29885028856,
    "110": 378443.7357427278,
    "111": 151609.88208879004,
    "112": 309818.9555883585,
    "113": 335480.9078789036,
    "114": 76291.36963392531,
    "115": 332966.92428064806,
    "116": 125566.83688716854,
    "117": 66964.27635665264,
    "118": 249176.16869031385,
    "119": 418044.68654543604,
    "120": 93825.41405985935,
    "121": 32366.400213947905,
    "122": 393076.5242753599,
    "123": 487532.3065464384,
    "124": 138158.19914653953,
    "125": 388791.79502561525,
    "126": 311535.19609341543,
    "127": 500043.2063462476,
    "128": 144102.91459065955,
    "129": 177793.77741080656,
    "130": 43584.17329504898,
    "131": 279910.00366167777,
    "132": 95496.24563885377,
    "133": 215095.53230836106,
    "134": 684564.4674624852,
    "135": 51085.43471516128,
    "136": 258524.27977374473,
    "137": 61529.246524839786,
    "138": 125081.82991628256,
    "139": 827346.1130083164,
    "140": 211479.49044723852,
    "141": 60665.582443312735,
    "142": 529057.7132604419,
    "143": 211768.83003673216,
    "144": 221892.21652847817,
    "145": 75819.7274037646,
    "146": 403241.77254077076,
    "147": 157498.34450644045,
    "148": 127513.19963858553,
    "149": 398544.87678095914,
    "150": 202964.89602618557,
    "151": 474129.6668500293,
    "152": 396678.9342902639,
    "153": 84797.94199861617,
    "154": 105457.73398994475,
    "155": 74545.82311003386,
    "156": 293192.37090358365,
    "157": 546126.9700629864,
    "158": 155330.82912362582,
    "159": 15673.273670687935,
    "160": 283167.26491606666,
    "161": 177608.90672585298,
    "162": 34528.77264873827,
    "163": 223479.9277935625,
    "164": 22998.81558359904,
    "165": 269546.7983406284,
    "166": 155242.36942198564,
    "167": 331582.23572805926,
    "168": 265556.4386031821,
    "169": 526737.278824939,
    "170": 178921.72370828709,
    "171": 257275.02494186358,
    "172": 575841.1292877693,
    "173": 84510.3622782195,
    "174": 29209.865323588172,
    "175": 329257.10973593185,
    "176": 224943.16328873558,
    "177": 425829.2556200807,
    "178": 164214.60879491965,
    "179": 57244.46543142505,
    "180": 120201.74159551617,
    "181": 96901.65130066239,
    "182": 296924.6055426893,
    "183": 87211.90761099046,
    "184": 88684.01900442586,
    "185": 274094.8136868629,
    "186": 75628.36360076944,
    "187": 602326.5469653715,
    "188": 327818.6661466958,
    "189": 357417.46587267745,
    "190": 134717.4094858098,
    "191": 297875.8387631916,
    "192": 107684.99993248782,
    "193": 357302.98292724456,
    "194": 256701.41744467028,
    "195": 224547.35246605842,
    "196": 407672.66863713664,
    "197": 486426.486234407,
    "198": 727322.8800620076,
    "199": 660432.8705458716,
    "200": 158199.3891912176,
    "201": 127125.87518934465,
    "202": 327668.0208087304,
    "203": 206890.6528689106,
    "204": 296079.62683658005,
    "205": 289769.4157788845,
    "206": 240047.12047517532,
    "207": 262818.07606122334,
    "208": 607039.2477564347,
    "209": 232386.3619394336,
    "210": 392537.7838729204,
    "211": 503149.4582239263,
    "212": 372218.36622018536,
    "213": 348775.2553251287,
    "214": 55454.20797754916,
    "215": 223742.34206103635,
    "216": 211373.14411624396,
    "217": 33266.77040079744,
    "218": 174670.7168623291,
    "219": 437846.4959578099,
    "220": 449489.09096053813,
    "221": 151168.65207407562,
    "222": 352994.12898759986,
    "223": 247673.23007454214,
    "224": 63863.52136896484,
    "225": 98699.63618542097,
    "226": 512211.96489220863,
    "227": 326161.96030969545,
    "228": 421183.517449177,
    "229": 37127.60104158262,
    "230": 144849.53522010657,
    "231": 229485.8196040373,
    "232": 314488.619499826,
    "233": 212714.29044523273,
    "234": 44364.67119144061,
    "235": 249052.45123734878,
    "236": 83615.67564604108,
    "237": 148523.4885044096,
    "238": 277989.18470458285,
    "239": 169339.90929962942,
    "240": 123584.16625121947,
    "241": 563604.8006568488,
    "242": 197718.4050165397,
    "243": 209990.46619875965,
    "244": 202948.45576717198,
    "245": 173832.97102752063,
    "246": 227904.93346467748,
    "247": 122466.10463467352,
    "248": 390881.693159431,
    "249": 289873.4057636669,
    "250": 96106.40077181578,
    "251": 85435.98662491309,
    "252": 334688.3457869673,
    "253": 70724.96125701045,
    "254": 163124.72533319265,
    "255": 75604.82354015406,
    "256": 69644.23436848754,
    "257": 244737.07619682088,
    "258": 143569.65318422948,
    "259": 322970.1030214615,
    "260": 437699.58814049646,
    "261": 346692.7201883272,
    "262": 43227.278716457105,
    "263": 228149.7386211796,
    "264": 534005.5168711201,
    "265": 45056.43150114893,
    "266": 149761.87848764323,