{
    "1": 66239.99568316575,
    "2": 161796.34937021983,
    "3": 183078.29197684565,
    "4": 185483.32681196736,
    "5": 591744.2561885084,
    "6": 72532.84607307364,
    "7": 79046.7049422326,
    "8": 43436.980834849426,
    "9": 272751.8584849172,
    "10": 120424.29082661538,
    "11": 208345.0364641109,
    "12": 144050.23334275003,
    "13": 157896.90202171242,
    "14": 168403.16337704356,
    "15": 228941.2856278708,
    "16": 565305.1783898529,
    "17": 149101.78095261977,
    "18": 23243.504293107206,
    "19": 202785.34754404365,
    "20": 290646.5693609219,
    "21": 581902.9641649727,
    "22": 381886.8294862433,
    "23": 87718.80424568066,
    "24": 103589.1898875973,
    "25": 20569.5475196407,
    "26": 111593.22186799128,
    "27": 437852.175612204,
    "28": 219413.4713874105,
    "29": 288055.41892828903,
    "30": 73598.29162938643,
    "31": 55418.26634424028,
    "32": 206143.19819323588,
    "33": 126990.0849871961,
    "34": 177559.84080317992,
    "35": 67006.74824210936,
    "36": 138675.0969798517,
    "37": 614791.646075273,
    "38": 120946.41617904503,
    "39": 299183.96577350417,
    "40": 225905.5342035677,
    "41": 309834.5469491102,
    "42": 141872.43898358598,
    "43": 530822.6237243179,
    "44": 557426.932348323,
    "45": 129893.55544278766,
    "46": 382197.75369094545,
    "47": 151252.8735362075,
    "48": 94703.40414628341,
    "49": 107136.35311256166,
    "50": 167795.80593181512,
    "51": 309764.324473816,
    "52": 453039.877297708,
    "53": 528744.0624686044,
    "54": 146167.528317826,
    "55": 440869.9963450316,
    "56": 36026.828627977535,
    "57": 57187.2643269267,
    "58": 165060.23842447274,
    "59": 314546.3556443677,
    "60": 507072.72787635727,
    "61": 367399.5739427275,
    "62": 273185.41100539424,
    "63": 59291.14783014618,
    "64": 67625.56559079982,
    "65": 19110.95991595325,
    "66": 319550.7358655326,
    "67": 184495.0435366424,
    "68": 37813.87675806555,
    "69": 435855.6199725456,
    "70": 78279.13673862511,
    "71": 286244.5183470849,
    "72": 243472.22668895143,
    "73": 124230.38751169856,
    "74": 442693.2759540384,
    "75": 245775.80125857066,
    "76": 194325.2144133836,
    "77": 179069.72236687815,
    "78": 193935.69483862477,
    "79": 306672.3697024408,
    "80": 302571.1650392502,
    "81": 441344.46530696866,
    "82": 284421.0286576202,
    "83": 287283.9141055943,
    "84": 81770.58451236499,
    "85": 566686.8516879539,
    "86": 314653.9317122487,
    "87": 135915.72181044897,
    "88": 1154638.7781686238,
    "89": 201852.62380458185,
    "90": 602047.9297983253,
    "91": 106420.30682387542,
    "92": 234399.0150364649,
    "93": 384412.4228790182,
    "94": 151654.79746425702,
    "95": 225841.90536351176,
    "96": 319954.74316828273,
    "97": 544072.0986962958,
    "98": 259194.01239848384,
    "99": 510683.8997738096,
    "100": 131594.5785068527,
    "101": 27855.897995624495,
    "102": 208747.70383187695,
    "103": 72254.64817301916,
    "104": 145636.36178963401,
    "105": 211808.08819789963,
    "106": 215189.14455692563,
    "107": 184212.0432764572,
    "108": 145423.68295501007,
    "109": 676421.720313418,
    "110": 494536.9161561519,
    "111": 323142.2019834978,
    "112": 648055.0539565292,
    "113": 467040.7490633744,
    "114": 56805.73209312221,
    "115": 62345.71865688304,
    "116": 141909.97038038642,
    "117": 54882.56717629788,
    "118": 113105.75228738501,
    "119": 201492.39449900403,
    "120": 122778.90037771018,
    "121": 818750.0270892893,
    "122": 105740.2913911388,
    "123": 330392.5217999984,
    "124": 236276.5732259662,
    "125": 339714.34595145605,
    "126": 261430.748362627,
    "127": 356031.8940554624,
    "128": 102043.91137264337,
    "129": 128362.74030272702,
    "130": 316215.0906656064,
    "131": 221776.37799760053,
    "132": 283155.3876657414,
    "133": 109752.15010056179,
    "134": 544663.1662114713,
    "135": 626494.922551386,
    "136": 124025.07843245371,
    "137": 548591.7241262122,
    "138": 146103.7222373664,
    "139": 659188.608043271,
    "140": 36345.83720515063,
    "141": 57268.44121494562,
    "142": 479082.9432606779,
    "143": 102055.93303120197,
    "144": 159302.86411649102,
    "145": 434224.6609626546,
    "146": 145043.1021152235,
    "147": 304181.1347338384,
    "148": 338236.67631541844,
    "149": 109849.93612218156,
    "150": 174129.39922941566,
    "151": 562949.7523028888,
    "152": 93974.72728046062,
    "153": 255778.5682212168,
    "154": 774438.1028414369,
    "155": 44704.190613089144,
    "156": 33317.10429233136,
    "157": 242421.19501471525,
    "158": 47138.29263603275,
    "159": 465275.80098590406,
    "160": 363600.4718683816,
    "161": 86555.46986918942,
    "162": 92031.52172026872,
    "163": 93626.47155833404,
    "164": 115955.27677082951,
    "165": 143684.76279951757,
    "166": 116900.12689187824,
    "167": 435183.25383698347,
    "168": 85573.01592374376,
    "169": 108250.88001186619,
    "170": 101494.42956281785,
    "171": 261102.1897186512,
    "172": 85959.5611626322,
    "173": 87836.33366427106,
    "174": 247510.3455714272,
    "175": 234879.0751186985,
    "176": 59221.53551954736,
    "177": 143077.37001725132,
    "178": 198892.68237662944,
    "179": 47583.256484109974,
    "180": 218978.58100460735,
    "181": 228734.14944743467,
    "182": 168859.6525847581,
    "183": 514109.58981902676,
    "184": 346746.9656980583,
    "185": 395445.809559577,
    "186": 164197.8506924313,
    "187": 89423.81460948903,
    "188": 171481.66720825635,
    "189": 187394.33358118488,
    "190": 605763.1679673329,
    "191": 51910.73793181519,
    "192": 271172.5508561393,
    "193": 71992.364716347,
    "194": 111787.34598273836,
    "195": 307005.1774480076,
    "196": 139788.35962193078,
    "197": 203854.80116858444,
    "198": 386268.3193239883,
    "199": 251445.50600494753,
    "200": 57406.01785506608,
    "201": 380883.4654702073,
    "202": 80335.97595833511,
    "203": 292939.3506783021,
    "204": 419507.97691988247,
    "205": 14148.047430152934,
    "206": 148201.43826180988,
    "207": 171314.08197748134,
    "208": 185505.17433689113,
    "209": 62991.411519459674,
    "210": 27225.29571932672,
    "211": 490945.967500047,
    "212": 22443.1736404805,
    "213": 128448.91914898665,
    "214": 258726.25178814674,
    "215": 251140.72999206258,
    "216": 297677.13083903235,
    "217": 457511.4800715278,
    "218": 60979.27626741725,
    "219": 191357.9578781123,
    "220": 101314.04160782651,
    "221": 203044.14825983063,
    "222": 594472.9907084369,
    "223": 240062.0674090857,
    "224": 247297.51146167557,
    "225": 162522.66490122458,
    "226": 142239.84638062897,
    "227": 171761.1501118588,
    "228": 478266.21561716584,
    "229": 134163.33662807307,
    "230": 56913.77022027007,
    "231": 344918.0888830358,
    "232": 423164.4101933153,
    "233": 39325.99225257855,
    "234": 56777.01036253006,
    "235": 92203.17138494816,
    "236": 579613.8181974007,
    "237": 199101.27978547482,
    "238": 175023.2196778547,
    "239": 291489.50494333176,
    "240": 73250.61318730861,
    "241": 202268.31712922925,
    "242": 363486.5342896986,
    "243": 232100.59319445112,
    "244": 211522.22802628306,
    "245": 531102.110002096,
    "246": 155473.66548555825,
    "247": 135908.87888879588,
    "248": 540076.0885343055,
    "249": 484401.220200315,
    "250": 180771.72786403657,
    "251": 174404.9046580284,
    "252": 146033.91939219655,
    "253": 560211.6232604549,
    "254": 223651.74457634593,
    "255": 153996.20547105646,
    "256": 381622.9134797804,
    "257": 52755.65446716076,
    "258": 201035.60972170925,
    "259": 209572.6828189644,
    "260": 102705.73011832839,
    "261": 386060.3594681996,
    "262": 339483.7361960425,
    "263": 131192.8486320049,
    "264": 281987.1810422171,
    "265": 247891.61559662138,
    "266": 122036.53909638623,
    "267": 161583.18996766195,