{
    "1": 111940.94206150467,
    "2": 183972.74103133735,
    "3": 180307.60655234157,
    "4": 404283.1377796634,
    "5": 335490.46435571235,
    "6": 323119.7592022089,
    "7": 350714.4882343155,
    "8": 27298.345838724217,
    "9": 128113.60805245972,
    "10": 388057.0116916188,
    "11": 240340.38453635803,
    "12": 176985.69866660816,
    "13": 383895.25409706583,
    "14": 132576.48022851578,
    "15": 507221.7750505776,
    "16": 226896.1210729309,
    "17": 51425.84757212278,
    "18": 187757.60122585448,
    "19": 254909.6634180265,
    "20": 108201.90375087508,
    "21": 193192.75262103006,
    "22": 128301.8268811206,
    "23": 351038.146769768,
    "24": 429660.37794666766,
    "25": 44036.504209525476,
    "26": 117276.98692856415,
    "27": 144901.62667916896,
    "28": 91558.92368895236,
    "29": 223891.06863479677,
    "30": 152963.26428289784,
    "31": 223330.21607339554,
    "32": 152143.22712933333,
    "33": 337156.9385699664,
    "34": 436313.06936104334,
    "35": 343013.368499928,
    "36": 375488.6926075677,
    "37": 315574.2550201496,
    "38": 271530.6061340067,
    "39": 329320.73501687055,
    "40": 199953.1817546586,
    "41": 76901.24659897428,
    "42": 171337.83970505785,
    "43": 311714.432118789,
    "44": 127541.02041469839,
    "45": 154455.2860199523,
    "46": 444105.339632111,
    "47": 105685.49195748099,
    "48": 237266.1340944318,
    "49": 138131.90478453785,
    "50": 287921.07958390814,
    "51": 551892.2898445921,
    "52": 251170.6025627906,
    "53": 694949.8822247303,
    "54": 440498.26644678233,
    "55": 176884.31079238074,
    "56": 53680.63500650457,
    "57": 550307.7199149124,
    "58": 124025.93109431458,
    "59": 44459.73089825634,
    "60": 285758.82434043393,
    "61": 258792.25539561594,
    "62": 162801.29300115525,
    "63": 91961.95627158144,
    "64": 279917.79386810336,
    "65": 859905.2771686756,
    "66": 360481.68758129555,
    "67": 187333.46531122815,
    "68": 136194.09005584993,
    "69": 545485.5506332393,
    "70": 588602.6285932336,
    "71": 482226.0322138753,
    "72": 492542.1778967486,
    "73": 189080.53121226278,
    "74": 385363.23750571744,
    "75": 166344.83865203345,
    "76": 194873.2883454877,
    "77": 216151.29543696507,
    "78": 140589.11622954675,
    "79": 243132.3828498743,
    "80": 121001.48321127346,
    "81": 61723.61062653996,
    "82": 452980.11958178366,
    "83": 97728.15915505453,
    "84": 387453.7147243256,
    "85": 61224.42270693141,
    "86": 555294.3451674092,
    "87": 210529.19428233444,
    "88": 187085.40464804668,
    "89": 441625.9683440087,
    "90": 117174.10730930114,
    "91": 123193.89869912477,
    "92": 326339.63194956514,
    "93": 170458.64669119252,
    "94": 151162.65432810172,
    "95": 95906.98677984621,
    "96": 727030.429447641,
    "97": 31631.486937247268,
    "98": 257225.1457458616,
    "99": 475908.00846313883,
    "100": 162641.629370005,
    "101": 660545.6665570412,
    "102": 57653.66792712649,
    "103": 389907.6019675588,
    "104": 126677.46197594561,
    "105": 155152.17916042288,
    "106": 605524.9512864336,
    "107": 226696.5059133727,
    "108": 181953.5451868071,
    "109": 101928.84778935279,
    "110": 137450.3199274683,
    "111": 62197.068330246155,
    "112": 190353.95876840936,
    "113": 555028.2903325973,
    "114": 206525.86842101335,
    "115": 107614.97841391349,
    "116": 88714.73207040683,
    "117": 166680.73245516312,
    "118": 298685.17755058414,
    "119": 176183.6084684668,
    "120": 296165.196794239,
    "121": 219614.66605119244,
    "122": 211738.1845979327,
    "123": 294103.3204857195,
    "124": 191964.02985442916,
    "125": 235074.7301382653,
    "126": 87153.04091031174,
    "127": 129894.10833066468,
    "128": 72330.58528736015,
    "129": 132099.86632503037,
    "130": 157630.20888803332,
    "131": 405418.6279272988,
    "132": 218141.17470382864,
    "133": 300712.8538923365,
    "134": 436211.10533639014,
    "135": 117923.65426561818,
    "136": 161196.36163429538,
    "137": 185737.3192191727,
    "138": 69426.99939012493,
    "139": 22558.38187366182,
    "140": 331966.933664861,
    "141": 546842.6172086131,
    "142": 236266.43383953747,
    "143": 22674.210351232272,
    "144": 500516.0123481122,
    "145": 219831.73316789864,
    "146": 93489.27534971168,
    "147": 263754.80591122963,
    "148": 458537.20862072124,
    "149": 323789.16319416615,
    "150": 200457.50866357484,
    "151": 101400.70338873677,
    "152": 190125.68374132522,
    "153": 42770.929396682106,
    "154": 591583.7803440086,
    "155": 239927.08725396523,
    "156": 350554.0741520178,
    "157": 60404.62016709239,
    "158": 85372.35922157079,
    "159": 312743.9766145599,
    "160": 340766.4274288437,
    "161": 118585.29902277244,
    "162": 134349.21885824,
    "163": 174203.53323996966,
    "164": 111613.96869226231,
    "165": 204462.06328681597,
    "166": 85435.10410379486,
    "167": 144082.9389208451,
    "168": 214061.3825141555,
    "169": 502138.4548092746,
    "170": 135199.35377019015,
    "171": 46917.36088886532,
    "172": 101208.31609883986,
    "173": 281371.4184748179,
    "174": 112508.88892721695,
    "175": 81520.44135282139,
    "176": 97653.69263650922,
    "177": 162781.2782451704,
    "178": 260079.4460830028,
    "179": 65966.56811843725,
    "180": 324751.6914248795,
    "181": 240101.36941618193,
    "182": 40551.903783008944,
    "183": 94859.54841594977,
    "184": 452358.1953220143,
    "185": 366184.8205866699,
    "186": 452421.0305244437,
    "187": 334532.8766431809,
    "188": 190878.80849195877,
    "189": 873842.4937241051,
    "190": 37211.14708387531,
    "191": 214483.95767966466,
    "192": 496612.67382556846,
    "193": 295744.03663424135,
    "194": 245937.4163375128,
    "195": 528009.0466110581,
    "196": 113021.44724706284,
    "197": 182228.5194243267,
    "198": 137922.79328163544,
    "199": 436719.34427906666,
    "200": 158069.07563315606,
    "201": 126207.62241578003,
    "202": 171843.9822894136,
    "203": 289655.80586329877,
    "204": 155636.41562356122,
    "205": 54821.013528171934,
    "206": 409862.93912165886,
    "207": 451998.91511099297,
    "208": 308718.0568649246,
    "209": 93571.22199261432,
    "210": 170967.00526992546,
    "211": 63832.55734297159,
    "212": 824445.3041519579,
    "213": 134752.93191357976,
    "214": 453257.6048773393,
    "215": 543763.8901187852,
    "216": 340825.72471140744,
    "217": 150351.9975218883,
    "218": 233869.58669090015,
    "219": 235110.24840431754,
    "220": 301168.1581367848,
    "221": 456535.80490984773,
    "222": 97106.89774558984,
    "223": 660620.5025694192,
    "224": 610636.6952114821,
    "225": 455432.02245768363,
    "226": 210530.432204568,
    "227": 348821.3754534868,
    "228": 302426.2565821499,
    "229": 224929.36150289627,
    "230": 531767.1183054991,
    "231": 260778.04032697534,
    "232": 767233.4369897393,
    "233": 225386.72677342946,
    "234": 459384.7415430108,
    "235": 164424.84214589506,
    "236": 666411.1582916814,
    "237": 474529.03783376055,
    "238": 87921.7102903713,
    "239": 277049.09645603376,
    "240": 226887.17258229962,
    "241": 106774.17154503599,
    "242": 340440.02806706855,
    "243": 145426.68707113015,
    "244": 286216.3881928811,
    "245": 135278.41695658624,
    "246": 69014.91145742507,
    "247": 245180.88128845397,
    "248": 236529.91244458003,
    "249": 88484.8388046265,
    "250": 192693.52991603906,
    "251": 428652.02018468373,
    "252": 67349.13518691299,
    "253": 160546.25729377038,
    "254": 356967.80639187427,
    "255": 58363.7544675454,
    "256": 70491.56558286643,
    "257": 58272.60944172681,
    "258": 82694.0097493115,
    "259": 192099.5445918608,
    "260": 398060.6318688437,
    "261": 303619.97210078785,
    "262": 373696.4173836955,
    "263": 201511.55337784535,
    "264": 407501.89718241233,
    "265": 249972.65396269647,
    "266": 101829.53440128783,