{
    "1": 32616.47605508389,
    "2": 108488.1689533951,
    "3": 99882.98013474242,
    "4": 237029.74089491082,
    "5": 525981.158632236,
    "6": 494411.3517398655,
    "7": 341179.28104939876,
    "8": 25822.362464718848,
    "9": 251564.95613227415,
    "10": 44301.22145389198,
    "11": 459729.6962890355,
    "12": 145107.58772248318,
    "13": 284379.2668818921,
    "14": 495106.86034384306,
    "15": 52463.043417249755,
    "16": 124585.92046728142,
    "17": 88681.53553439042,
    "18": 67111.45923512666,
    "19": 175404.89860459432,
    "20": 239648.5277432845,
    "21": 549288.9466536628,
    "22": 172986.09763333423,
    "23": 93664.82883865312,
    "24": 53171.2984538824,
    "25": 240541.34188394545,
    "26": 329218.83551789745,
    "27": 518741.2832375249,
    "28": 274689.1024645508,
    "29": 375554.46106748166,
    "30": 316107.19456564676,
    "31": 209028.75362999178,
    "32": 461920.41952955635,
    "33": 166382.7790134666,
    "34": 569411.3751513393,
    "35": 333983.53074463946,
    "36": 142003.93641572204,
    "37": 281212.6726253754,
    "38": 195240.8193793636,
    "39": 260488.2907092911,
    "40": 295815.6329944315,
    "41": 541875.8914560833,
    "42": 69513.0718335568,
    "43": 185156.2531938755,
    "44": 31859.29060172166,
    "45": 293990.69243739627,
    "46": 195430.89498006864,
    "47": 78807.39605503791,
    "48": 280628.72579002497,
    "49": 497892.689318283,
    "50": 424157.3568346854,
    "51": 411109.1657226365,
    "52": 79644.66982094907,
    "53": 102688.28070172139,
    "54": 275376.890349687,
    "55": 453310.9517364012,
    "56": 154849.02102107374,
    "57": 49613.48724457926,
    "58": 148158.44087438405,
    "59": 74203.60424493506,
    "60": 180731.36201113177,
    "61": 92275.12862597025,
    "62": 84739.72396754507,
    "63": 411000.1103812293,
    "64": 204817.06567847362,
    "65": 144967.0818247523,
    "66": 134292.05243031707,
    "67": 230904.83926679505,
    "68": 59351.47214057028,
    "69": 170211.92188871457,
    "70": 266691.38344425504,
    "71": 261690.86892787364,
    "72": 80852.5098584379,
    "73": 317296.41728370514,
    "74": 113912.76009283768,
    "75": 446937.945015978,
    "76": 86288.34266455953,
    "77": 712305.4012569514,
    "78": 203612.6452952708,
    "79": 199567.78237588148,
    "80": 44089.246418914576,
    "81": 107088.04128863328,
    "82": 232932.96320749406,
    "83": 137437.55899426425,
    "84": 91200.61998960438,
    "85": 146166.18120179334,
    "86": 130348.09710846553,
    "87": 69328.27060060547,
    "88": 720550.070200521,
    "89": 44845.02337812064,
    "90": 175562.4548105234,
    "91": 350641.05590191454,
    "92": 288906.6912458481,
    "93": 334213.12880309316,
    "94": 100020.90637130747,
    "95": 155026.744625319,
    "96": 233788.93907320133,
    "97": 290350.8558484696,
    "98": 33222.38822684447,
    "99": 467339.6255268815,
    "100": 145910.4817623358,
    "101": 402409.0416614493,
    "102": 458530.7904777862,
    "103": 290716.7321201389,
    "104": 245062.56669928716,
    "105": 105088.19749894866,
    "106": 63678.22136257454,
    "107": 569465.5634755401,
    "108": 214575.2618419815,
    "109": 149374.75290215437,
    "110": 175847.4915829399,
    "111": 244707.18471730713,
    "112": 163205.03554111335,
    "113": 84794.29037719565,
    "114": 171348.20580091886,
    "115": 301532.9412229115,
    "116": 207389.1661469596,
    "117": 205131.60371962137,
    "118": 299663.9957180568,
    "119": 366265.6643647435,
    "120": 208025.31692037333,
    "121": 29471.601343270402,
    "122": 304021.24508637254,
    "123": 191705.41592408458,
    "124": 867709.9539585335,
    "125": 261379.020785679,
    "126": 182060.6049125976,
    "127": 210768.93336363588,
    "128": 33048.790154595976,
    "129": 101641.25367395174,
    "130": 156550.03005674348,
    "131": 123889.56625755526,
    "132": 180342.20528074983,
    "133": 78425.6186629662,
    "134": 158079.03273796127,
    "135": 448308.71848606766,
    "136": 114400.96367238741,
    "137": 359804.2827287496,
    "138": 147228.94078928974,
    "139": 368494.7873770599,
    "140": 247446.2745461369,
    "141": 298439.12134713563,
    "142": 76936.07592592377,
    "143": 343288.1260863566,
    "144": 139418.5660383429,
    "145": 225874.30462102653,
    "146": 329524.3825060579,
    "147": 282693.56628273654,
    "148": 241374.82170744927,
    "149": 67389.37294979303,
    "150": 284888.0544929665,
    "151": 469577.72891454207,
    "152": 60666.12640868012,
    "153": 427550.2165876497,
    "154": 74602.22889401825,
    "155": 207005.22413363072,
    "156": 249386.37472933435,
    "157": 545482.9521923551,
    "158": 590997.5806201183,
    "159": 444762.5277243023,
    "160": 210336.7884076586,
    "161": 109279.42873295005,
    "162": 322731.5027053083,
    "163": 209588.48982395412,
    "164": 148159.18323519893,
    "165": 225440.01881585488,
    "166": 126498.38178327073,
    "167": 250759.2740979951,
    "168": 112096.48889612989,
    "169": 111684.01541525632,
    "170": 107015.89056957202,
    "171": 237302.02948174128,
    "172": 157377.16370112565,
    "173": 44845.26753620002,
    "174": 154656.37030343935,
    "175": 89242.52978853293,
    "176": 99216.33107862546,
    "177": 91819.13365035392,
    "178": 193268.75257917127,
    "179": 156336.21515952333,
    "180": 51604.94860754315,
    "181": 251797.21610534267,
    "182": 365305.5216164174,
    "183": 455494.5863333689,
    "184": 123133.41854440182,
    "185": 151793.67618806966,
    "186": 353879.2344152692,
    "187": 206244.50349626574,
    "188": 186253.35461633632,
    "189": 287797.77009159577,
    "190": 81520.32384736712,
    "191": 158762.5074715842,
    "192": 616975.4000513196,
    "193": 88196.16904572408,
    "194": 389473.34676990524,
    "195": 496971.9922445016,
    "196": 148736.0400063752,
    "197": 956685.228463497,
    "198": 271138.99697691423,
    "199": 213283.35934107687,
    "200": 118707.64762700285,
    "201": 265463.9432819826,
    "202": 180932.10174235454,
    "203": 299044.8976766029,
    "204": 324462.5520088583,
    "205": 208609.23256519125,
    "206": 117871.93954868497,
    "207": 88967.95745377985,
    "208": 70080.36337369033,
    "209": 443672.98073657573,
    "210": 461594.04995335627,
    "211": 297594.7723958851,
    "212": 512207.7194169409,
    "213": 461345.1120776261,
    "214": 272649.23007866176,
    "215": 499201.22828708944,
    "216": 391899.23040866136,
    "217": 579787.0528447985,
    "218": 379888.4351306886,
    "219": 113025.02415067233,
    "220": 317054.86832865846,
    "221": 187933.13860321773,
    "222": 278884.3186142421,
    "223": 216612.65578160467,
    "224": 229533.86417521044,
    "225": 348981.8480744847,
    "226": 134562.3698929122,
    "227": 566284.1520311979,
    "228": 541003.4086866559,
    "229": 48890.006507872116,
    "230": 297557.89976016054,
    "231": 130961.90101734987,
    "232": 486826.91381277493,
    "233": 667003.2129522689,
    "234": 103054.70912667591,
    "235": 237542.00584357308,
    "236": 402728.1901048397,
    "237": 175509.44366951106,
    "238": 257549.60934099395,
    "239": 58787.825606700186,
    "240": 63964.58687666965,
    "241": 103062.3202615593,
    "242": 167562.6119880314,
    "243": 319274.558610208,
    "244": 229453.3886740026,
    "245": 71689.12639446039,
    "246": 114457.8789952371,
    "247": 548745.9561577542,
    "248": 283194.0624192189,
    "249": 231407.60589777376,
    "250": 136400.0852610964,
    "251": 428899.52529303945,
    "252": 237808.27853973347,
    "253": 168000.67914219835,
    "254": 343939.2958530881,
    "255": 196883.13094284307,
    "256": 393073.9869610717,
    "257": 33342.01725287964,
    "258": 155676.6386636795,
    "259": 65671.36534435902,
    "260": 337952.49830125924,
    "261": 96432.03289221412,
    "262": 112226.9608191018,
    "263": 188968.734401941,
    "264": 63225.01701287519,
    "265": 44959.742263909204,
    "266": 180294.01768692685,