{
    "1": 118505.83828081525,
    "2": 305369.7056153269,
    "3": 144821.3966489827,
    "4": 296365.35166241735,
    "5": 175016.5082048348,
    "6": 164893.8510065304,
    "7": 207562.64504001968,
    "8": 377815.98254978016,
    "9": 162127.29936640465,
    "10": 93652.85647302667,
    "11": 271892.642737677,
    "12": 597816.254783939,
    "13": 186297.75967759427,
    "14": 70296.21103257078,
    "15": 207008.59170647556,
    "16": 153433.11601556456,
    "17": 620507.793620336,
    "18": 44968.19308602959,
    "19": 26689.57955485518,
    "20": 410213.9874730711,
    "21": 378666.7457541151,
    "22": 202804.49922324758,
    "23": 453231.98100942676,
    "24": 132618.52953874244,
    "25": 181957.2781409952,
    "26": 79387.06535241748,
    "27": 174318.04080350432,
    "28": 50962.78227869644,
    "29": 166507.25213505194,
    "30": 308880.95149587,
    "31": 43296.419590034435,
    "32": 6419.6396793474005,
    "33": 153517.71665955728,
    "34": 752931.5763415262,
    "35": 85408.00630922122,
    "36": 378036.1540151288,
    "37": 365778.4677757944,
    "38": 84992.25491039899,
    "39": 324793.1986736874,
    "40": 195033.3930592766,
    "41": 274253.67249133356,
    "42": 207983.10378524382,
    "43": 152191.06217203193,
    "44": 665972.2871936514,
    "45": 272827.22900913376,
    "46": 221911.9969875788,
    "47": 120264.81076944349,
    "48": 409470.18863407767,
    "49": 161175.98961879895,
    "50": 356656.8530036266,
    "51": 127080.60165483611,
    "52": 191193.8674529777,
    "53": 101825.48708996165,
    "54": 39704.2481969006,
    "55": 492531.2477940901,
    "56": 71872.30907773557,
    "57": 248603.9676622781,
    "58": 171991.311475987,
    "59": 318413.7453946727,
    "60": 46901.01273290059,
    "61": 372054.82994699146,
    "62": 422793.9323520023,
    "63": 154188.20147523598,
    "64": 124305.8825407796,
    "65": 126796.00116358566,
    "66": 144527.2883194421,
    "67": 207758.62088170616,
    "68": 279655.7006213811,
    "69": 241348.50469644062,
    "70": 313076.88054378104,
    "71": 119461.1614239497,
    "72": 109902.31357831259,
    "73": 376956.98930438684,
    "74": 317555.3399461151,
    "75": 92849.71887272852,
    "76": 39328.726806520215,
    "77": 478860.3310199702,
    "78": 157441.4749778429,
    "79": 20004.557071356,
    "80": 176172.80261920087,
    "81": 43889.19795193939,
    "82": 524689.4447310747,
    "83": 509869.5640430471,
    "84": 358323.70542763436,
    "85": 76251.84121437145,
    "86": 280583.4891495553,
    "87": 492322.3050706184,
    "88": 103179.85368841872,
    "89": 222792.0582411405,
    "90": 207767.25779887443,
    "91": 156052.42151520247,
    "92": 413273.710288977,
    "93": 267462.2564270245,
    "94": 630303.2273302869,
    "95": 203601.41489236706,
    "96": 227700.60812489377,
    "97": 322595.58985846874,
    "98": 463849.33869777754,
    "99": 270171.92661316297,
    "100": 290287.5498043458,
    "101": 329504.5368875292,
    "102": 177969.81268479006,
    "103": 293582.6416547968,
    "104": 438451.34109670244,
    "105": 79773.0146756588,
    "106": 584245.9823694477,
    "107": 156367.36272486244,
    "108": 82729.70150462001,
    "109": 49131.69797407908,
    "110": 317695.9236494581,
    "111": 55120.78022837535,
    "112": 192590.76810274398,
    "113": 759602.696694947,
    "114": 459090.44356378407,
    "115": 224385.03095451999,
    "116": 393628.0764285568,
    "117": 92249.99722148356,
    "118": 67679.5409310658,
    "119": 142070.5052494177,
    "120": 471095.68184833357,
    "121": 44395.681431206904,
    "122": 353513.09650808864,
    "123": 133861.89274760286,
    "124": 152559.82984627702,
    "125": 673178.7476778831,
    "126": 299585.84358515585,
    "127": 171348.63250865779,
    "128": 65322.500274049184,
    "129": 52694.39322483732,
    "130": 158880.90834530944,
    "131": 441072.55790414166,
    "132": 291097.16801191354,
    "133": 121344.0860389197,
    "134": 131003.05228356022,
    "135": 68871.43730036473,
    "136": 161883.01819989184,
    "137": 187711.66917059,
    "138": 103688.942523779,
    "139": 53636.00971100123,
    "140": 343941.1965492228,
    "141": 140652.01380612477,
    "142": 253569.36822827882,
    "143": 334445.88811356924,
    "144": 421027.40165920503,
    "145": 500157.4684922084,
    "146": 96317.31926130445,
    "147": 334437.7958846626,
    "148": 350165.7492448723,
    "149": 285012.62858418934,
    "150": 440262.2860455536,
    "151": 40070.20620660077,
    "152": 206083.02115189252,
    "153": 413569.4593008569,
    "154": 181464.39906342718,
    "155": 227398.03134523978,
    "156": 201099.10212424342,
    "157": 265772.52163274045,
    "158": 59801.882491721684,
    "159": 406079.1933306522,
    "160": 234411.0786897243,
    "161": 58480.776475902225,
    "162": 171116.33916752826,
    "163": 276181.9892573286,
    "164": 561390.2998531829,
    "165": 1038724.152842973,
    "166": 197273.76899537805,
    "167": 643832.2808557401,
    "168": 45728.35513911626,
    "169": 151725.98747350476,
    "170": 221984.1012345188,
    "171": 33552.17691462784,
    "172": 634747.5973715625,
    "173": 235818.9191305624,
    "174": 251373.698064706,
    "175": 310717.67175034137,
    "176": 123912.56227236064,
    "177": 351781.8150263063,
    "178": 329712.41435493523,
    "179": 424698.1533949641,
    "180": 824800.2210577859,
    "181": 165682.36478697817,
    "182": 213044.5725431839,
    "183": 118740.16469481314,
    "184": 83363.19859256022,
    "185": 397399.51588207745,
    "186": 144263.49924163,
    "187": 59034.32227791867,
    "188": 117873.21595253411,
    "189": 275532.34237776557,
    "190": 310802.27456860023,
    "191": 149280.8523926982,
    "192": 133424.25404167676,
    "193": 436591.277148648,
    "194": 163889.85926299266,
    "195": 34968.05751551854,
    "196": 112776.31634873505,
    "197": 285494.8907303749,
    "198": 116356.75279906209,
    "199": 196205.9804470446,
    "200": 472790.2057048277,
    "201": 28018.191822429493,
    "202": 386297.61239602574,
    "203": 472833.6709303306,
    "204": 234219.6517726062,
    "205": 41864.01929109428,
    "206": 355748.9968960537,
    "207": 31197.091881963155,
    "208": 173060.86399253065,
    "209": 144630.80633293683,
    "210": 611773.6408051423,
    "211": 335909.50658686785,
    "212": 235513.10918468336,
    "213": 19805.117031943188,
    "214": 144111.40410991557,
    "215": 379349.89465055574,
    "216": 390900.96609568264,
    "217": 26723.195879825256,
    "218": 34361.454581622405,
    "219": 43954.94443681617,
    "220": 321953.0950180921,
    "221": 109650.7794998066,
    "222": 107447.58056650273,
    "223": 117826.50573812972,
    "224": 347486.4082486809,
    "225": 272723.9529685962,
    "226": 101461.34321020554,
    "227": 92923.05886133031,
    "228": 745589.7846628391,
    "229": 566108.934272783,
    "230": 115010.46755983263,
    "231": 206406.05311032524,
    "232": 90130.80454062572,
    "233": 354681.9867946402,
    "234": 98186.2930484915,
    "235": 218569.91605851531,
    "236": 535798.3242977108,
    "237": 66405.19962244366,
    "238": 187756.07058852495,
    "239": 158130.57518742437,
    "240": 441844.9191640068,
    "241": 248366.78939327502,
    "242": 52720.70835604624,
    "243": 171726.55309163843,
    "244": 265398.6631402183,
    "245": 168779.85620571236,
    "246": 169553.6502999362,
    "247": 106391.55403334722,
    "248": 106053.93474047833,
    "249": 145558.6660903555,
    "250": 249806.4718489968,
    "251": 179757.22097508018,
    "252": 352267.2456955873,
    "253": 145176.33692549754,
    "254": 74846.44300984079,
    "255": 187037.2896916019,
    "256": 334318.8975718498,
    "257": 327167.793855523,
    "258": 457251.53051579074,
    "259": 232938.50662637243,
    "260": 618168.1158665384,
    "261": 386962.46555957675,
    "262": 154441.2260800413,
    "263": 274171.7745556133,
    "264": 393942.5200443914,
    "265": 139576.28184285076,
    "266": 114213.1641932047,