{
    "1": 102669.63748615218,
    "2": 106533.47949865642,
    "3": 510760.46597363555,
    "4": 146036.95321825327,
    "5": 309374.9542009045,
    "6": 314536.9093034776,
    "7": 709318.4766704584,
    "8": 210337.19060665744,
    "9": 327225.3702828656,
    "10": 386698.7764978255,
    "11": 325074.6481676712,
    "12": 389519.109739222,
    "13": 253793.32655873682,
    "14": 152539.5482269123,
    "15": 523446.4684331817,
    "16": 284709.17008563963,
    "17": 95955.3772738264,
    "18": 188499.84203178727,
    "19": 211934.04609265187,
    "20": 417869.6073245268,
    "21": 172169.65099682185,
    "22": 123574.64166225914,
    "23": 183584.7217468024,
    "24": 691270.0561716601,
    "25": 113190.7936010058,
    "26": 224559.2462687808,
    "27": 201113.27463070356,
    "28": 690903.5817734799,
    "29": 205931.79127127212,
    "30": 438624.0963298216,
    "31": 282072.79776041076,
    "32": 567674.3651317022,
    "33": 103535.15257180268,
    "34": 81941.66321403692,
    "35": 82927.62695358461,
    "36": 116153.74156595669,
    "37": 199316.14641129106,
    "38": 139731.98180647168,
    "39": 83241.785655416,
    "40": 333590.02725418867,
    "41": 405497.37254700286,
    "42": 98794.4549475803,
    "43": 221496.34596016997,
    "44": 128200.4562974259,
    "45": 90569.66468281977,
    "46": 374779.196732887,
    "47": 28186.590402234488,
    "48": 273322.33873204945,
    "49": 203752.87860262912,
    "50": 166160.822410329,
    "51": 115394.52546893239,
    "52": 142239.52971990107,
    "53": 113710.44148114815,
    "54": 131760.6419905707,
    "55": 60758.7415738907,
    "56": 126988.29964561015,
    "57": 102357.34744932048,
    "58": 186227.0159479677,
    "59": 304375.16248030605,
    "60": 518187.5575817765,
    "61": 254485.89228528267,
    "62": 305239.1206175458,
    "63": 373062.5436539407,
    "64": 111385.30760325225,
    "65": 435592.4194289474,
    "66": 77608.12036364643,
    "67": 240853.27967269352,
    "68": 185404.25651683117,
    "69": 235784.8140222815,
    "70": 450842.18725178763,
    "71": 67018.78486833345,
    "72": 354513.18890817097,
    "73": 228152.27356940907,
    "74": 396942.71610309125,
    "75": 464309.42604038684,
    "76": 215622.9918005078,
    "77": 35419.97339398476,
    "78": 147295.9845881628,
    "79": 352723.35248771217,
    "80": 151271.68503208936,
    "81": 71907.71459621814,
    "82": 274440.3472505953,
    "83": 482830.24303180026,
    "84": 354942.7679646532,
    "85": 125884.57283972338,
    "86": 285838.116421049,
    "87": 17509.311896727137,
    "88": 128663.09654794764,
    "89": 230161.63388583856,
    "90": 287609.1940406297,
    "91": 150685.13517368087,
    "92": 153512.1946768059,
    "93": 92286.81729258699,
    "94": 547347.3740963512,
    "95": 197425.64835559504,
    "96": 113531.2990530864,
    "97": 555995.0699747915,
    "98": 113945.6366277951,
    "99": 131046.35714359258,
    "100": 463721.5214834672,
    "101": 614921.2556353337,
    "102": 182582.46357434252,
    "103": 269738.1145306147,
    "104": 528012.0549499987,
    "105": 507306.10331607994,
    "106": 65534.998373464834,
    "107": 229026.74664356254,
    "108": 113603.31148752967,
    "109": 55932.6239655285,
    "110": 324788.7552222225,
    "111": 141397.6009331578,
    "112": 216276.92244700703,
    "113": 329644.4740649404,
    "114": 532382.4065529981,
    "115": 505467.8770964784,
    "116": 763832.0109198126,
    "117": 1017291.193518832,
    "118": 144057.54526425802,
    "119": 289710.85467035574,
    "120": 286539.96326645935,
    "121": 159858.69513765635,
    "122": 90875.05655854415,
    "123": 774421.6397719578,
    "124": 174596.14260101216,
    "125": 164616.60754013777,
    "126": 264208.4339544485,
    "127": 162638.57105380026,
    "128": 188746.6524555736,
    "129": 513970.6536168507,
    "130": 331949.586179781,
    "131": 361091.8240578886,
    "132": 317360.608983892,
    "133": 57454.67886500002,
    "134": 87281.3079446909,
    "135": 448430.74195956165,
    "136": 249605.91594828173,
    "137": 125866.23021258373,
    "138": 559427.235385717,
    "139": 477822.5193788503,
    "140": 299291.9053356725,
    "141": 255818.63145336782,
    "142": 75796.98625923254,
    "143": 456688.0077308541,
    "144": 270426.2684372628,
    "145": 165779.19872561842,
    "146": 314394.08929318725,
    "147": 212991.18535004903,
    "148": 93555.74265120915,
    "149": 152013.32821236236,
    "150": 264224.21717935783,
    "151": 346822.46901898476,
    "152": 291680.1680642244,
    "153": 500574.1433121972,
    "154": 113488.22656525459,
    "155": 46482.52632343008,
    "156": 106408.23273611914,
    "157": 181471.20184730625,
    "158": 127869.21147527685,
    "159": 347452.5709172396,
    "160": 112601.77279279334,
    "161": 455482.1480370308,
    "162": 644867.2742053121,
    "163": 76312.71136487441,
    "164": 134042.48944422862,
    "165": 90692.05841329263,
    "166": 271868.9256973768,
    "167": 132476.67591886432,
    "168": 119357.03793944059,
    "169": 419084.6248032929,
    "170": 167549.7301296623,
    "171": 25004.63441197039,
    "172": 459618.3599466911,
    "173": 319245.94801340136,
    "174": 286915.78964011744,
    "175": 561391.1242741712,
    "176": 338699.458283911,
    "177": 241512.80164660056,
    "178": 138012.3610300452,
    "179": 300168.9449534234,
    "180": 157407.24658630314,
    "181": 571593.9668419551,
    "182": 654676.0520618405,
    "183": 385586.6371570994,
    "184": 149692.89885689935,
    "185": 198964.57477123782,
    "186": 118321.18600297261,
    "187": 167953.75028753115,
    "188": 229025.55357046158,
    "189": 340475.25492678734,
    "190": 424873.3703517974,
    "191": 285405.64068630425,
    "192": 669753.1266060224,
    "193": 519626.2516559996,
    "194": 261902.57901760287,
    "195": 168360.4314851644,
    "196": 695417.2760877245,
    "197": 145017.09587892026,
    "198": 269280.7776710672,
    "199": 163146.47912629103,
    "200": 314051.68721768114,
    "201": 766293.3857416859,
    "202": 466425.79225978395,
    "203": 129475.32286909467,
    "204": 132279.58693209718,
    "205": 288152.5142413679,
    "206": 161866.62329703078,
    "207": 65716.11631916444,
    "208": 139089.46584871135,
    "209": 592380.6115534578,
    "210": 74029.08253061019,
    "211": 129340.05710964784,
    "212": 130977.59443887378,
    "213": 207428.6961537622,
    "214": 484383.7032945727,
    "215": 318256.9528514483,
    "216": 193208.01913659077,
    "217": 49433.62852963666,
    "218": 292896.24464671896,
    "219": 136407.90819373907,
    "220": 336256.98188506847,
    "221": 142560.39418550392,
    "222": 324322.720945934,
    "223": 235468.04678871686,
    "224": 566609.7139762618,
    "225": 687338.1725192636,
    "226": 206120.0673605625,
    "227": 233016.17469277154,
    "228": 463165.79469218885,
    "229": 108232.05505466611,
    "230": 118583.60263159085,
    "231": 314312.9944986197,
    "232": 76971.03476649757,
    "233": 71813.55450119756,
    "234": 519311.3270514456,
    "235": 361462.433903579,
    "236": 79412.05240763386,
    "237": 50298.29936440365,
    "238": 64683.98828010872,
    "239": 707699.9989617034,
    "240": 298973.35186233924,
    "241": 247099.51530052855,
    "242": 108975.52222547085,
    "243": 464623.7287878195,
    "244": 638653.6209815317,
    "245": 289957.09930195025,
    "246": 131266.99774166467,
    "247": 254506.76296553045,
    "248": 127182.51186018826,
    "249": 85153.90307865299,
    "250": 321043.654165729,
    "251": 187674.22255572237,
    "252": 272295.9648071957,
    "253": 548248.3976036098,
    "254": 583628.3293265065,
    "255": 98770.30850205275,
    "256": 177309.68070905682,
    "257": 315973.07963138394,
    "258": 525998.8850007105,
    "259": 238462.3670446972,
    "260": 295820.15951003117,
    "261": 55475.557113274575,
    "262": 334229.9024689916,
    "263": 94264.16149357964,
    "264": 219103.424479712,
    "265": 263313.8883566618,
    "266": 136854.8476786861,