{
    "1": 261345.608932314,
    "2": 276924.66513520904,
    "3": 31563.9806747822,
    "4": 261350.20961509165,
    "5": 109332.68900695034,
    "6": 45507.129002995374,
    "7": 172553.69392929345,
    "8": 303505.2599348896,
    "9": 304552.09703192353,
    "10": 291003.58627283317,
    "11": 67212.72775466696,
    "12": 162711.70225641757,
    "13": 259731.28976027417,
    "14": 132920.15542112195,
    "15": 187084.5750841014,
    "16": 177714.64104811367,
    "17": 241296.88487806066,
    "18": 75469.85589286525,
    "19": 334657.7594728397,
    "20": 164926.32471129746,
    "21": 109644.78294777553,
    "22": 658597.9927128676,
    "23": 100111.16673131424,
    "24": 770061.2497821775,
    "25": 220192.0666816584,
    "26": 349514.49148915417,
    "27": 149105.39329937325,
    "28": 63545.36567451075,
    "29": 381125.4903512236,
    "30": 515149.69253452227,
    "31": 104333.22576221495,
    "32": 423100.6393998587,
    "33": 239571.29798512696,
    "34": 296987.1771154238,
    "35": 502586.20802656194,
    "36": 176169.27279778096,
    "37": 77420.90427968453,
    "38": 483192.07168537844,
    "39": 154862.79258817536,
    "40": 24508.954483702317,
    "41": 140666.2000841179,
    "42": 126264.98302762903,
    "43": 245885.6757502109,
    "44": 58288.59164867499,
    "45": 163545.20636179225,
    "46": 136052.0616361832,
    "47": 115167.33997938469,
    "48": 49058.14123718673,
    "49": 210715.95572970234,
    "50": 32816.844222524844,
    "51": 156075.26126760055,
    "52": 699986.5153052249,
    "53": 34380.07439433536,
    "54": 152237.3089695978,
    "55": 153435.50946359726,
    "56": 184547.09419588768,
    "57": 287379.3308421339,
    "58": 85162.98374823086,
    "59": 369161.58609378466,
    "60": 215465.56915539896,
    "61": 143060.458728667,
    "62": 257530.0054336559,
    "63": 76666.47833471003,
    "64": 64078.685683043,
    "65": 72296.98808065803,
    "66": 165967.36915936304,
    "67": 225972.6887942965,
    "68": 149962.4566969598,
    "69": 238426.41740827967,
    "70": 128883.54713721303,
    "71": 53397.4203751335,
    "72": 345306.2408831944,
    "73": 78832.20908267939,
    "74": 296499.14980360947,
    "75": 256446.71287416876,
    "76": 36464.06943195924,
    "77": 205611.65422598965,
    "78": 334004.6537354051,
    "79": 146931.39027574024,
    "80": 554988.1920203989,
    "81": 95374.15303010706,
    "82": 33017.96495572668,
    "83": 660156.2308971183,
    "84": 118497.75568525557,
    "85": 297778.24162590434,
    "86": 102765.50282851551,
    "87": 149463.6738335355,
    "88": 520148.8962644354,
    "89": 239416.4115239902,
    "90": 298781.40144830203,
    "91": 228877.32599692172,
    "92": 406252.38065858616,
    "93": 362108.74204935884,
    "94": 86052.59757267339,
    "95": 418974.4827103285,
    "96": 96294.7451657322,
    "97": 142143.69753947674,
    "98": 94966.77409581841,
    "99": 206246.95902597287,
    "100": 101401.96524121577,
    "101": 68887.16680261728,
    "102": 116341.26738346506,
    "103": 56509.24385930178,
    "104": 221625.29965861855,
    "105": 245035.58617146133,
    "106": 56644.13123896587,
    "107": 522284.1670616326,
    "108": 46836.43131749007,
    "109": 289724.38431417785,
    "110": 155666.858473969,
    "111": 101399.72142593461,
    "112": 857034.1092144232,
    "113": 173885.9496908019,
    "114": 274321.4686096808,
    "115": 80592.9498892476,
    "116": 139797.9697067827,
    "117": 171624.1124913643,
    "118": 466154.79269619077,
    "119": 447270.22196640464,
    "120": 26411.205605289095,
    "121": 79928.2457731391,
    "122": 162509.82309282408,
    "123": 148687.99202403714,
    "124": 370801.64868296223,
    "125": 138116.58372647522,
    "126": 290635.97232514137,
    "127": 86873.77072184104,
    "128": 264840.46636057453,
    "129": 94496.1698314985,
    "130": 237543.06313486383,
    "131": 185769.54983497446,
    "132": 228328.48047972383,
    "133": 294048.2168704127,
    "134": 275096.69745130907,
    "135": 299916.636149743,
    "136": 87066.46363405694,
    "137": 360086.6104604941,
    "138": 71697.25709843531,
    "139": 240963.05045924467,
    "140": 187009.99823980613,
    "141": 385805.02149561286,
    "142": 141754.31637406102,
    "143": 92029.88029118993,
    "144": 296537.9458079605,
    "145": 69630.6747486956,
    "146": 208131.09975453874,
    "147": 282008.95908504725,
    "148": 157998.32233010806,
    "149": 231873.1191868739,
    "150": 330979.2568514216,
    "151": 285878.6720728891,
    "152": 303885.9555574336,
    "153": 181372.9026246304,
    "154": 177296.74793286785,
    "155": 43325.06677386477,
    "156": 268565.3238867642,
    "157": 237478.94219325238,
    "158": 311923.9075909503,
    "159": 169485.65210768816,
    "160": 64577.942453831136,
    "161": 68116.11182796417,
    "162": 182643.31923469732,
    "163": 96081.84980589888,
    "164": 132788.18709205216,
    "165": 90909.11816393647,
    "166": 233202.05504440446,
    "167": 113718.671509471,
    "168": 179921.42690861624,
    "169": 176159.13963071385,
    "170": 246419.45914642917,
    "171": 421547.001803175,
    "172": 95727.18015306965,
    "173": 165060.09475383683,
    "174": 202181.545773539,
    "175": 448966.3556907828,
    "176": 315170.1312842194,
    "177": 244113.4889450082,
    "178": 507761.2920072342,
    "179": 169450.46719978057,
    "180": 103855.62223771239,
    "181": 285164.7954320769,
    "182": 359931.35139201686,
    "183": 183532.71780677218,
    "184": 148816.77987034843,
    "185": 159475.89444800853,
    "186": 151240.18225171068,
    "187": 43784.51078568327,
    "188": 245184.7492403841,
    "189": 216434.73149265943,
    "190": 233780.2372544172,
    "191": 186058.9534413145,
    "192": 452070.98511110316,
    "193": 194071.42210692778,
    "194": 182102.99902083995,
    "195": 400496.4665861996,
    "196": 127228.63854100737,
    "197": 191694.73273487174,
    "198": 345043.25942848256,
    "199": 219200.5599569742,
    "200": 64703.749154980214,
    "201": 350752.39963913476,
    "202": 273914.3720417415,
    "203": 160451.57478939346,
    "204": 314284.5123464006,
    "205": 162232.5387775874,
    "206": 163082.22149269644,
    "207": 27006.37239199023,
    "208": 967810.7219100603,
    "209": 63400.05914292198,
    "210": 281702.2085609537,
    "211": 331883.0795444684,
    "212": 153745.68358270574,
    "213": 78938.40646376337,
    "214": 157457.00563653506,
    "215": 27714.2890273386,
    "216": 192011.64726809302,
    "217": 78766.38395849915,
    "218": 390499.8345842769,
    "219": 258534.43058994864,
    "220": 441411.7893279608,
    "221": 159365.73061766214,
    "222": 52181.811209211715,
    "223": 249935.36736034532,
    "224": 171564.27777357298,
    "225": 371326.77982033964,
    "226": 160642.2975703561,
    "227": 241648.4374127888,
    "228": 176598.80094860945,
    "229": 303571.2396432221,
    "230": 321145.33517698175,
    "231": 461157.29337751557,
    "232": 186879.6369464236,
    "233": 167202.98895737072,
    "234": 93384.02884235771,
    "235": 197520.61399359666,
    "236": 89989.32373111251,
    "237": 425600.94019507203,
    "238": 67115.78562538147,
    "239": 71896.42607866971,
    "240": 248203.1680847942,
    "241": 138176.517735339,
    "242": 488110.29002023855,
    "243": 210742.2445250218,
    "244": 459104.22456220275,
    "245": 283200.21425722085,
    "246": 287834.15872874315,
    "247": 44822.303295442856,
    "248": 438313.621547697,
    "249": 71815.1664722829,
    "250": 463882.2981004391,
    "251": 96069.00428079448,
    "252": 19504.576022213598,
    "253": 104973.87466485125,
    "254": 296828.4103571702,
    "255": 447681.7314140502,
    "256": 242836.12584404057,
    "257": 196188.50243212498,
    "258": 237814.68446196266,
    "259": 26679.98201757531,
    "260": 97439.73724585753,
    "261": 405520.13520978845,
    "262": 369103.123891761,
    "263": 66063.10383693413,
    "264": 483753.0489315018,
    "265": 296109.9439828687,
    "266": 523219.6396999636,