{
    "1": 568113.6370766179,
    "2": 290535.8392305127,
    "3": 181372.17919240697,
    "4": 276186.4160596287,
    "5": 209230.70195389306,
    "6": 513953.13736563455,
    "7": 187241.5643095014,
    "8": 46140.84164192436,
    "9": 147699.6084104251,
    "10": 156224.54162310774,
    "11": 84348.25308899437,
    "12": 238874.58010751405,
    "13": 527203.2806313472,
    "14": 300331.92567297537,
    "15": 121475.65333373261,
    "16": 401559.8119553985,
    "17": 290111.78440427314,
    "18": 154623.07811563447,
    "19": 881898.4135490583,
    "20": 197518.3916099965,
    "21": 28137.767636239212,
    "22": 79078.92882096388,
    "23": 379574.7690879152,
    "24": 187147.29020627163,
    "25": 224172.73036822514,
    "26": 118517.31310685287,
    "27": 75915.33519856197,
    "28": 206077.1790530453,
    "29": 407125.6004058961,
    "30": 76371.58103289081,
    "31": 104421.73508060811,
    "32": 110205.83644865133,
    "33": 77124.61923115976,
    "34": 136573.14628314093,
    "35": 376344.0306162467,
    "36": 81387.97472184493,
    "37": 35309.52318658673,
    "38": 38475.99549706645,
    "39": 501279.032204916,
    "40": 115431.94553548537,
    "41": 136341.13553874337,
    "42": 149202.31984297917,
    "43": 454341.43133976974,
    "44": 171626.6936201394,
    "45": 355048.2058507998,
    "46": 358774.1085399321,
    "47": 33377.60629750324,
    "48": 123769.07482329836,
    "49": 482534.1625473423,
    "50": 127771.23595763533,
    "51": 106564.64968548548,
    "52": 146954.60938636668,
    "53": 177680.63559446004,
    "54": 79423.7673792619,
    "55": 189101.1944359798,
    "56": 138910.44708529173,
    "57": 84674.89985553779,
    "58": 55380.1198005278,
    "59": 166934.35351661564,
    "60": 226345.51291053765,
    "61": 336870.91450301156,
    "62": 207790.30299721047,
    "63": 109074.32691217054,
    "64": 72201.09121136312,
    "65": 273317.7337431635,
    "66": 186346.98051374595,
    "67": 79032.51517713121,
    "68": 89200.41234640322,
    "69": 47403.50508251711,
    "70": 31269.669342014946,
    "71": 409501.54991957976,
    "72": 393893.9310451705,
    "73": 57707.07431597812,
    "74": 184220.82946081375,
    "75": 63758.137543876226,
    "76": 71754.561423922,
    "77": 115955.37328277479,
    "78": 195106.31850419822,
    "79": 249414.4123654817,
    "80": 129986.15049017432,
    "81": 479340.99614292907,
    "82": 50119.641319527575,
    "83": 355318.30816205574,
    "84": 431415.9703076537,
    "85": 536168.0894530067,
    "86": 42883.554680841,
    "87": 261995.28693932327,
    "88": 207454.82975875743,
    "89": 61184.761007979134,
    "90": 401280.452904927,
    "91": 240474.68218584236,
    "92": 240949.65523080906,
    "93": 238375.8367990477,
    "94": 492745.98191305425,
    "95": 245280.24602012956,
    "96": 162139.9989111789,
    "97": 189457.88323604033,
    "98": 25214.417393664233,
    "99": 1006144.2925257,
    "100": 448475.2955826503,
    "101": 107743.6473718349,
    "102": 268118.0862515487,
    "103": 51128.70595009137,
    "104": 77430.37880709334,
    "105": 183784.06313463248,
    "106": 341954.7349023556,
    "107": 320938.29831671633,
    "108": 166559.17721851164,
    "109": 401103.5017364323,
    "110": 279997.5398427243,
    "111": 131573.0456242966,
    "112": 384672.7815218404,
    "113": 300164.22520496155,
    "114": 205223.86438927506,
    "115": 55993.428859223626,
    "116": 81377.2900649249,
    "117": 153540.7958378251,
    "118": 301242.8422053247,
    "119": 25267.39007202414,
    "120": 197217.35381191593,
    "121": 250661.67923482147,
    "122": 107596.74876801572,
    "123": 206469.51387390896,
    "124": 362641.7932480627,
    "125": 318734.2529369089,
    "126": 60542.03127555438,
    "127": 415663.9357544175,
    "128": 203199.84122730172,
    "129": 105268.96371762412,
    "130": 381437.63273375283,
    "131": 319233.33283104014,
    "132": 157356.70919248526,
    "133": 101179.05571549729,
    "134": 645311.7349593791,
    "135": 162319.7871868628,
    "136": 244340.1229342595,
    "137": 190160.31431792554,
    "138": 186420.28372304325,
    "139": 378517.2693383503,
    "140": 388150.8084945818,
    "141": 287854.3285052655,
    "142": 322064.26138686686,
    "143": 633366.2562734666,
    "144": 125774.30397209155,
    "145": 161611.63661812482,
    "146": 105750.29533930935,
    "147": 362122.21177670185,
    "148": 87621.84168250016,
    "149": 267073.3993698512,
    "150": 179685.9503080111,
    "151": 356373.9288393552,
    "152": 321291.70718610584,
    "153": 22331.04162243913,
    "154": 139689.64425535727,
    "155": 237463.17119226168,
    "156": 108496.53246672812,
    "157": 224112.44653878317,
    "158": 89335.9754991076,
    "159": 203065.56083359726,
    "160": 66471.50198152893,
    "161": 481747.1813555187,
    "162": 393613.44375549274,
    "163": 206077.45988752512,
    "164": 385676.3273174451,
    "165": 155184.81817070328,
    "166": 407185.4935469037,
    "167": 142966.68767638938,
    "168": 324744.16357350536,
    "169": 113503.24604866373,
    "170": 213406.5078204964,
    "171": 91480.39786784729,
    "172": 246961.3154949097,
    "173": 335884.70513238735,
    "174": 385557.27095582447,
    "175": 128028.84615277323,
    "176": 109053.50148527912,
    "177": 579315.9426746459,
    "178": 477374.55795526726,
    "179": 80142.24417602344,
    "180": 304360.9261778918,
    "181": 155884.30528250668,
    "182": 377367.8396729199,
    "183": 258536.9484781033,
    "184": 238419.95624294365,
    "185": 132133.7560830153,
    "186": 71716.59727113834,
    "187": 69607.06887304556,
    "188": 280000.9463833973,
    "189": 128826.08052284583,
    "190": 120100.16660000183,
    "191": 98892.76674589574,
    "192": 292265.19272067345,
    "193": 181578.4058567227,
    "194": 11209.232980313132,
    "195": 320514.70915075584,
    "196": 58205.794563978336,
    "197": 176267.34902569893,
    "198": 593210.6992306618,
    "199": 173731.64513749865,
    "200": 56513.21678139604,
    "201": 94028.23366468007,
    "202": 542420.296896372,
    "203": 164388.21308309064,
    "204": 226430.63862716794,
    "205": 100670.99465395488,
    "206": 260437.36434860076,
    "207": 164696.84208837178,
    "208": 414997.1754917967,
    "209": 155568.23924615933,
    "210": 48565.034464300654,
    "211": 216301.4733354469,
    "212": 532888.6220305396,
    "213": 96932.20884736875,
    "214": 168670.3722292686,
    "215": 131527.06848684605,
    "216": 127969.52931618146,
    "217": 118076.17808549188,
    "218": 523560.36326814664,
    "219": 245564.25118696716,
    "220": 122952.08746812909,
    "221": 49375.06716014835,
    "222": 186236.83236881322,
    "223": 141981.17133005182,
    "224": 82890.26130223245,
    "225": 76616.5903204145,
    "226": 155594.12343087947,
    "227": 41842.312828297436,
    "228": 115389.88399147365,
    "229": 796254.1449879318,
    "230": 456090.62821865204,
    "231": 188165.0934203179,
    "232": 58765.95319400385,
    "233": 238789.66206090944,
    "234": 133628.2028829541,
    "235": 237978.8343545256,
    "236": 25788.393079648606,
    "237": 197814.38466689968,
    "238": 254168.87685278157,
    "239": 403399.05537879176,
    "240": 447715.76829412766,
    "241": 167260.14488094565,
    "242": 113020.40478595281,
    "243": 46771.71846507824,
    "244": 228159.30895338056,
    "245": 199873.1301848971,
    "246": 63533.716624000095,
    "247": 34771.71240670977,
    "248": 25135.59466391276,
    "249": 312454.91896750295,
    "250": 412982.45827843546,
    "251": 239597.48699362457,
    "252": 170083.91499269125,
    "253": 218650.0039545858,
    "254": 283130.3352635634,
    "255": 207601.37102003905,
    "256": 771012.7517108341,
    "257": 83191.3235136105,
    "258": 101238.07482010346,
    "259": 238655.65868941258,
    "260": 134172.74908699552,
    "261": 33996.335262262626,
    "262": 291580.77807548706,
    "263": 157487.9202417926,
    "264": 343487.35401058616,
    "265": 143242.67305186027,