obj,time,mip_gap
348584.26639567956,0.0014503000000001265,
