obj,time,mip_gap
317760.808483251,0.0019393999999994804,
