obj,time,mip_gap
312345.4223172839,0.0016194999999985527,
