obj,time,mip_gap
288836.9875519823,0.0014134999999999565,
