obj,time,mip_gap
239797.34862977703,0.001257100000000122,
