obj,time,mip_gap
256495.01101464534,0.001953999999999567,
