obj,time,mip_gap
271552.7879190852,0.0015935999999996397,
