obj,time,mip_gap
288542.23057988216,0.0013230000000010733,
