obj,time,mip_gap
288766.1530589396,0.002046400000001114,
