obj,time,mip_gap
337891.60800238687,0.002002799999999638,
