obj,time,mip_gap
292545.8700078712,0.9003811999999982,0.0
