obj,time,mip_gap
343311.883669078,0.9545871000000048,0.017297249742350203
