obj,time,mip_gap
328938.91239726986,0.9875041999999965,0.0
