obj,time,mip_gap
378063.0419554007,0.9441512999999944,0.01954412633516852
