order,from type,to type,upgrade amount
1,1,2,1.0000000000000429
2,1,2,9.0
3,1,2,8.99999999999996
4,1,2,0.0
5,1,2,0.0
