obj,time,mip_gap
428731.0092132924,0.932122899999996,0.007606289964425327
