obj,time,mip_gap
325748.76878206985,1.0185362999999938,0.02050050631515817
