obj,time,mip_gap
249902.95318013566,0.8328444000000133,0.018563194285187375
