obj,time,mip_gap
420669.48267010803,0.9747801999999979,4.151073228131996e-16
