obj,time,mip_gap
429176.5664617205,0.9472328999999888,0.0
