obj,time,mip_gap
310955.7116455336,1.015211100000002,0.029593025370230945
