obj,time,mip_gap
515178.4772232062,0.0014878999999998754,
