obj,time,mip_gap
382565.5617000885,0.0015713000000001642,
