obj,time,mip_gap
419752.40286984475,0.0018150999999999584,
