obj,time,mip_gap
514155.8841951362,0.0011478999999994244,
