obj,time,mip_gap
434540.47918593016,0.0012030000000002872,
