obj,time,mip_gap
2454916.33627493,0.010251400000000022,
