obj,time,mip_gap
2968964.555072951,0.010201799999999928,
