obj,time,mip_gap
2673984.686095191,0.014015599999999573,
