obj,time,mip_gap
2343721.7942873393,0.017732699999999824,
