obj,time,mip_gap
2718027.756092036,0.022352900000000453,
