{
    "1": 48353.46122584256,
    "2": 29620.271409028497,
    "3": 150414.91575429618,
    "4": 138547.96638221273,
    "5": 74001.09687560084,
    "6": 107701.45977939318,
    "7": 225699.49442308664,
    "8": 338258.1344872395,
    "9": 198068.8501553293,
    "10": 116169.98890892135,
    "11": 67066.35590076141,
    "12": 409801.1654746036,
    "13": 137475.04686336115,
    "14": 88667.44140177866,
    "15": 195840.75136100905,
    "16": 92015.515878678,
    "17": 346206.49290287046,
    "18": 53087.89123794325,
    "19": 36266.971198101906,
    "20": 9039.409003914794,
    "21": 73083.08444033217,
    "22": 43659.89600466937,
    "23": 141434.37597427852,
    "24": 33269.79827658281,
    "25": 40707.13543369599,
    "26": 118753.4225311218,
    "27": 179214.72010577927,
    "28": 62939.4566712681,
    "29": 282899.0004208398,
    "30": 91976.88441871821,
    "31": 97787.7728066816,
    "32": 110035.4042917236,
    "33": 34389.2824614755,
    "34": 174941.6041373141,
    "35": 255491.99857488714,
    "36": 82381.04248963941,
    "37": 84665.22224055532,
    "38": 143720.99621200725,
    "39": 34151.97132420559,
    "40": 180716.84429510892,
    "41": 357547.9637813694,
    "42": 75450.70602199441,
    "43": 210087.46332342678,
    "44": 246226.1112225861,
    "45": 178544.86272476116,
    "46": 69424.75607598736,
    "47": 17877.172885302796,
    "48": 100660.12232902876,
    "49": 67741.03955963116,
    "50": 113126.20193970329,
    "51": 244752.66202662417,
    "52": 73780.6690561394,
    "53": 93968.51149598024,
    "54": 58995.1744131562,
    "55": 88327.13209117603,
    "56": 74609.20187956144,
    "57": 141393.6327260277,
    "58": 165536.48747716696,
    "59": 19585.278375488935,
    "60": 376973.8317586102,
    "61": 91826.32421942668,
    "62": 97971.06335795249,
    "63": 35095.352267255716,
    "64": 321472.9885289036,
    "65": 207913.2382065561,
    "66": 43299.35046993828,
    "67": 41526.2180042858,
    "68": 129868.79457583137,
    "69": 104652.85416382068,
    "70": 121221.57094826721,
    "71": 58535.010295509666,
    "72": 22219.953816841728,
    "73": 116189.1133406945,
    "74": 48638.49352768604,
    "75": 21199.388112552246,
    "76": 36134.58269957461,
    "77": 75984.25557519255,
    "78": 74669.67959206626,
    "79": 51257.89939664785,
    "80": 89188.85935265983,
    "81": 90904.43594576613,
    "82": 24352.475528617775,
    "83": 219378.53186603304,
    "84": 183554.8353368783,
    "85": 322626.53603225475,
    "86": 67777.89427746303,
    "87": 460074.0256931695,
    "88": 56487.73762942591,
    "89": 261150.62519890047,
    "90": 305123.6144046781,
    "91": 15186.64481088576,
    "92": 101965.73509508802,
    "93": 559560.2794395153,
    "94": 134982.67940555842,
    "95": 20880.821153290508,
    "96": 135310.67455004834,
    "97": 37376.744360889395,
    "98": 56971.89286954548,
    "99": 211501.7391081215,
    "100": 62979.02585592676,
    "101": 186516.78993211704,
    "102": 492854.57878077927,
    "103": 144340.3361815649,
    "104": 76177.88380635633,
    "105": 79339.9999714621,
    "106": 113673.53269537116,
    "107": 104932.30337949653,
    "108": 71439.99919772799,
    "109": 224843.92084155366,
    "110": 107525.28905283015,
    "111": 223606.64419091615,
    "112": 177584.94409984295,
    "113": 56554.58070392756,
    "114": 86375.1599194927,
    "115": 262133.51544853084,
    "116": 13031.051150136134,
    "117": 115674.1296880387,
    "118": 31333.829600442063,
    "119": 131296.53875410144,
    "120": 466216.046298372,
    "121": 122802.30988371352,
    "122": 200251.24753812357,
    "123": 117462.80010590525,
    "124": 66920.23801429878,
    "125": 36293.85581409181,
    "126": 16835.03766590309,
    "127": 145276.05051201614,
    "128": 27617.968117124456,
    "129": 59860.36892003271,
    "130": 153872.2505026127,
    "131": 120612.68522116423,
    "132": 39503.92652381831,
    "133": 49370.65531185195,
    "134": 429693.66231559165,
    "135": 139431.18948361953,
    "136": 110816.60113397999,
    "137": 120073.03645388625,
    "138": 57989.655717157635,
    "139": 79825.26737297914,
    "140": 35199.84705906311,
    "141": 87935.89947411629,
    "142": 219396.6654329498,
    "143": 44317.999144339214,
    "144": 88708.72813454956,
    "145": 93142.67962698442,
    "146": 42868.267937317025,
    "147": 92441.90688455291,
    "148": 47643.6278779064,
    "149": 21532.800963720656,
    "150": 295032.16555476305,
    "151": 78638.28464482525,
    "152": 64567.691863645014,
    "153": 37816.03449859254,
    "154": 190384.89531081822,
    "155": 160703.43873841368,
    "156": 192051.65024952654,
    "157": 149904.94298805442,
    "158": 93077.79427207401,
    "159": 58369.174125057725,
    "160": 272270.4407673958,
    "161": 46171.56993940025,
    "162": 37014.04478091236,
    "163": 55471.34469162194,
    "164": 86936.2283360546,
    "165": 64814.09222600041,
    "166": 35403.3210259906,
    "167": 151717.953753841,
    "168": 238704.17500222445,
    "169": 94763.3611601672,
    "170": 59450.89503237206,
    "171": 244179.7759999666,
    "172": 161199.9367411676,
    "173": 32822.51608522564,
    "174": 94595.78584648724,
    "175": 82793.82918851233,
    "176": 23181.500144081896,
    "177": 66506.9882612168,
    "178": 118977.15586622182,
    "179": 58685.88618459012,
    "180": 209947.20576350766,
    "181": 172895.78829057695,
    "182": 153235.688989441,
    "183": 152788.1935303951,
    "184": 38065.617387666294,
    "185": 98091.3350799745,
    "186": 460246.53674524225,
    "187": 42436.40716825522,
    "188": 123500.50579073158,
    "189": 454328.7679405902,
    "190": 161739.69785062148,
    "191": 208124.96194049614,
    "192": 186861.82217184562,
    "193": 64834.2082460344,
    "194": 23698.690165055625,
    "195": 351558.70291742025,
    "196": 205117.64301259338,
    "197": 60261.531750787624,
    "198": 181711.89744624752,
    "199": 73064.76214994039,
    "200": 213399.8167374003,
    "201": 105392.46565439344,
    "202": 58839.07144232373,
    "203": 271844.3194533817,
    "204": 47409.90535136715,
    "205": 75172.1886134992,
    "206": 228606.43606199432,
    "207": 62641.34974053729,
    "208": 260561.32372545573,
    "209": 34750.66933762723,
    "210": 14755.114242578658,
    "211": 379988.96834163927,
    "212": 41788.29223760328,
    "213": 243318.1263379512,
    "214": 68670.4033185568,
    "215": 73862.87932868536,
    "216": 113652.80992580972,
    "217": 197746.055179228,
    "218": 170226.0406270883,
    "219": 18364.683404473257,
    "220": 140781.64394963003,
    "221": 83266.77259276368,
    "222": 23136.224192759742,
    "223": 69120.06610761702,
    "224": 230471.26384784933,
    "225": 81552.09712089242,
    "226": 102707.09022121223,
    "227": 169570.61826129034,
    "228": 154135.16776412987,
    "229": 99593.30727541716,
    "230": 158121.7437817474,
    "231": 48588.03492218863,
    "232": 68585.00126582247,
    "233": 202678.57349721793,
    "234": 89055.92230318923,
    "235": 36805.44850775726,
    "236": 68452.83049687458,
    "237": 176613.95801051243,
    "238": 29002.36910378384,
    "239": 25831.252464789086,
    "240": 374479.2093202389,
    "241": 77823.22256217156,
    "242": 61986.45771841698,
    "243": 106108.1413659142,
    "244": 596455.6019960237,
    "245": 100360.86259554024,
    "246": 52158.66588435382,
    "247": 90926.14847313917,
    "248": 54251.0616204411,
    "249": 131738.1352642042,
    "250": 85113.7203700758,
    "251": 193396.14008004393,
    "252": 49578.04861219835,
    "253": 26402.506897805528,
    "254": 34067.99585321789,
    "255": 32635.90787181349,
    "256": 137685.86374597726,
    "257": 36202.23225302649,
    "258": 151998.88224361546,
    "259": 220369.49537327027,
    "260": 52112.02053338646,
    "261": 166545.0604667408,
    "262": 90151.78226879064,
    "263": 75662.13941177666,
    "264": 206144.0057200238,
    "265": 62500.274035984294,
    "266": 42322.949690446854,
    "267": 136728.84416856305,