{
    "1": 211310.5286231126,
    "2": 164722.59919044815,
    "3": 149925.08676561477,
    "4": 294279.5167598324,
    "5": 125167.88013492349,
    "6": 53340.59566820555,
    "7": 243426.36363780856,
    "8": 18078.962085605945,
    "9": 73805.91071969553,
    "10": 151622.44906881082,
    "11": 153346.37237796336,
    "12": 111349.10347041959,
    "13": 165483.78963802668,
    "14": 103777.16637049243,
    "15": 80608.12139695897,
    "16": 51867.39173111652,
    "17": 115475.34050587165,
    "18": 26317.328160973975,
    "19": 91172.52951793822,
    "20": 179558.10954395722,
    "21": 13957.724432781935,
    "22": 41263.383884210576,
    "23": 68460.6569522755,
    "24": 228753.4392146556,
    "25": 165514.89222723653,
    "26": 43439.60713752954,
    "27": 19765.19374234741,
    "28": 146698.0793112247,
    "29": 254803.67451595474,
    "30": 319619.14837969287,
    "31": 22774.86290031508,
    "32": 39683.25419170227,
    "33": 224603.69126759446,
    "34": 104625.67333431331,
    "35": 13681.98128372225,
    "36": 309154.2093259555,
    "37": 63719.75067319845,
    "38": 130414.32746602847,
    "39": 140793.259368896,
    "40": 80781.57106066101,
    "41": 304310.3498559221,
    "42": 84696.5087643018,
    "43": 60491.6391339037,
    "44": 340990.980245296,
    "45": 118979.7113385386,
    "46": 96749.31696506492,
    "47": 294372.7504313704,
    "48": 116677.82610762474,
    "49": 77520.34201392686,
    "50": 48360.60703523133,
    "51": 26183.711262044817,
    "52": 94381.10062613052,
    "53": 106982.68231088106,
    "54": 37166.48441187812,
    "55": 34720.095901388515,
    "56": 100605.26742785297,
    "57": 130483.4720627551,
    "58": 580588.9032450886,
    "59": 191015.0890645257,
    "60": 279842.1143431174,
    "61": 168804.74590456233,
    "62": 24635.24408293438,
    "63": 162581.18240117867,
    "64": 51535.63081174105,
    "65": 42071.02027356002,
    "66": 56525.58053581317,
    "67": 88470.17957448115,
    "68": 26344.002315248184,
    "69": 48127.47862234551,
    "70": 78980.19393640127,
    "71": 151719.79640447666,
    "72": 130843.03535840748,
    "73": 497337.89520880167,
    "74": 107737.39959771236,
    "75": 254902.667642297,
    "76": 45315.24613167814,
    "77": 68322.28358373004,
    "78": 193891.23658701417,
    "79": 113985.98451377435,
    "80": 51995.212691636414,
    "81": 56501.88919261562,
    "82": 129726.07800357745,
    "83": 84745.3805664636,
    "84": 211206.66368502626,
    "85": 60672.05603133034,
    "86": 135944.6308126997,
    "87": 108981.24527184716,
    "88": 140054.3968950002,
    "89": 281861.6594112814,
    "90": 115070.0612951536,
    "91": 371711.06869065395,
    "92": 44194.999431399374,
    "93": 41505.05584661367,
    "94": 144058.43320130114,
    "95": 26221.518337777597,
    "96": 47130.35108153698,
    "97": 31766.935638887055,
    "98": 168048.05855884307,
    "99": 212547.2779096004,
    "100": 44959.882801542946,
    "101": 417690.291984533,
    "102": 181981.87666352445,
    "103": 25219.85831695997,
    "104": 46997.949716564704,
    "105": 121231.4870438921,
    "106": 153778.59570331985,
    "107": 119191.78479379727,
    "108": 49524.071958509456,
    "109": 60363.500996646144,
    "110": 36067.53179957711,
    "111": 94224.83929097309,
    "112": 142081.99115073914,
    "113": 129713.16944306686,
    "114": 151240.43870025073,
    "115": 105800.91715073414,
    "116": 137686.61312986558,
    "117": 51814.36166236835,
    "118": 133335.97852360722,
    "119": 217573.29729136027,
    "120": 23646.253321185337,
    "121": 143149.11140416426,
    "122": 74435.46532912581,
    "123": 39614.32104736324,
    "124": 232585.6760264217,
    "125": 80170.12109957522,
    "126": 78538.6283413888,
    "127": 12262.117083474823,
    "128": 147794.14084709558,
    "129": 98226.72477860343,
    "130": 129209.22465807977,
    "131": 123056.00291510602,
    "132": 50968.72432030104,
    "133": 34346.456096924616,
    "134": 28952.99424906715,
    "135": 53704.723055545226,
    "136": 217352.26650525746,
    "137": 24092.33617595742,
    "138": 191566.31710328223,
    "139": 126418.47930502429,
    "140": 44643.64020348314,
    "141": 230934.41273059128,
    "142": 191747.5667042697,
    "143": 162610.56488146746,
    "144": 76589.73757830163,
    "145": 117303.91007042414,
    "146": 29553.18202673126,
    "147": 32497.583003279884,
    "148": 557270.3827725366,
    "149": 47171.176633013,
    "150": 76354.65228269492,
    "151": 74091.14354324997,
    "152": 195466.89593458798,
    "153": 163500.34368718037,
    "154": 79025.21092286879,
    "155": 166117.700722758,
    "156": 60114.700814962605,
    "157": 91953.18599037584,
    "158": 173087.49822083584,
    "159": 213754.00342185624,
    "160": 64899.16037267131,
    "161": 25612.685670861418,
    "162": 99359.40078820521,
    "163": 80642.49296811387,
    "164": 33222.45930018756,
    "165": 28981.42574960543,
    "166": 299217.2369177244,
    "167": 270594.62126149936,
    "168": 67770.15172176185,
    "169": 101289.55059597893,
    "170": 11336.47457889729,
    "171": 70229.74594058731,
    "172": 32805.41087542037,
    "173": 84643.89674169468,
    "174": 66909.23233879748,
    "175": 243989.23699292383,
    "176": 114494.45075719284,
    "177": 34503.79593026372,
    "178": 105648.2420850798,
    "179": 82970.53399382252,
    "180": 106566.90419365044,
    "181": 128497.79142133762,
    "182": 33452.101000075716,
    "183": 46409.06402112549,
    "184": 61951.957195166215,
    "185": 271880.5814342392,
    "186": 90828.27130108543,
    "187": 140901.21558323808,
    "188": 31112.102996313675,
    "189": 47652.78440083695,
    "190": 210849.7415594159,
    "191": 183691.25652491147,
    "192": 327493.1746210142,
    "193": 63684.68553094536,
    "194": 141356.8264092505,
    "195": 209863.98020669524,
    "196": 212875.22458778252,
    "197": 173405.6877678098,
    "198": 27831.934522829968,
    "199": 122716.25578214064,
    "200": 133035.3398350406,
    "201": 56983.829173835686,
    "202": 26280.39342870571,
    "203": 99240.1147443247,
    "204": 155294.33685701535,
    "205": 126687.46431678976,
    "206": 47368.20704849748,
    "207": 113478.99739445641,
    "208": 259336.62725137747,
    "209": 69311.4661920916,
    "210": 135858.45499245852,
    "211": 290108.34804882645,
    "212": 47212.452249153925,
    "213": 166407.9195201095,
    "214": 24184.944555604303,
    "215": 233335.96055181028,
    "216": 65482.87905782184,
    "217": 182994.69273094743,
    "218": 298263.8892272178,
    "219": 58778.301920303886,
    "220": 30406.81773932362,
    "221": 204123.89235234598,
    "222": 90117.11479176645,
    "223": 14951.406475601087,
    "224": 166012.46311255576,
    "225": 45807.591753431996,
    "226": 45572.98265291206,
    "227": 96903.1418456047,
    "228": 116803.81686518219,
    "229": 47451.70575844485,
    "230": 31731.31247001225,
    "231": 17838.305289621385,
    "232": 57025.03378503064,
    "233": 68346.01608133042,
    "234": 231245.4094400745,
    "235": 11786.176134921772,
    "236": 101386.58319739217,
    "237": 69645.24391376047,
    "238": 188336.46837944054,
    "239": 15608.509109719258,
    "240": 100412.94738020941,
    "241": 185545.7395391488,
    "242": 169002.09593748112,
    "243": 273994.68245887314,
    "244": 177651.71377857088,
    "245": 206643.33891001067,
    "246": 635348.3235521085,
    "247": 90551.2671989766,
    "248": 41932.598565832515,
    "249": 285177.5944633349,
    "250": 221675.91939926063,
    "251": 22623.534104914783,
    "252": 156497.3032064109,
    "253": 315453.86728121643,
    "254": 79283.22831559456,
    "255": 158893.4024469425,
    "256": 61818.732410918245,
    "257": 131082.7319150354,
    "258": 86255.14902609466,
    "259": 67149.20475306128,
    "260": 150251.93545131202,
    "261": 291027.55887006887,
    "262": 211516.62938021644,
    "263": 234406.97262145503,
    "264": 85665.78725252466,
    "265": 87634.62289920001,
    "266": 54229.17899027183,