{
    "1": 33204.620280448464,
    "2": 22757.607379791843,
    "3": 354947.0044586768,
    "4": 43988.611351062485,
    "5": 304663.7976998463,
    "6": 255651.15546886768,
    "7": 93863.09000743266,
    "8": 113225.85861350887,
    "9": 131319.9661242066,
    "10": 111740.05009030647,
    "11": 53087.69089153536,
    "12": 261193.62968344343,
    "13": 262684.673970539,
    "14": 48542.99302485979,
    "15": 192921.3912162388,
    "16": 86390.61508059312,
    "17": 76839.60968795078,
    "18": 195337.38977624904,
    "19": 101467.0848893333,
    "20": 210290.16008903508,
    "21": 205075.69939001277,
    "22": 164544.47641156497,
    "23": 146773.71249076235,
    "24": 25665.481562580222,
    "25": 121035.49325597908,
    "26": 140136.48371742642,
    "27": 33203.96518689219,
    "28": 127316.37875988941,
    "29": 43957.90386763375,
    "30": 103688.70195077422,
    "31": 78106.88468633096,
    "32": 362364.42168655724,
    "33": 20926.45708204591,
    "34": 76190.15944391896,
    "35": 13501.822723594061,
    "36": 193002.964070485,
    "37": 24837.975251436088,
    "38": 271170.3672981514,
    "39": 481793.37248306745,
    "40": 109980.85215893362,
    "41": 143448.9343138448,
    "42": 34982.30677482047,
    "43": 347642.1948693271,
    "44": 90928.23751642652,
    "45": 96369.50943557566,
    "46": 176712.13041361727,
    "47": 134024.77870351865,
    "48": 43791.980953861224,
    "49": 184465.47377181565,
    "50": 167041.35999777276,
    "51": 41516.37253371751,
    "52": 100838.53093050265,
    "53": 16213.388008866796,
    "54": 45086.24971936473,
    "55": 295677.7528053944,
    "56": 89522.70425361214,
    "57": 250714.5725066298,
    "58": 145240.38429459106,
    "59": 166882.75055454078,
    "60": 259030.00036340754,
    "61": 218276.6400721916,
    "62": 116397.92923899682,
    "63": 398545.17041952495,
    "64": 169689.38091335463,
    "65": 64883.750590209514,
    "66": 176378.70522137347,
    "67": 58482.34379911598,
    "68": 442804.6115674886,
    "69": 128445.59994392742,
    "70": 180786.07439052503,
    "71": 228508.94173873684,
    "72": 19714.468778703154,
    "73": 29352.775367255443,
    "74": 37956.192361259054,
    "75": 48115.6031468324,
    "76": 177011.93047281104,
    "77": 174032.902329478,
    "78": 281272.34497423,
    "79": 59388.34474402669,
    "80": 185083.1382568672,
    "81": 72054.03719903619,
    "82": 83647.85232431108,
    "83": 108227.89270167686,
    "84": 180370.27537363034,
    "85": 126448.20626167474,
    "86": 389231.8240110062,
    "87": 77280.20662336491,
    "88": 358582.08535657095,
    "89": 390461.8172574091,
    "90": 55227.939690899715,
    "91": 106927.32183145867,
    "92": 23377.757873046285,
    "93": 54001.75980575774,
    "94": 38468.62764749399,
    "95": 32289.03766279784,
    "96": 157235.9774069393,
    "97": 20871.305006983504,
    "98": 154123.4592451525,
    "99": 136680.9692912156,
    "100": 112444.72518964656,
    "101": 201688.15026931043,
    "102": 269614.88279794244,
    "103": 35535.71482536728,
    "104": 43804.91078998894,
    "105": 81519.51030052936,
    "106": 130799.86618870574,
    "107": 79427.90284353176,
    "108": 135727.36725651423,
    "109": 288447.8860407187,
    "110": 49366.973415105276,
    "111": 108319.76951883023,
    "112": 17730.06564814328,
    "113": 116147.21047067738,
    "114": 262851.9235835531,
    "115": 244562.21661327386,
    "116": 129048.06075297289,
    "117": 37914.78710136786,
    "118": 73839.63560418232,
    "119": 288541.86295983964,
    "120": 346295.3435040176,
    "121": 76485.98883394642,
    "122": 99331.19848779408,
    "123": 102800.29403001616,
    "124": 87341.06062421363,
    "125": 100553.64338384217,
    "126": 31538.47531510625,
    "127": 49046.59080301245,
    "128": 144325.9383059189,
    "129": 56859.152523881436,
    "130": 74625.04731630924,
    "131": 47027.77859621054,
    "132": 95690.26290531384,
    "133": 63476.5343511,
    "134": 54024.93211195863,
    "135": 214095.23197945618,
    "136": 31759.494786018895,
    "137": 136734.21060557247,
    "138": 172239.55368824664,
    "139": 83094.53110961965,
    "140": 95957.92427899965,
    "141": 229725.5831193412,
    "142": 100066.07591835772,
    "143": 27913.34744066981,
    "144": 67766.23668908198,
    "145": 111270.7220610663,
    "146": 44817.27370030741,
    "147": 346089.40400307474,
    "148": 394522.10487318505,
    "149": 27985.999328488782,
    "150": 72730.21264578128,
    "151": 46922.59287832245,
    "152": 197947.03301346322,
    "153": 112982.99027089233,
    "154": 76619.91299303934,
    "155": 191033.39174739883,
    "156": 89847.2627379865,
    "157": 131006.22132373122,
    "158": 176118.02857993942,
    "159": 40490.32488211559,
    "160": 239411.3821883726,
    "161": 83745.73082217855,
    "162": 39630.89981941197,
    "163": 9150.408212490202,
    "164": 45789.23620126634,
    "165": 118934.77960702122,
    "166": 266451.42779954104,
    "167": 29909.140803971794,
    "168": 78883.79704120534,
    "169": 132057.6888472154,
    "170": 43687.63652183754,
    "171": 34332.0079865597,
    "172": 109851.35456693437,
    "173": 62704.07870646917,
    "174": 64055.902822023396,
    "175": 18231.198599674262,
    "176": 85172.8002808127,
    "177": 135732.96110365898,
    "178": 13684.324421145884,
    "179": 49983.38282625693,
    "180": 70697.55685015928,
    "181": 37096.614300117515,
    "182": 190796.7436045404,
    "183": 62969.76158422003,
    "184": 46784.66948122412,
    "185": 275835.96380338375,
    "186": 207172.03402947306,
    "187": 207987.97009482622,
    "188": 160906.9025530646,
    "189": 372869.89789825334,
    "190": 31614.5104555479,
    "191": 242895.4191601467,
    "192": 97628.59926320014,
    "193": 140666.33604755916,
    "194": 74987.69162070566,
    "195": 105562.78544983843,
    "196": 213823.34101048662,
    "197": 120327.93348151169,
    "198": 221762.82211345507,
    "199": 13229.762381284807,
    "200": 40857.26182699889,
    "201": 81370.87181383879,
    "202": 46342.24188196509,
    "203": 57538.78845909366,
    "204": 151832.13463284977,
    "205": 264223.7258081991,
    "206": 81069.58655086524,
    "207": 60022.81679270705,
    "208": 148825.6219655172,
    "209": 122594.8857360879,
    "210": 103447.9321456361,
    "211": 72397.2962410784,
    "212": 46407.41817570974,
    "213": 67355.1041912438,
    "214": 9330.491852244606,
    "215": 55573.47235602625,
    "216": 77586.87789383889,
    "217": 269696.97474985826,
    "218": 23605.875452348868,
    "219": 39607.46707489094,
    "220": 30965.51765698543,
    "221": 57329.14436497113,
    "222": 83745.08971417604,
    "223": 131229.5462985637,
    "224": 273769.61091486795,
    "225": 86895.88305211347,
    "226": 302243.21316505776,
    "227": 16694.57935348255,
    "228": 175995.12222546374,
    "229": 97375.17271009761,
    "230": 146447.77235771876,
    "231": 147736.02468728484,
    "232": 123002.44676526217,
    "233": 457306.72764487,
    "234": 158862.81236183972,
    "235": 253800.00012489324,
    "236": 45247.567001985895,
    "237": 79085.65592193049,
    "238": 115642.03121520922,
    "239": 335024.35680576216,
    "240": 93641.33163028369,
    "241": 93941.17135656778,
    "242": 181953.59052485356,
    "243": 86903.38205849672,
    "244": 51795.2195916532,
    "245": 188038.58941059775,
    "246": 42332.55065394341,
    "247": 188128.37668333427,
    "248": 50540.60535074457,
    "249": 83053.77758672781,
    "250": 20204.469555403048,
    "251": 165187.16934630543,
    "252": 79616.84900942908,
    "253": 210512.19969654697,
    "254": 158143.06798251584,
    "255": 17644.693695542097,
    "256": 46659.07282648793,
    "257": 25013.86827040115,
    "258": 89968.78632485121,
    "259": 35439.93273002779,
    "260": 137777.1862138193,
    "261": 29521.807829490303,
    "262": 168473.05986747384,
    "263": 161197.95577190287,
    "264": 142533.68026681172,
    "265": 245254.8022236675,
    "266": 35322.222947412956,