{
    "1": 95917.69140182482,
    "2": 104645.48414413948,
    "3": 114745.81512172977,
    "4": 48850.178728183484,
    "5": 159751.50171281176,
    "6": 155009.90174550065,
    "7": 16610.283608797934,
    "8": 67009.82288617641,
    "9": 62848.922341315185,
    "10": 186476.75681876222,
    "11": 94393.13845889368,
    "12": 30198.470710990237,
    "13": 203408.41723236357,
    "14": 475301.2557729327,
    "15": 135646.40698562967,
    "16": 203753.7800410557,
    "17": 173976.79329738446,
    "18": 236060.89448171758,
    "19": 35589.34361770881,
    "20": 130895.05206766324,
    "21": 95615.22943972972,
    "22": 144189.66500272098,
    "23": 237926.48881672684,
    "24": 72371.72901522055,
    "25": 51200.97404297368,
    "26": 53433.17578902146,
    "27": 316281.46345951024,
    "28": 143366.01045821814,
    "29": 57492.331502371555,
    "30": 55868.771181585194,
    "31": 292763.4713045836,
    "32": 102632.95929479162,
    "33": 55970.42391339387,
    "34": 121087.65746169785,
    "35": 62607.32879815823,
    "36": 358531.10317004815,
    "37": 20261.815275930094,
    "38": 29287.117636124654,
    "39": 80948.13664283944,
    "40": 161859.02650399352,
    "41": 88691.68456154958,
    "42": 84703.4120213288,
    "43": 322805.7990756748,
    "44": 32787.735662671104,
    "45": 73310.26823755224,
    "46": 24156.5287511761,
    "47": 255074.35493376927,
    "48": 46114.47431022888,
    "49": 42593.66503787088,
    "50": 25321.384157769153,
    "51": 102139.70032370028,
    "52": 85738.22134057191,
    "53": 252480.14085100952,
    "54": 76623.39437610462,
    "55": 57878.56362667416,
    "56": 109347.81178369427,
    "57": 19247.629202869382,
    "58": 118349.22922702879,
    "59": 158723.73298474395,
    "60": 161109.68633845585,
    "61": 29538.6968257008,
    "62": 56318.98389000577,
    "63": 148535.14442871345,
    "64": 62832.96399628501,
    "65": 43560.031862432705,
    "66": 34305.804570425054,
    "67": 84495.69817061527,
    "68": 414422.66345312813,
    "69": 97700.16017181372,
    "70": 60019.75932420847,
    "71": 93705.65625325845,
    "72": 19159.196862678273,
    "73": 62906.89070675847,
    "74": 310862.3132079798,
    "75": 48420.55823397543,
    "76": 42721.68431392838,
    "77": 265725.5178156183,
    "78": 94235.1094394575,
    "79": 244547.14572834023,
    "80": 389442.0703572475,
    "81": 155784.16013432533,
    "82": 18752.846303243616,
    "83": 73380.35391844169,
    "84": 59756.11427031748,
    "85": 60011.40795603634,
    "86": 15972.543953894885,
    "87": 73331.68869295105,
    "88": 215153.29580431152,
    "89": 102333.06238658435,
    "90": 20815.871825172442,
    "91": 184761.44456101107,
    "92": 514013.48002726573,
    "93": 29396.087778541805,
    "94": 49014.47687374797,
    "95": 58734.65303339032,
    "96": 78266.06012041126,
    "97": 35048.86577465177,
    "98": 83475.5418140271,
    "99": 215419.96534458757,
    "100": 115667.40846955075,
    "101": 47783.070066734654,
    "102": 99762.3633300026,
    "103": 55095.842233351716,
    "104": 330475.84300227155,
    "105": 268543.2820277587,
    "106": 62992.594131787126,
    "107": 32185.33110850847,
    "108": 196372.89705426985,
    "109": 61248.115740997564,
    "110": 144530.6093695203,
    "111": 171761.25256132032,
    "112": 65602.48758411777,
    "113": 33283.14478922639,
    "114": 72687.45719272022,
    "115": 136878.28934720447,
    "116": 59416.53829392481,
    "117": 79371.34411520018,
    "118": 55604.00831081942,
    "119": 52208.58928990642,
    "120": 102743.67673761355,
    "121": 114391.49058881323,
    "122": 143626.86871284439,
    "123": 167835.08469976005,
    "124": 22912.12578155036,
    "125": 112999.28275921116,
    "126": 93488.37286244868,
    "127": 83106.30257736173,
    "128": 65673.68102804988,
    "129": 90907.67072895888,
    "130": 114638.73279552023,
    "131": 273444.90918427124,
    "132": 44990.16643025516,
    "133": 15548.205367618682,
    "134": 87788.68616092537,
    "135": 268797.38939483475,
    "136": 114419.02996523905,
    "137": 308885.4785395866,
    "138": 210618.22300982467,
    "139": 222891.7065198645,
    "140": 56838.42655464007,
    "141": 113950.66970265056,
    "142": 18169.5248017608,
    "143": 348153.2765169884,
    "144": 95384.09817268321,
    "145": 78246.42461432029,
    "146": 82557.24575473597,
    "147": 198242.8240380349,
    "148": 49084.7128636551,
    "149": 61559.61641237683,
    "150": 49545.06667887534,
    "151": 59878.52196133311,
    "152": 247490.27941251974,
    "153": 315510.3511927596,
    "154": 106341.92109302658,
    "155": 241587.24828857722,
    "156": 28968.86718769013,
    "157": 183973.7009131449,
    "158": 104543.67954057101,
    "159": 59305.981692853224,
    "160": 267845.9166932442,
    "161": 137145.38917478698,
    "162": 17240.373163807304,
    "163": 12026.702282037755,
    "164": 230394.73158560722,
    "165": 92818.43847186455,
    "166": 235121.36358278693,
    "167": 18111.679060050734,
    "168": 162271.33985186898,
    "169": 45299.36342777193,
    "170": 56874.10465155588,
    "171": 81669.70319481572,
    "172": 30082.110998480734,
    "173": 131435.64316371578,
    "174": 194598.39336184523,
    "175": 27748.747220942267,
    "176": 105363.51175570331,
    "177": 55275.91770724062,
    "178": 204370.0941869209,
    "179": 37895.097226862505,
    "180": 224263.46209904982,
    "181": 83853.85771668227,
    "182": 43323.01916311498,
    "183": 60093.725717256566,
    "184": 55602.5567907609,
    "185": 59039.384527028415,
    "186": 166130.5436569451,
    "187": 278569.14650957537,
    "188": 133192.2941304914,
    "189": 51751.53550432983,
    "190": 165030.66690577715,
    "191": 62793.52481850624,
    "192": 172959.4222513725,
    "193": 97883.3753248984,
    "194": 106123.86154884502,
    "195": 281276.7772504284,
    "196": 190898.32302662477,
    "197": 129464.28807025932,
    "198": 90611.00572402583,
    "199": 90622.9575975102,
    "200": 81467.46680828433,
    "201": 216334.38690936676,
    "202": 186653.7617291673,
    "203": 15142.601246209733,
    "204": 162891.00452795182,
    "205": 268533.02581646515,
    "206": 143656.6083624149,
    "207": 50342.72766639711,
    "208": 112160.41287824894,
    "209": 203647.5778737648,
    "210": 169877.74847641907,
    "211": 165685.9843182739,
    "212": 90687.41189048131,
    "213": 57331.489350868556,
    "214": 117611.03403112254,
    "215": 98151.9627599679,
    "216": 166401.29757528738,
    "217": 292254.6878704563,
    "218": 161357.46419151773,
    "219": 138224.0009798818,
    "220": 65461.33558803227,
    "221": 69387.26314626989,
    "222": 218219.15907835963,
    "223": 211077.0174285107,
    "224": 205778.14178894478,
    "225": 230943.14111587053,
    "226": 49189.975705622215,
    "227": 122699.13856187643,
    "228": 48522.294298697445,
    "229": 36971.298080458844,
    "230": 174705.01611143813,
    "231": 394330.7702943478,
    "232": 111963.71259937534,
    "233": 111175.37470235514,
    "234": 102408.62285659705,
    "235": 58758.80777855253,
    "236": 192114.46745671664,
    "237": 132348.34667148557,
    "238": 59354.47528652481,
    "239": 71144.7640303312,
    "240": 270617.2535853776,
    "241": 90292.3896334621,
    "242": 61891.25537533522,
    "243": 177599.70885499142,
    "244": 49699.997896083165,
    "245": 64153.862168968226,
    "246": 113087.24984188403,
    "247": 179042.40756653043,
    "248": 52472.05608169501,
    "249": 149299.41329724982,
    "250": 284453.00209536956,
    "251": 383238.52790435444,
    "252": 345614.59970019804,
    "253": 218491.15419203223,
    "254": 117891.30114967427,
    "255": 85113.42034857273,
    "256": 94037.06800705573,
    "257": 253129.93257370533,
    "258": 393164.61507798475,
    "259": 28429.278309481306,
    "260": 268481.17818770895,
    "261": 168927.41612983518,
    "262": 90018.5928750938,
    "263": 74876.17683285163,
    "264": 15110.432747517601,
    "265": 225762.14175082734,
    "266": 66591.51885404167,