{
    "1": 121391.48335263862,
    "2": 19514.597594845196,
    "3": 104768.53886429669,
    "4": 16659.98579003375,
    "5": 226674.76877695933,
    "6": 114734.68089095909,
    "7": 63098.31619540125,
    "8": 101828.21264773392,
    "9": 119604.08818226866,
    "10": 144137.47823597485,
    "11": 176561.7651906635,
    "12": 158490.02523008274,
    "13": 91506.60328200713,
    "14": 64416.16625728673,
    "15": 71675.61650952509,
    "16": 185523.2500002679,
    "17": 188126.95053352485,
    "18": 283437.2271203682,
    "19": 33074.46808841996,
    "20": 78944.70619795137,
    "21": 40070.03188406733,
    "22": 72956.29258434444,
    "23": 130336.34818784571,
    "24": 31994.884637049392,
    "25": 69962.62971564669,
    "26": 33445.48550978236,
    "27": 45661.0243822888,
    "28": 41153.26641436971,
    "29": 43572.70116809141,
    "30": 156314.48765027407,
    "31": 246233.67598353728,
    "32": 230630.61118040117,
    "33": 180415.01600075996,
    "34": 290294.0471601354,
    "35": 107571.5603110592,
    "36": 8445.415283370601,
    "37": 38172.524599145865,
    "38": 79943.01322611546,
    "39": 135820.55453985525,
    "40": 74653.11551015326,
    "41": 71025.98711390718,
    "42": 138187.42696055435,
    "43": 191627.20046229722,
    "44": 77844.67758177704,
    "45": 75853.18727595209,
    "46": 127026.96622866802,
    "47": 181410.61785917947,
    "48": 48079.08788086763,
    "49": 221214.39527561347,
    "50": 84676.61958726846,
    "51": 44809.83952612179,
    "52": 152820.75370243352,
    "53": 46472.72699015048,
    "54": 266657.3522759404,
    "55": 49719.429048342914,
    "56": 219242.0202357002,
    "57": 71211.74759257122,
    "58": 25037.302428945728,
    "59": 191753.1442940305,
    "60": 223745.22726125462,
    "61": 143739.78238234913,
    "62": 223100.4890611987,
    "63": 43805.795720100534,
    "64": 162048.30791039602,
    "65": 95159.76239779752,
    "66": 271352.8962314456,
    "67": 39133.76069721453,
    "68": 158689.08381834708,
    "69": 100661.05394242918,
    "70": 96521.7448942984,
    "71": 89011.25765950957,
    "72": 128246.21953251012,
    "73": 61732.121445174955,
    "74": 41795.504738280266,
    "75": 138706.40736401753,
    "76": 122035.7271694993,
    "77": 120934.70523907212,
    "78": 134054.48500883658,
    "79": 31803.71768383825,
    "80": 213032.42271902322,
    "81": 304481.7083528354,
    "82": 170494.0408444324,
    "83": 20930.67597091759,
    "84": 109120.66016438992,
    "85": 92320.79207162606,
    "86": 207104.8806488577,
    "87": 348578.89611917187,
    "88": 90121.31588450656,
    "89": 234046.8711055778,
    "90": 203655.88121165795,
    "91": 142366.8025580233,
    "92": 43157.68256871709,
    "93": 119984.75787064979,
    "94": 165727.15231483008,
    "95": 12957.734442054563,
    "96": 41345.74521493989,
    "97": 49722.901059106596,
    "98": 230025.73665259348,
    "99": 30492.7815237142,
    "100": 46667.62685808104,
    "101": 47716.13457417416,
    "102": 243118.266927027,
    "103": 15369.717710610325,
    "104": 121213.63553048344,
    "105": 300851.054390547,
    "106": 58792.59694958553,
    "107": 177029.19998255183,
    "108": 37077.840137253355,
    "109": 62840.74929008385,
    "110": 242334.34977732517,
    "111": 289906.07558364514,
    "112": 28482.56217867506,
    "113": 29279.606936394925,
    "114": 236891.47758717724,
    "115": 142651.73497447258,
    "116": 57973.89102851468,
    "117": 123422.3572900026,
    "118": 236512.3385908775,
    "119": 399103.819175169,
    "120": 124121.69067394559,
    "121": 55811.27939692277,
    "122": 102141.31885313502,
    "123": 90443.76089604218,
    "124": 253819.85291930224,
    "125": 130434.90267291875,
    "126": 234357.77572377273,
    "127": 69930.20066067041,
    "128": 43299.5101882685,
    "129": 100935.82956422582,
    "130": 287284.4913748657,
    "131": 255368.90982335465,
    "132": 30986.414249920876,
    "133": 126621.12013760775,
    "134": 210496.23397100385,
    "135": 83813.47484228366,
    "136": 71252.57968248491,
    "137": 75278.70856170027,
    "138": 370168.44833896216,
    "139": 199474.05709104406,
    "140": 111232.44777855459,
    "141": 162190.17019935127,
    "142": 31388.965141122033,
    "143": 251303.5157617024,
    "144": 214507.15563849834,
    "145": 60314.247531452995,
    "146": 47590.13340816476,
    "147": 201961.43268070303,
    "148": 360478.015340075,
    "149": 25092.440013438478,
    "150": 145071.29117047298,
    "151": 119074.51342815028,
    "152": 30433.482135202223,
    "153": 95796.35488872278,
    "154": 85919.63259758535,
    "155": 70220.1480669577,
    "156": 109806.38100546491,
    "157": 46227.62244899666,
    "158": 240444.41093375775,
    "159": 211469.0477009684,
    "160": 193592.8279732618,
    "161": 62271.602478662586,
    "162": 86362.7773672993,
    "163": 51008.95375545047,
    "164": 98349.45886732284,
    "165": 242553.61289092622,
    "166": 253903.8178938975,
    "167": 31959.390877029487,
    "168": 98794.49353728608,
    "169": 87975.3378315877,
    "170": 300833.2526448592,
    "171": 60848.19844925321,
    "172": 109980.46386121072,
    "173": 137480.52163441543,
    "174": 81425.38898595795,
    "175": 79299.67217975213,
    "176": 77076.98705282225,
    "177": 248213.52426761767,
    "178": 272504.73129423306,
    "179": 31378.574853461872,
    "180": 205783.62490413355,
    "181": 137681.28941571224,
    "182": 180258.75164676204,
    "183": 61580.3501966499,
    "184": 234447.58205416193,
    "185": 195891.10445039987,
    "186": 335430.08728217776,
    "187": 98371.93232759745,
    "188": 93336.2516383553,
    "189": 217756.9957909853,
    "190": 36479.727284156725,
    "191": 170112.67239179785,
    "192": 220499.13247289468,
    "193": 33476.11982553565,
    "194": 88054.28521042879,
    "195": 152087.23235578262,
    "196": 160669.00800424785,
    "197": 50006.849058388594,
    "198": 136807.6070369516,
    "199": 98292.03568463886,
    "200": 349191.90436773037,
    "201": 194540.33183945043,
    "202": 56389.62001044381,
    "203": 132260.11934930168,
    "204": 147635.21012294447,
    "205": 156293.9919379891,
    "206": 408604.7272567917,
    "207": 124046.55557484711,
    "208": 115651.48816348237,
    "209": 135592.66940132552,
    "210": 40767.111300293174,
    "211": 11431.664266518714,
    "212": 366269.5687505951,
    "213": 235376.75982466104,
    "214": 284123.32378893247,
    "215": 50718.15127511397,
    "216": 188345.21628300432,
    "217": 175202.94383154836,
    "218": 169217.04866855266,
    "219": 82822.12739057207,
    "220": 22904.820652978528,
    "221": 65883.01044178872,
    "222": 58831.23212492094,
    "223": 81093.93126614532,
    "224": 20826.570356753316,
    "225": 134340.3161186762,
    "226": 59103.287875827875,
    "227": 16611.610704253235,
    "228": 110128.51016352512,
    "229": 88101.87676720103,
    "230": 41778.119161873576,
    "231": 82811.09408062785,
    "232": 64222.11715109531,
    "233": 95761.67362368302,
    "234": 46024.154010747014,
    "235": 81167.60773523981,
    "236": 229368.96623804886,
    "237": 84153.85418621797,
    "238": 57386.86375618576,
    "239": 98233.00222461871,
    "240": 247790.17364628156,
    "241": 73749.25838522508,
    "242": 42847.28648976653,
    "243": 139912.0075064568,
    "244": 104491.73255178754,
    "245": 210244.06353467866,
    "246": 81109.66866138077,
    "247": 68669.58957709385,
    "248": 140888.2562462303,
    "249": 257682.58221920265,
    "250": 218956.92831630955,
    "251": 24440.54235154866,
    "252": 244985.53936182123,
    "253": 118952.7578580957,
    "254": 38729.134025617626,
    "255": 129436.47108433314,
    "256": 120268.75210093081,
    "257": 134273.7048416859,
    "258": 81207.09394250842,
    "259": 70516.56106613355,
    "260": 81426.21445730871,
    "261": 8619.525215630327,
    "262": 29900.658563773828,
    "263": 23178.469741671986,
    "264": 154906.53027565943,
    "265": 122825.27913638912,
    "266": 242341.9423798311,