{
    "1": 118544.27299854356,
    "2": 200554.69371367982,
    "3": 23515.617595283893,
    "4": 576634.9363275632,
    "5": 69731.87313364127,
    "6": 15852.134736563325,
    "7": 96254.78353605674,
    "8": 142748.05752244027,
    "9": 95267.28766796466,
    "10": 176401.9916115328,
    "11": 38352.87574341522,
    "12": 250693.23281157267,
    "13": 234480.65182523694,
    "14": 247489.80264406535,
    "15": 35881.14971173158,
    "16": 204128.03498375617,
    "17": 54048.04461508056,
    "18": 161462.019349161,
    "19": 252049.72836550695,
    "20": 169362.57669639812,
    "21": 15706.664075272414,
    "22": 33867.274407997094,
    "23": 72356.23841676889,
    "24": 50489.42113809929,
    "25": 37714.614863343995,
    "26": 42754.51248084578,
    "27": 79060.98588297235,
    "28": 71289.15138838548,
    "29": 110915.21244620209,
    "30": 25228.290776889095,
    "31": 147112.915255175,
    "32": 276782.26408087387,
    "33": 87468.70289623804,
    "34": 26686.868902652364,
    "35": 61836.34701946967,
    "36": 136937.68444225902,
    "37": 182203.01521085488,
    "38": 121666.41976110188,
    "39": 32547.237593051537,
    "40": 385560.38398947736,
    "41": 21249.707277031077,
    "42": 172203.62585794233,
    "43": 146606.2959221861,
    "44": 43277.97614571687,
    "45": 191708.65087960692,
    "46": 134059.512803998,
    "47": 109002.38468456459,
    "48": 161005.11093272013,
    "49": 106823.9001962197,
    "50": 67907.84523034359,
    "51": 124590.44997877952,
    "52": 103944.7533940476,
    "53": 33635.33108261371,
    "54": 196377.87497939082,
    "55": 76382.48721707614,
    "56": 158674.1973943918,
    "57": 23805.966323739278,
    "58": 306921.3307360076,
    "59": 95858.93628199445,
    "60": 429603.3972751275,
    "61": 56731.7659206858,
    "62": 47536.18666908799,
    "63": 38003.95683003285,
    "64": 96585.51369402642,
    "65": 99908.47723265021,
    "66": 41478.933479273466,
    "67": 121500.97917933005,
    "68": 64037.019042825224,
    "69": 144372.187610042,
    "70": 218879.72689897072,
    "71": 129227.76090480942,
    "72": 219972.9275491163,
    "73": 123175.60565915405,
    "74": 180289.57527356435,
    "75": 47827.6402459238,
    "76": 201911.49223578442,
    "77": 115222.32620330165,
    "78": 71017.98665528046,
    "79": 56278.524693779524,
    "80": 38648.57416762963,
    "81": 86156.14969195412,
    "82": 56851.29353415786,
    "83": 111318.24085881618,
    "84": 30645.091684146304,
    "85": 263002.18787876726,
    "86": 81693.39846039828,
    "87": 56448.19596859341,
    "88": 246413.29673586285,
    "89": 19281.74997405555,
    "90": 46887.111732974605,
    "91": 66607.25854887514,
    "92": 21866.619885006152,
    "93": 212480.45464354233,
    "94": 125781.40998690743,
    "95": 36224.024241215164,
    "96": 127411.7096522841,
    "97": 195731.16420946323,
    "98": 246333.7002766093,
    "99": 226948.21453220674,
    "100": 251675.54763576962,
    "101": 14236.056083804731,
    "102": 103403.7348541008,
    "103": 152568.15871977527,
    "104": 4550.603512558584,
    "105": 183312.18510273853,
    "106": 66939.75181638409,
    "107": 344501.08360107883,
    "108": 76667.7909550548,
    "109": 50474.369424368764,
    "110": 42423.38575175948,
    "111": 273589.0621102224,
    "112": 188194.03466055504,
    "113": 79941.54258868597,
    "114": 328807.63039223565,
    "115": 70324.46578039938,
    "116": 136221.89931411645,
    "117": 18719.885276283258,
    "118": 295942.5602908756,
    "119": 168397.27178987386,
    "120": 27732.672122808573,
    "121": 35009.21774126887,
    "122": 165482.9679441039,
    "123": 136876.27074117752,
    "124": 69212.16086148786,
    "125": 94202.27791070667,
    "126": 159768.55905134094,
    "127": 234304.09836472137,
    "128": 84534.62785957422,
    "129": 21639.28333682967,
    "130": 54713.79176701343,
    "131": 149803.248724463,
    "132": 33240.934904828675,
    "133": 44939.28155683835,
    "134": 89087.18878084363,
    "135": 34535.509505457354,
    "136": 254346.26016918686,
    "137": 81201.28834268922,
    "138": 73317.1878140684,
    "139": 19851.993865368997,
    "140": 59294.34556843291,
    "141": 138339.33569802053,
    "142": 98868.68027024744,
    "143": 77083.64000450283,
    "144": 461638.07470399287,
    "145": 90644.54904923143,
    "146": 102793.31907612398,
    "147": 207412.39232667384,
    "148": 237584.15199520587,
    "149": 55435.47871885056,
    "150": 48746.08301250217,
    "151": 456888.209789017,
    "152": 319353.30576684116,
    "153": 334915.31374864926,
    "154": 199890.0667304441,
    "155": 28547.79949117293,
    "156": 57157.4302439459,
    "157": 161229.07726729845,
    "158": 214239.04481735756,
    "159": 146216.4190165533,
    "160": 18952.97520361866,
    "161": 106647.34510361851,
    "162": 173117.9745761249,
    "163": 38696.06441965764,
    "164": 10081.006493721872,
    "165": 397293.59813087794,
    "166": 131703.28351826023,
    "167": 55532.28426591428,
    "168": 295538.13125460927,
    "169": 60137.75545208747,
    "170": 60574.69881611585,
    "171": 235158.56290245504,
    "172": 26242.151760727098,
    "173": 243056.22605384138,
    "174": 93931.14437415254,
    "175": 56212.830313440274,
    "176": 150052.00565786715,
    "177": 17687.222387173093,
    "178": 100991.25801234716,
    "179": 65520.76834263824,
    "180": 8674.842929343635,
    "181": 99807.71523523249,
    "182": 182317.2622763726,
    "183": 94493.1279829893,
    "184": 262984.030897546,
    "185": 452194.84546660347,
    "186": 129518.93303913064,
    "187": 143303.2845400879,
    "188": 64242.61874084257,
    "189": 63133.34937763248,
    "190": 35971.5429553476,
    "191": 57081.01087240257,
    "192": 354200.3754070433,
    "193": 35834.956207073745,
    "194": 79832.66132833943,
    "195": 164070.94888077123,
    "196": 183979.04341183035,
    "197": 313007.40855909104,
    "198": 167914.4513799321,
    "199": 229603.32122380217,
    "200": 86914.0143810684,
    "201": 163064.8078905942,
    "202": 291391.0006677067,
    "203": 75937.92004540646,
    "204": 257357.35018963128,
    "205": 107000.49959279067,
    "206": 169356.62035603373,
    "207": 250068.870632291,
    "208": 71309.38740487196,
    "209": 144079.4728079331,
    "210": 181614.8217472678,
    "211": 65092.253376257955,
    "212": 129653.91697314284,
    "213": 106920.15353114474,
    "214": 92556.32439224645,
    "215": 91552.09926018314,
    "216": 116226.21580472066,
    "217": 43608.2545985075,
    "218": 143397.4937477876,
    "219": 152812.74723974793,
    "220": 120398.58179484158,
    "221": 72041.50140585515,
    "222": 62490.22792708637,
    "223": 146462.27415899123,
    "224": 17176.956222489094,
    "225": 84031.48235499373,
    "226": 156001.83827983763,
    "227": 7255.350750328376,
    "228": 135693.29830037183,
    "229": 60107.956207351126,
    "230": 173813.89226541435,
    "231": 157805.32902448854,
    "232": 79933.95872732344,
    "233": 398105.51315036893,
    "234": 19178.306900211373,
    "235": 58175.92242419378,
    "236": 41450.23769258888,
    "237": 83421.87154988802,
    "238": 120999.55842796674,
    "239": 161486.17982083154,
    "240": 175312.26201360585,
    "241": 77334.49001286845,
    "242": 98746.76469817327,
    "243": 42741.634783947964,
    "244": 39698.44673915925,
    "245": 161298.60212568552,
    "246": 24421.971144292693,
    "247": 249235.0996095061,
    "248": 22333.66280467833,
    "249": 231543.5017597451,
    "250": 196629.9288015475,
    "251": 233100.23249673552,
    "252": 119045.42764321863,
    "253": 135522.55166816595,
    "254": 71160.78721766832,
    "255": 48486.72298998166,
    "256": 171914.3114253635,
    "257": 178315.99787084822,
    "258": 76516.10796506106,
    "259": 52915.067988624396,
    "260": 81947.67286590794,
    "261": 219991.56455782388,
    "262": 112078.17227865607,
    "263": 32995.01008246851,
    "264": 36300.601034697065,
    "265": 669741.5513181463,
    "266": 210474.8230300455,