{
    "1": 182330.56074970393,
    "2": 153575.94955977798,
    "3": 223336.57938400217,
    "4": 37753.288596237144,
    "5": 40403.086881415606,
    "6": 93251.96103305755,
    "7": 165210.1916329942,
    "8": 290773.16420446505,
    "9": 120070.95468429514,
    "10": 27048.24891970579,
    "11": 90987.91599347907,
    "12": 295172.82196668896,
    "13": 23713.697702213296,
    "14": 59831.258674339326,
    "15": 99434.79607634198,
    "16": 143875.6375143229,
    "17": 57469.70684556081,
    "18": 76359.49417534335,
    "19": 170008.28793235566,
    "20": 17681.54372657382,
    "21": 120337.53061339776,
    "22": 41098.31424724886,
    "23": 60913.31825495368,
    "24": 24963.66793950636,
    "25": 112779.30959597716,
    "26": 26922.272649960305,
    "27": 99701.6087378105,
    "28": 31209.59913678654,
    "29": 29983.941437872476,
    "30": 382730.058429046,
    "31": 43701.828892726626,
    "32": 50851.361860361394,
    "33": 25147.732793125728,
    "34": 103060.11674240195,
    "35": 25251.75500641866,
    "36": 50091.02931400929,
    "37": 206690.69900854616,
    "38": 57502.97362756905,
    "39": 105199.59163806948,
    "40": 62516.70483857566,
    "41": 41525.171255617664,
    "42": 127537.63852765143,
    "43": 85585.93992074658,
    "44": 394301.4315488617,
    "45": 53020.88743680514,
    "46": 67586.65472383816,
    "47": 267568.0598699172,
    "48": 48277.71251109396,
    "49": 37430.322190777086,
    "50": 239105.2684429896,
    "51": 180627.75851331378,
    "52": 166622.1140772709,
    "53": 46493.16876371819,
    "54": 237522.76098156406,
    "55": 43191.54998499357,
    "56": 68092.9987800578,
    "57": 56940.10639192316,
    "58": 242505.1984821844,
    "59": 51878.38926772215,
    "60": 33734.85379227843,
    "61": 155408.6175062827,
    "62": 129281.57522061761,
    "63": 379066.1428865885,
    "64": 224055.8334982011,
    "65": 74572.55603123404,
    "66": 116268.75637117327,
    "67": 68389.75296830032,
    "68": 35713.98715121451,
    "69": 29548.242812908225,
    "70": 256489.4923145839,
    "71": 443294.93640273524,
    "72": 316845.93029567384,
    "73": 35469.145011116365,
    "74": 313569.3988662301,
    "75": 116055.72985160288,
    "76": 204387.37410382793,
    "77": 7432.127553223332,
    "78": 63234.226204922415,
    "79": 125754.01295473178,
    "80": 19834.309726509342,
    "81": 101697.11197698521,
    "82": 160482.46769755986,
    "83": 53845.19721494418,
    "84": 79811.49714527662,
    "85": 402416.9960319749,
    "86": 34895.75273218431,
    "87": 42752.49039089709,
    "88": 304656.57052674727,
    "89": 31218.97647612433,
    "90": 112022.34878818096,
    "91": 137761.03748961104,
    "92": 76145.91582876438,
    "93": 71862.06818170856,
    "94": 57126.16391119681,
    "95": 146291.54569253587,
    "96": 39716.6207876174,
    "97": 181806.99455579816,
    "98": 266396.2241517259,
    "99": 25014.71039873733,
    "100": 443733.093601344,
    "101": 80627.22480295108,
    "102": 69085.61372770224,
    "103": 143029.4681189436,
    "104": 106007.63824004102,
    "105": 89720.607261554,
    "106": 55431.95093015287,
    "107": 90003.32691772835,
    "108": 134981.50179828334,
    "109": 34335.00887423423,
    "110": 176614.5964561947,
    "111": 34441.75272242361,
    "112": 140877.4936779014,
    "113": 457514.0473046573,
    "114": 187216.96718255378,
    "115": 48939.02052085043,
    "116": 21478.11106480842,
    "117": 385444.44812242774,
    "118": 73572.00679586221,
    "119": 21535.796836977202,
    "120": 120191.77845195401,
    "121": 52326.57828621848,
    "122": 126282.73778990988,
    "123": 159806.60573167927,
    "124": 9454.073365351223,
    "125": 310927.23355457844,
    "126": 284983.44479827874,
    "127": 381525.3108839452,
    "128": 129164.1526473252,
    "129": 27933.80469961409,
    "130": 159991.35673193916,
    "131": 40585.28543750247,
    "132": 16405.52750157356,
    "133": 143942.11401669413,
    "134": 415781.88160469354,
    "135": 169105.01434288372,
    "136": 126913.57989661442,
    "137": 136596.1133013182,
    "138": 83170.91418077073,
    "139": 176759.31461009284,
    "140": 70315.56965786699,
    "141": 76797.002292654,
    "142": 71153.54513472758,
    "143": 30775.929118926862,
    "144": 132867.41166114385,
    "145": 84404.89268942949,
    "146": 292126.95714275795,
    "147": 138419.75549999168,
    "148": 30112.636860105435,
    "149": 20103.331398143448,
    "150": 58718.65408770821,
    "151": 151868.89417381046,
    "152": 92669.66121441564,
    "153": 23725.15218962716,
    "154": 41166.42890398074,
    "155": 148216.72630796034,
    "156": 41321.87414796951,
    "157": 158264.8227542476,
    "158": 228456.83097331075,
    "159": 237312.55488781608,
    "160": 135936.34769847442,
    "161": 12550.961624545738,
    "162": 163987.06679729692,
    "163": 68741.59090798629,
    "164": 50593.762252011824,
    "165": 62368.395569439796,
    "166": 17862.427932238465,
    "167": 74805.96886105504,
    "168": 37586.85555516687,
    "169": 54484.9948097579,
    "170": 24452.805593243196,
    "171": 226634.71310435428,
    "172": 62895.209964085276,
    "173": 33590.40448482341,
    "174": 379959.4298618486,
    "175": 117982.42587471586,
    "176": 49342.1955137046,
    "177": 165743.5516898428,
    "178": 146600.49718509897,
    "179": 53474.28948395075,
    "180": 104205.8869458544,
    "181": 50966.91367057595,
    "182": 281665.7998697236,
    "183": 28912.30573703827,
    "184": 73857.129834098,
    "185": 171744.64273716387,
    "186": 62238.83501760007,
    "187": 124437.46722760411,
    "188": 12833.093728381433,
    "189": 59054.28640744069,
    "190": 132579.85115233436,
    "191": 243268.4741598887,
    "192": 131681.3920530955,
    "193": 103691.52715476896,
    "194": 7637.405281375497,
    "195": 361630.34717691125,
    "196": 105380.63005435409,
    "197": 355385.7023962519,
    "198": 238814.47426814266,
    "199": 53400.27891711244,
    "200": 79347.08113839965,
    "201": 24533.51827400349,
    "202": 155675.83200541575,
    "203": 42790.72137537746,
    "204": 66195.67664333257,
    "205": 144131.90614690605,
    "206": 125673.39904375572,
    "207": 49920.95450545968,
    "208": 12881.399485902808,
    "209": 32847.47884346895,
    "210": 250613.50769853682,
    "211": 159280.86735437711,
    "212": 145795.85623290832,
    "213": 187320.92636124516,
    "214": 172418.4319137949,
    "215": 234437.4765605679,
    "216": 66781.08716730544,
    "217": 117656.37770575541,
    "218": 153086.4925034876,
    "219": 49394.60777879324,
    "220": 363879.2733567246,
    "221": 263056.29722674354,
    "222": 123088.3106150466,
    "223": 178973.62075290162,
    "224": 236403.59272059196,
    "225": 243868.32615491076,
    "226": 116382.40236860597,
    "227": 22476.306597097588,
    "228": 513117.8430740169,
    "229": 58150.65913050313,
    "230": 126484.69804683753,
    "231": 74211.32655157505,
    "232": 51334.07460899439,
    "233": 158186.42333488402,
    "234": 37627.15870213496,
    "235": 62734.222917328865,
    "236": 115772.42392347696,
    "237": 61195.577198861465,
    "238": 236167.33440419802,
    "239": 121440.83784309677,
    "240": 250835.19748022122,
    "241": 88429.47660682771,
    "242": 232192.06928059168,
    "243": 99632.5617328312,
    "244": 99621.07394014853,
    "245": 80466.2313536981,
    "246": 57353.2251135028,
    "247": 142556.375230837,
    "248": 71442.19215986152,
    "249": 69150.29003876624,
    "250": 121132.87576619934,
    "251": 139449.08400369133,
    "252": 22922.05277911413,
    "253": 78920.85615796631,
    "254": 147624.81713424416,
    "255": 224289.87954639317,
    "256": 274534.20649978844,
    "257": 145724.050058803,
    "258": 247140.24385955246,
    "259": 38398.704246546724,
    "260": 115065.25636268994,
    "261": 41932.315659942426,
    "262": 33609.434022000045,
    "263": 53352.549758620604,
    "264": 145202.2055939526,
    "265": 59898.320637517885,
    "266": 213020.7772556621,