{
    "1": 318575.5033102606,
    "2": 254343.77030532685,
    "3": 45656.5619624165,
    "4": 109959.60464472805,
    "5": 203273.99727861185,
    "6": 35819.48307435597,
    "7": 193433.44975984818,
    "8": 31289.52566123935,
    "9": 92763.79270291029,
    "10": 37198.22990365831,
    "11": 49797.29114410341,
    "12": 35069.33628579897,
    "13": 109756.36537679071,
    "14": 121466.81802478174,
    "15": 368321.2525055638,
    "16": 219621.01054611232,
    "17": 67301.51663216871,
    "18": 105021.14966971292,
    "19": 80528.54349124877,
    "20": 248151.29955668296,
    "21": 9707.95199597627,
    "22": 43801.05496989794,
    "23": 47540.05081711354,
    "24": 29735.336783004852,
    "25": 52934.20642918439,
    "26": 28451.562784939142,
    "27": 62452.235488497674,
    "28": 49813.464263796785,
    "29": 59333.155867432455,
    "30": 339223.1657041818,
    "31": 398867.3724534242,
    "32": 39421.87373816384,
    "33": 123326.72923225549,
    "34": 181359.93489111844,
    "35": 151959.40102280423,
    "36": 95040.11749228572,
    "37": 304925.64909803285,
    "38": 114287.66869527687,
    "39": 13560.818714879968,
    "40": 154092.301797033,
    "41": 38406.447448434206,
    "42": 137248.38194888935,
    "43": 15035.501958770006,
    "44": 53013.74625033144,
    "45": 206372.0906307148,
    "46": 85658.30996812707,
    "47": 38984.16794448792,
    "48": 242056.73065255463,
    "49": 33581.44094404103,
    "50": 272186.62318795105,
    "51": 15299.730262541361,
    "52": 132268.86715005725,
    "53": 230356.6926218874,
    "54": 37030.26751514076,
    "55": 140589.65397782548,
    "56": 29513.493133361204,
    "57": 383467.7722523313,
    "58": 51005.72409194034,
    "59": 199153.30196501524,
    "60": 145349.29094890537,
    "61": 189675.80480464108,
    "62": 198661.47563238806,
    "63": 229046.48244771195,
    "64": 35231.334697525985,
    "65": 129611.88059859269,
    "66": 16602.924977208448,
    "67": 47720.43173414648,
    "68": 166400.20474161924,
    "69": 104960.00860924857,
    "70": 41064.15546209741,
    "71": 12616.687160052776,
    "72": 144698.54086405082,
    "73": 46178.76983602749,
    "74": 10188.541989907706,
    "75": 237712.8790671873,
    "76": 108263.78467544242,
    "77": 65938.748908117,
    "78": 36340.20319720255,
    "79": 116923.71280785944,
    "80": 399688.005661903,
    "81": 10325.90649928977,
    "82": 34239.281062606155,
    "83": 70926.59388789228,
    "84": 17986.30049046389,
    "85": 206026.30332475595,
    "86": 54098.24412451417,
    "87": 62698.14704535585,
    "88": 171210.6322531593,
    "89": 128455.69790340523,
    "90": 213030.7024600166,
    "91": 194564.6205915296,
    "92": 48427.853082686896,
    "93": 15700.598311704747,
    "94": 56605.4061351347,
    "95": 64321.16973246923,
    "96": 156410.2668734591,
    "97": 150358.4574629434,
    "98": 306821.34047986136,
    "99": 91690.55746811857,
    "100": 45075.94165901119,
    "101": 147419.15289598974,
    "102": 105320.68845628889,
    "103": 32397.05233256903,
    "104": 221846.13209611355,
    "105": 96757.04472292162,
    "106": 52132.11822903963,
    "107": 76976.76108059475,
    "108": 169556.6400388841,
    "109": 24959.97217764315,
    "110": 171434.98804120204,
    "111": 52417.223298784695,
    "112": 116635.29339385811,
    "113": 52421.01539950259,
    "114": 57889.606296690625,
    "115": 84530.83717004748,
    "116": 16746.80569510083,
    "117": 110273.17427542624,
    "118": 30550.43328834547,
    "119": 50291.11557868638,
    "120": 42390.575110853264,
    "121": 61268.775530471044,
    "122": 85975.7276453974,
    "123": 154817.06288097406,
    "124": 43627.33444818963,
    "125": 53266.242259092585,
    "126": 50517.23200221699,
    "127": 47750.75190239543,
    "128": 268093.6465428725,
    "129": 228153.4841919441,
    "130": 111915.96305028416,
    "131": 170234.0928135158,
    "132": 25622.30610239519,
    "133": 44758.870719388644,
    "134": 61417.64453945664,
    "135": 47561.88810569312,
    "136": 321985.49046502705,
    "137": 50974.84475813813,
    "138": 66831.52780629735,
    "139": 59245.80433681892,
    "140": 187416.33654220263,
    "141": 46350.96614840907,
    "142": 84284.13256184623,
    "143": 158562.94363793515,
    "144": 292495.5096875891,
    "145": 58590.96424987849,
    "146": 153265.1246652081,
    "147": 93539.87182530624,
    "148": 87085.63650791979,
    "149": 41970.25620286398,
    "150": 9110.958674186213,
    "151": 33949.89089513781,
    "152": 23681.325317813873,
    "153": 86967.98513340241,
    "154": 226751.29939183424,
    "155": 124899.27652973912,
    "156": 69868.79119262817,
    "157": 39276.45779009142,
    "158": 62008.87845911697,
    "159": 114130.51328170403,
    "160": 57420.57926410604,
    "161": 77723.32554671972,
    "162": 118111.04121326651,
    "163": 158993.10745853558,
    "164": 118623.50679061399,
    "165": 210371.04962944315,
    "166": 62192.110915580815,
    "167": 182361.80429795873,
    "168": 294525.4500156459,
    "169": 102032.10771109407,
    "170": 91591.3959849086,
    "171": 178883.82306519774,
    "172": 92032.33963932685,
    "173": 105877.82442499064,
    "174": 217801.7755669951,
    "175": 123276.41649056651,
    "176": 232962.30367183546,
    "177": 235414.31824435684,
    "178": 57822.44689030165,
    "179": 108225.8349772722,
    "180": 72363.5954320849,
    "181": 145585.03838189665,
    "182": 44389.91596909716,
    "183": 47417.47476933752,
    "184": 362195.169684083,
    "185": 224921.6691804191,
    "186": 307342.1137736298,
    "187": 134294.25519183447,
    "188": 138322.13235245366,
    "189": 175553.46274876667,
    "190": 85244.08600594633,
    "191": 131062.38321356328,
    "192": 158136.070025159,
    "193": 345339.82092756697,
    "194": 142681.82158523003,
    "195": 253055.15907355383,
    "196": 14502.281204578907,
    "197": 92635.63319384222,
    "198": 280612.73700201727,
    "199": 68636.45928900866,
    "200": 176240.07919738707,
    "201": 185323.58672616316,
    "202": 305571.669792644,
    "203": 153939.97335230646,
    "204": 147215.52247992076,
    "205": 144251.93004296592,
    "206": 50947.71362413413,
    "207": 65275.56008625591,
    "208": 104200.28539687293,
    "209": 91558.24204083177,
    "210": 129335.51762985434,
    "211": 168542.8364722557,
    "212": 37318.659067583474,
    "213": 154556.24775036995,
    "214": 212111.7885409707,
    "215": 50826.08384675239,
    "216": 113971.11942433949,
    "217": 29771.521323752146,
    "218": 127505.65359600108,
    "219": 115207.05768994184,
    "220": 21491.931987629072,
    "221": 203915.88562193097,
    "222": 121376.05838876936,
    "223": 43581.95450552557,
    "224": 182814.64532866492,
    "225": 75240.2086422004,
    "226": 22312.909431188255,
    "227": 392146.0154064191,
    "228": 249429.6076513064,
    "229": 146130.63453979255,
    "230": 128559.85891562575,
    "231": 40915.71222953818,
    "232": 173019.16344066637,
    "233": 39028.444442320826,
    "234": 66539.3924910658,
    "235": 11162.660052008749,
    "236": 87342.82055284176,
    "237": 43255.197241764894,
    "238": 160707.06547176823,
    "239": 84456.38760029465,
    "240": 256698.33853743857,
    "241": 109119.55149979443,
    "242": 126484.77575983887,
    "243": 67881.80490166512,
    "244": 211995.32624489514,
    "245": 38566.35353926491,
    "246": 184757.80574073875,
    "247": 265793.93034072604,
    "248": 29910.40333748901,
    "249": 121680.85018887138,
    "250": 452759.0607391715,
    "251": 134729.2226642877,
    "252": 146471.8372985371,
    "253": 21901.26663179766,
    "254": 431660.5028323279,
    "255": 393520.1941803424,
    "256": 48024.15492697143,
    "257": 328069.6135008573,
    "258": 124541.92907501997,
    "259": 291839.1334646029,
    "260": 88954.65380659404,
    "261": 375323.51226655144,
    "262": 110655.14638194877,
    "263": 229244.71962865104,
    "264": 253376.62103025144,
    "265": 38094.98327008811,
    "266": 94969.71917014144,