{
    "1": 9375.275354946807,
    "2": 11786.191653294534,
    "3": 4680.325407824763,
    "4": 8063.154703001816,
    "5": 8774.737504555882,
    "6": 8802.659884426967,
    "7": 6558.346601268647,
    "8": 2516.992256435312,
    "9": 3878.6837577838314,
    "10": 3393.972420280973,
    "11": 9709.062137486328,
    "12": 4448.20560829631,
    "13": 4476.947160929447,
    "14": 13468.263039882995,
    "15": 11369.618202238062,
    "16": 10993.295706499002,
    "17": 12094.023519508815,
    "18": 1905.0200901804574,
    "19": 2267.6198345943276,
    "20": 1825.281780352841,
    "21": 3759.6814921831447,
    "22": 3878.1485923715786,
    "23": 2395.744978429386,
    "24": 2409.0979248987683,
    "25": 5460.477574147913,
    "26": 7197.614402499737,
    "27": 9055.003147336958,
    "28": 2492.9202091735165,
    "29": 3357.093950822791,
    "30": 2400.26009592518,
    "31": 3327.792785297877,
    "32": 10010.915216478046,
    "33": 2460.8836084471604,
    "34": 2678.382821225737,
    "35": 3323.9742051799044,
    "36": 1535.798580843088,
    "37": 15343.97912884887,
    "38": 8302.126769773293,
    "39": 1996.0431230227173,
    "40": 3584.4960778363707,
    "41": 7159.709211553094,
    "42": 2661.333454010081,
    "43": 9809.22038141695,
    "44": 4500.64017709823,
    "45": 10177.38541208422,
    "46": 2949.8512630564637,
    "47": 1871.2071795538982,
    "48": 6297.486436259036,
    "49": 5417.184884952489,
    "50": 1782.6377716570441,
    "51": 22416.217733840065,
    "52": 3258.491977878755,
    "53": 4361.964987932726,
    "54": 5287.20549296346,
    "55": 6262.457497470779,
    "56": 1576.9749215397492,
    "57": 3073.5519362115824,
    "58": 3297.800120808944,
    "59": 1144.1588755265707,
    "60": 5216.762632078316,
    "61": 7606.399602780409,
    "62": 2847.105615106098,
    "63": 3682.708472255848,
    "64": 3411.745759190475,
    "65": 7236.896084100119,
    "66": 2439.259202223066,
    "67": 3775.003947465236,
    "68": 7752.5228861101405,
    "69": 5368.56989275219,
    "70": 3192.8751466712547,
    "71": 10784.88217994526,
    "72": 2585.7187855900356,
    "73": 4518.126205980262,
    "74": 5881.2745072200105,
    "75": 7416.717238696279,
    "76": 6121.713685234118,
    "77": 3329.4662578739603,
    "78": 5934.838353196924,
    "79": 3183.629408234626,
    "80": 5572.967832499336,
    "81": 2000.0079258229707,
    "82": 1765.7033401121907,
    "83": 5939.072179730989,
    "84": 6295.3484088639825,
    "85": 1851.8629191524924,
    "86": 5726.828923178485,
    "87": 5011.298416541086,
    "88": 3307.003548460476,
    "89": 9291.197861997363,
    "90": 3280.2677534234904,
    "91": 6530.413866227575,
    "92": 5159.953289618095,
    "93": 2345.6390789405964,
    "94": 4049.495500936002,
    "95": 9014.689526516713,
    "96": 10644.296377877761,
    "97": 7962.822145876631,
    "98": 13639.24562559255,
    "99": 1294.0327376295108,
    "100": 7733.359226912306,
    "101": 5274.891271546336,
    "102": 7220.043468893312,
    "103": 6703.907784767145,
    "104": 3477.5372604251693,
    "105": 6157.607630407382,
    "106": 6538.242402114327,
    "107": 6475.663423433179,
    "108": 4603.610626332866,
    "109": 2928.297466114689,
    "110": 1967.8633545321807,
    "111": 3828.5912034003395,
    "112": 2495.712593943941,
    "113": 1763.82295074495,
    "114": 7157.904967994165,
    "115": 5783.26468016565,
    "116": 10652.136734661843,
    "117": 11915.50838488121,
    "118": 9275.68053379564,
    "119": 10786.920050894587,
    "120": 4701.869214862717,
    "121": 1908.717129777425,
    "122": 7458.362977470699,
    "123": 3623.1029242185446,
    "124": 1932.025346231707,
    "125": 5102.854530425615,
    "126": 2602.5924013819417,
    "127": 1720.9980843162587,
    "128": 1417.0253156380588,
    "129": 5413.0362409744375,
    "130": 1435.2530616267084,
    "131": 3120.780442793074,
    "132": 10439.075436079313,
    "133": 1729.1346950060858,
    "134": 13649.486269340345,
    "135": 7292.248963686028,
    "136": 3204.031599646334,
    "137": 2030.6744673019616,
    "138": 10897.282466387738,
    "139": 3829.109927670115,
    "140": 5181.042211964004,
    "141": 5585.473069254366,
    "142": 1565.9846851659677,
    "143": 9060.558408307585,
    "144": 4250.726963934127,
    "145": 6476.075978315853,
    "146": 4314.1669223288245,
    "147": 4486.7788566372865,
    "148": 11390.088811343363,
    "149": 14244.311586145675,
    "150": 4055.6518644314806,
    "151": 2862.398300669998,
    "152": 4477.027009057897,
    "153": 1582.0589481993418,
    "154": 6485.66780344954,
    "155": 4811.020811569063,
    "156": 6261.544965619142,
    "157": 765.4159771447867,
    "158": 3538.0804650812847,
    "159": 2617.609883253689,
    "160": 4550.841522489845,
    "161": 2074.1778022935273,
    "162": 4136.002731719715,
    "163": 13352.36718170919,
    "164": 2008.7478157171981,
    "165": 7722.562271597304,
    "166": 12501.82258102984,
    "167": 5372.8425461544675,
    "168": 2394.0143957638184,
    "169": 2068.941114752316,
    "170": 3805.775763541807,
    "171": 2787.770269957555,
    "172": 6900.744085243819,
    "173": 4874.595754384453,
    "174": 3545.0684162058933,
    "175": 2061.8619892079537,
    "176": 3464.6961929112363,
    "177": 2552.5232266701096,
    "178": 8678.608465536818,
    "179": 2104.645927847428,
    "180": 8218.478902064928,
    "181": 6848.937319134579,
    "182": 7649.379882219155,
    "183": 12502.467429831295,
    "184": 2729.972445342787,
    "185": 8334.489658841849,
    "186": 9136.597696434423,
    "187": 6664.979958670317,
    "188": 7538.394941280607,
    "189": 7193.646748365722,
    "190": 1121.4695674282536,
    "191": 3593.866372006678,
    "192": 8845.493451988275,
    "193": 4490.413205021355,
    "194": 5992.100020642275,
    "195": 4315.836305430403,
    "196": 12499.861254487161,
    "197": 1912.637338747098,
    "198": 5318.9179304471,
    "199": 1597.767405960693,
    "200": 10851.163118300134,
    "201": 4252.962912120793,
    "202": 4393.237066776162,
    "203": 2107.2477417583723,
    "204": 7850.872686790459,
    "205": 7268.020502745199,
    "206": 9059.529741319631,
    "207": 1838.1958361043717,
    "208": 5446.858025519242,
    "209": 3424.823623684514,
    "210": 2647.9038886002386,
    "211": 1211.317896768143,
    "212": 1427.143735597286,
    "213": 10916.793002119195,
    "214": 15992.648979264139,
    "215": 5403.161890114945,
    "216": 3044.0561275470654,
    "217": 4902.310539966864,
    "218": 5248.685071891201,
    "219": 4090.3007678517174,
    "220": 13788.894155738613,
    "221": 7546.858426783114,
    "222": 3428.8275364172227,
    "223": 8642.035164437144,
    "224": 6834.692802682125,
    "225": 7552.393241603034,
    "226": 9010.231134367097,
    "227": 15266.3700244352,
    "228": 5458.429967421555,
    "229": 13094.981079776184,
    "230": 9508.423345704816,
    "231": 3921.753438028355,
    "232": 15860.134301244962,
    "233": 4527.014649277421,
    "234": 9168.338687068052,
    "235": 3741.068682542514,
    "236": 11658.343030741116,
    "237": 4046.1940265818457,
    "238": 7098.708475309735,
    "239": 2311.7035633256214,
    "240": 15498.288455952077,
    "241": 9659.989112048817,
    "242": 2703.4579529515286,
    "243": 4033.928291073247,
    "244": 1919.47180428281,
    "245": 9224.686235183652,
    "246": 2519.7005783600403,
    "247": 8963.822696231193,
    "248": 3563.5288355502853,
    "249": 4370.801232671032,
    "250": 3619.2349067482437,
    "251": 4991.379418299185,
    "252": 7691.567663890416,
    "253": 3590.886161629126,
    "254": 11487.30969771549,
    "255": 2840.1529347640962,
    "256": 3719.5770971983916,
    "257": 2406.0917897638074,
    "258": 4765.3935060254735,
    "259": 4228.810239054232,
    "260": 2588.278600928851,
    "261": 2191.233405651457,
    "262": 10739.733428581398,
    "263": 1824.2738317830501,
    "264": 1453.2904647372318,
    "265": 3049.0044725968073,
    "266": 1622.8042806941057,
    "267": 8221.681203249278,