{
    "1": 2676.6348602580942,
    "2": 9336.819988594454,
    "3": 4498.821588677601,
    "4": 4784.088492016677,
    "5": 2612.0659391272497,
    "6": 2840.9222085310707,
    "7": 4505.608886619567,
    "8": 1771.0329785311035,
    "9": 8702.146640167486,
    "10": 5068.990679408908,
    "11": 7902.140763604258,
    "12": 2424.087523215838,
    "13": 6584.363167453036,
    "14": 5817.221775317928,
    "15": 6181.977405783307,
    "16": 4537.528810381374,
    "17": 5753.228712164979,
    "18": 4416.471187147352,
    "19": 4814.103752576062,
    "20": 3440.022827708183,
    "21": 2623.893819397331,
    "22": 7219.960616766769,
    "23": 1189.0270067345398,
    "24": 7225.745040655515,
    "25": 10876.880477356339,
    "26": 3567.974799150621,
    "27": 5600.669840813411,
    "28": 7662.682134047445,
    "29": 3964.4496090119787,
    "30": 5328.789936362566,
    "31": 4070.8510788402637,
    "32": 2557.358211320941,
    "33": 1385.2919240214287,
    "34": 3507.6022983679977,
    "35": 2746.377854519906,
    "36": 6536.38094877568,
    "37": 12494.786419234635,
    "38": 6251.274673767387,
    "39": 3053.6965676995083,
    "40": 5899.373484947007,
    "41": 3070.9366320171216,
    "42": 3813.8490632226626,
    "43": 5332.319599985054,
    "44": 7074.027513247032,
    "45": 4189.276651352587,
    "46": 2327.643165118118,
    "47": 4008.797907449012,
    "48": 19239.50163589621,
    "49": 9702.258525595638,
    "50": 2251.5329894149145,
    "51": 9082.405745708333,
    "52": 5416.207955506481,
    "53": 2568.2384612757446,
    "54": 2878.34218359758,
    "55": 3207.0261531507713,
    "56": 8221.254234286313,
    "57": 2884.959256784758,
    "58": 5892.489503713988,
    "59": 8484.542585066396,
    "60": 16765.705293732906,
    "61": 3407.4935748578246,
    "62": 8117.981421929305,
    "63": 6971.05605736217,
    "64": 4852.13878671561,
    "65": 2601.9920203209786,
    "66": 1684.628137353379,
    "67": 3220.073289884056,
    "68": 7678.767841232107,
    "69": 4247.692838031059,
    "70": 5959.021096065383,
    "71": 2860.1114864071324,
    "72": 4145.727701187461,
    "73": 7774.239620812802,
    "74": 6575.921625976856,
    "75": 3892.0634330920693,
    "76": 13477.46119037762,
    "77": 4847.012083342382,
    "78": 12163.256338434046,
    "79": 4963.395932279098,
    "80": 8033.334239680458,
    "81": 2452.6956531418487,
    "82": 13581.246732699363,
    "83": 6973.932276661972,
    "84": 8921.80511118526,
    "85": 2355.3348822681855,
    "86": 9483.57679030381,
    "87": 9295.748291718068,
    "88": 1620.6303478866564,
    "89": 3164.9993722686145,
    "90": 9814.709971010008,
    "91": 7166.929300021001,
    "92": 2341.68664245277,
    "93": 6736.917593529187,
    "94": 3640.17153503601,
    "95": 6959.730102462294,
    "96": 2390.995777458239,
    "97": 9056.849508625855,
    "98": 3111.8924937974148,
    "99": 3814.2011038122855,
    "100": 3674.726417714081,
    "101": 1103.130929772119,
    "102": 2613.472548732369,
    "103": 4665.954513837582,
    "104": 6163.388352981183,
    "105": 6083.588834103706,
    "106": 1606.632935058101,
    "107": 5473.761149424075,
    "108": 3218.382145721809,
    "109": 5080.882087571746,
    "110": 3087.183045083212,
    "111": 3015.039043815763,
    "112": 7665.912367245842,
    "113": 3633.633145763865,
    "114": 16062.85698859242,
    "115": 1789.8206181312532,
    "116": 4322.065717523852,
    "117": 10960.977484550636,
    "118": 10106.126819605332,
    "119": 14956.518644459005,
    "120": 15308.830251544045,
    "121": 5485.253748349289,
    "122": 9053.601908161278,
    "123": 9129.246095636196,
    "124": 1861.4248192455334,
    "125": 2104.456185715644,
    "126": 3545.2993853599874,
    "127": 2428.3106476484513,
    "128": 7063.168919903561,
    "129": 1878.6021477051563,
    "130": 3873.1034669511787,
    "131": 3151.958856179893,
    "132": 2946.877792821165,
    "133": 5900.401366376737,
    "134": 5617.435167624467,
    "135": 1963.853271365264,
    "136": 2514.6440683884243,
    "137": 7678.489710891504,
    "138": 3599.8459978449946,
    "139": 1245.134473225727,
    "140": 2671.8180818238475,
    "141": 9606.427046034127,
    "142": 8727.851638259794,
    "143": 5087.56384292444,
    "144": 10737.58442258628,
    "145": 13253.024905520546,
    "146": 4355.861199455388,
    "147": 8109.639927575323,
    "148": 6270.596150995656,
    "149": 6356.574916538053,
    "150": 10931.869443021962,
    "151": 3006.717613968957,
    "152": 1056.1097468330352,
    "153": 3604.0342732055888,
    "154": 6681.427243103552,
    "155": 3150.4793448611304,
    "156": 13207.403188949585,
    "157": 5099.508604957895,
    "158": 1513.7319420949998,
    "159": 3045.0715776244383,
    "160": 9844.40070297049,
    "161": 7856.424847319594,
    "162": 8030.256904541932,
    "163": 7137.922049954124,
    "164": 4602.206109612217,
    "165": 3180.134469064932,
    "166": 3350.3487752643273,
    "167": 479.81280110208223,
    "168": 12741.191119696634,
    "169": 9443.89502592296,
    "170": 10474.782600907885,
    "171": 5643.44347380641,
    "172": 4092.404510798962,
    "173": 3887.478321732361,
    "174": 4758.431585118909,
    "175": 2325.7286447822626,
    "176": 5339.734174574401,
    "177": 6639.316888598448,
    "178": 3744.9281335615206,
    "179": 6681.96803560774,
    "180": 3463.7555949597477,
    "181": 2272.3062279639344,
    "182": 1542.1153789379396,
    "183": 1978.8286661092113,
    "184": 6599.230528727142,
    "185": 11917.943098360063,
    "186": 345.0637667312643,
    "187": 12289.32830989407,
    "188": 1829.1133989683146,
    "189": 5395.695839917557,
    "190": 3352.4746115764424,
    "191": 11109.241759514507,
    "192": 7369.734606823759,
    "193": 13465.584906961518,
    "194": 3501.9197868233036,
    "195": 5415.634855855146,
    "196": 8325.114249843215,
    "197": 3002.477397862528,
    "198": 3448.9319375934497,
    "199": 7258.929410522647,
    "200": 3125.0534848817697,
    "201": 8019.714337352349,
    "202": 3297.35179774483,
    "203": 7213.9137331717175,
    "204": 3735.117338028021,
    "205": 6142.790411005785,
    "206": 1943.0296380549419,
    "207": 5561.072859455219,
    "208": 3221.8338777707804,
    "209": 2355.43183729682,
    "210": 3787.0213144158633,
    "211": 3910.67856948543,
    "212": 5364.336747796959,
    "213": 8252.854907953086,
    "214": 3416.7632726075876,
    "215": 9434.808154944978,
    "216": 6717.497336441702,
    "217": 7761.795085026413,
    "218": 5528.475269601174,
    "219": 4603.681831938984,
    "220": 2709.6281499035545,
    "221": 5612.20488329051,
    "222": 8710.632593562981,
    "223": 2412.28420287206,
    "224": 8288.781325587699,
    "225": 5032.898424715559,
    "226": 3507.650763686803,
    "227": 6250.905598265012,
    "228": 8105.112546539402,
    "229": 2666.4534426536807,
    "230": 4548.23076274912,
    "231": 8239.009041973568,
    "232": 5123.24504993744,
    "233": 10302.361645537025,
    "234": 3110.386119029784,
    "235": 3620.9096154673275,
    "236": 2916.3237542343472,
    "237": 3491.4377028748554,
    "238": 12550.238620560618,
    "239": 5879.518678505074,
    "240": 12985.966793192489,
    "241": 2182.7314604903413,
    "242": 2853.4531795259095,
    "243": 8700.7117303698,
    "244": 3867.6708863056097,
    "245": 6250.517634974405,
    "246": 7891.863448326255,
    "247": 5325.167806420058,
    "248": 2548.487685829965,
    "249": 4028.3326115904133,
    "250": 4767.603229716169,
    "251": 7559.369857667952,
    "252": 9143.104787577988,
    "253": 6272.548169203536,
    "254": 3470.922185202014,
    "255": 9439.38840863341,
    "256": 2810.2903125648354,
    "257": 1335.9578906829117,
    "258": 5699.448339772959,
    "259": 11075.532732444262,
    "260": 2278.929522308943,
    "261": 5831.4634113469465,
    "262": 2109.04408569206,
    "263": 3404.257627180826,
    "264": 4563.589267536485,
    "265": 5262.592574896644,
    "266": 4702.533181678143,
    "267": 5212.800506921719,
    "268": 6829.3264596211375,