{
    "1": 212348.73412670934,
    "2": 282374.92893826053,
    "3": 650030.9530965317,
    "4": 441913.522070035,
    "5": 808751.3850951529,
    "6": 285796.286410175,
    "7": 156246.88222442957,
    "8": 397449.5405917015,
    "9": 597777.751911124,
    "10": 328168.2207637301,
    "11": 376963.3668582583,
    "12": 475115.68153157074,
    "13": 485429.02973264176,
    "14": 291984.5368296206,
    "15": 471217.8903425082,
    "16": 358898.5197913096,
    "17": 953272.9362755049,
    "18": 587331.0478656482,
    "19": 591049.381774477,
    "20": 360972.57144080894,
    "21": 536726.8426269898,
    "22": 417296.8424724308,
    "23": 772539.6662744653,
    "24": 576900.8014084419,
    "25": 667293.1065475245,
    "26": 773395.4767922305,
    "27": 554163.0962895574,
    "28": 185235.73028539107,
    "29": 392199.2685167708,
    "30": 753481.1432059251,
    "31": 670482.0689400308,
    "32": 332265.20021599316,
    "33": 288960.3462291621,
    "34": 537796.2928241222,
    "35": 329920.48556591047,
    "36": 899995.0857098243,
    "37": 361373.38183683174,
    "38": 322303.2379832767,
    "39": 392154.06652766233,
    "40": 536333.5514795504,
    "41": 333856.95109605015,
    "42": 461631.9670277351,
    "43": 1054332.4318450047,
    "44": 657283.8827297678,
    "45": 170065.69530054808,
    "46": 131677.754740592,
    "47": 358382.92667617224,
    "48": 509009.2499768191,
    "49": 359623.5490140095,
    "50": 123461.65217329726,
    "51": 350630.262893004,
    "52": 458597.7852275254,
    "53": 898459.7525175379,
    "54": 616980.456104411,
    "55": 682503.5326266739,
    "56": 336039.9470339106,
    "57": 407055.54202612076,
    "58": 535294.8205114306,
    "59": 675239.4989051318,
    "60": 357502.2766433363,
    "61": 436922.94512809184,
    "62": 784520.3570183533,
    "63": 708132.6711648391,
    "64": 307802.257520616,
    "65": 460357.1912015325,
    "66": 339127.1948229085,
    "67": 230183.54390882168,
    "68": 1121815.389603954,
    "69": 511609.78141196724,
    "70": 567897.3440798617,
    "71": 605436.8152213064,
    "72": 331683.3438933895,
    "73": 538559.9510564543,
    "74": 444077.75997983717,
    "75": 558167.5980210823,
    "76": 602296.6711720244,
    "77": 461974.6304569129,
    "78": 42054.85267828668,
    "79": 298295.48533909203,
    "80": 384263.905068545,
    "81": 802805.8111101841,
    "82": 776510.0827099787,
    "83": 742619.9184374331,
    "84": 392217.28832457407,
    "85": 71876.72846468072,
    "86": 356623.78833096585,
    "87": 96866.49085401963,
    "88": 195135.5724813035,
    "89": 282050.9152058759,
    "90": 514139.6897447099,
    "91": 417624.70101245446,
    "92": 293888.2320093792,
    "93": 503755.55611466354,
    "94": 292782.7065858008,
    "95": 386472.86252655956,
    "96": 822647.3619580909,
    "97": 462343.8936164961,
    "98": 529763.9915183411,
    "99": 221151.82037180025,
    "100": 273703.0648369442,
    "101": 508629.88415025425,
    "102": 244901.84422658835,
    "103": 381589.6972366422,
    "104": 423586.3689501686,
    "105": 420820.76520361454,
    "106": 423735.1173270196,
    "107": 310457.9026069527,
    "108": 778303.3842267345,
    "109": 212358.6687182128,
    "110": 477535.37764504517,
    "111": 435617.06777201756,
    "112": 1076502.6458859418,
    "113": 464151.24787611916,
    "114": 672260.306936096,
    "115": 973662.8748258126,
    "116": 224429.59112936247,
    "117": 407786.81937962666,
    "118": 686472.566861865,
    "119": 590879.7506840171,
    "120": 474240.05212089705,
    "121": 683873.46971437,
    "122": 1046444.7676373019,
    "123": 168656.200576263,
    "124": 467841.7862370892,
    "125": 228747.31588994918,
    "126": 707836.2070266287,
    "127": 632737.4551900132,
    "128": 366433.63871262054,
    "129": 564746.3178317437,
    "130": 320945.15099853993,
    "131": 169190.5804895118,
    "132": 711262.1625888924,
    "133": 416640.5779776217,
    "134": 292240.44643505174,
    "135": 858614.4046045655,
    "136": 89987.29323307102,
    "137": 728905.2695252803,
    "138": 471752.1382135446,
    "139": 437632.48160458816,
    "140": 354419.6730587191,
    "141": 308504.38472740276,
    "142": 631719.9452775829,
    "143": 575084.2074296854,
    "144": 347496.0616225795,
    "145": 297094.0464486774,
    "146": 351679.90882696083,
    "147": 727586.7404382194,
    "148": 353842.69251061435,
    "149": 557104.7794165133,
    "150": 842605.040193133,
    "151": 618900.7022877358,
    "152": 599535.3552085937,
    "153": 310556.48274099804,
    "154": 358979.03283919685,
    "155": 1030034.3643393636,
    "156": 467348.7764074268,
    "157": 647206.9574234243,
    "158": 304000.11567563616,
    "159": 574269.1828847873,
    "160": 555663.695868929,
    "161": 683619.2641841775,
    "162": 494457.89336954185,
    "163": 190033.6586704437,
    "164": 1065641.0108547867,
    "165": 764040.9181536152,
    "166": 539863.8380791338,
    "167": 617470.1872569587,
    "168": 646202.8511898993,
    "169": 535729.0904611935,
    "170": 592057.8860148868,
    "171": 599266.7980750533,
    "172": 312616.4666107717,
    "173": 740800.1516071681,
    "174": 765006.8081625514,
    "175": 573795.1078344362,
    "176": 61356.794661891385,
    "177": 360762.29673588206,
    "178": 96804.4887107231,
    "179": 505509.7073658082,
    "180": 237651.94229882924,
    "181": 560496.7801346807,
    "182": 60014.42902612741,
    "183": 601080.9291849382,
    "184": 276310.20994398405,
    "185": 333463.23923725163,
    "186": 1204095.6141370242,
    "187": 550925.0550038813,
    "188": 389077.9629661428,
    "189": 326052.3893397508,
    "190": 763963.5402599565,
    "191": 708279.121981559,
    "192": 831667.7039952158,
    "193": 476939.5145336442,
    "194": 203045.266051552,
    "195": 867422.4289537141,
    "196": 405143.7051758784,
    "197": 512121.5985883248,
    "198": 298497.7546310825,
    "199": 705613.40720477,
    "200": 464780.62683788844,
    "201": 455297.1914441281,
    "202": 402082.2367698671,
    "203": 236692.45658767302,
    "204": 897464.3809460856,
    "205": 673883.5917343687,
    "206": 228433.44387228577,
    "207": 169657.4320305842,
    "208": 265741.1512864599,
    "209": 385705.5499983013,
    "210": 666308.936470507,
    "211": 544219.8737618291,
    "212": 548751.4671279283,
    "213": 259189.64555555227,
    "214": 649599.6580915698,
    "215": 559974.9754435726,
    "216": 844238.9282130742,
    "217": 616545.3755778882,
    "218": 275316.98804833397,
    "219": 464586.5715179701,
    "220": 355247.1645593937,
    "221": 634366.6551441004,
    "222": 295891.47041618987,
    "223": 521467.79107031145,
    "224": 342465.457435667,
    "225": 342229.00333410356,
    "226": 142496.91257789207,
    "227": 239631.90236983844,
    "228": 162714.75407842634,
    "229": 532797.657860011,
    "230": 761356.9361715643,
    "231": 542619.9259456414,
    "232": 644099.4673421412,
    "233": 324793.0998059375,
    "234": 543716.1905613828,
    "235": 458903.24938054197,
    "236": 256063.8063719362,
    "237": 1089519.03204907,
    "238": 79964.45037547131,
    "239": 597804.7385846867,
    "240": 593324.1825797556,
    "241": 503355.1812924343,
    "242": 548921.2252660784,
    "243": 416875.74699891795,
    "244": 416293.88954482105,
    "245": 337802.5591110222,
    "246": 558829.2027564076,
    "247": 261495.02608231432,
    "248": 415529.61507980234,
    "249": 328612.4177919841,
    "250": 735399.3296635296,
    "251": 689885.2123665964,
    "252": 479105.01952909393,
    "253": 461477.320764935,
    "254": 1096534.3282360018,
    "255": 226524.82199319924,
    "256": 138032.54026369035,
    "257": 315990.98812909046,
    "258": 266828.478391074,
    "259": 328568.7480033369,
    "260": 193061.9703206077,
    "261": 731257.4550339133,
    "262": 581635.7463520677,
    "263": 208729.23842285416,
    "264": 703379.4704089506,
    "265": 722306.573005172,
    "266": 565358.1500058965,
    "267": 455438.5167482331,
    "268": 844339.2614087372,