{
    "1": 10964.134554735281,
    "2": 9664.798929942233,
    "3": 8293.920250424791,
    "4": 6343.571829554824,
    "5": 5186.659496170125,
    "6": 12240.400114331753,
    "7": 6159.651709314994,
    "8": 11112.23753767142,
    "9": 6596.844559857237,
    "10": 7748.663651322523,
    "11": 9833.233159001215,
    "12": 3917.531776934281,
    "13": 5968.894671463771,
    "14": 8927.820646310773,
    "15": 4012.4428364148275,
    "16": 6474.225001323864,
    "17": 5836.360779785939,
    "18": 13454.658075719228,
    "19": 15073.016306299936,
    "20": 5696.338576624462,
    "21": 6894.20510934434,
    "22": 12410.282028766835,
    "23": 9275.40636972953,
    "24": 16161.313221759658,
    "25": 1980.0947396379675,
    "26": 4824.605537727009,
    "27": 4182.966625243698,
    "28": 7904.755597256827,
    "29": 13727.603057954551,
    "30": 6752.5041636340065,
    "31": 2702.2645573958553,
    "32": 9202.725483463053,
    "33": 14612.98207787834,
    "34": 1430.1903628081366,
    "35": 8461.352000996776,
    "36": 3550.8350901086255,
    "37": 9615.165089185131,
    "38": 2780.662289085055,
    "39": 5368.589159034579,
    "40": 9580.154275519119,
    "41": 11529.516868091852,
    "42": 5942.535931425165,
    "43": 6558.113763866373,
    "44": 9743.492708664311,
    "45": 4799.951042439316,
    "46": 8736.935930893986,
    "47": 16471.50681687076,
    "48": 13697.66316860434,
    "49": 7028.728595856138,
    "50": 10707.0174526018,
    "51": 4699.693626733315,
    "52": 9206.708492094813,
    "53": 2517.18209264922,
    "54": 10298.119767993849,
    "55": 4898.979208218098,
    "56": 16793.677918217483,
    "57": 6239.387295492445,
    "58": 7269.769109942349,
    "59": 10319.308470835686,
    "60": 8217.043980150725,
    "61": 7292.537799719999,
    "62": 6998.263327488161,
    "63": 10345.0917049197,
    "64": 3146.3279661699976,
    "65": 9761.308061639333,
    "66": 4676.694492128224,
    "67": 13492.725280297536,
    "68": 2249.646002093231,
    "69": 5028.539324057354,
    "70": 3314.7005254084543,
    "71": 8558.251297314615,
    "72": 10880.286994370037,
    "73": 9703.84572523707,
    "74": 3759.7134349800403,
    "75": 8472.090755758056,
    "76": 5550.372467215529,
    "77": 4087.4476276209307,
    "78": 9468.28404822777,
    "79": 13062.105500616386,
    "80": 7376.834406693052,
    "81": 10702.190868228254,
    "82": 7966.089429355018,
    "83": 10066.24637050731,
    "84": 8633.19658850453,
    "85": 10788.856180326238,
    "86": 4833.071168548885,
    "87": 6978.345979334593,
    "88": 8667.289567694404,
    "89": 7217.527835268755,
    "90": 3657.480826458604,
    "91": 1524.6873044151419,
    "92": 8243.804010061483,
    "93": 21781.59622423385,
    "94": 5141.12823696021,
    "95": 13420.88415322946,
    "96": 16875.526699756127,
    "97": 11534.889631183187,
    "98": 11653.826860584782,
    "99": 4660.03019465422,
    "100": 1065.6852265025443,
    "101": 11504.247690232665,
    "102": 2551.2206240120486,
    "103": 7107.773564432474,
    "104": 15094.93760337089,
    "105": 1794.7485215049846,
    "106": 9092.25622315948,
    "107": 8719.289615606422,
    "108": 6859.261092572562,
    "109": 8814.409864077003,
    "110": 4389.55666071462,
    "111": 11016.00540410151,
    "112": 8804.68494887031,
    "113": 11538.102172122179,
    "114": 7843.194553393594,
    "115": 5683.274982371093,
    "116": 3760.417907246438,
    "117": 11876.888168136049,
    "118": 4779.956092566383,
    "119": 7100.102578053843,
    "120": 8016.163159308214,
    "121": 9887.42556850465,
    "122": 4885.435571230851,
    "123": 21271.773459566244,
    "124": 11201.140661871528,
    "125": 12271.511085506036,
    "126": 5071.416759186305,
    "127": 7657.336323198496,
    "128": 12763.22318902162,
    "129": 3716.4593456847606,
    "130": 13046.258455455758,
    "131": 9748.59706344033,
    "132": 7990.822014052037,
    "133": 7842.928839987748,
    "134": 14627.825873110325,
    "135": 5757.190477399831,
    "136": 9523.631285655722,
    "137": 5896.76525646022,
    "138": 8935.984649067786,
    "139": 13019.889041535025,
    "140": 6364.787687298608,
    "141": 4549.623312972299,
    "142": 10398.426788891758,
    "143": 15317.075025032585,
    "144": 3902.9441611711836,
    "145": 7660.657522122375,
    "146": 16028.679319180406,
    "147": 9615.605190528908,
    "148": 7620.0901622465535,
    "149": 5694.795513129726,
    "150": 7069.522382645395,
    "151": 5993.435465382762,
    "152": 6118.218705371238,
    "153": 17076.05562403193,
    "154": 1664.1301465356437,
    "155": 12703.77950052526,
    "156": 7994.788132330234,
    "157": 11264.568900351898,
    "158": 7771.831484222719,
    "159": 2614.0048351895575,
    "160": 3287.6163224356,
    "161": 6806.496534275043,
    "162": 9221.002162338515,
    "163": 6468.711051967053,
    "164": 6797.6714485256,
    "165": 3211.844340214976,
    "166": 7590.863130997982,
    "167": 2857.0599756022566,
    "168": 6073.798400658899,
    "169": 4407.212266184023,
    "170": 1873.7949673153178,
    "171": 19093.920046541043,
    "172": 4872.903199186412,
    "173": 7741.141597800498,
    "174": 11205.95531641651,
    "175": 2698.5815597073133,
    "176": 8370.424720139541,
    "177": 5426.982418919273,
    "178": 1262.1208700780185,
    "179": 2930.252334055492,
    "180": 7786.922799459926,
    "181": 8243.604955482224,
    "182": 12075.149657276223,
    "183": 6297.963887898128,
    "184": 8829.015868472507,
    "185": 4850.11922099171,
    "186": 8404.900191509696,
    "187": 11984.523021205176,
    "188": 10759.362282452461,
    "189": 9101.74861494482,
    "190": 10656.048666491046
}