{
    "1": 5431.989278268631,
    "2": 7496.100591135321,
    "3": 4871.767422965653,
    "4": 13597.612828631578,
    "5": 6386.294999624724,
    "6": 8362.459077463966,
    "7": 4710.886721840649,
    "8": 11395.092195424806,
    "9": 5200.1990205794,
    "10": 5499.2736773046345,
    "11": 5553.687498056116,
    "12": 1346.8320811508825,
    "13": 2203.217036734652,
    "14": 6121.972649846707,
    "15": 2202.212133640632,
    "16": 5537.49410808523,
    "17": 2185.454714077187,
    "18": 2856.4291317830625,
    "19": 3873.408736519144,
    "20": 19426.935655219368,
    "21": 1396.026828527886,
    "22": 6359.386933218443,
    "23": 4170.305959894401,
    "24": 3619.7535508462956,
    "25": 3346.01625918218,
    "26": 6249.167226384822,
    "27": 4142.911979404812,
    "28": 4382.536391192086,
    "29": 3932.137977201409,
    "30": 3256.900649111976,
    "31": 7175.872557408066,
    "32": 11520.086813988099,
    "33": 2445.311322006539,
    "34": 1710.2739351892471,
    "35": 2374.2980172156076,
    "36": 11442.611604074196,
    "37": 7073.637379650351,
    "38": 9394.666904407775,
    "39": 2839.3331102692664,
    "40": 330.9949110766182,
    "41": 6184.03139126821,
    "42": 11041.280732318446,
    "43": 5973.851394212715,
    "44": 2591.4445961363995,
    "45": 6412.712876004605,
    "46": 10670.546782741378,
    "47": 9508.088357389806,
    "48": 7916.511481392942,
    "49": 8901.384660376914,
    "50": 5128.822213072677,
    "51": 4850.0821072143535,
    "52": 3572.450708544556,
    "53": 4725.439272824542,
    "54": 2841.124702465927,
    "55": 3417.160394586237,
    "56": 4640.259532944465,
    "57": 11787.824647290638,
    "58": 11060.94132952322,
    "59": 15135.50347054933,
    "60": 2135.701406507488,
    "61": 7774.547813391997,
    "62": 3524.0964637124775,
    "63": 2475.937184755403,
    "64": 12146.2706509358,
    "65": 4522.776565256683,
    "66": 2295.6130467766584,
    "67": 2650.599563169986,
    "68": 5371.5494690849255,
    "69": 3375.973512378311,
    "70": 4137.166964293594,
    "71": 5022.984744355629,
    "72": 4476.0051222725415,
    "73": 2629.7468749513537,
    "74": 2415.7435764589245,
    "75": 9541.02012124639,
    "76": 14488.85404300835,
    "77": 9943.414220610182,
    "78": 12601.853322278797,
    "79": 5369.630180075176,
    "80": 2369.4597479299855,
    "81": 3214.3599035597517,
    "82": 5298.339565088777,
    "83": 3201.9842621142443,
    "84": 9040.157735450555,
    "85": 7594.923357487069,
    "86": 2265.691269176044,
    "87": 2728.9129894668367,
    "88": 17397.74553103626,
    "89": 1328.907539041108,
    "90": 1684.6527994679316,
    "91": 1328.53491920188,
    "92": 12785.136471411872,
    "93": 11397.439866742983,
    "94": 5688.869176436028,
    "95": 6798.109093597323,
    "96": 3433.364214547747,
    "97": 4798.883230162834,
    "98": 5168.075693497451,
    "99": 4481.371373070745,
    "100": 5458.8397799620125,
    "101": 3850.7988558281604,
    "102": 15371.509729604746,
    "103": 10074.428558030666,
    "104": 5312.459622838717,
    "105": 4807.167777361455,
    "106": 7631.68788306556,
    "107": 10098.402164762292,
    "108": 441.12310122757265,
    "109": 3074.7718294983456,
    "110": 3973.3775774034643,
    "111": 5374.919208396881,
    "112": 5923.658937388835,
    "113": 8318.521585916595,
    "114": 4151.047910129757,
    "115": 4556.674227912899,
    "116": 4239.814102189925,
    "117": 1089.088448348415,
    "118": 2369.3138268236753,
    "119": 10610.305737233706,
    "120": 7873.395861213048,
    "121": 11883.04549702254,
    "122": 8676.28586164906,
    "123": 7813.934798491063,
    "124": 16690.616143469695,
    "125": 2638.5876807346244,
    "126": 5761.475370287792,
    "127": 10476.145028047778,
    "128": 2305.1220292513913,
    "129": 5746.024678160369,
    "130": 7565.84291936428,
    "131": 1760.2800863569826,
    "132": 7213.668053418709,
    "133": 5154.904611878769,
    "134": 2113.522622787221,
    "135": 4308.887337645653,
    "136": 3300.2085556916045,
    "137": 5527.348000562379,
    "138": 8712.060736236564,
    "139": 3113.6260396986154,
    "140": 6664.375656381018,
    "141": 9174.682763244477,
    "142": 9322.578171670986,
    "143": 7184.700970714772,
    "144": 4505.50908200228,
    "145": 2155.0100233565295,
    "146": 6857.214725331769,
    "147": 2359.9369888284955,
    "148": 6243.604374066507,
    "149": 5956.177083611884,
    "150": 2992.573818215197,
    "151": 8385.18179931111,
    "152": 6535.200758627356,
    "153": 3828.1342995695545,
    "154": 3648.0499042982356,
    "155": 5551.688417824725,
    "156": 3018.7020919282877,
    "157": 6158.753755914448,
    "158": 6223.898108351986,
    "159": 9705.19068280277,
    "160": 11196.068945266521,
    "161": 6510.5968727697455,
    "162": 5792.505740246511,
    "163": 4594.654014633048,
    "164": 9916.53781277117,
    "165": 2294.4868655849496,
    "166": 3525.6650289155127,
    "167": 4809.3444478391475,
    "168": 6465.058662778037,
    "169": 4721.263748192163,
    "170": 6039.873942809065,
    "171": 1585.9148636912978,
    "172": 4747.594233488753,
    "173": 6500.239436470322,
    "174": 6630.952616936477,
    "175": 1848.3429219175775,
    "176": 9801.010955731472,
    "177": 3992.583348451506,
    "178": 3690.2698709801302,
    "179": 3647.432468861232,
    "180": 8762.51082717125,
    "181": 7627.998712147951,
    "182": 2569.3191200993383,
    "183": 8306.988581496102,
    "184": 6445.364411569423,
    "185": 4908.024641819287,
    "186": 8154.276450270874,
    "187": 4000.7407553953944,
    "188": 6669.815658094941,
    "189": 4064.0028960235445,
    "190": 6221.317744496458,
    "191": 7504.940588494425,
    "192": 11808.364070311454,
    "193": 5266.33388130107,
    "194": 6063.732161491499,
    "195": 2676.1678998852913,
    "196": 3012.813137055758,
    "197": 6003.523406170863,
    "198": 2439.3554279894583,
    "199": 1692.2418086143118,
    "200": 3733.1601604520833,
    "201": 7564.635960127152,
    "202": 4315.587931363987,
    "203": 2332.380178835203,
    "204": 4330.995331804002,
    "205": 4601.077928970984,
    "206": 10799.876334408866,
    "207": 4156.660197100749,
    "208": 5970.228823769254,
    "209": 4711.517929636741,
    "210": 4593.7486447235615,
    "211": 9435.854346628097,
    "212": 13775.650726643777,
    "213": 6494.175887680325,
    "214": 2436.3866380284085,
    "215": 6053.3113369463,
    "216": 5917.694161482724,
    "217": 5344.845186339816,
    "218": 13410.092069044522,
    "219": 8010.097043910262,
    "220": 4638.266508020538,
    "221": 4670.998370697374,
    "222": 12831.827436722579,
    "223": 4169.579214751399,
    "224": 7976.663481387943,
    "225": 4604.962662300222,
    "226": 7656.217970966966,
    "227": 6666.907531419639,
    "228": 7619.980808984807,
    "229": 12199.651018328326,
    "230": 7217.497549783442,
    "231": 6440.873765566055,
    "232": 3216.478829603088,
    "233": 11472.640120879201,
    "234": 5452.203085370872,
    "235": 5509.847353775722,
    "236": 4138.515994163477,
    "237": 8920.771046365704,
    "238": 8724.78030168216,
    "239": 2556.6052454139294,
    "240": 3854.0327300250406,
    "241": 3894.221071649027,
    "242": 2547.435945989234,
    "243": 4569.995107532663,
    "244": 10913.268536236346,
    "245": 10812.142620422002,
    "246": 4799.351472540418,
    "247": 10066.20754753942,
    "248": 8203.828461744068,
    "249": 3771.793853602102,
    "250": 1942.0051214357702,
    "251": 7004.417850953199,
    "252": 5101.080735823574,
    "253": 16011.506051620889,
    "254": 4667.127857052453,
    "255": 3135.4921969376924,
    "256": 4344.4799557192155,
    "257": 9322.879330870905,
    "258": 1934.8619832062768,
    "259": 8930.439884583871,
    "260": 9265.454634471685,
    "261": 5936.037709470562,
    "262": 4817.00262765417,
    "263": 1370.0467373341219,
    "264": 4440.912386934706,
    "265": 8104.817395993879,
    "266": 11669.784283217643,
    "267": 1986.5980263563943,