{
    "1": 938888.8201168944,
    "2": 387441.83485346317,
    "3": 604456.251780238,
    "4": 169864.71755984944,
    "5": 979519.9328982014,
    "6": 365769.9610238976,
    "7": 286080.83567827696,
    "8": 393015.91674167366,
    "9": 270914.8483410621,
    "10": 336485.1498939784,
    "11": 530358.7265781575,
    "12": 357212.6350043559,
    "13": 672780.0267917633,
    "14": 140288.44040138347,
    "15": 913539.8192310056,
    "16": 551391.4841329143,
    "17": 868167.241472405,
    "18": 357216.5339674924,
    "19": 393708.06005388027,
    "20": 147703.32440586408,
    "21": 493193.7440466337,
    "22": 731637.9957510423,
    "23": 529742.2794135372,
    "24": 455226.42156622506,
    "25": 762687.1973965847,
    "26": 1039080.4996560155,
    "27": 319160.2034809729,
    "28": 677870.9326050858,
    "29": 89356.72088651931,
    "30": 480842.0831824406,
    "31": 575992.1895253101,
    "32": 412654.24176001514,
    "33": 259026.09548517704,
    "34": 462274.482427968,
    "35": 560557.6052961494,
    "36": 412547.8969949531,
    "37": 600729.1703354598,
    "38": 219661.66126958624,
    "39": 273781.52430254983,
    "40": 521207.3783237149,
    "41": 545072.3000008045,
    "42": 372869.1860421676,
    "43": 842314.0363383236,
    "44": 149236.0083852725,
    "45": 136368.65677401557,
    "46": 310498.2829535148,
    "47": 397722.4924337685,
    "48": 323857.09954564477,
    "49": 352452.1805708662,
    "50": 692538.5204685115,
    "51": 254178.18994768907,
    "52": 1003234.9019929176,
    "53": 362174.5075318706,
    "54": 299587.224725093,
    "55": 599679.7931597179,
    "56": 285542.3852947912,
    "57": 229675.94267747193,
    "58": 425178.41498506936,
    "59": 928400.1279568598,
    "60": 186382.54400135306,
    "61": 356908.6091959384,
    "62": 352722.69469826756,
    "63": 1412143.5094762887,
    "64": 564602.3318784429,
    "65": 413054.13051974034,
    "66": 300854.65545281675,
    "67": 908814.4434975192,
    "68": 393187.55832544947,
    "69": 440421.9437528794,
    "70": 1088933.7733046804,
    "71": 750231.5264544068,
    "72": 618229.0075374192,
    "73": 280987.2259529948,
    "74": 227832.5037986961,
    "75": 918347.8831399513,
    "76": 431004.7893038161,
    "77": 462147.22253581183,
    "78": 178514.2424536057,
    "79": 304075.2294232396,
    "80": 820485.107117055,
    "81": 657639.2616247073,
    "82": 305514.1064318861,
    "83": 1013636.9369499551,
    "84": 565730.0090193407,
    "85": 385331.431237769,
    "86": 532683.2428874547,
    "87": 585541.1294320407,
    "88": 303582.6125894155,
    "89": 163881.27636817913,
    "90": 326565.14658603567,
    "91": 458002.54655168456,
    "92": 216564.58235233833,
    "93": 802565.470642724,
    "94": 900396.0037159944,
    "95": 339368.1210316811,
    "96": 427451.79553802335,
    "97": 681708.272222708,
    "98": 329515.6969568718,
    "99": 360322.43228449463,
    "100": 1087576.6182210748,
    "101": 369043.3766433616,
    "102": 971224.4380385615,
    "103": 455658.1666232055,
    "104": 729762.1806692783,
    "105": 262087.88648696803,
    "106": 541949.0943352729,
    "107": 302907.0942962571,
    "108": 804939.750748718,
    "109": 691349.1700376556,
    "110": 501503.71789586276,
    "111": 233967.93476769916,
    "112": 225654.1883953588,
    "113": 300323.5430935277,
    "114": 177526.63537455167,
    "115": 203156.23624633538,
    "116": 536048.0892758542,
    "117": 265800.5983964441,
    "118": 1144792.0891132818,
    "119": 479333.2281139067,
    "120": 99545.34749775555,
    "121": 68726.65188313696,
    "122": 592186.7860120267,
    "123": 996955.7353262882,
    "124": 949113.056411555,
    "125": 497017.0763176444,
    "126": 811531.9915545436,
    "127": 524735.596352907,
    "128": 940427.911668663,
    "129": 695640.7456660293,
    "130": 331109.9960442481,
    "131": 849743.7967953455,
    "132": 434500.51921856054,
    "133": 688252.6542074115,
    "134": 323040.02622011554,
    "135": 799571.3717734771,
    "136": 285911.51750974485,
    "137": 425619.63479101757,
    "138": 454173.86041237146,
    "139": 343645.02494516835,
    "140": 257389.83883701335,
    "141": 711864.8006634257,
    "142": 445260.3701272865,
    "143": 91441.06442313784,
    "144": 441600.4182413935,
    "145": 369084.24254232075,
    "146": 169945.6676611614,
    "147": 361450.0429621956,
    "148": 251782.7540527809,
    "149": 722050.1807163485,
    "150": 684979.751553663,
    "151": 447583.07454366464,
    "152": 442792.83460969385,
    "153": 980049.127552177,
    "154": 397176.42503062164,
    "155": 400210.366323154,
    "156": 229224.57898063274,
    "157": 150902.3575988449,
    "158": 410514.2196866626,
    "159": 332105.457972902,
    "160": 647912.5669376871,
    "161": 808504.9302502141,
    "162": 411165.611693299,
    "163": 905347.663931917,
    "164": 295144.6436211355,
    "165": 438256.2706858136,
    "166": 563791.9034922424,
    "167": 268528.13484491955,
    "168": 642039.3628658504,
    "169": 414403.08153628244,
    "170": 451818.1714819644,
    "171": 606690.2164035726,
    "172": 573910.5015183208,
    "173": 397884.91382120864,
    "174": 206590.13727258917,
    "175": 967957.569270226,
    "176": 304980.59169446025,
    "177": 592867.7710699484,
    "178": 385423.3319288722,
    "179": 306578.84011359373,
    "180": 486122.5964957622,
    "181": 186953.652552999,
    "182": 607519.1157748223,
    "183": 78372.65920418742,
    "184": 314862.94567760656,
    "185": 877694.1254855511,
    "186": 558825.7175408178,
    "187": 447865.92216873646,
    "188": 255760.08558737044,
    "189": 498315.8060261855,
    "190": 487177.33527862834,
    "191": 784983.9359263167,
    "192": 748662.1108161568,
    "193": 162850.72045811496,
    "194": 530954.4942587736,
    "195": 423585.9036957927,
    "196": 323815.05412598804,
    "197": 559767.348218244,
    "198": 495888.7222036676,
    "199": 311034.1512892454,
    "200": 421502.06023375015,
    "201": 554633.1945533644,
    "202": 661353.6105737861,
    "203": 250566.8149958903,
    "204": 440359.6727817258,
    "205": 423185.18500378815,
    "206": 425097.4067925958,
    "207": 456372.74858877645,
    "208": 928114.3198857304,
    "209": 784137.8473358582,
    "210": 398291.9152927038,
    "211": 428204.93361993926,
    "212": 637691.604623205,
    "213": 668340.19770267,
    "214": 596845.2730901829,
    "215": 728834.581581925,
    "216": 284525.6907181708,
    "217": 233098.84027301145,
    "218": 999421.3722369608,
    "219": 596504.5272186141,
    "220": 467020.32356430596,
    "221": 534557.7146773095,
    "222": 374966.333584515,
    "223": 265494.2435792489,
    "224": 473301.5298529191,
    "225": 370641.35693582415,
    "226": 320025.6372072637,
    "227": 266642.112018331,
    "228": 301998.6058214826,
    "229": 1122390.2018761477,
    "230": 684286.1882378495,
    "231": 131608.4638790188,
    "232": 613156.4616425686,
    "233": 898726.7383754111,
    "234": 449426.2905949231,
    "235": 422744.8708073308,
    "236": 413255.84807907906,
    "237": 485321.1405009999,
    "238": 455803.74985670106,
    "239": 464462.55294725345,
    "240": 228008.34883057178,
    "241": 325829.37405104167,
    "242": 634034.1019855585,
    "243": 221935.08009678667,
    "244": 416611.6885557166,
    "245": 471589.9094723107,
    "246": 984114.0467587633,
    "247": 513301.7049396692,
    "248": 711506.6036095789,
    "249": 618544.1922141298,
    "250": 171251.23988061154,
    "251": 302963.3687870161,
    "252": 601782.7457049078,
    "253": 293086.4743936371,
    "254": 355559.77362736786,
    "255": 253790.90952932055,
    "256": 339639.3136176321,
    "257": 241231.3455144744,
    "258": 391316.38988762215,
    "259": 544883.3992969649,
    "260": 580207.7769933827,
    "261": 695311.9740441077,
    "262": 438703.60426349466,
    "263": 418133.7070253755,
    "264": 288635.1235151862,
    "265": 275593.39299982216,
    "266": 110572.06556583173,
    "267": 622667.1136638132,
    "268": 493665.48239050154,