{
    "1": 5810.51494349756,
    "2": 3905.8224671816556,
    "3": 9283.469974168484,
    "4": 8194.869076120927,
    "5": 6703.7289183869425,
    "6": 16574.63384299828,
    "7": 6095.242287247002,
    "8": 8913.506959658514,
    "9": 6666.502767747789,
    "10": 7900.934330525712,
    "11": 3220.6209736411074,
    "12": 8930.193298913404,
    "13": 14215.505044840833,
    "14": 3816.1464725194487,
    "15": 14350.368471378168,
    "16": 1320.5669150575247,
    "17": 5172.0345840788195,
    "18": 12464.54769003153,
    "19": 4177.816029945343,
    "20": 4072.485271550314,
    "21": 6321.231402633216,
    "22": 11609.797538159055,
    "23": 14299.221122273315,
    "24": 5885.837517461634,
    "25": 4732.875259285871,
    "26": 7794.876578637135,
    "27": 6027.861641911179,
    "28": 3995.0786948242967,
    "29": 12398.045786110426,
    "30": 10049.619940343491,
    "31": 8967.514887433288,
    "32": 2089.6657195838347,
    "33": 6197.553185100728,
    "34": 20969.416431423775,
    "35": 8181.277604783811,
    "36": 10323.147993380422,
    "37": 6686.178076390851,
    "38": 7710.79289772194,
    "39": 6839.400932329397,
    "40": 6267.286827514117,
    "41": 6705.610924581398,
    "42": 4886.111308728933,
    "43": 5820.261799587551,
    "44": 10674.212284680465,
    "45": 10133.634059872695,
    "46": 2387.4742820317533,
    "47": 7627.481697962551,
    "48": 5045.327166466226,
    "49": 15451.258640333275,
    "50": 2579.2213352327053,
    "51": 7220.469843269088,
    "52": 7522.10086513018,
    "53": 5603.0201579883515,
    "54": 11445.021408602293,
    "55": 5257.8781682988065,
    "56": 3926.7911817818112,
    "57": 5631.272388501745,
    "58": 8083.327892814496,
    "59": 5873.689021039814,
    "60": 4238.955828336369,
    "61": 8016.215817062866,
    "62": 12073.836541135624,
    "63": 5806.55682628476,
    "64": 9233.37918022065,
    "65": 7673.901445926744,
    "66": 18058.86877270047,
    "67": 5320.555951723303,
    "68": 516.2424036065929,
    "69": 12088.637750755675,
    "70": 5737.347173172243,
    "71": 12417.468823626943,
    "72": 12488.58438449432,
    "73": 8508.457485781548,
    "74": 16769.13946692798,
    "75": 10706.50107741532,
    "76": 4937.1640527545815,
    "77": 9758.909716849588,
    "78": 2337.3332724665024,
    "79": 4822.720831033982,
    "80": 7756.55536764174,
    "81": 2342.15144801953,
    "82": 6790.939978946396,
    "83": 14962.67833258622,
    "84": 18794.889129202245,
    "85": 3410.9007236095713,
    "86": 8896.591488784801,
    "87": 9568.192135972307,
    "88": 9054.283937954437,
    "89": 3255.976625013551,
    "90": 18520.209476867385,
    "91": 6911.42584522665,
    "92": 3086.225160894932,
    "93": 8021.131062134417,
    "94": 10432.023828837831,
    "95": 1459.032642066714,
    "96": 6795.29286274332,
    "97": 14581.808970599866,
    "98": 7839.307719478631,
    "99": 7628.523442496757,
    "100": 9915.3174472369,
    "101": 12654.69549852311,
    "102": 15482.630883003038,
    "103": 7597.327010635071,
    "104": 16754.80896762588,
    "105": 7240.081748429091,
    "106": 1803.736059263886,
    "107": 7877.785904441417,
    "108": 3424.5197102847246,
    "109": 14623.318712075317,
    "110": 6496.3776506949125,
    "111": 6346.217644593323,
    "112": 10641.421693844697,
    "113": 3514.9586293534057,
    "114": 10456.485339714782,
    "115": 6704.613613035551,
    "116": 14683.777683020271,
    "117": 5713.332803201714,
    "118": 10297.965176918753,
    "119": 12700.807274618908,
    "120": 4369.0502832281945,
    "121": 6810.976201634295,
    "122": 7469.616093913313,
    "123": 7229.026477671617,
    "124": 2981.268432377351,
    "125": 10308.802482092833,
    "126": 1386.6375433789813,
    "127": 11664.567715086732,
    "128": 7673.687727238754,
    "129": 3963.2689608636165,
    "130": 13380.2204520234,
    "131": 17556.2126301693,
    "132": 4439.217948407656,
    "133": 14544.807231993645,
    "134": 3775.5015831942974,
    "135": 4838.856332234256,
    "136": 3379.493447292095,
    "137": 13308.440211115087,
    "138": 10338.313745154886,
    "139": 8701.89950441703,
    "140": 10687.741658171035,
    "141": 4886.620694404813,
    "142": 7732.3635728054105,
    "143": 10420.427977829962,
    "144": 14574.461314152122,
    "145": 5349.518343806713,
    "146": 5086.2481166585585,
    "147": 17609.738512420936,
    "148": 3359.963909987826,
    "149": 7765.267022142735,
    "150": 9371.0118253618,
    "151": 10527.347341677905,
    "152": 15590.46501656624,
    "153": 4066.2046519910004,
    "154": 17053.250215060154,
    "155": 7554.918521529249,
    "156": 11082.41861004721,
    "157": 4880.6274491053455,
    "158": 5453.312212532279,
    "159": 7905.390275780523,
    "160": 9294.341474507508,
    "161": 5458.991465929303,
    "162": 9177.011699010203,
    "163": 5611.053343999948,
    "164": 12366.816988638535,
    "165": 6105.414264405151,
    "166": 9439.273614094796,
    "167": 8676.806746456388,
    "168": 3450.8337034563915,
    "169": 8052.831209869215,
    "170": 4664.382549406688,
    "171": 15442.437324185368,
    "172": 5955.801802576135,
    "173": 12720.554169171608,
    "174": 9186.73605625855,
    "175": 8259.937123093023,
    "176": 5893.079148081421,
    "177": 15944.100337459995,
    "178": 19009.582231635624,
    "179": 6387.157836243278,
    "180": 6410.085848250986,
    "181": 6225.908773207002,
    "182": 4757.672106347706,
    "183": 10089.252721335546,
    "184": 2061.373761011315,
    "185": 9334.702473679545,
    "186": 5636.073948770688,
    "187": 11992.265995834234,
    "188": 20431.265816020914,
    "189": 7294.243626209713,
    "190": 22030.232337934067
}