{
    "1": 544982.7131060818,
    "2": 308807.133580161,
    "3": 890644.6373065918,
    "4": 95896.54532248453,
    "5": 500172.54348833347,
    "6": 383591.85250469705,
    "7": 370467.6807118138,
    "8": 348932.57719080034,
    "9": 260331.05783751444,
    "10": 369158.90547292307,
    "11": 367620.67284855735,
    "12": 70600.31398964854,
    "13": 1080879.2152186946,
    "14": 972006.2719471247,
    "15": 625182.4157492929,
    "16": 401643.80093337793,
    "17": 494743.5086103729,
    "18": 379621.2637555677,
    "19": 212547.93825038048,
    "20": 600338.2447380591,
    "21": 163946.5273605366,
    "22": 314858.8683498478,
    "23": 641478.2997429069,
    "24": 357709.89134119824,
    "25": 304205.4644985407,
    "26": 355915.1735522163,
    "27": 491473.6973620649,
    "28": 920353.4904736613,
    "29": 360062.36366127594,
    "30": 316493.13881927886,
    "31": 684606.2343737327,
    "32": 356122.32128618297,
    "33": 231448.64951358104,
    "34": 337502.0575887278,
    "35": 204994.8066641423,
    "36": 795845.7879387018,
    "37": 615494.6140892948,
    "38": 612320.2083788718,
    "39": 514135.36058869894,
    "40": 291658.9046175069,
    "41": 277336.71167580155,
    "42": 322225.8751215198,
    "43": 340235.88897705736,
    "44": 303642.99168994714,
    "45": 159638.02568657792,
    "46": 247614.10811068912,
    "47": 385887.0599736486,
    "48": 1087483.6090098082,
    "49": 544588.2674464246,
    "50": 181692.2581024671,
    "51": 431186.74232306716,
    "52": 455927.0316175159,
    "53": 655117.3390044811,
    "54": 465674.236850953,
    "55": 768476.4941475614,
    "56": 735822.3919812251,
    "57": 502078.4457090189,
    "58": 360083.87521295634,
    "59": 449603.31370619533,
    "60": 601763.9072746452,
    "61": 418009.01153387077,
    "62": 743280.557029913,
    "63": 664911.1866265282,
    "64": 386601.1866081761,
    "65": 567480.9594465385,
    "66": 764184.6586394337,
    "67": 404093.19800097204,
    "68": 100064.55001285566,
    "69": 399123.48892306205,
    "70": 409863.2679958182,
    "71": 250938.64143190192,
    "72": 581724.298978809,
    "73": 185313.57364693936,
    "74": 247692.62245476738,
    "75": 317507.1489021967,
    "76": 484718.86726455705,
    "77": 454273.11359778367,
    "78": 309069.81492378435,
    "79": 319757.74680195056,
    "80": 500847.39827132225,
    "81": 554101.6803086391,
    "82": 819068.4078475992,
    "83": 395879.8150179751,
    "84": 658551.5405839274,
    "85": 447899.1169667877,
    "86": 664327.6312443056,
    "87": 393548.3355732428,
    "88": 267577.744352825,
    "89": 580426.5764094532,
    "90": 1135808.8721692169,
    "91": 204664.9687855013,
    "92": 340131.2657423728,
    "93": 794598.2372823332,
    "94": 361859.21230167476,
    "95": 332779.33201622346,
    "96": 509603.571322698,
    "97": 624701.2968794844,
    "98": 324581.81034153886,
    "99": 231358.01368059678,
    "100": 297228.1535011911,
    "101": 110913.59782813065,
    "102": 281663.03695190785,
    "103": 253619.82270367222,
    "104": 416264.7401276655,
    "105": 796763.3713587745,
    "106": 343235.44256697927,
    "107": 374374.08280145464,
    "108": 577560.2474522779,
    "109": 637773.60091704,
    "110": 109910.53556473006,
    "111": 496411.83210308186,
    "112": 411851.00214482116,
    "113": 188756.38805613064,
    "114": 785128.4533120613,
    "115": 197439.43435093886,
    "116": 264556.7742797591,
    "117": 288599.4623896365,
    "118": 401731.86023924674,
    "119": 381441.0139930106,
    "120": 482548.3031337667,
    "121": 1092631.5874006792,
    "122": 287669.80579730903,
    "123": 298394.0779933178,
    "124": 546481.2233178618,
    "125": 615845.0714277636,
    "126": 945174.144012872,
    "127": 865878.8290001783,
    "128": 423142.3543634783,
    "129": 640673.2549160003,
    "130": 340322.04088939284,
    "131": 342308.773193462,
    "132": 671659.2961874511,
    "133": 288815.5011151959,
    "134": 632890.5506497045,
    "135": 437592.19101810857,
    "136": 225591.42903712607,
    "137": 190147.35793405346,
    "138": 558087.395842488,
    "139": 457789.8815483637,
    "140": 257992.07247645495,
    "141": 466114.39696048526,
    "142": 536998.4166788135,
    "143": 365107.37604336307,
    "144": 495827.50300376135,
    "145": 768326.3014109452,
    "146": 964727.591658536,
    "147": 255050.23448923155,
    "148": 628979.5675965386,
    "149": 847676.2301873409,
    "150": 526254.2178205643,
    "151": 472000.6751759684,
    "152": 189416.42924233136,
    "153": 560121.9190510747,
    "154": 220231.25523688295,
    "155": 558772.2226293198,
    "156": 302603.6060441371,
    "157": 181532.10941018845,
    "158": 88967.04868787662,
    "159": 448626.94012042123,
    "160": 238079.86298115697,
    "161": 454855.3492120485,
    "162": 429111.9889952077,
    "163": 275670.1786355176,
    "164": 865936.5121408916,
    "165": 207795.31548285208,
    "166": 115996.62072192047,
    "167": 487810.7567604185,
    "168": 325588.01490017,
    "169": 561575.4397146187,
    "170": 201444.9252844424,
    "171": 401640.1674483329,
    "172": 662905.0347233455,
    "173": 561971.7486564318,
    "174": 385057.6066921277,
    "175": 102476.28914926533,
    "176": 260999.8471034711,
    "177": 314524.66901942407,
    "178": 708853.0546934614,
    "179": 207441.36703886063,
    "180": 847752.5874664995,
    "181": 100962.4455189955,
    "182": 368099.28891955205,
    "183": 163599.22596884443,
    "184": 677484.3775642103,
    "185": 589510.9883258247,
    "186": 612591.0414684404,
    "187": 129991.64010834495,
    "188": 620414.957931065,
    "189": 463252.94384029903,
    "190": 620482.9202634325,
    "191": 671366.6519411512,
    "192": 72368.5261898897,
    "193": 363968.11892577045,
    "194": 394942.61641539144,
    "195": 501739.9537254339,
    "196": 308914.5953631343,
    "197": 202432.29282957152,
    "198": 615732.2131657602,
    "199": 422410.06397889444,
    "200": 457296.11694589374,
    "201": 249416.81660389996,
    "202": 1078692.8913066576,
    "203": 48652.1316298287,
    "204": 189229.56809927977,
    "205": 532944.1292687629,
    "206": 473829.2414920627,
    "207": 179362.12781562444,
    "208": 386452.76741187024,
    "209": 552761.9668403333,
    "210": 575229.2132648826,
    "211": 362854.362879019,
    "212": 472488.2582684829,
    "213": 381138.30064702424,
    "214": 665341.1370709362,
    "215": 305121.52530821704,
    "216": 283350.7535291631,
    "217": 283781.98513131216,
    "218": 492570.53515523934,
    "219": 363280.3246324348,
    "220": 86136.79056710875,
    "221": 177805.91817525643,
    "222": 271654.8950949666,
    "223": 467233.6794213044,
    "224": 54785.72470942749,
    "225": 816428.145045401,
    "226": 394014.8174598795,
    "227": 610011.7045728046,
    "228": 272025.5603937802,
    "229": 395742.6055448357,
    "230": 411358.1239640401,
    "231": 801659.6775987678,
    "232": 337779.14094626147,
    "233": 718849.8758698958,
    "234": 437696.9122415455,
    "235": 177399.5185270449,
    "236": 424133.03582738485,
    "237": 96522.7781494245,
    "238": 514864.1264922959,
    "239": 507090.2563525993,
    "240": 248594.45798586664,
    "241": 379197.2282045298,
    "242": 604056.2598259056,
    "243": 302086.0525548303,
    "244": 120725.8649081214,
    "245": 301711.2084906106,
    "246": 509276.72396614024,
    "247": 591443.7063685304,
    "248": 393117.6308787989,
    "249": 217545.2400996442,
    "250": 202167.4641789877,
    "251": 775333.9010153873,
    "252": 278452.59632118314,
    "253": 397179.32734488347,
    "254": 606829.2085441557,
    "255": 636288.8023506299,
    "256": 243413.87719264172,
    "257": 485596.61478123633,
    "258": 180738.4950664418,
    "259": 314848.25857528986,
    "260": 714992.132480507,
    "261": 473531.5937461392,
    "262": 472280.5099376417,
    "263": 860664.7329511711,
    "264": 164674.53107047788,
    "265": 73235.47156712147,
    "266": 839522.3774070174,
    "267": 788341.2116060535,