{
    "1": 8658.588396354122,
    "2": 5245.467015953975,
    "3": 8500.413223419375,
    "4": 3391.8701311206496,
    "5": 4724.271726685882,
    "6": 952.4472923520548,
    "7": 5806.922437812738,
    "8": 9622.877691534053,
    "9": 4265.549069199658,
    "10": 4043.977270690886,
    "11": 1974.1610783771428,
    "12": 10089.185840327174,
    "13": 14005.864563549827,
    "14": 8408.57115829216,
    "15": 2379.8937641487355,
    "16": 1362.1286690267837,
    "17": 2773.1671097834187,
    "18": 4824.107694298958,
    "19": 9034.79313327512,
    "20": 2721.199318779644,
    "21": 2244.941343275095,
    "22": 2301.1044227521706,
    "23": 8662.227233770895,
    "24": 3314.7968470356236,
    "25": 2676.3530337788593,
    "26": 8821.756251372768,
    "27": 1954.8218525422155,
    "28": 4058.566384452499,
    "29": 5101.242728860437,
    "30": 3434.8726522669267,
    "31": 4019.7019481189595,
    "32": 4752.932712481836,
    "33": 10082.54332527383,
    "34": 4282.350986800088,
    "35": 4066.7771522199405,
    "36": 15637.305182044234,
    "37": 10077.014341224032,
    "38": 4811.5894370186215,
    "39": 5916.706878979735,
    "40": 4665.06855796993,
    "41": 3948.337631630936,
    "42": 7221.774848589693,
    "43": 4453.026084401354,
    "44": 6303.426488787764,
    "45": 3359.543888727029,
    "46": 8505.002702244861,
    "47": 10706.97892418572,
    "48": 4972.730244087699,
    "49": 3762.0953795235223,
    "50": 2531.3135122586614,
    "51": 3243.9282455633715,
    "52": 7422.297571965921,
    "53": 3979.275595130284,
    "54": 2337.1066587486116,
    "55": 3990.8530926064127,
    "56": 9224.291351552625,
    "57": 2450.6821132527803,
    "58": 3280.9652444886888,
    "59": 4712.924313707062,
    "60": 1634.3180011328373,
    "61": 4626.713554385703,
    "62": 4091.6687681183184,
    "63": 4707.14231188852,
    "64": 2739.741855948059,
    "65": 1930.5192344968464,
    "66": 1457.5448393074435,
    "67": 6524.445353981914,
    "68": 15676.288830258514,
    "69": 5879.154256283263,
    "70": 1065.6284903715853,
    "71": 9140.06364146017,
    "72": 1765.2836083564257,
    "73": 4346.314811992693,
    "74": 3122.7412381460563,
    "75": 3612.6008688241363,
    "76": 3250.198325440057,
    "77": 2724.510621517245,
    "78": 19623.10810499495,
    "79": 5655.436958074416,
    "80": 3300.074533208724,
    "81": 5515.770825977456,
    "82": 9748.529634481532,
    "83": 5715.765334923087,
    "84": 11166.591866965413,
    "85": 14560.342078336658,
    "86": 6958.010818009187,
    "87": 3648.8460258629075,
    "88": 1838.5567709184986,
    "89": 1896.2610923956522,
    "90": 5079.013694643511,
    "91": 11724.87496434467,
    "92": 1391.147721285434,
    "93": 8381.445188771933,
    "94": 6810.009053880795,
    "95": 2773.7269867086343,
    "96": 4439.385155957805,
    "97": 5918.913730328573,
    "98": 8103.513083691741,
    "99": 7886.05706555043,
    "100": 4977.705569386846,
    "101": 2670.773283103294,
    "102": 12784.216171516655,
    "103": 4082.317132099023,
    "104": 1902.7845081904866,
    "105": 4262.334142616577,
    "106": 5778.339582121706,
    "107": 9475.661868255407,
    "108": 1917.4359393940217,
    "109": 2305.310440589873,
    "110": 7759.87045320829,
    "111": 12674.805397698414,
    "112": 9798.115203301502,
    "113": 7605.242270984612,
    "114": 7166.760006237968,
    "115": 4212.990010930223,
    "116": 7207.761020523535,
    "117": 10370.082972739916,
    "118": 4024.995530135554,
    "119": 3251.3963883796278,
    "120": 7450.198447255111,
    "121": 9313.610262613958,
    "122": 7612.128379694175,
    "123": 2463.036146055805,
    "124": 4953.891086427475,
    "125": 3196.222476521713,
    "126": 3653.245120807442,
    "127": 4077.6899405262943,
    "128": 4532.564794963894,
    "129": 6258.737813474058,
    "130": 3286.0597436111784,
    "131": 10141.630205948726,
    "132": 1088.2867586526452,
    "133": 3819.286568516564,
    "134": 6253.838127661325,
    "135": 2564.717382452705,
    "136": 5345.411949544898,
    "137": 849.1896251047382,
    "138": 11349.211544709187,
    "139": 13924.021633774695,
    "140": 7774.881563054209,
    "141": 599.4154484270281,
    "142": 11250.52360246396,
    "143": 11671.090880997015,
    "144": 10345.420803386301,
    "145": 2991.9766012672717,
    "146": 5214.831132706327,
    "147": 4471.369780815556,
    "148": 9328.374632544073,
    "149": 7019.767517103179,
    "150": 12741.756068241108,
    "151": 4732.4022035435355,
    "152": 10725.349184711898,
    "153": 9115.12376357461,
    "154": 6527.751890688329,
    "155": 6320.3894033919905,
    "156": 3488.103684884282,
    "157": 16324.0492549245,
    "158": 9716.977446291263,
    "159": 11697.117772095246,
    "160": 11033.288339575989,
    "161": 5430.68054568741,
    "162": 1563.6060070189583,
    "163": 9182.001500746077,
    "164": 2441.005410561829,
    "165": 983.5180600195919,
    "166": 6154.5161299006295,
    "167": 2038.7905914691278,
    "168": 6548.661045152069,
    "169": 4731.298076093683,
    "170": 7008.64627917903,
    "171": 3409.047546194942,
    "172": 5381.696595817543,
    "173": 7231.157912981422,
    "174": 2999.984386548806,
    "175": 4744.864885333832,
    "176": 6589.536251447055,
    "177": 6730.50203974153,
    "178": 2637.1218052635254,
    "179": 4080.6338054327116,
    "180": 2272.758965483417,
    "181": 8498.365094285307,
    "182": 6510.9670625978815,
    "183": 9357.703168087757,
    "184": 4409.150470347565,
    "185": 7716.600311881385,
    "186": 3902.686233416889,
    "187": 2094.1906824356433,
    "188": 2028.620680415077,
    "189": 2613.6406733227914,
    "190": 5239.250986396246,
    "191": 2810.969283371207,
    "192": 1066.654263470598,
    "193": 8028.274189468368,
    "194": 5323.004506738811,
    "195": 3877.673201031117,
    "196": 7671.47241101466,
    "197": 1814.0251732728284,
    "198": 3157.891396122586,
    "199": 6746.789724207241,
    "200": 5622.814902665709,
    "201": 3882.143605001727,
    "202": 1150.9321457487165,
    "203": 4578.761745880913,
    "204": 6675.547345969541,
    "205": 7157.590894482582,
    "206": 10156.932885487602,
    "207": 5770.742782237724,
    "208": 2758.31343895379,
    "209": 4618.545869516185,
    "210": 7785.91961131043,
    "211": 5561.70528140347,
    "212": 2465.6784878513486,
    "213": 8810.285716720373,
    "214": 4460.923604037547,
    "215": 4412.857892263377,
    "216": 3785.8546789315437,
    "217": 7312.3417402298655,
    "218": 5973.735238375651,
    "219": 6682.977736947879,
    "220": 14258.263180087508,
    "221": 4270.137389775273,
    "222": 4458.8316339977055,
    "223": 2279.8998657127004,
    "224": 5616.318464746317,
    "225": 5306.679190958769,
    "226": 1544.394479447667,
    "227": 4799.609254323405,
    "228": 3222.011811434016,
    "229": 3463.768668719346,
    "230": 7114.13889842313,
    "231": 3210.7902259524512,
    "232": 10202.786300559355,
    "233": 1819.9363778923641,
    "234": 9502.681287464542,
    "235": 3510.6183808421597,
    "236": 6498.8869942102465,
    "237": 5551.513113201116,
    "238": 2891.1742696375068,
    "239": 6803.864068708872,
    "240": 5952.600029004858,
    "241": 12422.058133013723,
    "242": 935.513919257319,
    "243": 5009.2098627882115,
    "244": 3199.158374515677,
    "245": 5074.494812627309,
    "246": 6063.946552390518,
    "247": 2201.482609520901,
    "248": 7370.069476254718,
    "249": 654.6664478157204,
    "250": 6760.453089842998,
    "251": 2677.7689119453357,
    "252": 5048.629136124898,
    "253": 7726.697959675725,
    "254": 1433.8446444849335,
    "255": 2745.791957382765,
    "256": 2610.2607239056215,
    "257": 10647.052898805632,
    "258": 17288.095488652918,
    "259": 6763.444559946345,
    "260": 6647.492557974246,
    "261": 3271.8826210267234,
    "262": 2504.878480457109,
    "263": 10792.975446529023,
    "264": 1735.8810294777554,
    "265": 4112.020267878823,
    "266": 5756.621892363093,
    "267": 5716.643158767766,