{
    "1": 5010.028109880596,
    "2": 7846.2186015247025,
    "3": 1828.9714729455277,
    "4": 2873.84731459625,
    "5": 1749.6448946645473,
    "6": 5693.99064570896,
    "7": 15282.68771438084,
    "8": 3051.4504408979237,
    "9": 6668.9964539173725,
    "10": 6891.042275795472,
    "11": 3617.431972396697,
    "12": 4896.931056857008,
    "13": 13053.954515802994,
    "14": 1249.6984845308086,
    "15": 3341.824560100311,
    "16": 1048.5940584571958,
    "17": 11078.628794353557,
    "18": 4309.874622675549,
    "19": 10060.371322512892,
    "20": 8257.86933917233,
    "21": 6701.047140582064,
    "22": 3904.551931394557,
    "23": 4967.903252570908,
    "24": 19248.452175820898,
    "25": 11343.839523703302,
    "26": 8264.250532325928,
    "27": 4855.4091495633065,
    "28": 7944.780851861069,
    "29": 5004.553286879114,
    "30": 5130.693615970197,
    "31": 1126.0837820725644,
    "32": 7081.533339887827,
    "33": 4172.2214972930815,
    "34": 12995.783324530865,
    "35": 2430.517968477035,
    "36": 2506.33594347066,
    "37": 9178.829296639833,
    "38": 5570.197902746305,
    "39": 6376.872268510739,
    "40": 11866.04115848426,
    "41": 6746.888189205775,
    "42": 2505.7964762424417,
    "43": 2794.5436332163627,
    "44": 6694.172605441673,
    "45": 1211.1807632772732,
    "46": 10977.52743521521,
    "47": 12189.352083292255,
    "48": 4727.006778331359,
    "49": 2293.5416939841552,
    "50": 7775.516718062621,
    "51": 2552.399405238907,
    "52": 10969.488911794137,
    "53": 2653.6987830419116,
    "54": 2098.360403581888,
    "55": 6394.622122234695,
    "56": 6691.175635971582,
    "57": 7305.671499050047,
    "58": 4822.778480533067,
    "59": 7571.495106682023,
    "60": 1801.1321835829526,
    "61": 9761.796838652464,
    "62": 3470.4353544921614,
    "63": 2714.8530717616613,
    "64": 6963.101253800911,
    "65": 11161.961164330216,
    "66": 8879.486311396819,
    "67": 4123.959729347204,
    "68": 4187.8424816581155,
    "69": 6224.044879813365,
    "70": 5383.127586709334,
    "71": 8425.364913556985,
    "72": 4651.506893399678,
    "73": 2887.0860720439764,
    "74": 5334.837104603171,
    "75": 6257.7727667173285,
    "76": 5108.688162067498,
    "77": 11659.004171257637,
    "78": 6715.44305781331,
    "79": 3065.6682913334457,
    "80": 3190.3903683798603,
    "81": 7634.494951365629,
    "82": 1318.7823693250969,
    "83": 8655.738263386715,
    "84": 2567.5951435337015,
    "85": 4019.0655074388715,
    "86": 3173.95208346325,
    "87": 2806.17634773165,
    "88": 6427.095244985689,
    "89": 4693.986468294753,
    "90": 5538.890021189236,
    "91": 6018.8988891528015,
    "92": 4757.862569940507,
    "93": 4464.423416053671,
    "94": 5708.808763011466,
    "95": 5063.92461706076,
    "96": 8785.178038677088,
    "97": 6727.705077656764,
    "98": 4208.11646113096,
    "99": 4139.90635645039,
    "100": 2438.9840871015144,
    "101": 12371.85973751797,
    "102": 7004.446706454155,
    "103": 2699.229236143065,
    "104": 3828.1490448421664,
    "105": 6302.366019289759,
    "106": 4767.915419704286,
    "107": 9212.61143955314,
    "108": 8696.06619447762,
    "109": 7013.3753386961835,
    "110": 8486.16370935976,
    "111": 5012.190853634614,
    "112": 2395.6576193133214,
    "113": 5082.980130749996,
    "114": 5740.496080619956,
    "115": 5420.654862186839,
    "116": 2640.1718697380948,
    "117": 2815.0395714342712,
    "118": 2906.1065853961086,
    "119": 5980.722023793651,
    "120": 2976.4767269433414,
    "121": 2203.276600118936,
    "122": 2416.4941306395103,
    "123": 4734.544039901907,
    "124": 11519.992754047003,
    "125": 2183.2365826308123,
    "126": 1633.1739368915921,
    "127": 8289.190914461115,
    "128": 5100.767124047678,
    "129": 14256.808204255542,
    "130": 8545.076373515529,
    "131": 1624.2518651662872,
    "132": 12601.458094701347,
    "133": 7835.4677496137565,
    "134": 4574.46685167714,
    "135": 4649.409034842443,
    "136": 5830.022801284269,
    "137": 3051.130515995973,
    "138": 4327.107320848908,
    "139": 3368.537540336161,
    "140": 6007.279404696551,
    "141": 9164.009769452563,
    "142": 2945.3649374578963,
    "143": 2529.380282943445,
    "144": 4177.449268292025,
    "145": 4639.890803147321,
    "146": 7290.3296897721575,
    "147": 7608.125180377838,
    "148": 5395.528555468603,
    "149": 1710.1111740268293,
    "150": 2771.814826346916,
    "151": 12750.236500499446,
    "152": 13801.65744627606,
    "153": 10125.592610879543,
    "154": 2898.5604350508715,
    "155": 1437.2019294014651,
    "156": 8339.675102335706,
    "157": 15034.411242934582,
    "158": 2609.4037856362547,
    "159": 1941.4421083963598,
    "160": 6595.270891216845,
    "161": 2536.2336536177645,
    "162": 2949.996127938704,
    "163": 2441.2790898362,
    "164": 2966.8530151917926,
    "165": 10362.77044306303,
    "166": 6127.951861955081,
    "167": 9064.24580216635,
    "168": 3663.025795270075,
    "169": 5681.234093122141,
    "170": 8526.009429048716,
    "171": 6520.518248898541,
    "172": 7222.133449059344,
    "173": 8769.726980845324,
    "174": 6292.425340228623,
    "175": 715.6183868765144,
    "176": 1729.0599748744523,
    "177": 6940.754083579696,
    "178": 6477.347071311975,
    "179": 1767.9455800035262,
    "180": 15199.603826671748,
    "181": 1647.8249828810258,
    "182": 2948.383714633959,
    "183": 3208.261800499543,
    "184": 9798.611086414398,
    "185": 4604.019622968335,
    "186": 2599.6313050939157,
    "187": 5950.261877412407,
    "188": 6448.484607025495,
    "189": 1791.7922706621414,
    "190": 13382.252613537254,
    "191": 12094.159838748015,
    "192": 10366.975772188927,
    "193": 8532.71508981428,
    "194": 14599.252176895601,
    "195": 6987.174024227243,
    "196": 5898.562517816008,
    "197": 5614.889700904805,
    "198": 1375.4508982654363,
    "199": 2824.790672538102,
    "200": 2105.9105882546155,
    "201": 8097.244940538411,
    "202": 13090.019141232926,
    "203": 9317.094857527074,
    "204": 3190.872788082121,
    "205": 2980.473650758145,
    "206": 2864.1579333379464,
    "207": 7735.0275219198,
    "208": 4967.913994478579,
    "209": 1983.5986338308676,
    "210": 12702.733650499558,
    "211": 4131.130840060682,
    "212": 5830.789549748976,
    "213": 9822.296586818928,
    "214": 6026.430992107339,
    "215": 13881.551760147331,
    "216": 14440.364788410878,
    "217": 12003.953380772318,
    "218": 2056.3555331267576,
    "219": 6766.782176467822,
    "220": 3073.1572876218943,
    "221": 9729.605322908203,
    "222": 1654.2778109742073,
    "223": 14435.130972245779,
    "224": 11463.71068406454,
    "225": 4942.262804805701,
    "226": 7778.244838731183,
    "227": 5676.406922081361,
    "228": 2787.342885757611,
    "229": 10113.520342066113,
    "230": 1962.7385749016107,
    "231": 1039.2187527395392,
    "232": 2052.5410407234103,
    "233": 7543.3402062194655,
    "234": 6476.604216446654,
    "235": 5389.955747576088,
    "236": 10802.950972037777,
    "237": 11009.468135830322,
    "238": 8054.027725937511,
    "239": 10442.613019349166,
    "240": 1822.472666290196,
    "241": 2622.7580777431035,
    "242": 6293.364290948988,
    "243": 4254.652780731735,
    "244": 5443.365515278065,
    "245": 1714.5561526840258,
    "246": 6833.304258598128,
    "247": 8037.018705822806,
    "248": 6191.8561504984655,
    "249": 6322.370508564223,
    "250": 12303.842291372743,
    "251": 2082.820027994919,
    "252": 8637.599953470874,
    "253": 2840.4377931416466,
    "254": 4368.6522655905255,
    "255": 5823.5408174149225,
    "256": 5933.30331269226,
    "257": 4657.660380016139,
    "258": 6798.555092082768,
    "259": 6430.125455770638,
    "260": 3076.5781534682806,
    "261": 10449.949176990403,
    "262": 7643.978296448872,
    "263": 9329.963979107832,
    "264": 4797.304249868185,
    "265": 2725.37957502577,
    "266": 6328.203470168776,
    "267": 2854.708584898091,