{
    "1": 7096.230760991203,
    "2": 5124.307302714702,
    "3": 5831.004465200342,
    "4": 2196.2061101121562,
    "5": 3497.0657047276322,
    "6": 2747.9874258358936,
    "7": 2677.647707405182,
    "8": 5751.317361622608,
    "9": 3412.637966940844,
    "10": 1726.184574968837,
    "11": 4896.610362741923,
    "12": 2626.3107700768446,
    "13": 3214.4215144224977,
    "14": 4046.37646937989,
    "15": 3926.7006015315483,
    "16": 5210.9716072181,
    "17": 6112.053974848179,
    "18": 2952.163019850443,
    "19": 7500.026137769519,
    "20": 3539.8584086443125,
    "21": 2734.361604970782,
    "22": 4656.319073568661,
    "23": 6375.460195141382,
    "24": 3962.338807618339,
    "25": 2609.8372264000386,
    "26": 3265.274384567985,
    "27": 2758.963053373113,
    "28": 2843.6787622891243,
    "29": 2752.337913588367,
    "30": 3614.87665709153,
    "31": 5933.017128307554,
    "32": 936.4812374611115,
    "33": 6674.083883538986,
    "34": 4180.951835956078,
    "35": 5282.817771699095,
    "36": 3698.5454323172344,
    "37": 9793.04121150318,
    "38": 7754.847932532289,
    "39": 2718.305660818244,
    "40": 6424.133398698999,
    "41": 2154.5659391502018,
    "42": 3666.512347181935,
    "43": 5701.2015816719995,
    "44": 1804.3996070862963,
    "45": 6879.285710763565,
    "46": 1571.579570551991,
    "47": 8616.226246912365,
    "48": 9212.409810282694,
    "49": 8607.491320689152,
    "50": 9260.127926599955,
    "51": 4081.182963161844,
    "52": 5264.867722343593,
    "53": 5848.4314650603155,
    "54": 7778.997363670471,
    "55": 2823.581162474788,
    "56": 3001.0711357228415,
    "57": 1330.5088201739713,
    "58": 2629.970667179715,
    "59": 7789.69819370659,
    "60": 11720.44602247635,
    "61": 10766.631429486608,
    "62": 9327.431617732405,
    "63": 5191.442378875466,
    "64": 6311.097364550406,
    "65": 5127.273178957984,
    "66": 10386.62330601418,
    "67": 5552.537375367708,
    "68": 8373.7548432668,
    "69": 6236.667824077849,
    "70": 2551.7397288169473,
    "71": 6151.830804138686,
    "72": 3578.2519572357905,
    "73": 4028.2089763932167,
    "74": 11742.399037857402,
    "75": 13920.385987318392,
    "76": 2374.2512575270794,
    "77": 3471.1254139820526,
    "78": 7219.400219666774,
    "79": 3334.3041237619223,
    "80": 5841.572826474972,
    "81": 4276.215948385051,
    "82": 3891.5314646423717,
    "83": 3916.614954990212,
    "84": 10626.151581065673,
    "85": 3838.006908672039,
    "86": 7799.836932474606,
    "87": 10936.007076816613,
    "88": 10562.537581013105,
    "89": 7616.009616244609,
    "90": 2777.9642310675486,
    "91": 6736.907101972491,
    "92": 6808.668373087415,
    "93": 11990.406580217204,
    "94": 3447.885388567346,
    "95": 7380.966603837512,
    "96": 5225.49513139874,
    "97": 8976.200176120257,
    "98": 9917.625035917288,
    "99": 8981.865798272853,
    "100": 5356.911989213311,
    "101": 2482.2098774968636,
    "102": 2972.4749296992827,
    "103": 7361.85390978248,
    "104": 1429.5730512778016,
    "105": 4133.694558625221,
    "106": 9804.075001948391,
    "107": 9074.921243802404,
    "108": 5451.4643487173835,
    "109": 10586.166874415121,
    "110": 4010.0831996600796,
    "111": 4496.048593437207,
    "112": 8167.810030282173,
    "113": 7137.679931473544,
    "114": 3852.7391343932154,
    "115": 15097.876784168662,
    "116": 2817.2856993393543,
    "117": 3626.4652334898983,
    "118": 2080.275822703292,
    "119": 8508.776551627947,
    "120": 1162.2216115952801,
    "121": 10699.980422146054,
    "122": 2123.4686742108706,
    "123": 2067.889691750694,
    "124": 1852.3465324075726,
    "125": 1890.5213688978886,
    "126": 5423.357554352561,
    "127": 14009.745151089375,
    "128": 4818.936325762729,
    "129": 11804.475659976415,
    "130": 600.070463385784,
    "131": 9599.19646546044,
    "132": 5860.164341389738,
    "133": 12848.300168134529,
    "134": 4098.192060041194,
    "135": 6737.058977635172,
    "136": 8115.293633515852,
    "137": 2403.007281776857,
    "138": 4695.577439261699,
    "139": 1062.6696033126061,
    "140": 8597.919072001507,
    "141": 8740.530748294354,
    "142": 3439.950032554999,
    "143": 7561.7485995646275,
    "144": 16769.84560501289,
    "145": 6462.874410063272,
    "146": 5160.609927969876,
    "147": 2480.1318115065565,
    "148": 2146.356634026725,
    "149": 7140.470809776057,
    "150": 8027.79295967088,
    "151": 4862.795629238366,
    "152": 2673.9045830026585,
    "153": 3301.070872982414,
    "154": 8605.742664579564,
    "155": 3951.8632144472813,
    "156": 3752.5082433679104,
    "157": 2743.250381575314,
    "158": 10453.647415307652,
    "159": 5597.879321413635,
    "160": 2921.9389405127217,
    "161": 8756.469229226472,
    "162": 6048.167132280173,
    "163": 1946.0161406002253,
    "164": 2695.8200293396158,
    "165": 5146.502859508648,
    "166": 5415.747280012763,
    "167": 6984.673273273648,
    "168": 2285.2208868222297,
    "169": 6787.145127286951,
    "170": 8875.539119294895,
    "171": 8638.06996978558,
    "172": 7456.790337478224,
    "173": 14561.444318217906,
    "174": 5075.97259794392,
    "175": 9623.611090413258,
    "176": 4109.176660197112,
    "177": 7848.82861288416,
    "178": 7820.590297684497,
    "179": 8878.767463989238,
    "180": 6042.212359164818,
    "181": 6648.498865560879,
    "182": 3619.5665869671534,
    "183": 4147.196556151216,
    "184": 7363.82051719434,
    "185": 5852.931779998989,
    "186": 11057.545998523829,
    "187": 12193.717718009157,
    "188": 6521.586228976576,
    "189": 2450.8653527500737,
    "190": 3917.0677602189976,
    "191": 14253.867783295007,
    "192": 4613.004627035788,
    "193": 3049.87809166532,
    "194": 2059.4846225712454,
    "195": 14192.551902375106,
    "196": 2650.893477081549,
    "197": 5603.246066689752,
    "198": 1423.019287480977,
    "199": 10604.733298269439,
    "200": 2910.794926000061,
    "201": 3995.075269004466,
    "202": 5154.306238820035,
    "203": 2266.042920265097,
    "204": 4044.4939980873773,
    "205": 4075.293585678888,
    "206": 4291.77983177956,
    "207": 3446.1472631355177,
    "208": 11526.274490205697,
    "209": 8155.700099675754,
    "210": 4509.784067128281,
    "211": 3869.6291445640036,
    "212": 5290.275566622115,
    "213": 2843.639264456522,
    "214": 4389.7340520556945,
    "215": 4634.271442030979,
    "216": 8354.972281924873,
    "217": 4618.775363746125,
    "218": 1120.3245552205376,
    "219": 3649.089418740352,
    "220": 3466.4751049917377,
    "221": 8263.686265423907,
    "222": 5396.706613304718,
    "223": 2682.974690105997,
    "224": 9703.094435460971,
    "225": 3551.263179309431,
    "226": 3823.302441939861,
    "227": 6716.063226826456,
    "228": 8042.0848523168725,
    "229": 3521.4352492234693,
    "230": 7243.9760423093685,
    "231": 6644.466785130117,
    "232": 8232.861460796736,
    "233": 4873.872136292041,
    "234": 2542.6257026249687,
    "235": 7747.3600881874945,
    "236": 2861.8960200995007,
    "237": 12508.992966691545,
    "238": 1502.457734233799,
    "239": 5816.384351868809,
    "240": 7254.394939340524,
    "241": 980.0329364253698,
    "242": 4543.673337750483,
    "243": 5052.301220459101,
    "244": 5121.0759837544865,
    "245": 3973.3701976267557,
    "246": 7770.354490349568,
    "247": 11635.000501425957,
    "248": 6082.8696170502835,
    "249": 2479.9402878173805,
    "250": 2469.303189455746,
    "251": 6467.433011265,
    "252": 6820.66807405109,
    "253": 5701.0415069609935,
    "254": 5637.4888222001355,
    "255": 14209.724560302795,
    "256": 8613.711665752779,
    "257": 9239.625515032712,
    "258": 3832.2317444716296,
    "259": 10481.042870851012,
    "260": 16619.524220895775,
    "261": 14350.378164404437,
    "262": 14493.575721861376,
    "263": 13194.643770100894,
    "264": 7443.772047011906,
    "265": 4836.665206188391,
    "266": 8607.785652743098,
    "267": 9405.616823170867,