{
    "1": 7263.1639083703,
    "2": 9588.778962077798,
    "3": 9488.557896726035,
    "4": 9419.813370856997,
    "5": 13857.342425332574,
    "6": 6983.886014559035,
    "7": 5136.049492996568,
    "8": 4276.478634909999,
    "9": 15939.304946487999,
    "10": 11477.328216333612,
    "11": 7875.329589831743,
    "12": 6735.566490244302,
    "13": 9555.137314854459,
    "14": 13415.56280593606,
    "15": 10340.377792925721,
    "16": 11265.006994715763,
    "17": 2950.914131727105,
    "18": 6371.444483795885,
    "19": 8216.56893374947,
    "20": 18508.259491073113,
    "21": 7489.0072047947515,
    "22": 10750.031200241408,
    "23": 2470.123073579567,
    "24": 2402.544597080227,
    "25": 6543.763022969414,
    "26": 12166.979690238557,
    "27": 7062.982572522445,
    "28": 7016.815124154567,
    "29": 1551.3572135371176,
    "30": 4702.540642679174,
    "31": 1712.8605101735848,
    "32": 5075.025641384283,
    "33": 9204.863106294943,
    "34": 5290.440219006465,
    "35": 12623.00138594343,
    "36": 7624.300490542153,
    "37": 2493.1822848633037,
    "38": 9609.495746020766,
    "39": 1292.4075194016852,
    "40": 7271.870800067452,
    "41": 7332.3489056909575,
    "42": 12180.6772606485,
    "43": 11415.141942919654,
    "44": 2685.2155254812023,
    "45": 15185.132049292275,
    "46": 14596.437416824809,
    "47": 756.3589641134428,
    "48": 16937.713462580206,
    "49": 1919.8275671840463,
    "50": 12262.984546447018,
    "51": 9222.130854516989,
    "52": 7597.740285809019,
    "53": 8682.86705959379,
    "54": 8437.02464863977,
    "55": 13062.637933003603,
    "56": 6488.3597731227,
    "57": 7194.529623259256,
    "58": 2232.4136624252865,
    "59": 18662.47916400144,
    "60": 3090.5858581551133,
    "61": 3895.979518347851,
    "62": 23873.726767279153,
    "63": 6347.779134884756,
    "64": 16699.96093470015,
    "65": 1642.9296560734097,
    "66": 8119.569659464824,
    "67": 9802.585125113294,
    "68": 8108.655608435363,
    "69": 9407.170675630774,
    "70": 6270.627769711421,
    "71": 6959.304020890738,
    "72": 7634.10734373864,
    "73": 10066.739303805225,
    "74": 7260.766538281173,
    "75": 13565.454874492349,
    "76": 1831.461788847959,
    "77": 8714.926414368938,
    "78": 7421.759959138288,
    "79": 5928.945234379773,
    "80": 5701.30682926438,
    "81": 14294.270278338277,
    "82": 9495.838170818173,
    "83": 897.4327928856594,
    "84": 5226.350855570948,
    "85": 13342.46824546484,
    "86": 8055.779824663104,
    "87": 4542.625672925969,
    "88": 6264.118658710523,
    "89": 7727.832637968724,
    "90": 3368.8748688436012,
    "91": 9201.496318949874,
    "92": 5883.82069476391,
    "93": 10975.710608572681,
    "94": 3182.0065429737465,
    "95": 14296.19207252477,
    "96": 19624.047091955686,
    "97": 7402.23914089378,
    "98": 4967.796603922909,
    "99": 6810.835713152216,
    "100": 7328.029040775709,
    "101": 11692.20011623281,
    "102": 17448.344456040006,
    "103": 12773.126132351063,
    "104": 10780.131713732315,
    "105": 11123.928275839322,
    "106": 5643.670391594996,
    "107": 3380.496871229877,
    "108": 7975.774012390493,
    "109": 5786.013680898792,
    "110": 6430.488530859723,
    "111": 3591.9400661866416,
    "112": 4882.109455690932,
    "113": 2711.008390800574,
    "114": 4739.717811860368,
    "115": 11885.547110789483,
    "116": 3401.1342943151576,
    "117": 3556.709080505444,
    "118": 4457.667177918839,
    "119": 9034.13972339162,
    "120": 9269.181022208079,
    "121": 9297.981303410821,
    "122": 9486.927715653592,
    "123": 5031.237087945458,
    "124": 5579.1791252977255,
    "125": 18533.731424221773,
    "126": 8887.414825138403,
    "127": 17149.35598919551,
    "128": 6836.375533484576,
    "129": 11819.340001831206,
    "130": 13242.14667777334,
    "131": 11522.537978057879,
    "132": 13281.712647191052,
    "133": 1133.696410502303,
    "134": 4363.426713370621,
    "135": 6926.4386259383555,
    "136": 3772.0865681517143,
    "137": 1903.437136937895,
    "138": 2636.3316982260367,
    "139": 1305.6406431501243,
    "140": 5697.215213686539,
    "141": 6085.722349199779,
    "142": 10667.766316582793,
    "143": 8717.350292261965,
    "144": 13483.074070054572,
    "145": 16021.955939501195,
    "146": 5703.846572298013,
    "147": 6033.437543995298,
    "148": 5200.665763155123,
    "149": 3503.159179528862,
    "150": 4981.1806833381615,
    "151": 9041.315996761756,
    "152": 12153.447703823018,
    "153": 4822.303196831101,
    "154": 11368.877562204703,
    "155": 18932.385842222277,
    "156": 6457.048630726201,
    "157": 6959.838938178433,
    "158": 6430.127460358355,
    "159": 6248.891336008409,
    "160": 5056.899298749975,
    "161": 4844.63176688573,
    "162": 11407.417588899805,
    "163": 8640.317870748997,
    "164": 8676.29159732593,
    "165": 6454.528545242638,
    "166": 12315.093010251056,
    "167": 3646.348944842078,
    "168": 21533.969452245805,
    "169": 8606.710129436718,
    "170": 17218.598190739962,
    "171": 3482.4269036153387,
    "172": 14195.372664852279,
    "173": 18947.49950862643,
    "174": 3488.544633710099,
    "175": 13820.361710454188,
    "176": 7258.549289683569,
    "177": 4860.880204396653,
    "178": 8945.76839148087,
    "179": 7456.471264876775,
    "180": 7828.653279590702
}