{
    "1": 15299.710963566793,
    "2": 3948.1184212339977,
    "3": 9254.898444445795,
    "4": 4730.816485001232,
    "5": 3461.588172109239,
    "6": 9495.256274011352,
    "7": 3202.657562990118,
    "8": 4816.606720915557,
    "9": 7101.2614928664525,
    "10": 13313.46488379603,
    "11": 3896.218164127753,
    "12": 2818.3785638495942,
    "13": 4759.144430377054,
    "14": 4490.681750200059,
    "15": 4450.65709548791,
    "16": 4592.574369920705,
    "17": 9096.596833540476,
    "18": 6851.107429960023,
    "19": 4315.491101407856,
    "20": 2200.607219712511,
    "21": 6551.895655889208,
    "22": 2309.1469863151024,
    "23": 4364.376748226918,
    "24": 5678.885416126932,
    "25": 4400.670251711,
    "26": 10981.976548779056,
    "27": 5623.70997231684,
    "28": 7138.331523706219,
    "29": 3536.449897992092,
    "30": 4451.922146651295,
    "31": 5573.473210785022,
    "32": 11880.576133535176,
    "33": 10803.349819985411,
    "34": 7343.0350020540645,
    "35": 1886.7676117727653,
    "36": 1995.664481873394,
    "37": 13556.151953795616,
    "38": 4628.508366095983,
    "39": 10365.863899974489,
    "40": 6259.947093868874,
    "41": 4588.888888504117,
    "42": 4387.987927261103,
    "43": 3751.9157038650114,
    "44": 2105.0501882849076,
    "45": 8601.759861713816,
    "46": 4743.424556026287,
    "47": 4149.3752843470975,
    "48": 5707.168358424839,
    "49": 2804.846138627421,
    "50": 6310.048974530493,
    "51": 8068.351989136567,
    "52": 6874.791552619297,
    "53": 10287.697485672126,
    "54": 3625.4881319415463,
    "55": 2121.366244917193,
    "56": 3986.054006276489,
    "57": 12824.332033215926,
    "58": 2753.728719053249,
    "59": 7635.9141625184575,
    "60": 4578.777554121694,
    "61": 18255.325781790216,
    "62": 11587.658914005075,
    "63": 13353.084499666262,
    "64": 2660.5679793112677,
    "65": 7099.125317379961,
    "66": 5707.215791867189,
    "67": 3408.804570964391,
    "68": 3738.1165877292588,
    "69": 9051.278988407752,
    "70": 1625.5464833364201,
    "71": 2879.9787678032917,
    "72": 3272.00927359437,
    "73": 3648.001963382982,
    "74": 4783.530006001505,
    "75": 9611.656946760582,
    "76": 5211.115312816036,
    "77": 7517.125074292525,
    "78": 2707.5344549729894,
    "79": 3786.5218350454174,
    "80": 872.4391961548444,
    "81": 1644.4040132893056,
    "82": 2859.8810746004388,
    "83": 5401.116562099693,
    "84": 11050.225586149545,
    "85": 2898.67157241584,
    "86": 3729.092018611027,
    "87": 6274.891451009894,
    "88": 4676.957974554094,
    "89": 4502.05078690587,
    "90": 3812.1500048076327,
    "91": 2547.6925870126165,
    "92": 11879.628906776352,
    "93": 2487.7323571893176,
    "94": 16236.750609072953,
    "95": 11070.547338220507,
    "96": 2380.8897510415404,
    "97": 5136.8086971142775,
    "98": 4902.908075603506,
    "99": 2883.7710615828764,
    "100": 4622.125054169339,
    "101": 8227.745781252203,
    "102": 8794.145358103404,
    "103": 1771.5498616564403,
    "104": 590.5345116582271,
    "105": 4735.747988339563,
    "106": 2317.5935576427864,
    "107": 9569.034381253074,
    "108": 4847.18795241221,
    "109": 13886.15535277312,
    "110": 11230.081255809333,
    "111": 4883.747420344842,
    "112": 1514.4181327669212,
    "113": 2781.3115761799704,
    "114": 1206.1587647657138,
    "115": 1540.8993729090128,
    "116": 3459.3755863763145,
    "117": 3797.5528113088876,
    "118": 10963.968280517178,
    "119": 4352.517073931609,
    "120": 4280.227509309418,
    "121": 3986.795420181082,
    "122": 7232.795656804937,
    "123": 7817.99478355503,
    "124": 4893.215087522944,
    "125": 8368.59000725357,
    "126": 15647.868578857844,
    "127": 5070.616080228721,
    "128": 2862.708528709158,
    "129": 3059.4748869634877,
    "130": 6080.7026120161045,
    "131": 3379.7931464159733,
    "132": 10289.126472876249,
    "133": 8175.147114489168,
    "134": 4426.733257593485,
    "135": 5858.195815031469,
    "136": 4607.0934277788765,
    "137": 3109.2498946536825,
    "138": 2021.9304214191598,
    "139": 7534.264087818133,
    "140": 11283.612242620737,
    "141": 6676.2330843938635,
    "142": 6541.770324148126,
    "143": 6313.680106584885,
    "144": 9452.619541826785,
    "145": 4313.435486557954,
    "146": 5855.3583989139315,
    "147": 7107.572274470676,
    "148": 5334.917438480001,
    "149": 2623.166631434164,
    "150": 14892.272409779915,
    "151": 2744.217904805725,
    "152": 4166.447975380899,
    "153": 6402.8678663093115,
    "154": 7145.72980966701,
    "155": 13286.16475936539,
    "156": 4554.605356349581,
    "157": 2845.596115079844,
    "158": 5346.074135362575,
    "159": 8265.896980763986,
    "160": 5726.711369786645,
    "161": 2138.1055230282614,
    "162": 8878.836614497706,
    "163": 12878.665574295032,
    "164": 3686.7619819812553,
    "165": 3261.2641015352374,
    "166": 5795.708074111041,
    "167": 14083.465024400452,
    "168": 3292.3018236961148,
    "169": 5331.317407297327,
    "170": 12779.920357072273,
    "171": 2433.4305856404962,
    "172": 3310.9522849395976,
    "173": 3969.456536563913,
    "174": 4029.0673382682394,
    "175": 15436.134847921676,
    "176": 5294.685869862263,
    "177": 7996.307329177038,
    "178": 14274.613603298974,
    "179": 6332.283525512653,
    "180": 6370.438290949309,
    "181": 1462.6540253994046,
    "182": 9229.50003817635,
    "183": 1612.7995571943197,
    "184": 7179.798465578884,
    "185": 8605.860349729559,
    "186": 5415.871474439329,
    "187": 2590.0062192809787,
    "188": 2646.8602877179055,
    "189": 5805.925211935325,
    "190": 4039.3997554559237,
    "191": 2770.074087955403,
    "192": 4905.7430422376,
    "193": 4588.083675336716,
    "194": 3452.9885875661994,
    "195": 5567.39696714006,
    "196": 3435.1972967979323,
    "197": 2907.8281328249755,
    "198": 8091.446954970245,
    "199": 3403.850617632403,
    "200": 3568.8760921576077,
    "201": 9489.716917848391,
    "202": 2806.362290894491,
    "203": 5494.222707334908,
    "204": 4480.673884968798,
    "205": 13011.565231232378,
    "206": 917.9392714038057,
    "207": 6457.020105210919,
    "208": 5022.4950505183215,
    "209": 4703.311325283843,
    "210": 7365.903524963019,
    "211": 2116.0478319998615,
    "212": 8575.183100965502,
    "213": 3553.267594603605,
    "214": 5362.666974219978,
    "215": 7589.134964235429,
    "216": 6082.536770875838,
    "217": 2225.297002111519,
    "218": 5664.689608670655,
    "219": 5556.972450841687,
    "220": 11605.66909783357,
    "221": 1807.5272114137615,
    "222": 5507.539617274342,
    "223": 5914.111550070794,
    "224": 6318.387700121599,
    "225": 7849.843472565369,
    "226": 5515.82313811893,
    "227": 1674.7923437002116,
    "228": 3359.4290946101983,
    "229": 5904.176982453164,
    "230": 4880.575014010184,
    "231": 27574.19417852108,
    "232": 7406.140089318633,
    "233": 7141.694999338518,
    "234": 4675.821533832092,
    "235": 5241.465963703388,
    "236": 4749.606867870756,
    "237": 1956.8311769377249,
    "238": 3631.4256782974558,
    "239": 16007.691259173098,
    "240": 5074.593862273821,
    "241": 1740.1689036148396,
    "242": 7292.066234155938,
    "243": 9955.909325370081,
    "244": 10867.356145537156,
    "245": 7958.90110552179,
    "246": 6213.139164753135,
    "247": 1536.7961781849024,
    "248": 14391.530841922007,
    "249": 4383.071886504039,
    "250": 8122.890439211864,
    "251": 8314.362586180669,
    "252": 6396.987703111965,
    "253": 7168.366649292604,
    "254": 5822.123150312379,
    "255": 13264.66561163351,
    "256": 10938.229942643724,
    "257": 6969.992872642819,
    "258": 1369.9265074385644,
    "259": 2099.0112753499043,
    "260": 3710.082527911262,
    "261": 2663.0850440394624,
    "262": 8541.081600820371,
    "263": 6823.478014057866,
    "264": 18431.114904511378,
    "265": 11657.157844843208,
    "266": 7507.286421480934,
    "267": 3585.2202477155547,