{
    "1": 188581.20831924162,
    "2": 196566.72587425055,
    "3": 606548.1059518314,
    "4": 453115.2688941506,
    "5": 37451.3114227338,
    "6": 36676.91185027997,
    "7": 326102.3004416547,
    "8": 514686.3353148715,
    "9": 380846.52364466613,
    "10": 405104.5923355977,
    "11": 317061.0374058071,
    "12": 565899.5389236715,
    "13": 558249.9993531203,
    "14": 224298.24090309488,
    "15": 376384.97265973757,
    "16": 352288.9502939767,
    "17": 607498.7523666535,
    "18": 364976.6621744667,
    "19": 304470.7134039326,
    "20": 233956.66942721832,
    "21": 179321.40993060352,
    "22": 437301.40462729405,
    "23": 390367.16931524785,
    "24": 207130.97573285128,
    "25": 398817.88891440927,
    "26": 500367.361351537,
    "27": 267564.92556888144,
    "28": 510795.51984278474,
    "29": 757571.6000313902,
    "30": 799756.2411524461,
    "31": 776717.441500654,
    "32": 262530.2553927791,
    "33": 527952.2925467658,
    "34": 286953.4248391965,
    "35": 900585.7334015361,
    "36": 281798.7130934874,
    "37": 414055.80149543344,
    "38": 360226.3886733378,
    "39": 817218.7167882138,
    "40": 468876.62045431125,
    "41": 821727.974972002,
    "42": 279931.8630230932,
    "43": 261934.18090170043,
    "44": 257354.74930291035,
    "45": 322486.1044931626,
    "46": 688993.9673262239,
    "47": 239133.61991435377,
    "48": 332619.7575377289,
    "49": 344951.67508407094,
    "50": 138455.50878753245,
    "51": 383276.60686945723,
    "52": 969928.2904356542,
    "53": 346116.38187991583,
    "54": 581885.8615628155,
    "55": 737386.4512085791,
    "56": 245675.53073192594,
    "57": 339789.9029769872,
    "58": 141755.118542222,
    "59": 668631.6600770036,
    "60": 621114.5037005595,
    "61": 332671.7384647911,
    "62": 483841.3050051587,
    "63": 864570.9882078293,
    "64": 498637.4552792244,
    "65": 519657.5745986819,
    "66": 452149.91294978216,
    "67": 337804.95803605317,
    "68": 351640.72307322506,
    "69": 399984.67691873433,
    "70": 651225.248106968,
    "71": 1060741.710858283,
    "72": 273986.02035073674,
    "73": 261726.21420934514,
    "74": 841490.8258552497,
    "75": 831341.5370482907,
    "76": 91537.03012560621,
    "77": 345025.6469680932,
    "78": 290587.31955840404,
    "79": 854139.152802766,
    "80": 454709.8029833168,
    "81": 213690.39901773896,
    "82": 184975.1065682964,
    "83": 338067.9359312848,
    "84": 247740.17545285154,
    "85": 533211.8945686296,
    "86": 874086.4143616398,
    "87": 534083.9634485669,
    "88": 689312.3189339534,
    "89": 264493.1757700229,
    "90": 149553.18439196766,
    "91": 479020.8700214299,
    "92": 235685.61820475748,
    "93": 805162.0391130872,
    "94": 843400.6517320343,
    "95": 280778.1235013573,
    "96": 765522.7052988241,
    "97": 692526.3023731861,
    "98": 363275.5740720958,
    "99": 240777.4566397896,
    "100": 611158.3090051892,
    "101": 771176.164395076,
    "102": 1246979.0503164683,
    "103": 314991.80155753787,
    "104": 661407.0032021722,
    "105": 291004.9792058054,
    "106": 619529.3443886408,
    "107": 412330.9937816216,
    "108": 471328.7345149237,
    "109": 305609.6217185946,
    "110": 538613.2507966681,
    "111": 581201.4478185083,
    "112": 587912.8392738658,
    "113": 257331.3290985251,
    "114": 361702.3892430817,
    "115": 306215.86520960095,
    "116": 553346.8538152103,
    "117": 517869.5108022393,
    "118": 245342.32558624662,
    "119": 334664.0969841467,
    "120": 280602.69171972404,
    "121": 787431.028603019,
    "122": 335395.62004528055,
    "123": 436091.8426422385,
    "124": 477372.0039498434,
    "125": 416781.0682012068,
    "126": 205798.31378204888,
    "127": 532207.1319449755,
    "128": 150598.80407109123,
    "129": 713621.1938651986,
    "130": 788177.1685045947,
    "131": 908303.5915947615,
    "132": 182422.55596296972,
    "133": 726210.4243135237,
    "134": 466814.6583024896,
    "135": 359501.13987927855,
    "136": 166194.2041492264,
    "137": 200534.87228722026,
    "138": 1029466.7536287063,
    "139": 886197.9303510209,
    "140": 289411.32815428975,
    "141": 219467.91705979034,
    "142": 293237.30977037374,
    "143": 289567.13557557255,
    "144": 619845.2144092591,
    "145": 681935.6282583068,
    "146": 344364.1043416007,
    "147": 327979.4136069363,
    "148": 833221.7402637249,
    "149": 133604.30143872165,
    "150": 901532.4504737358,
    "151": 79342.21906145592,
    "152": 165721.63667819396,
    "153": 706693.0291153587,
    "154": 316991.16052353935,
    "155": 168719.5721326572,
    "156": 435511.55064175365,
    "157": 155139.2031083826,
    "158": 288532.78556046594,
    "159": 454044.7591374759,
    "160": 169820.18405241705,
    "161": 358571.74746816256,
    "162": 562299.3583564932,
    "163": 157029.29378034122,
    "164": 1001483.8010788584,
    "165": 938682.9194103535,
    "166": 287127.25975103636,
    "167": 266651.0504390683,
    "168": 88510.94896690163,
    "169": 743932.2637689081,
    "170": 1112347.4726489238,
    "171": 367262.0600161845,
    "172": 434612.25605692,
    "173": 483815.66965490347,
    "174": 547700.667005054,
    "175": 117431.73279073999,
    "176": 281266.4320103394,
    "177": 195435.96400298414,
    "178": 242103.22178089374,
    "179": 292081.8884894496,
    "180": 190125.1967493295,
    "181": 256615.87095657978,
    "182": 306518.70520205906,
    "183": 270912.951856816,
    "184": 436898.10205696314,
    "185": 1144019.3581843989,
    "186": 487754.4369218975,
    "187": 529187.0660920388,
    "188": 80917.0109327605,
    "189": 391201.12767218053,
    "190": 416412.4713230359,
    "191": 1113041.5903205685,
    "192": 615598.9449084508,
    "193": 236326.38047226475,
    "194": 612449.5890063463,
    "195": 79475.71008139626,
    "196": 510922.09487425495,
    "197": 612344.7663598848,
    "198": 678581.5236019993,
    "199": 427059.8742002152,
    "200": 705010.9283174212,
    "201": 253269.06038781902,
    "202": 524379.8885184572,
    "203": 668470.1127564339,
    "204": 622267.9804067604,
    "205": 547187.5384905768,
    "206": 333263.7325388857,
    "207": 539206.8684281918,
    "208": 321215.1644635969,
    "209": 421550.6204431414,
    "210": 519504.33435044467,
    "211": 338049.2715550347,
    "212": 168474.21609395742,
    "213": 792941.5300250036,
    "214": 548763.1966584006,
    "215": 510654.3961066795,
    "216": 667911.01069323,
    "217": 150345.55006017882,
    "218": 472051.7899043533,
    "219": 539032.9912880631,
    "220": 604942.8431928587,
    "221": 821337.9706282219,
    "222": 588785.9568099004,
    "223": 274201.2087143169,
    "224": 891829.8406924651,
    "225": 421141.2647376697,
    "226": 533230.0651732654,
    "227": 189973.56543444117,
    "228": 526127.1493739936,
    "229": 600999.5884773163,
    "230": 290588.42246908316,
    "231": 517046.81813663413,
    "232": 655128.3762053315,
    "233": 444876.73802479735,
    "234": 319685.74940128875,
    "235": 213446.6382109047,
    "236": 114687.10274876289,
    "237": 426832.09291527484,
    "238": 181992.074073271,
    "239": 252643.02606653882,
    "240": 696230.8423171774,
    "241": 97280.61251586907,
    "242": 634628.6378753319,
    "243": 180597.0376614601,
    "244": 93712.61348440217,
    "245": 246724.55908117327,
    "246": 296526.6853579055,
    "247": 582538.4492254341,
    "248": 611434.5876814477,
    "249": 728104.7435300864,
    "250": 100609.85276454342,
    "251": 330324.49594575446,
    "252": 765901.4517033757,
    "253": 185925.69858317086,
    "254": 662602.3695647649,
    "255": 542267.4787185696,
    "256": 504916.39669713896,
    "257": 280285.610833218,
    "258": 484988.69223995466,
    "259": 444726.96947656793,
    "260": 856905.6383087405,
    "261": 348864.51081137545,
    "262": 425330.7083934905,
    "263": 856063.7927547796,
    "264": 168542.0917365846,
    "265": 419437.92418810294,
    "266": 741616.114676303,
    "267": 1131508.0226675312,