{
    "1": 4726.279929467053,
    "2": 4270.5601691225,
    "3": 11163.276810072177,
    "4": 10368.03079607399,
    "5": 3287.7724679835082,
    "6": 8277.81520635274,
    "7": 5106.861435556565,
    "8": 18546.84467367224,
    "9": 10741.533176172345,
    "10": 11355.38574735026,
    "11": 7667.471133928576,
    "12": 6385.68199503118,
    "13": 5272.499416197238,
    "14": 2629.559016659484,
    "15": 16492.44757571378,
    "16": 9600.932738495061,
    "17": 7608.556856596842,
    "18": 10630.863703384795,
    "19": 7403.821439323896,
    "20": 9177.393546912934,
    "21": 4605.502103403915,
    "22": 8029.419567867315,
    "23": 13264.730827075216,
    "24": 9209.581981593667,
    "25": 5205.280078513558,
    "26": 2867.617632864061,
    "27": 12636.107435686492,
    "28": 4407.634582196226,
    "29": 11191.658890187715,
    "30": 2888.0676850150053,
    "31": 13310.851111505268,
    "32": 2779.418640120303,
    "33": 20766.848391795087,
    "34": 8208.646544196972,
    "35": 1270.4367725461814,
    "36": 8237.1419216999,
    "37": 24721.60554875376,
    "38": 4603.649267009076,
    "39": 8044.99621441597,
    "40": 7704.404780056453,
    "41": 9376.041948003354,
    "42": 11965.580922730624,
    "43": 15450.660869434661,
    "44": 6176.143010883693,
    "45": 3137.783223260694,
    "46": 18603.195340469403,
    "47": 7497.569549789357,
    "48": 12609.377120448047,
    "49": 3975.1107028552606,
    "50": 13781.160111411591,
    "51": 17359.78043244061,
    "52": 5788.738876895768,
    "53": 11574.579728678846,
    "54": 4460.105366656235,
    "55": 4564.630908913093,
    "56": 13014.908064463687,
    "57": 4040.166331082136,
    "58": 11224.378642245108,
    "59": 1573.5063732892636,
    "60": 16695.301567508865,
    "61": 6319.160235038743,
    "62": 4873.7954764295855,
    "63": 9896.437014103754,
    "64": 9642.84132708872,
    "65": 9104.75954851683,
    "66": 5666.735822216815,
    "67": 9221.001458698203,
    "68": 5506.466463041054,
    "69": 7130.688280627434,
    "70": 5587.256190483687,
    "71": 8298.50899471378,
    "72": 7392.7763619705665,
    "73": 16353.137198065708,
    "74": 12610.148827877587,
    "75": 7092.774804136518,
    "76": 6586.807370001918,
    "77": 13366.864551210341,
    "78": 4321.9644796136545,
    "79": 4571.716943868001,
    "80": 3059.1894788295967,
    "81": 5508.493594380222,
    "82": 10819.394005565373,
    "83": 9596.079857895176,
    "84": 17483.808089958715,
    "85": 10912.260078715943,
    "86": 5212.077686604464,
    "87": 11025.62161413694,
    "88": 8612.86485960026,
    "89": 1838.052948654867,
    "90": 10436.720272899742,
    "91": 10012.894700501918,
    "92": 6154.7098228211635,
    "93": 9406.385097663571,
    "94": 8240.343825122285,
    "95": 6272.330030158762,
    "96": 12471.659025713103,
    "97": 3290.676010180248,
    "98": 9174.768368161054,
    "99": 14582.357862115974,
    "100": 3493.990886737861,
    "101": 7684.293053509172,
    "102": 15302.819279065847,
    "103": 6150.12952405687,
    "104": 10890.760824471183,
    "105": 19018.618859287588,
    "106": 13687.77567260141,
    "107": 7497.15558286082,
    "108": 6981.943511364542,
    "109": 13714.24750591232,
    "110": 11212.287829042689,
    "111": 3525.0770494643252,
    "112": 4950.728496924202,
    "113": 11747.060344438558,
    "114": 5434.226728767765,
    "115": 6694.284037876367,
    "116": 9173.907710689671,
    "117": 7920.027232849684,
    "118": 11837.685832333216,
    "119": 21399.646441340396,
    "120": 3556.1118919167893,
    "121": 12395.866898860768,
    "122": 6672.8536745865085,
    "123": 7197.108195838689,
    "124": 6280.710115791444,
    "125": 1745.3554111763501,
    "126": 14667.86448285835,
    "127": 4854.994094733669,
    "128": 7445.615987264183,
    "129": 4253.685771852765,
    "130": 4326.620528288762,
    "131": 9610.487937376294,
    "132": 10373.515715361837,
    "133": 8095.241411034861,
    "134": 13044.156634333918,
    "135": 14919.90877366503,
    "136": 8669.008722473029,
    "137": 6707.501589067283,
    "138": 10754.419131136294,
    "139": 8474.370891520428,
    "140": 6106.992373811381,
    "141": 11322.583877881432,
    "142": 3314.9939128786154,
    "143": 8238.95115822154,
    "144": 5668.715321893344,
    "145": 6363.26759795279,
    "146": 6273.274538815508,
    "147": 3191.1374127809395,
    "148": 19276.89914697068,
    "149": 5586.675150627591,
    "150": 4111.8398242030735,
    "151": 14721.534996640987,
    "152": 2075.2223607218702,
    "153": 4799.771627558959,
    "154": 4654.888412214564,
    "155": 2699.0113106211875,
    "156": 4638.483059386295,
    "157": 4269.938047478522,
    "158": 3046.7260153015372,
    "159": 20298.239001348225,
    "160": 10044.057072437738,
    "161": 15085.140088513745,
    "162": 7857.2771940403245,
    "163": 7293.791672480689,
    "164": 6613.22449673415,
    "165": 6455.103139357811,
    "166": 4017.944932390009,
    "167": 7640.612392783655,
    "168": 4246.237634664425,
    "169": 3355.7387069068864,
    "170": 3555.9289775477973,
    "171": 15877.988801617998,
    "172": 8893.144106991633,
    "173": 19989.73341525159,
    "174": 6402.687334611661,
    "175": 6487.474622348097,
    "176": 4094.7013934885567,
    "177": 5875.166582888118,
    "178": 7231.0728121465745,
    "179": 5499.353412708591,
    "180": 6344.976471524964
}