{
    "1": 9271.67631469009,
    "2": 6946.7486640556635,
    "3": 17596.008195878785,
    "4": 8142.8178598980885,
    "5": 4816.5526031757845,
    "6": 9614.184188511665,
    "7": 1833.3522353183412,
    "8": 3668.386691904543,
    "9": 10008.849087974024,
    "10": 2406.2280849449935,
    "11": 8915.451713731214,
    "12": 4434.569147581547,
    "13": 3721.1036175254967,
    "14": 4019.38700912747,
    "15": 2797.6412802834234,
    "16": 4304.934150872903,
    "17": 12842.686285014544,
    "18": 13185.118744833022,
    "19": 10918.491666465967,
    "20": 4830.75011996586,
    "21": 2956.234479355729,
    "22": 2515.7388889256745,
    "23": 7404.338964570949,
    "24": 4561.706592319246,
    "25": 8241.486950217066,
    "26": 4529.486272004897,
    "27": 3312.4971804253464,
    "28": 4966.3464454000605,
    "29": 5164.517390612849,
    "30": 2855.854261618575,
    "31": 2631.8227591191367,
    "32": 9356.797852204645,
    "33": 4309.993722013838,
    "34": 2070.150788732386,
    "35": 6309.848124682842,
    "36": 2987.5625118970197,
    "37": 4588.760773292744,
    "38": 15168.876811471895,
    "39": 8057.342749132012,
    "40": 7672.699598386483,
    "41": 5340.738911448768,
    "42": 4657.485128942832,
    "43": 4760.474182065308,
    "44": 4041.662590895497,
    "45": 9015.496052132517,
    "46": 5267.008487790791,
    "47": 3874.178457365086,
    "48": 3139.8587462472055,
    "49": 5900.202162876337,
    "50": 10782.224501744207,
    "51": 11030.431230565782,
    "52": 15164.813377831835,
    "53": 4841.005631083967,
    "54": 4526.1823774336535,
    "55": 4967.592444966385,
    "56": 8548.383679502283,
    "57": 6605.918445503273,
    "58": 12307.233722841785,
    "59": 3357.304612719686,
    "60": 7073.325121377472,
    "61": 3649.02466591212,
    "62": 6131.03550298149,
    "63": 10286.809361026793,
    "64": 3410.86313418458,
    "65": 2688.6428938548374,
    "66": 2730.51602776974,
    "67": 3863.3849265425033,
    "68": 2450.98831812026,
    "69": 21513.30980898603,
    "70": 3697.9640149898846,
    "71": 6510.279882531005,
    "72": 5139.668517321289,
    "73": 7919.796029142888,
    "74": 10987.358134357219,
    "75": 9996.62858338815,
    "76": 7381.760575534242,
    "77": 11692.93179188583,
    "78": 11719.74115828473,
    "79": 5644.193731103687,
    "80": 4763.548755969459,
    "81": 2562.2817767356114,
    "82": 10171.109684817897,
    "83": 15080.692450473367,
    "84": 3878.083763361721,
    "85": 15135.361980414531,
    "86": 5507.920807433409,
    "87": 2739.890842928493,
    "88": 427.75269062801004,
    "89": 19737.019906174126,
    "90": 5716.68137377467,
    "91": 3190.8509534081595,
    "92": 3201.4715964689403,
    "93": 3763.7137081278024,
    "94": 13817.337822439144,
    "95": 5432.165450969808,
    "96": 5414.324302062864,
    "97": 8215.828444120018,
    "98": 6607.913278671659,
    "99": 1546.7829072084605,
    "100": 3808.3702051350456,
    "101": 16452.88256437854,
    "102": 7564.187186113933,
    "103": 6665.8245130708165,
    "104": 5590.897909795021,
    "105": 4929.090772131273,
    "106": 4163.754026759127,
    "107": 9353.824827653169,
    "108": 9869.128453057607,
    "109": 2685.6218235607444,
    "110": 9169.63076903122,
    "111": 3832.980604056944,
    "112": 2700.0331446843534,
    "113": 9405.331357686577,
    "114": 5591.305187234022,
    "115": 3741.9740583427797,
    "116": 3829.503524625233,
    "117": 3738.3531426561294,
    "118": 3675.762701475575,
    "119": 7124.345082738146,
    "120": 3852.792277605806,
    "121": 2756.6827620185527,
    "122": 2297.191383424745,
    "123": 10285.124929640448,
    "124": 6857.15136367703,
    "125": 13991.291291015876,
    "126": 9795.488673586226,
    "127": 4291.991641606353,
    "128": 2708.4029953118197,
    "129": 2530.2831398657877,
    "130": 3488.1652610863366,
    "131": 19340.76128972342,
    "132": 3805.766677812971,
    "133": 4127.765048262576,
    "134": 8713.781870643588,
    "135": 3080.4014615899646,
    "136": 3785.508866383795,
    "137": 8485.95050921599,
    "138": 2250.1627317375214,
    "139": 3435.603019862779,
    "140": 11668.615765585058,
    "141": 4980.938285000703,
    "142": 5109.111574313417,
    "143": 6794.209450457615,
    "144": 3075.388727468494,
    "145": 4041.4513366693936,
    "146": 7391.100632222895,
    "147": 2751.1810456840412,
    "148": 9315.271701189153,
    "149": 6523.0550589861505,
    "150": 6851.518465769208,
    "151": 9514.80636013416,
    "152": 9839.331574685646,
    "153": 2473.6779766581803,
    "154": 8915.098787624209,
    "155": 8618.452296872514,
    "156": 4654.7624704596865,
    "157": 3095.2055169686523,
    "158": 4639.971581678265,
    "159": 8919.82970543102,
    "160": 4319.607223603923,
    "161": 6857.252194097194,
    "162": 4871.704281854651,
    "163": 815.1064258883563,
    "164": 823.8876680082811,
    "165": 5907.294434977424,
    "166": 5194.155126398688,
    "167": 17470.517503751755,
    "168": 1347.1311287798658,
    "169": 5462.979395764993,
    "170": 4789.0976919065915,
    "171": 3150.1946569843826,
    "172": 8636.769731173605,
    "173": 6489.285509353167,
    "174": 11211.511626611673,
    "175": 2565.017504385078,
    "176": 4878.072483832322,
    "177": 2268.8305935307917,
    "178": 3808.3825218538323,
    "179": 3791.997120214574,
    "180": 4838.47668603547,
    "181": 13113.4642808721,
    "182": 4456.581465862405,
    "183": 3170.2796587125536,
    "184": 3347.8306430169987,
    "185": 1295.1224220182926,
    "186": 3948.83652256776,
    "187": 8270.823300534528,
    "188": 8095.617141959313,
    "189": 9760.537016935737,
    "190": 2902.059085187836,
    "191": 7066.0014566095415,
    "192": 6073.324779305404,
    "193": 3134.838450765081,
    "194": 4709.805535998254,
    "195": 8034.395545286761,
    "196": 5289.7542899385335,
    "197": 8442.14063640393,
    "198": 4807.6821133046105,
    "199": 2718.718018714815,
    "200": 7018.1129122729,
    "201": 9251.522628595972,
    "202": 8123.145572986141,
    "203": 5457.7334400990485,
    "204": 2375.6538980811392,
    "205": 3771.688045243328,
    "206": 4629.459691148447,
    "207": 4493.241920555382,
    "208": 4644.931070708204,
    "209": 15521.862038410465,
    "210": 4048.5984334613277,
    "211": 5881.377863507691,
    "212": 5500.413017946398,
    "213": 16765.410813360657,
    "214": 8925.165015377317,
    "215": 3051.967432666473,
    "216": 4569.861953085707,
    "217": 4550.718961771499,
    "218": 8068.583188993564,
    "219": 5278.614311404724,
    "220": 10690.724312399876,
    "221": 7298.913891141956,
    "222": 1664.5698884127955,
    "223": 3076.472156095171,
    "224": 6814.8052149121695,
    "225": 3545.146669849611,
    "226": 4435.4431393186305,
    "227": 3196.232280064982,
    "228": 3293.10743761149,
    "229": 5210.0320507935785,
    "230": 15211.91021069819,
    "231": 6188.5544263093825,
    "232": 3936.99183540018,
    "233": 10151.513697247963,
    "234": 13519.496618673631,
    "235": 3255.637267022654,
    "236": 2014.879054187386,
    "237": 4800.398474405036,
    "238": 8278.021817319039,
    "239": 5781.905374342273,
    "240": 3780.1107361610434,
    "241": 12351.72955102532,
    "242": 12825.732442086643,
    "243": 12792.992248103983,
    "244": 5763.422574369873,
    "245": 6235.102560576107,
    "246": 6322.698918364638,
    "247": 5034.544937336714,
    "248": 5987.826090266955,
    "249": 2710.251974025062,
    "250": 1340.648167088274,
    "251": 6487.62885572253,
    "252": 3614.6183565463225,
    "253": 4108.293776331871,
    "254": 4027.2976050413386,
    "255": 6843.243308581298,
    "256": 6862.28479734048,
    "257": 17795.999055589004,
    "258": 5038.94735154016,
    "259": 3761.378637115993,
    "260": 4218.5353537609335,
    "261": 10201.541845958076,
    "262": 10226.254657722091,
    "263": 12727.29048980888,
    "264": 1054.6999125505301,
    "265": 2020.589875489418,
    "266": 3378.1510720119113,
    "267": 22581.765715028356,