{
    "1": 450466.6142565299,
    "2": 801837.9165679093,
    "3": 340085.2388028132,
    "4": 185596.28124892683,
    "5": 1576724.9522717688,
    "6": 317177.1565323411,
    "7": 367840.44930179353,
    "8": 302105.79597491014,
    "9": 150022.84777307295,
    "10": 513943.0273497609,
    "11": 1109829.6133263416,
    "12": 383791.50493742933,
    "13": 762692.4108767883,
    "14": 160064.6127012041,
    "15": 681235.4088545581,
    "16": 241462.44670913613,
    "17": 514799.445746575,
    "18": 429000.50856341026,
    "19": 297768.5321947094,
    "20": 196596.83526748847,
    "21": 277479.3164763945,
    "22": 386514.41939557646,
    "23": 312166.2514373429,
    "24": 433162.9102439757,
    "25": 372714.1828676232,
    "26": 873204.6985524024,
    "27": 740040.7558305929,
    "28": 207512.41020568003,
    "29": 652368.5869385201,
    "30": 357720.2454653144,
    "31": 310630.91927966796,
    "32": 548551.2644446469,
    "33": 565018.6524129821,
    "34": 709683.8405970391,
    "35": 232678.6957052661,
    "36": 1092003.9201986936,
    "37": 802767.4783023291,
    "38": 356540.586393825,
    "39": 356209.18920694303,
    "40": 454318.46287135524,
    "41": 443859.0144118231,
    "42": 540727.0374626089,
    "43": 462510.84358684596,
    "44": 394492.6575253076,
    "45": 406317.11477611377,
    "46": 358611.37789388,
    "47": 345325.5066372448,
    "48": 497323.716058405,
    "49": 712815.6630423238,
    "50": 444185.4698194571,
    "51": 678719.3376349409,
    "52": 83636.9917342945,
    "53": 337447.05874362733,
    "54": 477253.5092795316,
    "55": 1106807.3381696504,
    "56": 328599.33873873827,
    "57": 469057.7728010483,
    "58": 555007.6305674078,
    "59": 480384.052780653,
    "60": 284606.9593180717,
    "61": 563160.8248199433,
    "62": 87743.77246710987,
    "63": 597587.0713930645,
    "64": 288321.0911403754,
    "65": 302148.43760059687,
    "66": 530076.134407152,
    "67": 412023.800813925,
    "68": 493011.18048104784,
    "69": 456206.2995105581,
    "70": 225775.9198196181,
    "71": 492298.09205270914,
    "72": 491124.7752355943,
    "73": 315361.36125257326,
    "74": 1249582.690669294,
    "75": 520753.1251727799,
    "76": 375202.6091914832,
    "77": 369660.3730523443,
    "78": 585614.6002862161,
    "79": 146301.02850894578,
    "80": 499930.7357309238,
    "81": 189212.7074859104,
    "82": 211639.53770797234,
    "83": 204437.63972356293,
    "84": 628529.2672154191,
    "85": 199962.89488035263,
    "86": 445904.2334191637,
    "87": 834691.8463479334,
    "88": 463652.6959497683,
    "89": 472384.82027028344,
    "90": 238906.2352003553,
    "91": 489855.8957216677,
    "92": 320507.96632946964,
    "93": 247943.85293889823,
    "94": 430236.1141152802,
    "95": 645889.8708697307,
    "96": 444126.91441987234,
    "97": 446452.3969080386,
    "98": 1388163.0815163322,
    "99": 740509.95700148,
    "100": 503689.48273362307,
    "101": 341338.1308790905,
    "102": 451302.7701741191,
    "103": 307663.1711903962,
    "104": 310147.83365559357,
    "105": 215096.66502434394,
    "106": 548371.7010847733,
    "107": 213767.9521150502,
    "108": 628723.96581887,
    "109": 364352.2896446438,
    "110": 480803.81380601897,
    "111": 669641.9604154258,
    "112": 421417.34867333656,
    "113": 304798.3423681111,
    "114": 366899.2318358507,
    "115": 1088118.13680578,
    "116": 564103.6805588688,
    "117": 625671.8558917328,
    "118": 56885.18178676915,
    "119": 505068.13185806765,
    "120": 438067.9899280985,
    "121": 400505.7483654502,
    "122": 618528.2588158706,
    "123": 384453.58489155385,
    "124": 72397.63096596328,
    "125": 542869.5210468867,
    "126": 300133.77925955487,
    "127": 438748.3309809211,
    "128": 162791.8390434361,
    "129": 809451.8857976653,
    "130": 808259.8092077362,
    "131": 514568.329854653,
    "132": 736912.5244711188,
    "133": 583064.0042630296,
    "134": 985836.819171674,
    "135": 182766.37292815946,
    "136": 284670.25068367907,
    "137": 274051.5330196533,
    "138": 989629.3570765032,
    "139": 486068.1294092439,
    "140": 1078187.5001525816,
    "141": 314871.148762105,
    "142": 1010557.5064973633,
    "143": 402396.8614292014,
    "144": 524386.2399559057,
    "145": 55542.720453317874,
    "146": 946955.2509388856,
    "147": 432185.60369272425,
    "148": 88136.16969871793,
    "149": 693189.9845875334,
    "150": 167850.87666394364,
    "151": 261261.5365715346,
    "152": 750276.0586320749,
    "153": 142536.8934578026,
    "154": 445994.42986376525,
    "155": 356537.7341417674,
    "156": 528199.8221501512,
    "157": 403715.90604488674,
    "158": 684666.7337855301,
    "159": 523744.5984785861,
    "160": 779534.1808046303,
    "161": 940654.0220122369,
    "162": 550722.7498939662,
    "163": 618018.0432368551,
    "164": 578032.9277680509,
    "165": 625241.8505397001,
    "166": 491820.21476654994,
    "167": 388739.2313991462,
    "168": 427898.10994654574,
    "169": 489382.6810666474,
    "170": 381341.26602276566,
    "171": 373301.5819788098,
    "172": 625922.0688626975,
    "173": 960639.8051460529,
    "174": 533059.101594795,
    "175": 323826.66970230616,
    "176": 454415.2891855496,
    "177": 412061.77202230936,
    "178": 721205.2821472655,
    "179": 298685.38369033474,
    "180": 542073.7303004663,
    "181": 116816.41617869925,
    "182": 725335.581842681,
    "183": 298578.7305238985,
    "184": 192318.78474325297,
    "185": 798939.7288566637,
    "186": 682187.693870298,
    "187": 140234.17071731263,
    "188": 366366.9565329637,
    "189": 314468.59629565023,
    "190": 1094757.4695264106,
    "191": 816085.331708113,
    "192": 1081872.6825402563,
    "193": 219663.53004941382,
    "194": 504155.7661826674,
    "195": 419176.82405140955,
    "196": 399591.63000458234,
    "197": 828526.2274098357,
    "198": 465822.2610315398,
    "199": 986791.2150745504,
    "200": 281289.66799276683,
    "201": 329549.40958347433,
    "202": 146366.7140597012,
    "203": 683082.8654623603,
    "204": 247317.7643704453,
    "205": 529693.661886376,
    "206": 624234.1920781359,
    "207": 427048.07683882426,
    "208": 281403.4406997258,
    "209": 255584.7995276961,
    "210": 723182.4187101498,
    "211": 274017.3381265217,
    "212": 764494.8517152064,
    "213": 561067.619227518,
    "214": 208952.4168617098,
    "215": 774535.0744836228,
    "216": 420390.191303842,
    "217": 414262.3360940166,
    "218": 480256.5594681984,
    "219": 504095.7853268687,
    "220": 582073.5756282811,
    "221": 1029109.2918567061,
    "222": 816729.1064320913,
    "223": 575474.9527879058,
    "224": 233469.54781804365,
    "225": 585645.8187566416,
    "226": 1073662.2421272187,
    "227": 766960.834146814,
    "228": 801508.1253027982,
    "229": 267520.56846846896,
    "230": 741138.0013136033,
    "231": 143450.02203443658,
    "232": 120397.28854006233,
    "233": 438188.3251275797,
    "234": 582640.0287432104,
    "235": 367453.6622720272,
    "236": 568756.557166148,
    "237": 659798.6170609193,
    "238": 209633.8923969317,
    "239": 310594.2635436998,
    "240": 372532.52401607344,
    "241": 325061.212958157,
    "242": 298045.87222228746,
    "243": 245703.01263261438,
    "244": 819950.4820068274,
    "245": 372659.974557979,
    "246": 744950.3676694909,
    "247": 833319.040071576,
    "248": 357701.6155594734,
    "249": 436411.33677273046,
    "250": 529336.334374567,
    "251": 434120.0914686833,
    "252": 273167.2561268973,
    "253": 601747.8165883385,
    "254": 445955.9369179532,
    "255": 246238.7843884928,
    "256": 364184.4372320346,
    "257": 309664.0094465665,
    "258": 396071.6002888963,
    "259": 1138772.8592338392,
    "260": 133300.8757025583,
    "261": 378833.2079580185,
    "262": 1540252.9954129842,
    "263": 200351.07933133442,
    "264": 324175.10339077393,
    "265": 823029.407066184,
    "266": 593222.6468258376,
    "267": 416521.3886067518,
    "268": 448442.3878874523,