{
    "1": 3198.5373900258155,
    "2": 2055.6026743312905,
    "3": 4899.454940151757,
    "4": 7986.225607914485,
    "5": 9443.280942467962,
    "6": 2832.8715949893854,
    "7": 9980.412317935346,
    "8": 4560.462137779944,
    "9": 4329.3020575118435,
    "10": 4689.329115264261,
    "11": 2140.920660475527,
    "12": 8114.100178202976,
    "13": 2362.1902010694475,
    "14": 3386.9303664034323,
    "15": 3799.488233595376,
    "16": 22701.338805477746,
    "17": 8558.464192412059,
    "18": 8429.054361287595,
    "19": 5479.410690537922,
    "20": 4672.05701267677,
    "21": 2307.2668795796512,
    "22": 943.6186965709737,
    "23": 8784.494088135216,
    "24": 165.89164131831677,
    "25": 17846.475251784406,
    "26": 9244.242823484026,
    "27": 4848.043019175214,
    "28": 2664.100894392203,
    "29": 12775.261603815487,
    "30": 6637.721678979066,
    "31": 3530.2359932017857,
    "32": 2985.459275703091,
    "33": 572.5510894589793,
    "34": 6245.078504315588,
    "35": 3746.0596268173263,
    "36": 4779.792103100616,
    "37": 9612.339123403628,
    "38": 4346.287937891753,
    "39": 4982.155476043844,
    "40": 10988.00922931692,
    "41": 13430.428721099339,
    "42": 2229.158149064328,
    "43": 4376.690895680771,
    "44": 16079.540456192033,
    "45": 6867.089946600602,
    "46": 3012.435899022534,
    "47": 3668.6652150128198,
    "48": 15727.192600235961,
    "49": 12031.538812492652,
    "50": 3183.6327796533624,
    "51": 6805.161237091659,
    "52": 10619.802506347736,
    "53": 17868.70565368117,
    "54": 6994.808552744923,
    "55": 3716.6359759658676,
    "56": 8991.466241246866,
    "57": 4107.84717633749,
    "58": 5608.406423890315,
    "59": 4044.3833300972065,
    "60": 12815.249039158196,
    "61": 8467.878908025514,
    "62": 2952.842014745518,
    "63": 7441.919931303062,
    "64": 1486.8438262301347,
    "65": 9894.01688787675,
    "66": 2994.2927654161003,
    "67": 8043.652946768512,
    "68": 12638.980868977136,
    "69": 8347.959701355685,
    "70": 8905.24086138758,
    "71": 8219.032199537749,
    "72": 4178.973547202018,
    "73": 3562.4228583078852,
    "74": 3188.0049161342095,
    "75": 1875.733955042709,
    "76": 3858.832494390756,
    "77": 2490.2375995974385,
    "78": 9653.603412799865,
    "79": 3210.9083927205515,
    "80": 4354.029124947482,
    "81": 5820.368923838067,
    "82": 3311.2436379521487,
    "83": 4604.879574390813,
    "84": 9505.000922843794,
    "85": 4658.617409955229,
    "86": 4842.42156997719,
    "87": 11262.734382017075,
    "88": 7907.595390149527,
    "89": 2511.7683430327315,
    "90": 8191.057153873197,
    "91": 15817.315269062907,
    "92": 2031.7647962073752,
    "93": 2740.072347762166,
    "94": 2584.1938761636943,
    "95": 3393.6823332940385,
    "96": 4800.776550888996,
    "97": 8700.283897030366,
    "98": 6970.497572930385,
    "99": 4544.088899386042,
    "100": 11160.645369074495,
    "101": 5993.412534142982,
    "102": 9247.837117697347,
    "103": 1495.031739677475,
    "104": 10713.712920030008,
    "105": 9348.614817456566,
    "106": 2984.4622742309452,
    "107": 4921.801193584867,
    "108": 10432.001865919066,
    "109": 11812.90802324759,
    "110": 4740.776452773891,
    "111": 3596.135786910579,
    "112": 4819.613408511213,
    "113": 2501.2522479693516,
    "114": 6437.58206723954,
    "115": 9636.36430373307,
    "116": 3153.73355852553,
    "117": 5772.770082688702,
    "118": 9588.650793624274,
    "119": 2513.4847254325346,
    "120": 10960.05947724136,
    "121": 13725.91921180557,
    "122": 8423.59406450816,
    "123": 4182.84143663579,
    "124": 19893.144831393372,
    "125": 4798.306448546556,
    "126": 6799.807350066487,
    "127": 2507.890208778694,
    "128": 857.8376748979337,
    "129": 3527.923355539622,
    "130": 6877.606485452973,
    "131": 5309.328015598125,
    "132": 11126.309571544236,
    "133": 10405.530648267335,
    "134": 3006.167261010233,
    "135": 8493.436038269632,
    "136": 987.8700100978351,
    "137": 3860.048089385508,
    "138": 2783.990620426325,
    "139": 4903.4215931487,
    "140": 3535.5035065440024,
    "141": 1667.9152586788734,
    "142": 9859.94016516538,
    "143": 6458.888389451481,
    "144": 5965.471067271671,
    "145": 13725.902928478181,
    "146": 7389.311718579382,
    "147": 5547.702802289579,
    "148": 3049.5347132883935,
    "149": 7046.25498226431,
    "150": 4234.580596982846,
    "151": 3996.4018673785686,
    "152": 9177.435969291575,
    "153": 8752.468741833303,
    "154": 11382.086242458876,
    "155": 3738.5829261521703,
    "156": 4523.213331292789,
    "157": 11674.649447682006,
    "158": 2574.781187561001,
    "159": 8013.8641257680265,
    "160": 4923.176911118069,
    "161": 17395.119770545374,
    "162": 7984.9153039370985,
    "163": 7951.872893567435,
    "164": 2333.6968211007065,
    "165": 2604.106783365072,
    "166": 3828.008709521563,
    "167": 4412.743229835915,
    "168": 3351.119429682287,
    "169": 14553.666058923127,
    "170": 6453.7900242275455,
    "171": 6150.287105412747,
    "172": 16049.798739593341,
    "173": 6672.242583290937,
    "174": 8271.203366124188,
    "175": 2873.6963340248494,
    "176": 2013.7964530866113,
    "177": 6267.66078927949,
    "178": 4272.110067490591,
    "179": 6899.370775847186,
    "180": 4300.613034498643,
    "181": 7994.710043764259,
    "182": 2303.033819685914,
    "183": 7498.898333940134,
    "184": 10248.937544864444,
    "185": 6540.049055225097,
    "186": 2949.7787944843035,
    "187": 16696.65883370237,
    "188": 2671.1853371374327,
    "189": 9166.651229240202,
    "190": 8940.167011789126,
    "191": 10633.535698448297,
    "192": 4952.424485806475,
    "193": 1900.0014530839187,
    "194": 7557.363006526033,
    "195": 5021.289804732067,
    "196": 7903.654427417638,
    "197": 3610.550018382904,
    "198": 8817.148595918039,
    "199": 3209.8795375717586,
    "200": 4326.048367965527,
    "201": 5860.597742843966,
    "202": 4658.473936856513,
    "203": 7072.483199885707,
    "204": 3716.4414916181104,
    "205": 10592.972930813052,
    "206": 9038.271757679679,
    "207": 3879.502336183129,
    "208": 2348.538774562037,
    "209": 9880.622642289043,
    "210": 7352.244908798965,
    "211": 9818.86585660711,
    "212": 8483.652693699509,
    "213": 9704.540809450436,
    "214": 2044.1262724170067,
    "215": 1970.5568398286898,
    "216": 2592.662508073086,
    "217": 7896.270161118248,
    "218": 13168.398192026913,
    "219": 4016.0258594909888,
    "220": 4322.546063306887,
    "221": 3882.015369253188,
    "222": 4634.344838013714,
    "223": 5534.585378952125,
    "224": 1807.2150996497792,
    "225": 14694.343710769088,
    "226": 10074.987312406576,
    "227": 3575.556093342719,
    "228": 3312.740843309172,
    "229": 6641.382947240012,
    "230": 7110.851292382607,
    "231": 3930.1927411103593,
    "232": 5003.261844801309,
    "233": 9747.532313402424,
    "234": 3156.2223511530083,
    "235": 4588.498653815114,
    "236": 14925.070097632839,
    "237": 3691.155573920869,
    "238": 7133.585634956683,
    "239": 4627.100840176541,
    "240": 3092.4148651114083,
    "241": 14850.622532570467,
    "242": 1235.5052470880973,
    "243": 5115.133448300642,
    "244": 3763.160898755614,
    "245": 9613.279846087113,
    "246": 9716.900632873932,
    "247": 9613.413100884854,
    "248": 8012.703774528687,
    "249": 6787.747861865915,
    "250": 6007.22017345949,
    "251": 4426.974923256424,
    "252": 2449.235601002132,
    "253": 12354.473651479248,
    "254": 6016.034920992396,
    "255": 11495.036551465737,
    "256": 6980.036431485503,
    "257": 5224.528446561918,
    "258": 7659.252387115622,
    "259": 6550.977229208417,
    "260": 6469.757151874092,
    "261": 6131.748793372525,
    "262": 3437.750011721161,
    "263": 3356.8247520186314,
    "264": 11621.841157321773,
    "265": 8803.051904497454,
    "266": 4289.12750636166,
    "267": 4738.958295288141,