{
    "1": 3582.0097447054836,
    "2": 3908.184234289935,
    "3": 11014.070269606282,
    "4": 10923.948080012213,
    "5": 4567.958753143527,
    "6": 2325.3734783652394,
    "7": 3354.889763105565,
    "8": 3450.6037842590354,
    "9": 7635.512937511559,
    "10": 7110.985141954745,
    "11": 11412.095348492476,
    "12": 2339.621592395357,
    "13": 3137.068105967688,
    "14": 4664.708244050299,
    "15": 1154.0556243933665,
    "16": 10660.432673326733,
    "17": 1098.9235436909537,
    "18": 6726.573382548832,
    "19": 6892.160900953562,
    "20": 4958.160505659871,
    "21": 874.7675749518752,
    "22": 6537.221002973294,
    "23": 4991.346871998793,
    "24": 2972.987603763789,
    "25": 6926.605781242556,
    "26": 8026.061623422897,
    "27": 3167.4399458886287,
    "28": 1450.637660154106,
    "29": 7729.766662146558,
    "30": 2444.37105425497,
    "31": 1526.029912769823,
    "32": 1727.0218069563289,
    "33": 10357.922167010087,
    "34": 4921.8225322810085,
    "35": 7230.036428347196,
    "36": 3338.4923033906393,
    "37": 8777.492499391985,
    "38": 2504.473841062315,
    "39": 8232.041163694112,
    "40": 2392.8711826577464,
    "41": 2664.6801812784247,
    "42": 9358.557149726183,
    "43": 4493.1465563231195,
    "44": 4456.534274431997,
    "45": 3738.617797733257,
    "46": 2412.7885378853202,
    "47": 3749.7091312011926,
    "48": 2653.082497776893,
    "49": 7413.067818737538,
    "50": 2024.7649150021443,
    "51": 2073.8546841229786,
    "52": 7758.855144988498,
    "53": 8263.715787067104,
    "54": 2586.8461474633978,
    "55": 8455.153968802319,
    "56": 2533.9230551731025,
    "57": 3890.757133743774,
    "58": 6172.559710238593,
    "59": 7884.0717269503875,
    "60": 7470.297246137134,
    "61": 4252.069935000385,
    "62": 4338.160163854509,
    "63": 10322.064260492723,
    "64": 2785.805351439218,
    "65": 6393.707691054113,
    "66": 9576.318534183158,
    "67": 4486.269929474495,
    "68": 2813.406967718025,
    "69": 4131.359713572986,
    "70": 3099.9637950495917,
    "71": 3028.1673149842736,
    "72": 903.8950210433857,
    "73": 3033.1425451308905,
    "74": 1969.5506167676815,
    "75": 7083.462032143916,
    "76": 4076.7789172212256,
    "77": 10685.40075191557,
    "78": 3676.6135632330856,
    "79": 4103.07965219585,
    "80": 8026.697475133491,
    "81": 8383.321985645067,
    "82": 3310.778327602211,
    "83": 16460.58254651128,
    "84": 5454.914858835119,
    "85": 6761.775298056691,
    "86": 11913.54715097838,
    "87": 6527.265118230992,
    "88": 8888.04381630737,
    "89": 1985.3609507603246,
    "90": 10372.249790847556,
    "91": 14637.697314108787,
    "92": 1052.9051053679011,
    "93": 5202.6760021376485,
    "94": 2763.259296116259,
    "95": 6697.010931825635,
    "96": 8008.26726405781,
    "97": 1537.8816113056914,
    "98": 1381.4346235864564,
    "99": 2163.412789232105,
    "100": 5646.160343199723,
    "101": 2814.7249643187774,
    "102": 10741.593804446633,
    "103": 8132.186348420715,
    "104": 1519.6696886301577,
    "105": 3464.8667353474043,
    "106": 4542.83700906114,
    "107": 3923.0702818122513,
    "108": 4816.704115119527,
    "109": 7086.125194695883,
    "110": 3835.3069696662665,
    "111": 10076.01068084331,
    "112": 1694.1832798130274,
    "113": 7654.413849554856,
    "114": 3375.405613441572,
    "115": 7266.8083850235025,
    "116": 2667.373012977774,
    "117": 11007.078513955008,
    "118": 6213.692787534993,
    "119": 7926.020577238673,
    "120": 5974.407415272553,
    "121": 6070.508869110945,
    "122": 15485.042221410396,
    "123": 6579.522187060345,
    "124": 3860.9403994740887,
    "125": 10801.73362310139,
    "126": 4969.682212297629,
    "127": 7624.242100849829,
    "128": 4727.44499310906,
    "129": 849.226945181517,
    "130": 6117.509176713676,
    "131": 9420.100209276297,
    "132": 3217.7164243251923,
    "133": 1996.0691745581894,
    "134": 10275.560950557225,
    "135": 10276.727979401076,
    "136": 3911.613702439532,
    "137": 7902.731979011622,
    "138": 12305.336714708721,
    "139": 1836.9314459853376,
    "140": 3595.4333815557593,
    "141": 6063.716342115911,
    "142": 7587.339784280908,
    "143": 8062.286023096196,
    "144": 682.5897966439574,
    "145": 6264.460871026484,
    "146": 6452.120227881308,
    "147": 6887.645993872864,
    "148": 3497.1428891413134,
    "149": 7837.2752991883235,
    "150": 13749.799332841514,
    "151": 10398.178367053599,
    "152": 7287.513095507918,
    "153": 3090.6603339508265,
    "154": 2396.66385547215,
    "155": 3466.845376756502,
    "156": 1361.5100369213105,
    "157": 11447.69568738514,
    "158": 5892.645206347134,
    "159": 5232.489851688608,
    "160": 2823.45264109487,
    "161": 3348.844189125498,
    "162": 6381.415865640051,
    "163": 5326.937830438884,
    "164": 3439.5408603912474,
    "165": 5135.209419681739,
    "166": 6996.816331114653,
    "167": 4316.354282054367,
    "168": 3390.9286046681345,
    "169": 1534.0160330116694,
    "170": 17331.948906672726,
    "171": 718.8542533391753,
    "172": 13398.902270504797,
    "173": 4074.843950630486,
    "174": 2364.6009223076485,
    "175": 5426.581240824573,
    "176": 3191.9311724858035,
    "177": 3930.9289170739376,
    "178": 10403.671961485008,
    "179": 4322.789794840622,
    "180": 6763.948604709776,
    "181": 4844.799318927843,
    "182": 12601.826942917678,
    "183": 5364.736574487452,
    "184": 5436.009081217991,
    "185": 9751.736108706049,
    "186": 4459.439347829041,
    "187": 5265.3066539523525,
    "188": 5830.327282046356,
    "189": 5826.797776671503,
    "190": 3677.5042960069995,
    "191": 6912.317675534534,
    "192": 14588.352083642636,
    "193": 5459.435407562837,
    "194": 4140.023187252638,
    "195": 13748.339878399694,
    "196": 8674.791154637938,
    "197": 4884.684083198073,
    "198": 3249.9181290897604,
    "199": 3309.5185311653468,
    "200": 4422.893792221382,
    "201": 3586.87463550511,
    "202": 6453.03392832664,
    "203": 1620.6570586213759,
    "204": 4395.3379765695345,
    "205": 9996.682409321273,
    "206": 2471.538606193206,
    "207": 5695.652645831316,
    "208": 2087.250123974229,
    "209": 3897.2195477283867,
    "210": 3770.123894922364,
    "211": 3178.724582556879,
    "212": 4271.122862654946,
    "213": 6041.95180478621,
    "214": 9635.612436119523,
    "215": 2631.096251336412,
    "216": 7290.185229193894,
    "217": 2409.234107111057,
    "218": 4701.130174607739,
    "219": 11193.501169739167,
    "220": 6408.813012605752,
    "221": 1958.5701871757312,
    "222": 5846.996424457254,
    "223": 9158.38644306748,
    "224": 11429.759721774688,
    "225": 11588.112616881319,
    "226": 3298.997288422365,
    "227": 5499.069426249849,
    "228": 15106.119392295672,
    "229": 9817.431716912428,
    "230": 1279.31939845197,
    "231": 3694.1109040322285,
    "232": 9191.674148097196,
    "233": 9123.294553465928,
    "234": 5702.823332036255,
    "235": 10219.874357462071,
    "236": 3199.451203822568,
    "237": 4286.878187034199,
    "238": 5129.520750093776,
    "239": 9711.700779327046,
    "240": 8411.081931633227,
    "241": 9670.148902146355,
    "242": 6654.02396893403,
    "243": 1891.998659098118,
    "244": 6525.07214381401,
    "245": 11917.343047036291,
    "246": 7694.411629641141,
    "247": 6442.12070253617,
    "248": 12522.464014400386,
    "249": 5859.342159401556,
    "250": 4300.466066031277,
    "251": 6523.65628536365,
    "252": 8761.396503005622,
    "253": 5574.323117922604,
    "254": 3417.1197283471906,
    "255": 8729.400640631648,
    "256": 2421.692333131193,
    "257": 7982.357206120101,
    "258": 726.2170124894828,
    "259": 2350.775715223265,
    "260": 4353.941204907804,
    "261": 3581.5449795060313,
    "262": 2837.860898667567,
    "263": 5845.894462128156,
    "264": 6602.811026309378,
    "265": 15281.911721882207,
    "266": 5919.374686341212,
    "267": 6832.388393272613,