{
    "1": 468269.4910617867,
    "2": 461623.2461257962,
    "3": 296026.29563228495,
    "4": 320181.0256526501,
    "5": 849272.7160571205,
    "6": 308890.927886908,
    "7": 378969.7833371709,
    "8": 1032043.2329322255,
    "9": 405303.7272324474,
    "10": 510655.8302412584,
    "11": 292376.1133034908,
    "12": 413062.77568024833,
    "13": 466498.44621080946,
    "14": 176985.21353219936,
    "15": 479674.943740559,
    "16": 269242.9494942266,
    "17": 473678.8097507869,
    "18": 220568.96003134103,
    "19": 152223.1028504405,
    "20": 526443.5687637348,
    "21": 391725.46206713305,
    "22": 512359.63101293193,
    "23": 498518.47924466844,
    "24": 191088.16586410324,
    "25": 333539.1845641089,
    "26": 236973.86487210795,
    "27": 330054.8268414184,
    "28": 78765.95883413054,
    "29": 194514.76019061214,
    "30": 451218.2095332662,
    "31": 1140245.204125133,
    "32": 369714.357405439,
    "33": 186940.9773642878,
    "34": 612168.8522481151,
    "35": 348338.945777299,
    "36": 1273719.6286637404,
    "37": 234643.21252775908,
    "38": 195198.4494450902,
    "39": 727690.2063564826,
    "40": 110660.0824316095,
    "41": 532526.8224512686,
    "42": 297136.145642971,
    "43": 477029.94598712254,
    "44": 462624.3428386074,
    "45": 259214.7519731209,
    "46": 611258.6684862209,
    "47": 217407.97742964397,
    "48": 741370.3993828606,
    "49": 735356.1570312832,
    "50": 479038.99814591324,
    "51": 405903.050248404,
    "52": 621709.9817468626,
    "53": 608042.9451012926,
    "54": 207443.0875441243,
    "55": 376935.979819501,
    "56": 929499.3538906126,
    "57": 569655.8234210567,
    "58": 298247.79172588856,
    "59": 692193.2879969708,
    "60": 698179.1486216356,
    "61": 182159.40419717206,
    "62": 556656.9956220223,
    "63": 415899.0481511766,
    "64": 213492.73789574628,
    "65": 776859.5567552501,
    "66": 231062.9774954756,
    "67": 369299.746249884,
    "68": 595047.4487154874,
    "69": 454411.9916852942,
    "70": 641136.4904973486,
    "71": 594989.7385596595,
    "72": 838491.9484697565,
    "73": 657873.378627827,
    "74": 250421.7528678252,
    "75": 187928.63214629088,
    "76": 522048.2897474468,
    "77": 748720.0683470932,
    "78": 465617.5885985371,
    "79": 1378056.046905975,
    "80": 527397.2485347877,
    "81": 229453.86325662467,
    "82": 214405.4351892341,
    "83": 971287.2773135476,
    "84": 488999.42580870143,
    "85": 837534.3495565725,
    "86": 347716.60582432535,
    "87": 168787.33146613013,
    "88": 221932.1243306594,
    "89": 345142.70557524456,
    "90": 264893.9784988831,
    "91": 1077720.0199946484,
    "92": 415478.4010375851,
    "93": 338924.43911536894,
    "94": 182453.82044624587,
    "95": 844133.718701157,
    "96": 451482.15449440083,
    "97": 473041.48209808144,
    "98": 1015691.6792778427,
    "99": 73334.73416160367,
    "100": 603337.3999377339,
    "101": 598582.1821531174,
    "102": 1073598.8587177417,
    "103": 289374.82256972976,
    "104": 256569.50710455357,
    "105": 827587.419897007,
    "106": 247996.23597143195,
    "107": 202789.75478182058,
    "108": 488086.72942347877,
    "109": 590864.6753939079,
    "110": 490450.01938283845,
    "111": 134587.7562672806,
    "112": 355612.15816057444,
    "113": 398665.5152185164,
    "114": 270529.66195607843,
    "115": 367226.8404797585,
    "116": 824549.4180436733,
    "117": 537362.9626989864,
    "118": 444868.07972603076,
    "119": 793567.3126338288,
    "120": 506136.72775717545,
    "121": 188825.8714538672,
    "122": 378232.5675071322,
    "123": 379153.9501379797,
    "124": 723325.0449535802,
    "125": 451162.64432316076,
    "126": 627456.7159653696,
    "127": 496785.1285815996,
    "128": 819712.7582134812,
    "129": 513033.27705136535,
    "130": 695461.0703643034,
    "131": 470716.8323278589,
    "132": 266285.56497096096,
    "133": 797721.0941775276,
    "134": 130372.48586972161,
    "135": 104686.47817649624,
    "136": 324587.9362392567,
    "137": 233727.60591995504,
    "138": 83044.9254141429,
    "139": 160101.09824019292,
    "140": 807935.9229074277,
    "141": 471551.040102153,
    "142": 519284.60584243253,
    "143": 797263.9645982469,
    "144": 629466.1277729927,
    "145": 545698.6976984157,
    "146": 409303.86250908376,
    "147": 171530.42841926025,
    "148": 355618.3120061747,
    "149": 281739.2350011544,
    "150": 559074.587886773,
    "151": 574981.7005912254,
    "152": 514147.92927353625,
    "153": 182967.90391447034,
    "154": 422006.5781492251,
    "155": 405998.16444752715,
    "156": 565577.8537878207,
    "157": 902880.396544919,
    "158": 487222.2339447398,
    "159": 902463.7834811334,
    "160": 824118.3440056212,
    "161": 318142.18711467396,
    "162": 295042.2413662845,
    "163": 164542.49895661007,
    "164": 182632.06839185036,
    "165": 217596.32331482717,
    "166": 139190.8589587457,
    "167": 511601.6027133023,
    "168": 596538.7149463951,
    "169": 440727.80258264847,
    "170": 357944.86244619946,
    "171": 491938.7137327123,
    "172": 441180.4717639611,
    "173": 178439.51169796914,
    "174": 148578.3151531797,
    "175": 791188.9855118458,
    "176": 130467.19201666191,
    "177": 726766.2388521949,
    "178": 413804.072209756,
    "179": 660471.9621253652,
    "180": 419228.80276020506,
    "181": 982652.9021767152,
    "182": 747955.698585523,
    "183": 488605.77758878755,
    "184": 258412.35189248162,
    "185": 925153.810104377,
    "186": 472202.1036357354,
    "187": 443701.52524412924,
    "188": 356508.03085810674,
    "189": 903579.3580311108,
    "190": 365190.9073237209,
    "191": 410643.64587590605,
    "192": 440662.0448295782,
    "193": 391022.48255514796,
    "194": 1019978.4682011475,
    "195": 620677.5103278337,
    "196": 341526.8899458592,
    "197": 591454.0227463671,
    "198": 507001.074373387,
    "199": 558492.3804133529,
    "200": 326289.8402065488,
    "201": 244228.5497306299,
    "202": 196634.0579311456,
    "203": 721277.8206191103,
    "204": 438001.2355286035,
    "205": 283898.3424806231,
    "206": 277553.50548409537,
    "207": 667194.2717359406,
    "208": 378138.13684787805,
    "209": 533586.6857748126,
    "210": 223339.58029826844,
    "211": 231884.7712865504,
    "212": 334040.2250063926,
    "213": 209325.86391112753,
    "214": 515027.2867227657,
    "215": 457469.3594633709,
    "216": 549675.1074585321,
    "217": 595136.6874713163,
    "218": 218676.71955242232,
    "219": 414442.3179936577,
    "220": 553954.2657140531,
    "221": 945360.3799964354,
    "222": 484425.0428790243,
    "223": 581504.2388831426,
    "224": 391967.71311274683,
    "225": 333285.604489512,
    "226": 529987.3231568497,
    "227": 692490.8798122228,
    "228": 415894.00895654055,
    "229": 626865.5804628145,
    "230": 676574.3244251239,
    "231": 386813.0394615991,
    "232": 352301.85797099787,
    "233": 481738.63634381426,
    "234": 429466.61110073124,
    "235": 454077.13000838016,
    "236": 394758.53236758226,
    "237": 646228.488451221,
    "238": 324665.9257501039,
    "239": 958693.9468184554,
    "240": 439870.65355312283,
    "241": 597918.8155974348,
    "242": 432543.855600993,
    "243": 102462.88151392849,
    "244": 447800.83607531636,
    "245": 813842.3143284261,
    "246": 560333.2457967296,
    "247": 286960.7238730895,
    "248": 121530.8252612842,
    "249": 539219.8566023975,
    "250": 466001.78492845746,
    "251": 98733.08518621034,
    "252": 148033.44413043707,
    "253": 315900.7783359369,
    "254": 842793.6538034307,
    "255": 574643.862902172,
    "256": 784609.087680933,
    "257": 550848.4483721423,
    "258": 638339.5588356259,
    "259": 699531.8646158183,
    "260": 408023.89181711414,
    "261": 586261.9875760986,
    "262": 706528.1486946777,
    "263": 480723.235704243,
    "264": 506540.5357939215,
    "265": 111118.884111415,
    "266": 290833.7943681946,
    "267": 665329.3320138184,
    "268": 268061.0518633458,