{
    "1": 7801.00710757041,
    "2": 5548.2203291676215,
    "3": 3225.691996123288,
    "4": 7933.718385386357,
    "5": 2220.5055273739813,
    "6": 3304.3479811810416,
    "7": 4059.9845982731335,
    "8": 5690.30867988863,
    "9": 4278.344431940783,
    "10": 3477.7192378750597,
    "11": 3801.566656551475,
    "12": 3948.9555445260617,
    "13": 3310.8496879011723,
    "14": 7713.918071156154,
    "15": 11013.097485078879,
    "16": 4510.0299352769935,
    "17": 8778.992727637513,
    "18": 3610.630532658291,
    "19": 4807.414192158984,
    "20": 4426.214811567793,
    "21": 3635.478998902344,
    "22": 5481.396280357598,
    "23": 2399.6518549024045,
    "24": 13138.27032369634,
    "25": 7025.021791263826,
    "26": 4562.1797729627,
    "27": 6191.254677278204,
    "28": 3780.5420513980816,
    "29": 3677.059913399096,
    "30": 2666.3103047388176,
    "31": 3176.2690252331045,
    "32": 7540.6618340030045,
    "33": 3615.3383558351265,
    "34": 11919.985627166814,
    "35": 5477.146143267475,
    "36": 10923.789910074554,
    "37": 5353.553262830009,
    "38": 4847.95425160645,
    "39": 5225.584979782014,
    "40": 6451.878959303382,
    "41": 5596.7122321499155,
    "42": 2354.4426905767345,
    "43": 2492.9597949471436,
    "44": 3016.0431740190993,
    "45": 4558.459607413389,
    "46": 14660.017066627119,
    "47": 12080.702050560456,
    "48": 10764.415353657268,
    "49": 2874.5236895679786,
    "50": 6748.016788934217,
    "51": 10606.849610973557,
    "52": 14990.221993294985,
    "53": 10255.46022599638,
    "54": 1840.2615726657389,
    "55": 5223.271681336061,
    "56": 4934.814076738809,
    "57": 3103.996530944319,
    "58": 4118.074046260302,
    "59": 2911.3616639349552,
    "60": 5627.430861491213,
    "61": 14712.09951702693,
    "62": 7160.971436560961,
    "63": 10589.802207266173,
    "64": 5466.601879181365,
    "65": 8254.087276085134,
    "66": 5962.460890966204,
    "67": 4250.580398345397,
    "68": 4908.612952316917,
    "69": 14280.397364263174,
    "70": 6178.481860010285,
    "71": 8193.523149263217,
    "72": 7499.65782222133,
    "73": 1190.5557669930934,
    "74": 7742.898346231526,
    "75": 10572.082982055716,
    "76": 3978.9900706450367,
    "77": 1175.1383484719731,
    "78": 3935.109668582721,
    "79": 2364.464907267637,
    "80": 2799.2695578294297,
    "81": 4887.8228096507155,
    "82": 7483.9767594941695,
    "83": 3802.1366785089153,
    "84": 4150.4661723061545,
    "85": 1738.6863133227187,
    "86": 3885.6915768224058,
    "87": 16235.812542652657,
    "88": 12187.049965615262,
    "89": 7279.468279398107,
    "90": 4602.070293765147,
    "91": 4550.974378161124,
    "92": 5702.911130448417,
    "93": 6436.6514211218355,
    "94": 5126.424500521204,
    "95": 4497.0249950866355,
    "96": 7741.367491732447,
    "97": 5583.991981114347,
    "98": 1662.8610756332193,
    "99": 9260.522018488524,
    "100": 4538.800309397147,
    "101": 4469.256546008762,
    "102": 12049.76530029177,
    "103": 3052.058610316442,
    "104": 1888.4625826407487,
    "105": 3470.1331959035915,
    "106": 9376.056176880818,
    "107": 6434.836601315176,
    "108": 7650.487764231538,
    "109": 2367.8807264241664,
    "110": 2675.802314617502,
    "111": 7156.965208901514,
    "112": 3430.164469369579,
    "113": 7353.6710853963195,
    "114": 1647.884367394126,
    "115": 9380.532281486594,
    "116": 7437.1465448958315,
    "117": 11429.05085612258,
    "118": 8791.998464051607,
    "119": 5080.998565248243,
    "120": 2948.575688621366,
    "121": 3533.222808838717,
    "122": 3150.5825529774565,
    "123": 16032.824894393087,
    "124": 7336.059779084162,
    "125": 2666.2079310327945,
    "126": 2642.2165741011822,
    "127": 7569.631675391594,
    "128": 4519.667734872022,
    "129": 10797.48939559819,
    "130": 7751.808847382431,
    "131": 10678.247242864774,
    "132": 3627.2044100613607,
    "133": 13669.926161185727,
    "134": 9730.33092595922,
    "135": 2801.621307984311,
    "136": 1970.413538886306,
    "137": 17378.131201671444,
    "138": 2492.1902906075215,
    "139": 10595.003034867106,
    "140": 5750.501248105267,
    "141": 7360.444176783706,
    "142": 2791.945587885021,
    "143": 2984.5365362776665,
    "144": 5227.434028339643,
    "145": 2697.366875942773,
    "146": 3988.118256963088,
    "147": 15238.462597115558,
    "148": 1368.8180396723342,
    "149": 7694.446776784051,
    "150": 8840.003466614333,
    "151": 2723.0342027233687,
    "152": 3552.3238355000462,
    "153": 1116.7526429114916,
    "154": 2330.3114282362803,
    "155": 6216.519928965186,
    "156": 6903.124635470732,
    "157": 3520.910361034971,
    "158": 6437.163802958374,
    "159": 4279.4865666131245,
    "160": 10553.867043978149,
    "161": 4703.461683917643,
    "162": 1235.324732137711,
    "163": 4049.8418132825323,
    "164": 9103.603127079326,
    "165": 1461.23799556458,
    "166": 2733.581065087054,
    "167": 4064.0152663630706,
    "168": 10652.578502967033,
    "169": 1744.2552466582888,
    "170": 8069.457721938253,
    "171": 4729.728395011842,
    "172": 15552.113955188566,
    "173": 5222.140514492082,
    "174": 10494.241999876833,
    "175": 7919.899274181073,
    "176": 5625.229036891483,
    "177": 7203.883429125826,
    "178": 1921.156122914217,
    "179": 3632.385772335337,
    "180": 3137.7454067367808,
    "181": 4158.112081919875,
    "182": 5807.350658879494,
    "183": 7071.101615657593,
    "184": 6026.340385226169,
    "185": 15606.416922942011,
    "186": 3630.856998330178,
    "187": 4871.376340889301,
    "188": 27024.973803200857,
    "189": 6970.205578617126,
    "190": 5610.821068157389,
    "191": 7983.594275487421,
    "192": 4107.573951553145,
    "193": 1011.3563363223572,
    "194": 14310.760949620693,
    "195": 6823.3574245548225,
    "196": 3781.1635686444974,
    "197": 3588.8563510945396,
    "198": 5010.162746093993,
    "199": 6240.5189212005325,
    "200": 5195.562415768409,
    "201": 8257.938349701444,
    "202": 2358.972699596179,
    "203": 3282.62022567615,
    "204": 2929.404511658077,
    "205": 5950.361672892618,
    "206": 2761.4583977369416,
    "207": 3633.9072218553033,
    "208": 3802.70097566543,
    "209": 8306.132493315248,
    "210": 3509.951949887185,
    "211": 15515.541531165878,
    "212": 1707.842739037324,
    "213": 2167.776003922411,
    "214": 4793.448196693335,
    "215": 1977.415667125227,
    "216": 5161.965748362216,
    "217": 7259.237051587525,
    "218": 8937.193053029929,
    "219": 7634.536185204612,
    "220": 2271.25618647633,
    "221": 17380.985425903174,
    "222": 10114.496866600764,
    "223": 9728.314253017503,
    "224": 6628.7767753319895,
    "225": 10749.591562494039,
    "226": 13054.264787261884,
    "227": 10624.856326222958,
    "228": 5927.769359208863,
    "229": 2007.1882583872846,
    "230": 2805.750155280164,
    "231": 1724.0479275040364,
    "232": 5598.094063124243,
    "233": 11750.5667049669,
    "234": 5177.531471061119,
    "235": 3826.0685754373026,
    "236": 2595.268505975006,
    "237": 7212.367833055624,
    "238": 5374.276211418071,
    "239": 11018.416819388127,
    "240": 5268.2305601393355,
    "241": 8462.32703292317,
    "242": 5688.504449896544,
    "243": 8593.646752334953,
    "244": 3610.85236363572,
    "245": 10178.432268602679,
    "246": 2403.504346126783,
    "247": 3617.8788104600553,
    "248": 10215.63148143868,
    "249": 9043.996038732155,
    "250": 19443.941479777863,
    "251": 3217.207111289455,
    "252": 13833.437295535765,
    "253": 7605.14963198519,
    "254": 428.6132774239953,
    "255": 3786.817904748652,
    "256": 4835.038271691074,
    "257": 1357.3641030474269,
    "258": 13210.584683536994,
    "259": 6393.105410778309,
    "260": 4532.834263753296,
    "261": 7842.450308369408,
    "262": 2490.582044353871,
    "263": 11711.517584914369,
    "264": 1352.4494940811624,
    "265": 3690.3238699032618,
    "266": 5248.642480317416,
    "267": 4449.228386714113,