{
    "1": 5920.110563530923,
    "2": 8132.564307052658,
    "3": 11919.947053740647,
    "4": 2823.4899614980313,
    "5": 8097.282616162008,
    "6": 7808.003547430246,
    "7": 17346.425943765193,
    "8": 5107.817488591618,
    "9": 4757.527737214866,
    "10": 16223.073897973654,
    "11": 9169.508678730695,
    "12": 7148.065520413091,
    "13": 1582.4192645580665,
    "14": 3925.553462705645,
    "15": 2676.4090939866946,
    "16": 9539.349837080172,
    "17": 11521.293766024535,
    "18": 6606.630031123589,
    "19": 5027.932960518778,
    "20": 17961.812663324807,
    "21": 3458.96726245156,
    "22": 9908.427333036547,
    "23": 9945.774264708718,
    "24": 9959.72208051874,
    "25": 12201.774210311605,
    "26": 6488.488309980969,
    "27": 16274.73612419057,
    "28": 4208.131647604924,
    "29": 8024.7835501943455,
    "30": 7775.777356973319,
    "31": 16891.377897967624,
    "32": 3829.157488692067,
    "33": 8401.627151753419,
    "34": 9083.867322640568,
    "35": 9845.323160197671,
    "36": 8164.829724789065,
    "37": 19760.61720404435,
    "38": 11023.316816538649,
    "39": 7776.929369670781,
    "40": 6033.972687477231,
    "41": 1780.2361709588301,
    "42": 6600.729146907935,
    "43": 5569.557986516856,
    "44": 7088.140483693772,
    "45": 1861.002757305563,
    "46": 3240.7863116711083,
    "47": 9437.0959924368,
    "48": 2900.695663163633,
    "49": 8065.166665031685,
    "50": 9272.925771502481,
    "51": 10591.181949733182,
    "52": 16143.851241737428,
    "53": 2476.7768980398423,
    "54": 3451.086791876374,
    "55": 3382.8938538337816,
    "56": 6120.829466412573,
    "57": 4098.835799775151,
    "58": 14450.898115292788,
    "59": 6064.625950882061,
    "60": 3073.3100272461465,
    "61": 4757.746329473057,
    "62": 6957.793866259933,
    "63": 1744.3702635783634,
    "64": 13264.833738741165,
    "65": 10593.822075509392,
    "66": 4002.5860414748668,
    "67": 2916.016130052053,
    "68": 3700.0274767822907,
    "69": 8999.745199788105,
    "70": 8544.426504138242,
    "71": 3895.083026022658,
    "72": 16302.29561365009,
    "73": 3472.8150056037725,
    "74": 3356.018493646563,
    "75": 5529.618269055787,
    "76": 2299.0391580720166,
    "77": 3491.5579951278246,
    "78": 8667.664592284624,
    "79": 11031.947438575338,
    "80": 12255.315656295443,
    "81": 4932.571533845538,
    "82": 3890.7644255505434,
    "83": 9732.480720304138,
    "84": 2932.721966542597,
    "85": 7696.920098151425,
    "86": 17701.8838939036,
    "87": 6130.931167805861,
    "88": 5177.640142471319,
    "89": 4293.763868044501,
    "90": 8252.607378663903,
    "91": 18758.610622273554,
    "92": 12823.013375097054,
    "93": 5785.441469319438,
    "94": 5141.165057718246,
    "95": 9506.951841412269,
    "96": 3310.9925679920293,
    "97": 9508.712262901065,
    "98": 11114.82442764732,
    "99": 11116.11459090179,
    "100": 14217.404242441024,
    "101": 9809.78006497733,
    "102": 9827.537402494449,
    "103": 6202.437534372848,
    "104": 4753.428427377095,
    "105": 3444.8276270707406,
    "106": 9312.401703583153,
    "107": 10191.933273870842,
    "108": 8424.497929710249,
    "109": 1610.7441043388978,
    "110": 2625.7119417227805,
    "111": 3606.9875222066853,
    "112": 5981.923850300158,
    "113": 3344.378349561747,
    "114": 7264.439205475989,
    "115": 6960.149104579147,
    "116": 16583.242844210166,
    "117": 5986.6530409396255,
    "118": 5790.612953659497,
    "119": 12647.106609303997,
    "120": 6974.590520838702,
    "121": 2025.3896037090453,
    "122": 20354.523446963438,
    "123": 15116.454398568296,
    "124": 5055.788681755127,
    "125": 7282.478739711972,
    "126": 3893.8790234837065,
    "127": 1399.8370302943674,
    "128": 10124.28913295509,
    "129": 10466.567651536134,
    "130": 13041.648177814144,
    "131": 14577.093337756914,
    "132": 3589.4747226940085,
    "133": 7706.544252448898,
    "134": 11146.386942985337,
    "135": 2566.3853591568395,
    "136": 1479.778945579578,
    "137": 2674.031485747951,
    "138": 10613.465423490947,
    "139": 12843.873963501588,
    "140": 11343.903028839422,
    "141": 6529.300365145254,
    "142": 12021.562600016923,
    "143": 10385.482834206061,
    "144": 7537.348264384104,
    "145": 16071.824139173037,
    "146": 8109.191859280995,
    "147": 6887.37196974341,
    "148": 8361.685970702703,
    "149": 5392.08538131803,
    "150": 6535.126957142355,
    "151": 1897.6639093146841,
    "152": 15213.382913668403,
    "153": 9758.344684439133,
    "154": 8218.004527613231,
    "155": 10085.347537898984,
    "156": 12870.739435639582,
    "157": 7960.062818418641,
    "158": 14716.402228900059,
    "159": 13543.197404507619,
    "160": 4117.099941234927,
    "161": 9223.660892307915,
    "162": 7896.017733351781,
    "163": 7754.929007205574,
    "164": 15846.890521261457,
    "165": 5549.566845506189,
    "166": 16902.131048141604,
    "167": 16714.974796409686,
    "168": 8072.489531444469,
    "169": 4895.974582566995,
    "170": 20405.252052767835,
    "171": 7045.580675827752,
    "172": 8586.276078858209,
    "173": 6076.4619224264525,
    "174": 5777.669534230235,
    "175": 3549.945038411096,
    "176": 16673.90644295546,
    "177": 6898.8258815391555,
    "178": 3837.694673816729,
    "179": 12252.755653040587,
    "180": 20338.507914229598,
    "181": 2324.1803033826036,
    "182": 8987.706409612887,
    "183": 5258.961395923319,
    "184": 4604.1616649082835,
    "185": 2870.8942279821913,
    "186": 4265.932517375697,
    "187": 4825.670509372545,
    "188": 3436.139031834617,
    "189": 6445.794844189335,
    "190": 6600.143648565449
}