{
    "1": 5499.611076793253,
    "2": 14055.144441292681,
    "3": 3939.244275132288,
    "4": 5519.332443880131,
    "5": 8564.167797991964,
    "6": 6544.265397849449,
    "7": 5698.0152028095235,
    "8": 1987.3856331811035,
    "9": 7147.807502320518,
    "10": 11829.189085325652,
    "11": 6919.719228972282,
    "12": 2538.35835707496,
    "13": 9620.731309417723,
    "14": 7847.417762006795,
    "15": 3908.7780080796047,
    "16": 6495.526647706462,
    "17": 10869.141732136051,
    "18": 6515.298640240332,
    "19": 11908.485219593871,
    "20": 3973.064341807468,
    "21": 8046.274874553907,
    "22": 7252.957667907548,
    "23": 4070.616713879952,
    "24": 5064.929272820946,
    "25": 16213.576562612141,
    "26": 15834.744257872078,
    "27": 5700.0656778082575,
    "28": 18168.20071951446,
    "29": 5763.633772715565,
    "30": 12653.260135911449,
    "31": 4328.643576524668,
    "32": 6691.275246776682,
    "33": 7809.030104496551,
    "34": 9367.442791776986,
    "35": 8939.334165204053,
    "36": 9452.578304297349,
    "37": 2214.1312164110304,
    "38": 10303.692243350999,
    "39": 9013.361368257294,
    "40": 6023.323802444293,
    "41": 9093.021044711055,
    "42": 10346.956140340917,
    "43": 6416.741967298135,
    "44": 17327.7854933198,
    "45": 5113.868660842204,
    "46": 9329.630088932989,
    "47": 17407.25551879413,
    "48": 12219.170431810839,
    "49": 2380.0634107402307,
    "50": 7767.352500731306,
    "51": 3833.0835886700092,
    "52": 6303.310174845783,
    "53": 2237.8148890132843,
    "54": 10793.707423707652,
    "55": 4789.394880919821,
    "56": 6340.442538730694,
    "57": 14163.624705104954,
    "58": 5561.337014572521,
    "59": 4649.5903572853385,
    "60": 2458.855465580504,
    "61": 15245.831874225185,
    "62": 14136.44579754109,
    "63": 6826.484140466591,
    "64": 6052.948352696715,
    "65": 4462.575468920378,
    "66": 10831.468940956947,
    "67": 10589.213359734866,
    "68": 6527.5609008128395,
    "69": 6508.43313916349,
    "70": 7703.9317391471695,
    "71": 2888.1896280744377,
    "72": 12093.977248067664,
    "73": 14901.064358993133,
    "74": 6234.805041744904,
    "75": 8875.592270924803,
    "76": 14733.886639763574,
    "77": 3654.935105392276,
    "78": 9667.79169269534,
    "79": 2710.9187095810207,
    "80": 9673.454435019574,
    "81": 4186.903658494352,
    "82": 8176.599026568348,
    "83": 7579.566673111238,
    "84": 10273.719457615207,
    "85": 3338.10489592433,
    "86": 2672.0803450085077,
    "87": 5263.660248352607,
    "88": 3093.907657366967,
    "89": 5910.970883445071,
    "90": 7592.340583241013,
    "91": 6959.329653099967,
    "92": 10336.75557859808,
    "93": 10378.602576983658,
    "94": 3714.469696964011,
    "95": 6892.643941400989,
    "96": 6128.576975672505,
    "97": 14976.79638471937,
    "98": 12699.425604360844,
    "99": 7688.64215458928,
    "100": 5332.160907811548,
    "101": 5758.636273502257,
    "102": 6277.6592597711215,
    "103": 18008.880745661725,
    "104": 5903.345396478463,
    "105": 4160.178324486401,
    "106": 12001.302824693075,
    "107": 9067.000223548868,
    "108": 5849.972955453256,
    "109": 11949.934436761854,
    "110": 11911.542658079838,
    "111": 3474.1336481126264,
    "112": 6515.995966643769,
    "113": 3561.9330390200325,
    "114": 10497.720999779822,
    "115": 4149.763523874296,
    "116": 15557.472908775608,
    "117": 6443.23412475432,
    "118": 7583.995301870112,
    "119": 10301.428825221581,
    "120": 11211.1626146982,
    "121": 5747.701639443429,
    "122": 6343.280987085416,
    "123": 15438.12353245394,
    "124": 10827.962872461781,
    "125": 5190.7756253544785,
    "126": 12869.060962716077,
    "127": 5697.827293357484,
    "128": 6567.816841194999,
    "129": 4169.599679353834,
    "130": 5296.553637442093,
    "131": 6861.787618144298,
    "132": 5571.784496666656,
    "133": 9103.851152434094,
    "134": 14198.711328029767,
    "135": 6321.61068749469,
    "136": 9052.663124648785,
    "137": 6423.520815815783,
    "138": 8544.449196177133,
    "139": 9403.999337041727,
    "140": 17893.737815399065,
    "141": 4494.454696667221,
    "142": 4251.209102742845,
    "143": 6179.014101211005,
    "144": 14144.423357964906,
    "145": 9702.279747828847,
    "146": 7762.124180687236,
    "147": 3586.541511400791,
    "148": 8041.249448080413,
    "149": 12486.370034060123,
    "150": 6958.224026547075,
    "151": 17077.79226027843,
    "152": 13032.060070020263,
    "153": 7158.937442044464,
    "154": 8025.733322613802,
    "155": 4230.611990726262,
    "156": 4513.721664848526,
    "157": 10631.40719049462,
    "158": 5853.386135362546,
    "159": 3731.512512762031,
    "160": 5400.137585564739,
    "161": 14510.605457248143,
    "162": 2825.6126523262037,
    "163": 7789.2356003684745,
    "164": 10670.118665123562,
    "165": 7878.105930913389,
    "166": 7677.896737286836,
    "167": 9742.09963461273,
    "168": 9315.58153230257,
    "169": 7287.737559311517,
    "170": 16520.062214147078,
    "171": 3044.8381554416255,
    "172": 14094.035796932232,
    "173": 5457.699843389812,
    "174": 11457.32435944572,
    "175": 5580.895838710544,
    "176": 9011.329794653338,
    "177": 3350.9416466651364,
    "178": 10323.375258693317,
    "179": 9050.943865397472,
    "180": 3248.3615786493474,
    "181": 7979.914394385843,
    "182": 13483.943345553793,
    "183": 8389.528621227608,
    "184": 5196.738318747321,
    "185": 5483.706847072226,
    "186": 6244.87165070746,
    "187": 4662.9384403793,
    "188": 12637.257109653103,
    "189": 9397.161708618853,
    "190": 5549.4291597277315
}