{
    "1": 4074.0674534417412,
    "2": 4725.825925441037,
    "3": 7977.735579873612,
    "4": 6087.8735063473105,
    "5": 12420.368403410816,
    "6": 2920.301211169868,
    "7": 1936.381804467563,
    "8": 7216.959392018037,
    "9": 6140.197157489801,
    "10": 6112.803811283424,
    "11": 6930.239384127995,
    "12": 4351.947025777475,
    "13": 2358.3315988240674,
    "14": 3680.9942601069733,
    "15": 10243.11025537316,
    "16": 5546.535671972319,
    "17": 1539.2351833544114,
    "18": 7396.191466777995,
    "19": 4156.404439444623,
    "20": 5826.943594170536,
    "21": 469.99331353826034,
    "22": 2794.221186682135,
    "23": 2871.7429992653,
    "24": 4030.9305127182506,
    "25": 3422.3498281896327,
    "26": 4766.102626862327,
    "27": 6715.0599875595635,
    "28": 5482.427356606613,
    "29": 1194.3887852344528,
    "30": 3503.200258806382,
    "31": 12622.403689069435,
    "32": 6853.267859191842,
    "33": 757.521237431022,
    "34": 3405.8842668451653,
    "35": 10168.363037310013,
    "36": 2712.705545878928,
    "37": 5980.836290285077,
    "38": 9986.564972928563,
    "39": 4743.9946740725245,
    "40": 7516.726157078662,
    "41": 7026.009125267227,
    "42": 4444.977764339397,
    "43": 9684.143356813614,
    "44": 6966.642575301356,
    "45": 5429.706376623854,
    "46": 6695.049436899382,
    "47": 6130.203318510614,
    "48": 3278.1182000978033,
    "49": 2042.9289850518471,
    "50": 6737.422746028448,
    "51": 6755.124905841791,
    "52": 5440.252095421722,
    "53": 2804.3490670180763,
    "54": 2332.682712485763,
    "55": 4036.677397366832,
    "56": 3182.1641401102947,
    "57": 7232.851637037216,
    "58": 6057.980390544289,
    "59": 4792.149746759968,
    "60": 6074.928283890361,
    "61": 5932.372904904574,
    "62": 4864.708419043599,
    "63": 3881.5277585283416,
    "64": 2032.55412155048,
    "65": 19649.341370161295,
    "66": 8183.883640040413,
    "67": 7168.753083106051,
    "68": 4897.716134327585,
    "69": 7282.27347905508,
    "70": 4575.547126287513,
    "71": 5567.789957723254,
    "72": 8704.650808311688,
    "73": 5979.766444499143,
    "74": 8581.207171954798,
    "75": 5809.963288997293,
    "76": 1897.7258707168166,
    "77": 10346.139036086155,
    "78": 9856.473766528365,
    "79": 3799.2819140000342,
    "80": 6734.744291367743,
    "81": 2811.28065493451,
    "82": 2591.8006812918684,
    "83": 4310.366649330681,
    "84": 6548.799951835103,
    "85": 7867.024502389721,
    "86": 2066.679110259513,
    "87": 4430.421363909229,
    "88": 3432.9444991536375,
    "89": 3174.908264390454,
    "90": 3663.781320863034,
    "91": 5095.423767747064,
    "92": 2740.1951351691223,
    "93": 6501.360398619237,
    "94": 2350.0768366119296,
    "95": 2514.8889837867873,
    "96": 8606.0414212539,
    "97": 2958.7079413421443,
    "98": 5389.829230021995,
    "99": 1935.4751064053498,
    "100": 11957.844969810198,
    "101": 12931.703543661803,
    "102": 8711.976353445896,
    "103": 8417.838380961784,
    "104": 7227.016289751832,
    "105": 7598.457261863932,
    "106": 7026.670209711119,
    "107": 5916.616526780397,
    "108": 6562.087317341401,
    "109": 4783.8370921020005,
    "110": 1194.0971520717312,
    "111": 7331.784824686514,
    "112": 3003.8319011570034,
    "113": 6847.348454931958,
    "114": 3981.9748074335985,
    "115": 7343.240824194135,
    "116": 5174.875769922444,
    "117": 8687.172092556159,
    "118": 10656.664670379903,
    "119": 6569.238462978807,
    "120": 9573.904029841564,
    "121": 4666.778068954562,
    "122": 5323.288584491416,
    "123": 6538.813314998991,
    "124": 5633.795870875202,
    "125": 5917.771042443953,
    "126": 2083.6089111983756,
    "127": 260.3567419287265,
    "128": 7402.229830236223,
    "129": 4250.59391270976,
    "130": 2684.099788559585,
    "131": 4749.285716708116,
    "132": 1821.7579432407647,
    "133": 3565.4338010319952,
    "134": 8678.560055265878,
    "135": 6431.991393974146,
    "136": 720.7505535063095,
    "137": 4641.1845982688465,
    "138": 4916.049436889155,
    "139": 7364.930189714278,
    "140": 2513.8472458793335,
    "141": 4486.60528773416,
    "142": 6710.335075944383,
    "143": 979.7316629654248,
    "144": 4290.037568296338,
    "145": 2245.2918008772035,
    "146": 4733.57555664662,
    "147": 1403.6622994871266,
    "148": 3660.093077726111,
    "149": 5965.836690471003,
    "150": 12020.696094809558,
    "151": 8559.635335378696,
    "152": 5207.574693407488,
    "153": 11737.16017475002,
    "154": 5338.112215008002,
    "155": 3266.7886483458524,
    "156": 3475.654190311737,
    "157": 7245.375336300279,
    "158": 9627.92842889837,
    "159": 11300.870836235901,
    "160": 2474.0975383085247,
    "161": 3824.7523686011295,
    "162": 5497.275754778904,
    "163": 4877.511124115814,
    "164": 8120.818297994136,
    "165": 4933.843313325885,
    "166": 1544.4960115890851,
    "167": 3174.654518394532,
    "168": 6685.424686320854,
    "169": 2736.528690093708,
    "170": 14561.561145548678,
    "171": 9357.003224768001,
    "172": 9028.536634165159,
    "173": 3566.683476028879,
    "174": 2355.7399927545575,
    "175": 3837.2281477307133,
    "176": 4563.046219003444,
    "177": 5161.829185282315,
    "178": 936.0588378346129,
    "179": 8332.103211372263,
    "180": 6146.293252569865,
    "181": 3785.8032263693303,
    "182": 3193.2473837328685,
    "183": 4982.616165059837,
    "184": 2973.4632035835334,
    "185": 5294.568058068708,
    "186": 1670.4769526496827,
    "187": 6014.666588351423,
    "188": 6775.504369797042,
    "189": 10416.50962053138,
    "190": 12546.15618189437,
    "191": 1628.729962405752,
    "192": 464.8332286148264,
    "193": 5410.986184869153,
    "194": 4147.696713658773,
    "195": 9183.263121257323,
    "196": 12616.19498202806,
    "197": 4177.151060367437,
    "198": 8617.70168568095,
    "199": 14724.633386637832,
    "200": 4879.151309101249,
    "201": 4884.795411404145,
    "202": 14814.506229923374,
    "203": 3655.0951129381338,
    "204": 5498.178887866913,
    "205": 1991.5917270219397,
    "206": 10547.50389402189,
    "207": 8904.90105678004,
    "208": 6816.32509962371,
    "209": 3718.9626609617185,
    "210": 5096.921112247983,
    "211": 6081.63195032887,
    "212": 2391.4155136225177,
    "213": 2226.122705991076,
    "214": 5378.675933651824,
    "215": 4879.38310354441,
    "216": 2237.921412106706,
    "217": 4102.2004978097475,
    "218": 3976.799357882311,
    "219": 11668.587933655179,
    "220": 1057.283043104827,
    "221": 9598.047958693756,
    "222": 6749.4072563559985,
    "223": 3419.51135787945,
    "224": 2212.890546118127,
    "225": 2708.0469971205007,
    "226": 8909.927909822065,
    "227": 5199.232182767978,
    "228": 7627.2927180541965,
    "229": 3248.513003068952,
    "230": 1978.5990039224077,
    "231": 5599.574763595515,
    "232": 6666.341171713206,
    "233": 7492.837944244366,
    "234": 5579.096173376154,
    "235": 2289.0717478062,
    "236": 189.89391767172282,
    "237": 6611.04443182983,
    "238": 3872.564758894222,
    "239": 3770.074473995874,
    "240": 3148.635758821802,
    "241": 2964.1008655888604,
    "242": 4250.689362945195,
    "243": 9409.670132630843,
    "244": 9974.914798694697,
    "245": 4307.233345431907,
    "246": 2194.1696925386914,
    "247": 5802.437567562092,
    "248": 7906.908151163039,
    "249": 5680.777874632436,
    "250": 1736.608665518564,
    "251": 752.5564098850793,
    "252": 2276.857308469672,
    "253": 4992.927532395742,
    "254": 3362.232819984121,
    "255": 8172.538571209023,
    "256": 2367.207645854688,
    "257": 4269.702599472076,
    "258": 2667.3173513880065,
    "259": 5264.2139306187855,
    "260": 5609.054181261349,
    "261": 5890.421910180291,
    "262": 1845.5247617155396,
    "263": 9440.294678360193,
    "264": 6276.741391939135,
    "265": 9340.775041034596,
    "266": 7244.139688153509,
    "267": 5967.223757945819,
    "268": 583.8363591986878,