{
    "1": 4411.853471843242,
    "2": 6056.01993961173,
    "3": 6368.383912664577,
    "4": 7394.8505001961685,
    "5": 1721.9822324493732,
    "6": 7489.601084383681,
    "7": 2340.1111261721876,
    "8": 7293.384637044429,
    "9": 4463.086913465881,
    "10": 10993.359192287277,
    "11": 11329.33796273883,
    "12": 1729.631370631791,
    "13": 3175.405719164615,
    "14": 9253.468111264718,
    "15": 9067.740824498307,
    "16": 848.1947087718324,
    "17": 2810.4436667528853,
    "18": 2879.0744691186387,
    "19": 6618.746760220633,
    "20": 3871.479996616558,
    "21": 2230.95763296188,
    "22": 2907.014518876998,
    "23": 2733.5084064099215,
    "24": 3170.747888369971,
    "25": 10860.401901579242,
    "26": 2160.164150586176,
    "27": 5190.37661377286,
    "28": 8593.612623516794,
    "29": 18835.5538535381,
    "30": 3802.9284380790345,
    "31": 14343.505396599861,
    "32": 1471.4997465305737,
    "33": 6366.701661908798,
    "34": 6750.120108379906,
    "35": 9149.054903136146,
    "36": 4401.841047166363,
    "37": 2648.7007426826235,
    "38": 2938.0224834694573,
    "39": 12381.783201475368,
    "40": 4852.500383407329,
    "41": 13434.058505435318,
    "42": 4927.095342638513,
    "43": 3438.227276770087,
    "44": 6906.818227427089,
    "45": 7190.116419490411,
    "46": 5487.25277038444,
    "47": 3899.5767455784253,
    "48": 8428.71478103921,
    "49": 997.5203200057415,
    "50": 2250.157313546964,
    "51": 4922.391177255333,
    "52": 12720.516597648098,
    "53": 6476.84309959063,
    "54": 3369.5582117707577,
    "55": 2391.491566897953,
    "56": 7661.9322559587745,
    "57": 3660.5367850426983,
    "58": 4426.952225251489,
    "59": 5903.90747895868,
    "60": 16698.837558759464,
    "61": 1853.515244920473,
    "62": 14222.59696065953,
    "63": 6079.182475695663,
    "64": 2786.3905034125096,
    "65": 5647.39899903533,
    "66": 2634.960945369315,
    "67": 1656.4234917466513,
    "68": 6397.369779189502,
    "69": 14126.265923167095,
    "70": 2521.962971405907,
    "71": 5394.053712171987,
    "72": 3659.1978960215383,
    "73": 2549.7283807337085,
    "74": 6116.926389336294,
    "75": 14301.290492109507,
    "76": 1005.9054621161171,
    "77": 5948.041099283241,
    "78": 8074.99021756277,
    "79": 8142.893389602425,
    "80": 21314.76464730812,
    "81": 8355.820964224666,
    "82": 7938.340657799619,
    "83": 5333.542919985618,
    "84": 1038.3401050699904,
    "85": 5152.923980084505,
    "86": 5270.183300031756,
    "87": 2603.6693572492673,
    "88": 8052.188795599747,
    "89": 2174.4717132949804,
    "90": 1866.7955068608717,
    "91": 9008.600824704694,
    "92": 2784.6638506218474,
    "93": 2219.248651427317,
    "94": 2442.126464071399,
    "95": 8680.459432143636,
    "96": 7587.9929191729725,
    "97": 6263.542006014998,
    "98": 5801.070705039467,
    "99": 4597.622572808336,
    "100": 1667.5450289307655,
    "101": 6668.121666672855,
    "102": 5723.456847986513,
    "103": 4099.916086057052,
    "104": 5389.504256916116,
    "105": 6188.5837799210185,
    "106": 3280.5537471548305,
    "107": 6798.114741554247,
    "108": 4756.130881973874,
    "109": 4849.5006788864985,
    "110": 1054.1552208937705,
    "111": 8354.499657922248,
    "112": 3156.4165330879005,
    "113": 5470.121552245015,
    "114": 5368.556120894856,
    "115": 4459.840925817501,
    "116": 8478.352449620794,
    "117": 2734.81625769014,
    "118": 5516.2251225867885,
    "119": 2859.753667800431,
    "120": 2880.867284258216,
    "121": 8846.50574308989,
    "122": 4989.5166365459,
    "123": 9954.048670882907,
    "124": 13934.424632082999,
    "125": 7260.321613011007,
    "126": 4063.8771059637097,
    "127": 5080.931548237539,
    "128": 2118.6880263101984,
    "129": 16038.491337591431,
    "130": 3757.88485176217,
    "131": 2444.3330762154137,
    "132": 16615.395372505573,
    "133": 3151.2795109681515,
    "134": 7188.928335028421,
    "135": 12967.361829110183,
    "136": 2562.4956643895707,
    "137": 4858.981606904454,
    "138": 4517.201017482515,
    "139": 1305.4114725887725,
    "140": 8351.875826143427,
    "141": 2072.4623099782652,
    "142": 5493.137220616794,
    "143": 1680.9682523770023,
    "144": 1912.562856631584,
    "145": 8459.909032293612,
    "146": 5960.546089721662,
    "147": 9048.854894271219,
    "148": 6765.82160614526,
    "149": 1420.1697475223675,
    "150": 14557.77564831565,
    "151": 3814.6429945299924,
    "152": 1920.8478591539872,
    "153": 10645.096482101835,
    "154": 20885.44961788317,
    "155": 11143.985289018125,
    "156": 8535.406443836979,
    "157": 3944.196165896111,
    "158": 8761.811213404948,
    "159": 1512.0057294480002,
    "160": 3667.0333493152248,
    "161": 4595.654329606632,
    "162": 5272.885920942212,
    "163": 4841.910896381759,
    "164": 7147.023640716051,
    "165": 2296.2971723395294,
    "166": 3931.6303279877234,
    "167": 6210.155391918422,
    "168": 5650.005926722314,
    "169": 9160.149684474576,
    "170": 9018.158965032651,
    "171": 1781.7286987984996,
    "172": 3465.6045378383797,
    "173": 10530.444847312529,
    "174": 6459.795769320552,
    "175": 3342.1155753917537,
    "176": 1977.0276873170808,
    "177": 5611.595605790662,
    "178": 4683.555514293856,
    "179": 2595.8409066718336,
    "180": 1845.8176594502033,
    "181": 6287.452896008002,
    "182": 1871.0945874361028,
    "183": 3342.5087635758287,
    "184": 2211.981150355872,
    "185": 3117.6315191891626,
    "186": 1754.441181358581,
    "187": 1880.6135004780538,
    "188": 2938.4507662377973,
    "189": 4437.509227871345,
    "190": 5765.17158036783,
    "191": 4676.624377844692,
    "192": 4913.759583524225,
    "193": 2477.930527411222,
    "194": 6702.016750360903,
    "195": 10002.243876665008,
    "196": 11712.018054888535,
    "197": 9302.33110047997,
    "198": 9254.33516308035,
    "199": 3404.999034993405,
    "200": 2277.069461954381,
    "201": 4454.245624281746,
    "202": 9768.457190263112,
    "203": 3868.265288603428,
    "204": 3525.4311152663386,
    "205": 9299.485662678277,
    "206": 2916.9265707630316,
    "207": 5945.351483777583,
    "208": 3908.632013509291,
    "209": 8179.610215514212,
    "210": 5254.660363980227,
    "211": 4304.794155279218,
    "212": 7863.213329279511,
    "213": 10875.185846860526,
    "214": 12109.71003878949,
    "215": 4980.007696250971,
    "216": 4687.8865344983315,
    "217": 2220.8165280866183,
    "218": 10134.501613972621,
    "219": 726.588970057532,
    "220": 5153.7164116567465,
    "221": 5029.740315712125,
    "222": 9992.020605440015,
    "223": 10007.943873689226,
    "224": 5781.719147307202,
    "225": 10013.98834675807,
    "226": 1981.3726176992318,
    "227": 2243.5610454001,
    "228": 7726.193139996054,
    "229": 3659.589569724942,
    "230": 2629.1237625697645,
    "231": 1947.7841411129918,
    "232": 11533.112676775341,
    "233": 18239.54584149248,
    "234": 13769.200550049603,
    "235": 12227.893094529454,
    "236": 6939.158316836435,
    "237": 7753.480321979135,
    "238": 5023.396829674823,
    "239": 10841.153778907612,
    "240": 15054.737607140887,
    "241": 2908.545347328081,
    "242": 9671.679755199217,
    "243": 4786.4311266519135,
    "244": 10952.685519490158,
    "245": 4735.929096317428,
    "246": 4969.769263067,
    "247": 11449.544826696267,
    "248": 6069.736364291669,
    "249": 9870.72340257229,
    "250": 7581.04882404147,
    "251": 3070.4087119278165,
    "252": 9122.32765948653,
    "253": 2874.019139631718,
    "254": 985.2239858090891,
    "255": 1891.6135597280868,
    "256": 5673.557433229529,
    "257": 12187.314498413689,
    "258": 2792.5881703248197,
    "259": 12216.156082209014,
    "260": 7033.070450838425,
    "261": 7281.186921645203,
    "262": 4516.611177136732,
    "263": 4324.733180467073,
    "264": 7071.751095525586,
    "265": 8786.95561736761,
    "266": 1931.7997512867817,
    "267": 3512.9857045991107,