{
    "1": 672655.0993452291,
    "2": 1096477.504823309,
    "3": 283078.68067127274,
    "4": 497540.2682975828,
    "5": 546569.1836344796,
    "6": 63718.54610112458,
    "7": 564468.641590948,
    "8": 425200.04748999694,
    "9": 344376.54780109314,
    "10": 111894.60041461671,
    "11": 1215150.4460786576,
    "12": 203835.11847727327,
    "13": 492888.7552704296,
    "14": 527556.623888311,
    "15": 477025.5646045825,
    "16": 843147.5076391462,
    "17": 159864.62405324905,
    "18": 420826.2167480131,
    "19": 822146.5802161985,
    "20": 226591.31396783845,
    "21": 1109331.531892713,
    "22": 1076281.833645992,
    "23": 421608.46563430846,
    "24": 397392.32734519755,
    "25": 538673.2957516254,
    "26": 733729.0063802942,
    "27": 534182.0482447348,
    "28": 224884.01791906357,
    "29": 458496.06789851456,
    "30": 299601.22686190635,
    "31": 341736.5856522365,
    "32": 621619.9367294519,
    "33": 269083.92768492945,
    "34": 492875.42255938705,
    "35": 196531.992430546,
    "36": 432233.9683034637,
    "37": 382459.1763099296,
    "38": 296644.45951398584,
    "39": 665785.2868526856,
    "40": 771365.0471751293,
    "41": 429366.155169672,
    "42": 212557.55811228245,
    "43": 335276.91371253383,
    "44": 1061380.670547963,
    "45": 1011157.3495856144,
    "46": 432159.0003572318,
    "47": 252395.6924341669,
    "48": 339907.72888251266,
    "49": 269815.7187468896,
    "50": 213412.19133675986,
    "51": 320600.91155654425,
    "52": 544521.2728917629,
    "53": 652525.8062582022,
    "54": 668934.7547694546,
    "55": 419118.96865400183,
    "56": 424098.7941717365,
    "57": 646750.8680900895,
    "58": 796373.0102771843,
    "59": 280341.2189222001,
    "60": 650847.3403226251,
    "61": 285949.7285647805,
    "62": 1180741.7929185054,
    "63": 472993.59047882416,
    "64": 418671.45725368714,
    "65": 78297.6863360986,
    "66": 405007.7758083115,
    "67": 871677.9979212679,
    "68": 205076.50909926643,
    "69": 80480.84980139139,
    "70": 465584.38782125915,
    "71": 748868.9830458245,
    "72": 597990.7176442844,
    "73": 410908.66326327034,
    "74": 394510.5259697824,
    "75": 449890.95171977533,
    "76": 270578.09162788314,
    "77": 232710.80400651018,
    "78": 816895.0448461011,
    "79": 1056918.1457046191,
    "80": 403561.4279921281,
    "81": 238812.49801130724,
    "82": 812001.1807345961,
    "83": 90988.27406355449,
    "84": 993749.5587055512,
    "85": 274250.4006759117,
    "86": 122022.23201904539,
    "87": 1590059.2011586523,
    "88": 695442.309127827,
    "89": 410778.9047734987,
    "90": 779062.8929677111,
    "91": 197425.67267956684,
    "92": 377907.6367800885,
    "93": 310052.2979713822,
    "94": 750942.7500274836,
    "95": 533593.1895704109,
    "96": 447039.3989131771,
    "97": 302143.558605549,
    "98": 560711.5773009257,
    "99": 622265.602398694,
    "100": 277439.8768791601,
    "101": 605540.6251036724,
    "102": 61835.18590605933,
    "103": 312516.63202568854,
    "104": 724866.702465497,
    "105": 433785.4988835948,
    "106": 811117.4322738756,
    "107": 1136992.5845281656,
    "108": 649370.0832847264,
    "109": 944571.4380965115,
    "110": 443686.6609532126,
    "111": 197831.2349208888,
    "112": 526959.3123237478,
    "113": 653921.2222112665,
    "114": 729085.6222941732,
    "115": 511824.3171770473,
    "116": 196095.96652385272,
    "117": 370977.8344260457,
    "118": 310528.63705717685,
    "119": 581616.7964129511,
    "120": 729542.5525641999,
    "121": 145319.7953012727,
    "122": 298335.7957371711,
    "123": 205651.23094175392,
    "124": 212708.9195240887,
    "125": 597131.7402643192,
    "126": 353931.0600452693,
    "127": 225589.8780741002,
    "128": 189109.1938443959,
    "129": 289294.93528606364,
    "130": 906795.1132638197,
    "131": 366263.5951440394,
    "132": 537272.5002471708,
    "133": 479481.0266249345,
    "134": 164781.74532763602,
    "135": 331941.01173327543,
    "136": 89440.61450958847,
    "137": 335714.043130875,
    "138": 278983.32244305586,
    "139": 498797.05995121686,
    "140": 546557.4083822853,
    "141": 388675.8132380808,
    "142": 345484.44232982,
    "143": 258710.90792314155,
    "144": 657356.8990567602,
    "145": 58847.359790015034,
    "146": 281886.2195959003,
    "147": 508851.19281863753,
    "148": 546193.1723372495,
    "149": 373828.7385843223,
    "150": 823716.0196391213,
    "151": 393714.0896766472,
    "152": 62035.21763897478,
    "153": 74288.85412497954,
    "154": 408915.4677999002,
    "155": 202182.386045143,
    "156": 544278.7564846352,
    "157": 170846.35671745287,
    "158": 647586.2931058375,
    "159": 497245.97377517435,
    "160": 651909.5857891557,
    "161": 430677.7887467186,
    "162": 314041.966501635,
    "163": 275976.7049257166,
    "164": 379301.91397827957,
    "165": 183382.6823609417,
    "166": 671902.5446369033,
    "167": 355567.686506843,
    "168": 539014.6579426775,
    "169": 229784.03675689417,
    "170": 542916.760766083,
    "171": 539849.3239383387,
    "172": 670606.0644188401,
    "173": 659530.0331515673,
    "174": 204850.10370384975,
    "175": 275878.59682763484,
    "176": 126038.87532907444,
    "177": 116435.57904102575,
    "178": 317322.2138374738,
    "179": 564489.5462654373,
    "180": 322878.7554384712,
    "181": 1013460.4351409497,
    "182": 331584.63545367715,
    "183": 388802.72158012586,
    "184": 309495.20868839324,
    "185": 774969.9591916559,
    "186": 703252.6797121495,
    "187": 503414.05252460984,
    "188": 1088954.4115046584,
    "189": 484748.67752795643,
    "190": 1335664.3261307855,
    "191": 595874.0295055052,
    "192": 429375.1606504614,
    "193": 286304.5765843272,
    "194": 784329.0142721763,
    "195": 420289.0594221082,
    "196": 517162.29239386873,
    "197": 371762.7108090259,
    "198": 320580.846135422,
    "199": 1156319.2474635255,
    "200": 333126.06726063654,
    "201": 965388.2859470474,
    "202": 583614.2697251627,
    "203": 578260.2181263752,
    "204": 429639.2927926696,
    "205": 589389.4809626451,
    "206": 459999.4279407163,
    "207": 373370.8971053528,
    "208": 671870.8393158442,
    "209": 625490.215476738,
    "210": 381234.1841490432,
    "211": 665313.8646790953,
    "212": 74889.8820806219,
    "213": 941059.117945987,
    "214": 298923.13348179107,
    "215": 498830.89387004235,
    "216": 272769.1480010529,
    "217": 435095.1258500449,
    "218": 715527.3557755072,
    "219": 784140.4718113942,
    "220": 383892.88786721294,
    "221": 169170.68688217847,
    "222": 321400.61672162084,
    "223": 267006.51191952656,
    "224": 454425.8676652153,
    "225": 407517.203281241,
    "226": 369802.0671371623,
    "227": 416627.5212152481,
    "228": 389564.56303013925,
    "229": 707828.6742450788,
    "230": 655299.3646097914,
    "231": 200136.49039142218,
    "232": 757566.6688616155,
    "233": 514418.9789478612,
    "234": 802172.0788647775,
    "235": 269426.63558390056,
    "236": 659260.8324652417,
    "237": 263472.9804160442,
    "238": 760071.6208629168,
    "239": 321594.47752027283,
    "240": 482070.86490244826,
    "241": 576480.7517159331,
    "242": 176236.52235809824,
    "243": 264993.40541505197,
    "244": 885625.3815397264,
    "245": 774779.0753040406,
    "246": 482510.47962354345,
    "247": 955762.9062441003,
    "248": 837149.4049996303,
    "249": 333914.74139582965,
    "250": 526876.230334884,
    "251": 301947.1677773251,
    "252": 602540.6847244905,
    "253": 365471.4972810911,
    "254": 948043.781053311,
    "255": 483459.039582977,
    "256": 343277.7781381462,
    "257": 844758.491539903,
    "258": 483493.33917978307,
    "259": 420813.1407044148,
    "260": 435096.21416971536,
    "261": 330312.7446146844,
    "262": 219355.0592067109,
    "263": 113681.28272161545,
    "264": 488387.2658265692,
    "265": 732428.921166812,
    "266": 660977.38063398,
    "267": 109973.01953394816,
    "268": 469695.7929472391,