{
    "1": 1460.6459189773643,
    "2": 2991.771293762128,
    "3": 4988.45387868826,
    "4": 11003.696298270293,
    "5": 9835.702766711618,
    "6": 5949.35431441162,
    "7": 8560.651315739848,
    "8": 8003.91443043339,
    "9": 8552.852817805862,
    "10": 8871.773594687436,
    "11": 14556.231411950064,
    "12": 11935.127603294564,
    "13": 2946.4232846109358,
    "14": 12370.417057085097,
    "15": 8699.903928886937,
    "16": 17438.05847861362,
    "17": 4916.964180631138,
    "18": 9780.388861892045,
    "19": 8631.320841769251,
    "20": 13699.346469807939,
    "21": 4890.527618024701,
    "22": 15724.937519743158,
    "23": 10967.06587111087,
    "24": 23105.70544697445,
    "25": 5216.758875516516,
    "26": 12736.691913384493,
    "27": 6075.269641653527,
    "28": 19837.942524306178,
    "29": 3013.588112962878,
    "30": 15735.630044060788,
    "31": 7806.921016172449,
    "32": 10102.229417423405,
    "33": 2232.163261325545,
    "34": 10872.242356033665,
    "35": 4145.796791422835,
    "36": 3533.62838940075,
    "37": 15310.867243897574,
    "38": 7712.104701767029,
    "39": 8072.989341748185,
    "40": 22155.598593410483,
    "41": 6870.330280927431,
    "42": 11496.146516164055,
    "43": 3862.9626566632983,
    "44": 9287.32006164214,
    "45": 7729.145154449197,
    "46": 7713.516871096112,
    "47": 2067.422815936074,
    "48": 13141.880832592073,
    "49": 3052.3771523697806,
    "50": 7873.690071402494,
    "51": 10494.26454626223,
    "52": 13195.489548782793,
    "53": 5197.335394008284,
    "54": 8519.88876333921,
    "55": 699.7576192854428,
    "56": 3136.11995017158,
    "57": 3662.766928458075,
    "58": 16409.309823999913,
    "59": 17739.93734429632,
    "60": 6036.824705350626,
    "61": 5460.882589919218,
    "62": 8484.077757501416,
    "63": 12708.034175382461,
    "64": 12468.86447284697,
    "65": 2213.2533385178226,
    "66": 3878.982971847241,
    "67": 16055.1808847457,
    "68": 7868.172306598531,
    "69": 10475.330352803301,
    "70": 11160.477413415283,
    "71": 6353.623189515017,
    "72": 10116.66483769706,
    "73": 9010.636862158231,
    "74": 11789.783476988223,
    "75": 6881.401592505409,
    "76": 9017.62490758044,
    "77": 4047.6370245276958,
    "78": 8327.350303639269,
    "79": 2815.6888809968063,
    "80": 8884.71019056603,
    "81": 5062.985787336008,
    "82": 11830.014426911188,
    "83": 8984.28177160403,
    "84": 14651.428749663433,
    "85": 5249.067180771122,
    "86": 6974.7195237518845,
    "87": 7993.030384769339,
    "88": 6797.389835810889,
    "89": 13851.582819853536,
    "90": 1119.4362568335534,
    "91": 14570.451792370919,
    "92": 5384.263860808375,
    "93": 10888.633772007157,
    "94": 7888.805630973249,
    "95": 9390.365330963992,
    "96": 6461.433707342941,
    "97": 5911.752737027912,
    "98": 6107.262291839078,
    "99": 7243.879359845384,
    "100": 3591.765949188422,
    "101": 5918.817804576359,
    "102": 2021.4740000274603,
    "103": 7187.874400651558,
    "104": 17883.090382138893,
    "105": 10743.737884876047,
    "106": 9380.682864246908,
    "107": 13874.017371698323,
    "108": 5739.145950992249,
    "109": 7692.661708019514,
    "110": 6341.15522805528,
    "111": 9953.019302588695,
    "112": 3268.1344364085267,
    "113": 11535.055596908483,
    "114": 2767.422081092606,
    "115": 6535.621092060586,
    "116": 7383.522804799965,
    "117": 1884.1998526968773,
    "118": 11134.815459775062,
    "119": 7760.2437432813485,
    "120": 4389.018910685966,
    "121": 12377.725396511167,
    "122": 6941.6142733487,
    "123": 4792.802139544804,
    "124": 7566.690414472935,
    "125": 13152.819190674849,
    "126": 7115.50628357356,
    "127": 6215.372561537416,
    "128": 1670.2024187784498,
    "129": 2121.608508735424,
    "130": 13202.594101933431,
    "131": 5404.603794370551,
    "132": 7287.8241894376815,
    "133": 3940.5139157906224,
    "134": 11260.209789325756,
    "135": 13598.577311964016,
    "136": 10701.923774736862,
    "137": 1331.5467335193125,
    "138": 8237.26594848809,
    "139": 12530.501906318774,
    "140": 8655.244979883568,
    "141": 7916.329320855195,
    "142": 16984.32272277551,
    "143": 6002.555243691392,
    "144": 13122.16487338126,
    "145": 8038.869992399068,
    "146": 10290.178318675047,
    "147": 18916.321214013333,
    "148": 4022.6172648127354,
    "149": 11708.244075303575,
    "150": 14252.264097423622,
    "151": 2625.4788275220526,
    "152": 7015.754661161264,
    "153": 6471.809026964993,
    "154": 5547.425729464575,
    "155": 4494.703095475835,
    "156": 7704.40260453916,
    "157": 8367.350151110906,
    "158": 10253.060773041425,
    "159": 4778.071088068893,
    "160": 9814.250004617325,
    "161": 2303.3028448611453,
    "162": 10494.447430987706,
    "163": 9601.777398079814,
    "164": 10495.17074664515,
    "165": 5216.535007508755,
    "166": 6138.495631300217,
    "167": 4400.7825611520075,
    "168": 6925.370513869953,
    "169": 11731.649749690883,
    "170": 7628.454629977329,
    "171": 12363.191412458338,
    "172": 13080.234291291812,
    "173": 5925.7918400745175,
    "174": 7966.850278017868,
    "175": 7205.195273624512,
    "176": 5186.343728969511,
    "177": 9108.299936803718,
    "178": 4974.474407423089,
    "179": 4103.035946657799,
    "180": 2448.689749108876
}