{
    "1": 186986.98212544768,
    "2": 903226.5140340144,
    "3": 714825.0794343896,
    "4": 775685.9190030628,
    "5": 821993.0462866997,
    "6": 342615.0675789627,
    "7": 686128.9640346455,
    "8": 1024388.3167354352,
    "9": 510755.13040211773,
    "10": 215280.49551195404,
    "11": 826729.3658918443,
    "12": 622006.4253820278,
    "13": 273265.4240227166,
    "14": 678432.647008619,
    "15": 498466.6308883019,
    "16": 363483.7307902666,
    "17": 396995.43068158155,
    "18": 466034.205872656,
    "19": 374126.82909306575,
    "20": 230982.54719730993,
    "21": 256918.73786649606,
    "22": 404063.16061990167,
    "23": 316850.9739525401,
    "24": 736264.8994940622,
    "25": 467368.22399311844,
    "26": 292660.4475273667,
    "27": 637034.0473465577,
    "28": 210166.82466682035,
    "29": 508650.7721237109,
    "30": 531033.3371325195,
    "31": 576907.362974521,
    "32": 903160.5480785882,
    "33": 431327.7809416775,
    "34": 780630.6960600701,
    "35": 208910.6815440992,
    "36": 776936.7738788201,
    "37": 822897.3072784763,
    "38": 102838.79861273209,
    "39": 554432.0441869783,
    "40": 300085.1439758256,
    "41": 394582.5146044255,
    "42": 428308.6660627249,
    "43": 511953.6027755134,
    "44": 140820.81338502176,
    "45": 371251.7609819918,
    "46": 155334.65025423383,
    "47": 494400.5342384808,
    "48": 375692.13729534,
    "49": 340920.9248092832,
    "50": 677884.920341052,
    "51": 429042.6384528592,
    "52": 544722.2285271133,
    "53": 497170.9288363629,
    "54": 271309.94070075406,
    "55": 734225.0721660466,
    "56": 208554.4646238677,
    "57": 474306.0830611454,
    "58": 570915.4948827034,
    "59": 478090.55825332744,
    "60": 496971.67002933205,
    "61": 395293.4876598046,
    "62": 358539.3529832711,
    "63": 301676.693676347,
    "64": 235764.153274784,
    "65": 510939.6474527183,
    "66": 376755.03293497144,
    "67": 425575.76032570156,
    "68": 197757.97277701073,
    "69": 1479763.3234836846,
    "70": 463357.86566356424,
    "71": 550940.9757944613,
    "72": 420174.2236902953,
    "73": 702614.724385616,
    "74": 569965.035236243,
    "75": 857325.5019524187,
    "76": 45977.439891311784,
    "77": 380838.5626719581,
    "78": 210216.18351510883,
    "79": 307143.3257698148,
    "80": 439418.9784467769,
    "81": 895882.0927258411,
    "82": 724223.7250056199,
    "83": 461133.2747453623,
    "84": 266468.29804277886,
    "85": 238516.0892341006,
    "86": 339864.8475080475,
    "87": 106778.08471811605,
    "88": 369182.37494988577,
    "89": 279151.1210831205,
    "90": 695785.5590202652,
    "91": 344925.6391247298,
    "92": 280414.1594168824,
    "93": 341517.5193764871,
    "94": 313283.61870779615,
    "95": 383554.95748157054,
    "96": 870094.43406517,
    "97": 1458727.0168177627,
    "98": 414247.3821250392,
    "99": 510246.82152502006,
    "100": 912273.0212574227,
    "101": 497677.0047153034,
    "102": 637052.5032036576,
    "103": 568240.0078680723,
    "104": 393366.14577909705,
    "105": 709829.7478129377,
    "106": 295702.1819582179,
    "107": 803235.2833649311,
    "108": 344430.4770921623,
    "109": 35546.44493890853,
    "110": 273183.75333335623,
    "111": 785474.838794418,
    "112": 980566.3280560136,
    "113": 578614.159734691,
    "114": 206026.51502361408,
    "115": 428542.5609383741,
    "116": 100353.92070793368,
    "117": 663354.0976655552,
    "118": 634552.8426917886,
    "119": 632647.2234880747,
    "120": 463695.9582579526,
    "121": 542846.3655806778,
    "122": 732775.2273036013,
    "123": 732405.2383640019,
    "124": 451455.33293837425,
    "125": 417366.72543658805,
    "126": 315389.7251941953,
    "127": 520066.15686361695,
    "128": 192454.6670656861,
    "129": 431062.0150974074,
    "130": 369816.3003443654,
    "131": 867372.5406032641,
    "132": 299971.7910002286,
    "133": 843570.0611331525,
    "134": 235309.5828029149,
    "135": 406600.72833013133,
    "136": 185385.42252885178,
    "137": 711309.5862667274,
    "138": 342470.66447544465,
    "139": 482013.9060668353,
    "140": 1282639.995163498,
    "141": 516628.9749805362,
    "142": 358975.236593896,
    "143": 581472.4780644096,
    "144": 687978.7325126249,
    "145": 72421.85068813985,
    "146": 1702295.8064388505,
    "147": 766062.0736355992,
    "148": 502737.7060544685,
    "149": 223087.28573868342,
    "150": 448770.0872377911,
    "151": 103480.98209238355,
    "152": 241019.87986249424,
    "153": 551584.8563355409,
    "154": 559842.8252761182,
    "155": 785313.1549657235,
    "156": 388560.9088485589,
    "157": 314666.1366602013,
    "158": 983303.2417688811,
    "159": 633494.7875325864,
    "160": 310923.5978511243,
    "161": 305571.38949273736,
    "162": 514449.3101226763,
    "163": 438256.8098519665,
    "164": 453741.4632818518,
    "165": 646238.2607040952,
    "166": 491158.79524530156,
    "167": 399492.3635298983,
    "168": 679964.6342693241,
    "169": 848084.2898134831,
    "170": 178446.9398890334,
    "171": 453234.159312174,
    "172": 648865.1803514867,
    "173": 1137695.6366389513,
    "174": 372960.33117437223,
    "175": 832934.3402331222,
    "176": 446598.08863415354,
    "177": 537856.6786510644,
    "178": 414303.39565807686,
    "179": 356031.07410595455,
    "180": 1066305.258114716,
    "181": 1473347.897158911,
    "182": 204798.84380569425,
    "183": 1319322.2134846693,
    "184": 509670.4995537524,
    "185": 694040.4346527895,
    "186": 561129.4210133919,
    "187": 609750.0108824546,
    "188": 585410.6925875678,
    "189": 431232.4122114408,
    "190": 200463.53867816168,
    "191": 508218.2001710012,
    "192": 345559.9357501407,
    "193": 615543.148635442,
    "194": 1301022.633250222,
    "195": 409839.5389546387,
    "196": 594501.0393592967,
    "197": 177966.29380407472,
    "198": 440181.31674060033,
    "199": 247847.82633874053,
    "200": 338963.2300810436,
    "201": 531963.8857048398,
    "202": 613608.1697037539,
    "203": 309767.01621334,
    "204": 85303.5678104132,
    "205": 892043.5336878035,
    "206": 902706.1743464794,
    "207": 879633.0646917343,
    "208": 180888.68498222623,
    "209": 638078.7752084077,
    "210": 363729.25494678004,
    "211": 570831.1422789431,
    "212": 322319.2639697266,
    "213": 603182.1267887675,
    "214": 478033.3869992792,
    "215": 903011.6527220351,
    "216": 296017.35956778075,
    "217": 481505.6908071313,
    "218": 998394.9493369726,
    "219": 373435.94235235115,
    "220": 1013000.1488609526,
    "221": 351670.1803742565,
    "222": 492031.52666099777,
    "223": 353338.0039633497,
    "224": 81953.71940822588,
    "225": 227708.5094829972,
    "226": 448509.14818792115,
    "227": 468765.7726287673,
    "228": 116270.36563881469,
    "229": 241040.76963742924,
    "230": 678758.6332980398,
    "231": 1015660.4629508967,
    "232": 134993.27333227533,
    "233": 619088.512899337,
    "234": 278516.3480004943,
    "235": 1007498.4573988769,
    "236": 1126616.633508269,
    "237": 529273.7577714944,
    "238": 638446.221279838,
    "239": 502865.18842820945,
    "240": 780054.6066009445,
    "241": 627087.9456931996,
    "242": 605148.047772781,
    "243": 451210.0779360907,
    "244": 576237.8919676509,
    "245": 409621.2100260674,
    "246": 543306.9495401714,
    "247": 237119.50558389697,
    "248": 234783.29821375202,
    "249": 441065.58817611577,
    "250": 380384.104625647,
    "251": 386732.6507313002,
    "252": 626128.2655689862,
    "253": 837168.4975980772,
    "254": 1051044.8199087637,
    "255": 803247.9783214334,
    "256": 240016.4656797932,
    "257": 646636.2806393509,
    "258": 615864.1787511955,
    "259": 166770.63607422003,
    "260": 581440.4193253691,
    "261": 379249.2571938139,
    "262": 416369.0534347546,
    "263": 741369.2424308271,
    "264": 231682.6905994739,
    "265": 831002.952540827,
    "266": 1112371.214836368,
    "267": 430482.55423261976,
    "268": 328705.89354616427,