{
    "1": 3212.77135175974,
    "2": 8035.10192823814,
    "3": 11156.414163480356,
    "4": 4591.374542568003,
    "5": 6610.923529268143,
    "6": 3273.752818331749,
    "7": 3071.624071429992,
    "8": 4270.148342439859,
    "9": 2269.8594609800375,
    "10": 4248.121970890901,
    "11": 8078.849793523523,
    "12": 5597.172316462237,
    "13": 4613.969946906014,
    "14": 13316.981541566889,
    "15": 3159.9273915538242,
    "16": 6110.747633462174,
    "17": 11884.902952524122,
    "18": 1666.4111526116576,
    "19": 2614.108788858162,
    "20": 6744.71735702909,
    "21": 5956.943138562282,
    "22": 10406.389724503297,
    "23": 6731.135980069488,
    "24": 8281.59140048157,
    "25": 6427.841346999807,
    "26": 9183.554096460168,
    "27": 6329.912068038157,
    "28": 3011.2461936280324,
    "29": 4873.504055186242,
    "30": 2085.302789792441,
    "31": 3631.3587240624806,
    "32": 6903.0643996034905,
    "33": 8374.578325472425,
    "34": 11426.083095989292,
    "35": 4158.691258071364,
    "36": 4292.831969727352,
    "37": 5291.294837607494,
    "38": 5734.149909574467,
    "39": 3401.932203255547,
    "40": 3743.9914482474587,
    "41": 8413.952258687368,
    "42": 4384.182088928964,
    "43": 6816.733216061706,
    "44": 7557.02601740866,
    "45": 5282.448447141002,
    "46": 3520.0189329978552,
    "47": 1703.0178103474711,
    "48": 7416.560318272318,
    "49": 11222.666822566287,
    "50": 4350.399076926397,
    "51": 11868.404100081676,
    "52": 4291.017923013249,
    "53": 11889.199391160617,
    "54": 4779.40077835,
    "55": 5958.848165017997,
    "56": 1505.497261769514,
    "57": 536.6927686248677,
    "58": 2689.7358559188397,
    "59": 9480.180988601454,
    "60": 2448.4239639861657,
    "61": 6368.395247850295,
    "62": 7819.860674887811,
    "63": 12268.332633831595,
    "64": 5501.860090001338,
    "65": 10221.90247387198,
    "66": 6928.6554285644315,
    "67": 6647.025162538618,
    "68": 2652.3979777787745,
    "69": 18071.453022837257,
    "70": 9521.860862888287,
    "71": 9883.212366712358,
    "72": 7078.652417992649,
    "73": 3730.059184584337,
    "74": 11333.863520298311,
    "75": 4629.547709375888,
    "76": 3139.261830398031,
    "77": 2530.91227040404,
    "78": 3638.191821643599,
    "79": 2625.945804711762,
    "80": 9796.90473793001,
    "81": 9319.496172966097,
    "82": 11362.977793943803,
    "83": 3410.605474283376,
    "84": 5452.925474712884,
    "85": 922.8292089104333,
    "86": 5268.126522588743,
    "87": 6160.1635657779,
    "88": 11654.981469592469,
    "89": 1565.7898980942737,
    "90": 10786.983127280924,
    "91": 6345.114408245459,
    "92": 12150.240106680785,
    "93": 8171.361396433408,
    "94": 2822.4993928938047,
    "95": 739.8725439878609,
    "96": 5788.046108109417,
    "97": 9124.147847921506,
    "98": 4578.609108227186,
    "99": 5236.091237451418,
    "100": 2042.2119167455612,
    "101": 3336.7791752027024,
    "102": 13718.710876746722,
    "103": 2073.6098697321418,
    "104": 8413.446475238776,
    "105": 4367.1999431293825,
    "106": 9014.815465441481,
    "107": 4834.319218015004,
    "108": 5106.090849701648,
    "109": 995.8595963531345,
    "110": 3216.525913227136,
    "111": 2540.04674056334,
    "112": 6449.906646984874,
    "113": 6122.400233287729,
    "114": 7136.062615057388,
    "115": 2886.9719438475627,
    "116": 2072.403756868274,
    "117": 2147.46419616258,
    "118": 2718.449189431046,
    "119": 2015.6787035225566,
    "120": 3703.7188111530972,
    "121": 5466.114452379544,
    "122": 6160.306683544505,
    "123": 17767.29038256396,
    "124": 7932.763474971886,
    "125": 4755.69962986762,
    "126": 3554.7462587127593,
    "127": 2781.309126331597,
    "128": 3578.189174580217,
    "129": 2589.3625875712005,
    "130": 10947.762829586132,
    "131": 9599.497557210483,
    "132": 3160.659076395526,
    "133": 6102.389791181184,
    "134": 4499.717109835942,
    "135": 16142.351621138623,
    "136": 9402.030956467466,
    "137": 8111.841363673266,
    "138": 812.6581694403458,
    "139": 5362.5397812374995,
    "140": 1776.6660040514862,
    "141": 4024.282028064276,
    "142": 2475.6433728601532,
    "143": 1025.8080151570414,
    "144": 3298.445684119739,
    "145": 2065.0179494523695,
    "146": 8529.704108145246,
    "147": 4616.286844264071,
    "148": 3132.271193839584,
    "149": 14379.737804320259,
    "150": 3398.05912505995,
    "151": 5029.8824085311,
    "152": 5431.892299324026,
    "153": 8383.805887513066,
    "154": 1267.6964389333793,
    "155": 971.101948205255,
    "156": 8714.779757903407,
    "157": 8417.66235544614,
    "158": 3777.098382107507,
    "159": 3154.8213810522725,
    "160": 3006.3344488844477,
    "161": 18247.785404258964,
    "162": 10058.016526069165,
    "163": 9250.237595673563,
    "164": 3913.0790691607635,
    "165": 6230.962962328521,
    "166": 1200.993449337858,
    "167": 3035.8524784319525,
    "168": 4441.23143721229,
    "169": 2722.4082639963713,
    "170": 9768.404737023802,
    "171": 14364.336945038895,
    "172": 8621.957866165923,
    "173": 2733.4279449551104,
    "174": 6021.229217127206,
    "175": 9399.779056920723,
    "176": 7965.715804592919,
    "177": 7614.500407479056,
    "178": 2623.9342579423524,
    "179": 3084.2818007121546,
    "180": 4293.789791611042,
    "181": 3251.5273053119217,
    "182": 4535.545713797854,
    "183": 4026.118308055753,
    "184": 6492.410347135191,
    "185": 3297.398335004,
    "186": 7543.552909623171,
    "187": 8588.80302990593,
    "188": 2918.1504141707683,
    "189": 2352.407042139692,
    "190": 6839.490915199982,
    "191": 5009.7600590654665,
    "192": 1183.5299936482102,
    "193": 5930.505971268845,
    "194": 1800.4988265093132,
    "195": 7762.971369011405,
    "196": 5476.68395120368,
    "197": 4669.796215458108,
    "198": 3744.3547085551972,
    "199": 5577.590965450577,
    "200": 5833.614911806972,
    "201": 3153.7581794931407,
    "202": 7558.379905310858,
    "203": 5442.515320467388,
    "204": 8336.025101094156,
    "205": 4588.643681751966,
    "206": 3535.0030634096156,
    "207": 9544.313086759994,
    "208": 6435.41226451514,
    "209": 11240.083364792466,
    "210": 3207.0072975782564,
    "211": 5941.490232646022,
    "212": 10727.45560698592,
    "213": 7498.1259007884355,
    "214": 3741.336184586811,
    "215": 3926.889650536326,
    "216": 6496.208427328931,
    "217": 7514.404078655839,
    "218": 8027.745618531712,
    "219": 15080.909475504395,
    "220": 11926.227790827317,
    "221": 3972.8439740139183,
    "222": 5415.491296942246,
    "223": 4029.4852844028096,
    "224": 9332.605280126974,
    "225": 1907.1714841217831,
    "226": 3139.4302254592376,
    "227": 3202.011385264605,
    "228": 9108.59250080441,
    "229": 4835.586436756072,
    "230": 2023.9845434416197,
    "231": 8209.622326422124,
    "232": 8302.06295589559,
    "233": 8984.059187721958,
    "234": 3431.559245920409,
    "235": 4677.113427973612,
    "236": 4794.458903660379,
    "237": 4925.912076435704,
    "238": 10949.306554639998,
    "239": 4658.873076508057,
    "240": 2619.414782728692,
    "241": 8744.635561702882,
    "242": 8836.79075000497,
    "243": 2809.4205633466736,
    "244": 3915.7858479283354,
    "245": 7314.935186887314,
    "246": 7586.342778467183,
    "247": 10844.381310878296,
    "248": 4869.515771792151,
    "249": 4425.629168643887,
    "250": 1267.1903370193243,
    "251": 6972.00722553599,
    "252": 2023.4073211878206,
    "253": 3351.3804201518396,
    "254": 15530.200350013982,
    "255": 6694.294666905375,
    "256": 2013.359239483894,
    "257": 6214.5628125496405,
    "258": 5222.190854099101,
    "259": 16770.480454275432,
    "260": 7291.720318461616,
    "261": 4605.175735174242,
    "262": 1005.2181010297365,
    "263": 2203.7542768341264,
    "264": 14638.500210555569,
    "265": 6577.105337536823,
    "266": 6847.063084904204,
    "267": 6466.180180414805,
    "268": 6250.838425108184,