{
    "1": 14568.713963205455,
    "2": 1413.0981324098134,
    "3": 5222.913281967075,
    "4": 2354.1710639322405,
    "5": 5448.438787774781,
    "6": 10106.91558188163,
    "7": 339.56505663604594,
    "8": 4424.551487635934,
    "9": 3453.111707758586,
    "10": 5353.32610109003,
    "11": 10979.303854831747,
    "12": 647.1894948746432,
    "13": 14159.686151555716,
    "14": 5681.217565167885,
    "15": 5578.287493230677,
    "16": 4318.665083891206,
    "17": 5048.218144847884,
    "18": 3609.2459712466293,
    "19": 5618.839315992342,
    "20": 702.0790410328024,
    "21": 3685.9577481801925,
    "22": 7609.315056314488,
    "23": 3290.1032466879446,
    "24": 4288.433300647574,
    "25": 6014.047355968761,
    "26": 11362.672223872152,
    "27": 5408.894566985741,
    "28": 6680.874541274555,
    "29": 6202.029890487528,
    "30": 3389.8542286559714,
    "31": 16066.462454873747,
    "32": 3556.795448457475,
    "33": 9153.789155332182,
    "34": 12505.936279655623,
    "35": 4394.901082411814,
    "36": 6915.783719533785,
    "37": 2628.9694528903256,
    "38": 4721.823523156692,
    "39": 4016.4977871276137,
    "40": 7391.080299432315,
    "41": 4061.9650397996325,
    "42": 3018.187595575323,
    "43": 11181.698563675456,
    "44": 13681.129721845564,
    "45": 16827.84974472592,
    "46": 3036.8896318522625,
    "47": 6708.262007310409,
    "48": 2020.5529845302212,
    "49": 5833.232770301634,
    "50": 6063.193843236931,
    "51": 5707.341116055248,
    "52": 4663.796447052315,
    "53": 3504.9870171216835,
    "54": 8731.266029129187,
    "55": 7436.011769441128,
    "56": 6212.712613732217,
    "57": 1668.2713862803607,
    "58": 6646.351441563658,
    "59": 9063.609275470533,
    "60": 16241.044668792143,
    "61": 3037.4373908703997,
    "62": 7444.608863135751,
    "63": 11768.790933829003,
    "64": 6638.113726937291,
    "65": 6675.055878691699,
    "66": 2546.5871601557956,
    "67": 2325.783900472461,
    "68": 10714.179758190143,
    "69": 2318.5135194652103,
    "70": 6624.6405228982285,
    "71": 4532.801334549182,
    "72": 6522.754917848594,
    "73": 1070.2532270465358,
    "74": 4863.152205982388,
    "75": 3595.65050184551,
    "76": 2547.827130146008,
    "77": 1097.3379406101815,
    "78": 1105.2102327065734,
    "79": 7324.810069481288,
    "80": 7179.019444231152,
    "81": 1227.9352577388477,
    "82": 10969.518611359434,
    "83": 18336.631575131705,
    "84": 2873.762707209805,
    "85": 8004.6516241310965,
    "86": 2648.8398216408486,
    "87": 1789.0605349120208,
    "88": 2772.987019196672,
    "89": 6428.317945816882,
    "90": 5829.434606738557,
    "91": 2463.4212513452558,
    "92": 4606.142722999707,
    "93": 4446.856190267137,
    "94": 4804.320253638856,
    "95": 10917.994530799646,
    "96": 1913.7000203155585,
    "97": 11689.346308098588,
    "98": 7955.208103519467,
    "99": 2530.0901022397993,
    "100": 1513.3435747166511,
    "101": 15315.01722950258,
    "102": 6391.333053783906,
    "103": 946.1924338513041,
    "104": 1576.2400158033977,
    "105": 9120.030904041929,
    "106": 5394.853071250851,
    "107": 4909.9777083248,
    "108": 6870.214389393297,
    "109": 4195.554547848977,
    "110": 2341.3320907350953,
    "111": 3054.120860874718,
    "112": 2262.658921221272,
    "113": 14182.349465522939,
    "114": 3184.895876195819,
    "115": 1847.0807179859041,
    "116": 2131.0814144973533,
    "117": 2741.441651789167,
    "118": 3427.7132995589577,
    "119": 5604.35021125086,
    "120": 4379.930055140944,
    "121": 6060.822031276149,
    "122": 1972.6305378879288,
    "123": 2153.4033049067566,
    "124": 1209.5238647278402,
    "125": 3496.134154053262,
    "126": 5896.135226295645,
    "127": 8165.349733361155,
    "128": 6528.7920966105585,
    "129": 2816.2820133517553,
    "130": 4503.517603309614,
    "131": 7382.914110760833,
    "132": 9879.476183240182,
    "133": 11228.021693332914,
    "134": 6880.266051448826,
    "135": 6230.6242051232,
    "136": 5293.7027031392145,
    "137": 3066.0471228761967,
    "138": 5657.208798279607,
    "139": 9064.270042038466,
    "140": 4263.538651608525,
    "141": 2873.4272851313235,
    "142": 8104.152381965412,
    "143": 4413.624799137108,
    "144": 2248.125539608603,
    "145": 16697.445076204374,
    "146": 19288.373059822152,
    "147": 4108.577055600425,
    "148": 3660.5540004523464,
    "149": 5614.561227047728,
    "150": 6586.154181629253,
    "151": 4136.098848249298,
    "152": 5134.077202775551,
    "153": 7061.565451402421,
    "154": 7063.893206225885,
    "155": 4765.471308856405,
    "156": 8288.690058817896,
    "157": 5055.961795556062,
    "158": 2543.541492994971,
    "159": 6233.750332252615,
    "160": 1703.1852102014666,
    "161": 6588.978895207519,
    "162": 1748.3848905548625,
    "163": 8025.469894686301,
    "164": 2331.044258446909,
    "165": 2091.969064589999,
    "166": 1174.8378265747624,
    "167": 9144.109820209305,
    "168": 2961.507294947296,
    "169": 5333.480250110457,
    "170": 5353.392920309109,
    "171": 7249.002363327582,
    "172": 5523.548809737196,
    "173": 5082.493634733392,
    "174": 2820.2039515223314,
    "175": 8390.28960607286,
    "176": 5341.860013900017,
    "177": 4952.402460410107,
    "178": 5860.12206335744,
    "179": 3611.6135829813797,
    "180": 1946.0477707693963,
    "181": 4778.774539068763,
    "182": 5489.907541566531,
    "183": 7056.73834631893,
    "184": 2660.0483672020705,
    "185": 6670.664692814773,
    "186": 4484.819542706602,
    "187": 3902.4256249219893,
    "188": 8080.595203487181,
    "189": 11303.662014958876,
    "190": 11642.53312893117,
    "191": 671.1615873997902,
    "192": 4673.431084728808,
    "193": 5560.694610947947,
    "194": 3151.4533870409573,
    "195": 4381.467911629895,
    "196": 2718.149325277938,
    "197": 7400.790961880185,
    "198": 2875.0149104396087,
    "199": 11007.615463521539,
    "200": 4091.804631597335,
    "201": 2953.8131878209883,
    "202": 7576.246486544023,
    "203": 7524.7892732642995,
    "204": 7016.9495217231015,
    "205": 1777.2771649523825,
    "206": 5863.277108083851,
    "207": 2636.8353329039855,
    "208": 3317.562561611566,
    "209": 11790.78515219423,
    "210": 1149.2565399996745,
    "211": 8680.836774291844,
    "212": 3243.2991217045274,
    "213": 8644.917453936358,
    "214": 6407.617338923,
    "215": 5466.437955214382,
    "216": 6008.300807548202,
    "217": 8074.138771077199,
    "218": 2075.636530859247,
    "219": 10599.09241608512,
    "220": 3555.135763871854,
    "221": 6712.541217742753,
    "222": 8573.619927584297,
    "223": 2531.2740130757443,
    "224": 5887.609794001699,
    "225": 9673.575262882854,
    "226": 14292.296762708014,
    "227": 7202.463649625945,
    "228": 2676.5579712756717,
    "229": 11019.609880895858,
    "230": 7887.005266126068,
    "231": 4215.884145035412,
    "232": 5710.351567790729,
    "233": 1732.0577313892009,
    "234": 10284.136764676992,
    "235": 6354.510964458493,
    "236": 7372.877213855113,
    "237": 2549.253170205547,
    "238": 4328.513376869769,
    "239": 4374.276750771902,
    "240": 4330.701232559281,
    "241": 5398.065635423315,
    "242": 4077.2950111966297,
    "243": 8379.08662239402,
    "244": 7127.308203979549,
    "245": 6016.896372574318,
    "246": 5062.518328063067,
    "247": 972.3654635446258,
    "248": 6360.416199142935,
    "249": 4940.693886489476,
    "250": 1379.7226766374831,
    "251": 13241.942383795185,
    "252": 3373.312832231965,
    "253": 3435.2413541984774,
    "254": 11620.267030163735,
    "255": 9175.297265192059,
    "256": 6879.982114183708,
    "257": 15377.353297884827,
    "258": 9791.624281164892,
    "259": 4465.808239672916,
    "260": 4920.32106278011,
    "261": 632.5724525871527,
    "262": 4405.252923571995,
    "263": 6310.662793732421,
    "264": 2191.180279697242,
    "265": 5005.1898926304575,
    "266": 5470.332149887963,
    "267": 3993.9072879482587,