{
    "1": 6809.385989972089,
    "2": 1473.8197130417539,
    "3": 5521.234365036336,
    "4": 4307.139966986167,
    "5": 12741.145803765648,
    "6": 6118.518205676887,
    "7": 4909.7740201268425,
    "8": 7369.732283740372,
    "9": 7877.061423797711,
    "10": 4767.831907678773,
    "11": 5992.728558707372,
    "12": 4917.67077827559,
    "13": 7145.092425851785,
    "14": 13882.31338265983,
    "15": 2402.5088261969618,
    "16": 4881.435212405748,
    "17": 2475.7597340059506,
    "18": 17751.224357862913,
    "19": 8056.544354073847,
    "20": 8057.448423664206,
    "21": 8588.991978030528,
    "22": 2378.1135271354815,
    "23": 7229.234845638193,
    "24": 1823.6521782112306,
    "25": 8944.595327057727,
    "26": 2990.903943731901,
    "27": 4261.1496913434885,
    "28": 4568.357019693488,
    "29": 5700.486228317774,
    "30": 5533.162757195801,
    "31": 1972.0122531371037,
    "32": 4813.364587374252,
    "33": 3802.282975341678,
    "34": 1914.7680413558755,
    "35": 4607.507963994843,
    "36": 2480.7286573929837,
    "37": 3993.6876080014595,
    "38": 3512.8578475434438,
    "39": 4639.74936009176,
    "40": 1572.0314385792483,
    "41": 7393.001714185265,
    "42": 7735.685383510514,
    "43": 9435.06177132678,
    "44": 12439.420061287046,
    "45": 6625.537016399273,
    "46": 4805.405375899714,
    "47": 3431.6631054125937,
    "48": 9796.073713126416,
    "49": 1696.9689238365456,
    "50": 13486.953321193729,
    "51": 4978.37666757194,
    "52": 6439.961447407371,
    "53": 4092.6045762067765,
    "54": 6550.721863809232,
    "55": 2307.108280371698,
    "56": 1558.5436133228698,
    "57": 5372.073463381934,
    "58": 18649.50292984347,
    "59": 7444.578856968488,
    "60": 9484.906135791955,
    "61": 2589.0444284207365,
    "62": 2775.032059319468,
    "63": 2211.1692015058125,
    "64": 13749.045198935248,
    "65": 7105.287040299676,
    "66": 8519.81226619002,
    "67": 3282.3106028904476,
    "68": 11305.148633129056,
    "69": 6872.155534720277,
    "70": 4213.888733534869,
    "71": 6946.922345258156,
    "72": 8820.53822545182,
    "73": 4099.191883510782,
    "74": 10498.282035617012,
    "75": 637.2031365989507,
    "76": 3399.359668189144,
    "77": 5001.167337719455,
    "78": 4430.237598665993,
    "79": 760.2311492257211,
    "80": 15692.514704458428,
    "81": 3812.459922391837,
    "82": 4259.288164670265,
    "83": 8645.847883881734,
    "84": 6822.417002531773,
    "85": 4279.124783318337,
    "86": 4878.6010701085825,
    "87": 2294.3859206944803,
    "88": 1456.9805717439283,
    "89": 7327.431210019738,
    "90": 3038.423213144084,
    "91": 4462.342007591414,
    "92": 2333.6690241947554,
    "93": 3898.3231246600576,
    "94": 7834.941832684523,
    "95": 3057.4939137232705,
    "96": 2947.5024144917234,
    "97": 5854.696821554793,
    "98": 3327.7701885014444,
    "99": 14929.323613879624,
    "100": 9402.148251432915,
    "101": 5901.204312905921,
    "102": 4690.8159888541595,
    "103": 4639.504127741846,
    "104": 11279.811149503654,
    "105": 3705.346805020098,
    "106": 6526.286263168597,
    "107": 18615.072183570835,
    "108": 9484.99852968377,
    "109": 4807.162520140949,
    "110": 4163.102635667246,
    "111": 4402.1511721218685,
    "112": 11101.013899653064,
    "113": 5187.960213353318,
    "114": 2517.770016967836,
    "115": 2328.471668808516,
    "116": 1031.8824879734184,
    "117": 1957.3738395545327,
    "118": 2946.60897385534,
    "119": 2354.400924695073,
    "120": 7688.82636609916,
    "121": 5846.13190634746,
    "122": 7824.229622179887,
    "123": 2519.9229007571666,
    "124": 12782.397465388014,
    "125": 2756.8083164097416,
    "126": 13518.481729727928,
    "127": 1447.5036966496634,
    "128": 7312.52857098976,
    "129": 2617.1566823701505,
    "130": 3007.5244395524896,
    "131": 6564.693414868658,
    "132": 4025.5945801249763,
    "133": 5739.518606059025,
    "134": 11235.408577760836,
    "135": 2031.7748735454707,
    "136": 952.6501808107055,
    "137": 349.45615949843665,
    "138": 2988.4078907626304,
    "139": 6401.186868606864,
    "140": 3610.0250839956257,
    "141": 2379.7845143634154,
    "142": 4070.861434852694,
    "143": 6549.320274567805,
    "144": 6494.097374058844,
    "145": 5363.431069137947,
    "146": 12364.377481639,
    "147": 2040.9810051485367,
    "148": 10721.726267476066,
    "149": 4813.928544873237,
    "150": 8748.825793053236,
    "151": 10420.480845139471,
    "152": 4390.489052201559,
    "153": 3524.57918771508,
    "154": 3502.725307837569,
    "155": 6953.568813054782,
    "156": 7435.828310376339,
    "157": 3665.251789077176,
    "158": 2924.619057033467,
    "159": 3725.4282073558497,
    "160": 7747.826209869019,
    "161": 12506.318689426675,
    "162": 4830.344559873128,
    "163": 8426.358189545554,
    "164": 1994.803155220193,
    "165": 3200.8240730158236,
    "166": 4200.854297814566,
    "167": 8882.210332638104,
    "168": 5360.189143565305,
    "169": 7299.712081143811,
    "170": 8345.076882985575,
    "171": 1960.9509626883582,
    "172": 1316.8030220583246,
    "173": 1526.826420254805,
    "174": 3590.2284283970107,
    "175": 4822.725279473605,
    "176": 633.5939876847682,
    "177": 13431.39595872532,
    "178": 7200.038515736826,
    "179": 7017.2061850921,
    "180": 10904.492834501554,
    "181": 3612.99914978423,
    "182": 4443.0869049307785,
    "183": 2699.6006628640293,
    "184": 4100.988226343421,
    "185": 2512.611246264226,
    "186": 6850.4605063162635,
    "187": 4523.2460965652435,
    "188": 12256.04827294155,
    "189": 5358.6602429802,
    "190": 1686.828040629147,
    "191": 7441.888828393873,
    "192": 9737.934467333358,
    "193": 5005.702989238213,
    "194": 5593.178576308996,
    "195": 1753.5961022240215,
    "196": 4937.8961323347985,
    "197": 4269.227507939082,
    "198": 4010.552791540676,
    "199": 9957.213893324015,
    "200": 10948.56436627704,
    "201": 6243.40703863943,
    "202": 2405.6768555607887,
    "203": 4087.4274927187957,
    "204": 5187.077933099578,
    "205": 2864.7189903380877,
    "206": 3758.5675076185707,
    "207": 4404.4400754066655,
    "208": 2255.2465929455493,
    "209": 2625.9890323825293,
    "210": 3417.493650860077,
    "211": 5100.940067396353,
    "212": 2435.660059214087,
    "213": 10845.960845361918,
    "214": 6474.96041781673,
    "215": 8630.591314862539,
    "216": 8167.667136673584,
    "217": 3184.2129913191247,
    "218": 6801.413118591013,
    "219": 7122.73109922155,
    "220": 8393.07190627961,
    "221": 9783.222171114516,
    "222": 263.46719674136807,
    "223": 13537.82993745039,
    "224": 1670.6047815699221,
    "225": 1231.3044473122368,
    "226": 3166.383764602941,
    "227": 2321.068771432429,
    "228": 3054.7728977919082,
    "229": 3748.3889278118068,
    "230": 5561.26726497133,
    "231": 4481.984562152398,
    "232": 5418.857177525162,
    "233": 5924.996365418306,
    "234": 3250.6821946634013,
    "235": 7147.441777694191,
    "236": 2731.397641153435,
    "237": 3142.802643166395,
    "238": 9466.350907143018,
    "239": 2122.2203166312333,
    "240": 2646.3875733184805,
    "241": 1911.1512023260527,
    "242": 7081.804307050951,
    "243": 14676.487484684036,
    "244": 8099.590528499699,
    "245": 3634.985524503126,
    "246": 5723.930395582801,
    "247": 4310.38961403784,
    "248": 9762.250229745292,
    "249": 13218.716872020897,
    "250": 6976.673461878683,
    "251": 5383.939748495963,
    "252": 8593.667188602429,
    "253": 2168.838696921418,
    "254": 3362.866969001666,
    "255": 2459.362574107524,
    "256": 5644.386710428626,
    "257": 3032.131099988729,
    "258": 3062.573655602371,
    "259": 3450.0604809486163,
    "260": 4530.705897742098,
    "261": 10701.999359743502,
    "262": 8311.54557150011,
    "263": 4727.265550489634,
    "264": 2798.0672698984426,
    "265": 3329.784779372941,
    "266": 4716.94252575822,
    "267": 6210.385782185911,