{
    "1": 3080.2514614458364,
    "2": 1291.9152229993074,
    "3": 11829.93200440869,
    "4": 5322.201046337294,
    "5": 7285.494765870872,
    "6": 11925.877074379643,
    "7": 8506.079592424629,
    "8": 8550.176074656747,
    "9": 2670.708098238341,
    "10": 6980.751836324258,
    "11": 4204.827218839306,
    "12": 2907.92263383425,
    "13": 3392.3447811675815,
    "14": 3233.1635850235207,
    "15": 9219.65133703874,
    "16": 4349.181340982004,
    "17": 7692.262195011252,
    "18": 14021.887239217795,
    "19": 4278.496950796414,
    "20": 6061.567617683674,
    "21": 7130.578922371908,
    "22": 6005.286902302674,
    "23": 4059.9278290802927,
    "24": 6152.717969118674,
    "25": 3965.2276570735567,
    "26": 7672.221388645911,
    "27": 8284.123497430375,
    "28": 3733.2529495227927,
    "29": 8452.573042945456,
    "30": 5697.951540715412,
    "31": 1818.9786017405959,
    "32": 1817.5097400924342,
    "33": 1544.0705021971003,
    "34": 2967.1544178796607,
    "35": 3119.929509638836,
    "36": 1470.0672909902996,
    "37": 10187.721583301622,
    "38": 2116.2916666609585,
    "39": 7061.843501761871,
    "40": 3340.0196158703343,
    "41": 16102.92711324214,
    "42": 3190.404726095466,
    "43": 5043.940272561311,
    "44": 763.2531005027506,
    "45": 4650.12122495244,
    "46": 8695.051109945396,
    "47": 9683.898468927731,
    "48": 9966.582119405753,
    "49": 3024.990342294293,
    "50": 981.8394213217648,
    "51": 3790.2132378756514,
    "52": 3239.9169574650905,
    "53": 3711.346286255518,
    "54": 1249.1556977858788,
    "55": 853.8820844303058,
    "56": 5923.176145709823,
    "57": 16470.346114082266,
    "58": 1457.8551468360736,
    "59": 3457.5201626111084,
    "60": 20396.99108964309,
    "61": 2084.7368712577677,
    "62": 4896.774893786198,
    "63": 4474.412152464079,
    "64": 2917.120164873052,
    "65": 10545.14633899866,
    "66": 2168.9485960377738,
    "67": 6478.7189195260435,
    "68": 3422.701533707016,
    "69": 8104.957583157733,
    "70": 3352.847930261987,
    "71": 3982.222809738397,
    "72": 9579.99194373017,
    "73": 6030.941728511212,
    "74": 6994.679014479665,
    "75": 8858.336385322327,
    "76": 12788.42224740677,
    "77": 5583.026617925632,
    "78": 5314.975593204101,
    "79": 3703.0840470874086,
    "80": 7528.19291408632,
    "81": 2862.556570526334,
    "82": 3647.8400446261408,
    "83": 9426.08237537557,
    "84": 4513.3168409930995,
    "85": 6808.574712857115,
    "86": 5247.344184618746,
    "87": 7275.579357796922,
    "88": 7216.375232301383,
    "89": 2092.685758327687,
    "90": 3746.004801056099,
    "91": 2611.1369371546048,
    "92": 13787.015464014714,
    "93": 4000.850984461501,
    "94": 5791.9529381739885,
    "95": 6407.6980616344,
    "96": 8586.937707936713,
    "97": 1815.0817906176776,
    "98": 3907.8564886708946,
    "99": 12894.38655484182,
    "100": 6746.836466440985,
    "101": 4156.090629124816,
    "102": 12857.529508081556,
    "103": 2880.914514042203,
    "104": 8460.836736201936,
    "105": 13516.536866204662,
    "106": 10939.573207812251,
    "107": 4326.265942686017,
    "108": 6210.75868104887,
    "109": 10871.876404938028,
    "110": 7000.069329796222,
    "111": 6455.89904088875,
    "112": 1178.630763254732,
    "113": 1828.4801662709647,
    "114": 5043.073376375911,
    "115": 5051.631709732116,
    "116": 6825.058838912505,
    "117": 8988.754388049201,
    "118": 7041.22391829116,
    "119": 1163.2993066410247,
    "120": 4482.901384208255,
    "121": 9624.362469539157,
    "122": 12219.505764292282,
    "123": 7013.921096283566,
    "124": 7195.37089590153,
    "125": 2717.228610079478,
    "126": 8560.541065837508,
    "127": 9681.810984339878,
    "128": 3997.095248446511,
    "129": 4097.778069108438,
    "130": 1728.4908856216211,
    "131": 8571.38310060354,
    "132": 5950.589078303632,
    "133": 1622.7803845090618,
    "134": 11942.297849783554,
    "135": 1809.7980235078803,
    "136": 2744.659141979984,
    "137": 4105.382127374337,
    "138": 4164.443729383046,
    "139": 5428.284377073349,
    "140": 1908.3710853892844,
    "141": 3450.841810606001,
    "142": 1582.8634351601831,
    "143": 1935.7145644145858,
    "144": 12022.752176119422,
    "145": 1156.2508953083936,
    "146": 3847.040374230013,
    "147": 8730.513881040506,
    "148": 2449.4120775200413,
    "149": 1634.9634259900079,
    "150": 8049.520344094713,
    "151": 6601.210885714981,
    "152": 3067.91154068724,
    "153": 15065.575546387036,
    "154": 9876.521767249653,
    "155": 941.9629139802196,
    "156": 8274.457846768932,
    "157": 5062.643379794917,
    "158": 2478.0798276365776,
    "159": 4922.887873473614,
    "160": 9679.070195528819,
    "161": 2636.7203851617087,
    "162": 5184.483153749646,
    "163": 4195.818640058455,
    "164": 4743.135442822577,
    "165": 14375.50472337695,
    "166": 6956.020472207917,
    "167": 2837.352280743802,
    "168": 5737.751966005955,
    "169": 12678.90741623308,
    "170": 7414.190242802253,
    "171": 5847.040635571267,
    "172": 5412.284664961673,
    "173": 8709.526996013818,
    "174": 3620.9938881994076,
    "175": 13055.813348993799,
    "176": 15057.667872098786,
    "177": 2769.2353499474634,
    "178": 5758.5147455004,
    "179": 9754.723283301462,
    "180": 2365.321947383176,
    "181": 4038.961992140686,
    "182": 4548.971954186966,
    "183": 4900.704251246459,
    "184": 5505.032027788887,
    "185": 3388.6942547293456,
    "186": 2023.3497020877617,
    "187": 8208.49545198559,
    "188": 7264.49313319391,
    "189": 3993.3577199626857,
    "190": 10350.291069641005,
    "191": 6615.427920524514,
    "192": 4061.6348157767543,
    "193": 1488.9380994895332,
    "194": 5741.528491974575,
    "195": 8600.56420044408,
    "196": 4315.760535250182,
    "197": 4161.327750131504,
    "198": 3478.296168093537,
    "199": 1649.813443840188,
    "200": 2001.0802750862772,
    "201": 2497.048788321957,
    "202": 1992.2772393311027,
    "203": 4271.590055107701,
    "204": 7747.757947884416,
    "205": 2050.1674984747638,
    "206": 2717.777156426836,
    "207": 6475.273983942919,
    "208": 12169.73864966016,
    "209": 10960.905257465549,
    "210": 2649.8643259644537,
    "211": 3348.9849243969447,
    "212": 17319.914133801416,
    "213": 2463.2345299690387,
    "214": 9708.351361389203,
    "215": 6522.474640433252,
    "216": 1227.7262255397268,
    "217": 10535.78379314448,
    "218": 4902.356667339552,
    "219": 4763.4912998286645,
    "220": 3572.3739960320354,
    "221": 5468.031015160821,
    "222": 3670.5857243189826,
    "223": 4940.145603708781,
    "224": 6995.7928341482775,
    "225": 12078.803609579902,
    "226": 6064.421994997123,
    "227": 16434.93018613866,
    "228": 10135.923176304117,
    "229": 2587.4990724685986,
    "230": 2411.541808921482,
    "231": 1010.7902466862417,
    "232": 7685.630097882249,
    "233": 12574.204492284716,
    "234": 924.2137611881899,
    "235": 10467.98247171083,
    "236": 4380.650204142929,
    "237": 1105.5199573793218,
    "238": 2406.4823642440683,
    "239": 17869.062278013833,
    "240": 6981.860791203416,
    "241": 3118.48537568637,
    "242": 13385.381548462334,
    "243": 1885.074345296708,
    "244": 5272.002280430761,
    "245": 5212.638520722609,
    "246": 8659.797976145268,
    "247": 3735.1911191377308,
    "248": 3180.019935465969,
    "249": 1259.586900829978,
    "250": 9510.200564847464,
    "251": 3285.077256748243,
    "252": 6754.818018332855,
    "253": 7290.92123851953,
    "254": 8498.010278519514,
    "255": 11400.419305390487,
    "256": 18663.023742814068,
    "257": 5032.292060331002,
    "258": 21494.97126340808,
    "259": 6933.693980827799,
    "260": 2842.374005689285,
    "261": 2739.732687872125,
    "262": 9809.465945362437,
    "263": 2745.0017202757667,
    "264": 5295.908213409689,
    "265": 4421.846554364939,
    "266": 2549.9072315389817,
    "267": 962.8356333127882,