{
    "1": 10057.663547094427,
    "2": 9076.57543091068,
    "3": 2680.5374756770407,
    "4": 7101.491418458374,
    "5": 924.9284063640513,
    "6": 8346.88258205525,
    "7": 3636.171776791266,
    "8": 2643.3078007475383,
    "9": 2952.109074583412,
    "10": 12624.360656313944,
    "11": 4860.582105449374,
    "12": 4613.896174569981,
    "13": 7878.231892648941,
    "14": 10586.723918208869,
    "15": 10737.67777569936,
    "16": 9042.283781623724,
    "17": 6559.970807717646,
    "18": 4066.8414217080744,
    "19": 7271.452280071683,
    "20": 10193.9834112329,
    "21": 11498.9113090491,
    "22": 4300.059911161418,
    "23": 8494.054932812263,
    "24": 967.8621217693906,
    "25": 5533.535824325043,
    "26": 8859.855004283592,
    "27": 14977.51324823723,
    "28": 16196.068946081867,
    "29": 2309.1729731417918,
    "30": 7376.787539298611,
    "31": 11110.136185570496,
    "32": 9807.975348231057,
    "33": 10676.800266254497,
    "34": 19091.38706602495,
    "35": 11180.324575372628,
    "36": 14163.50674297606,
    "37": 7972.117590527824,
    "38": 7745.747863708034,
    "39": 11213.947473169408,
    "40": 9203.90046681801,
    "41": 9912.617039827457,
    "42": 13868.544614566963,
    "43": 10222.041637613223,
    "44": 7853.012076678731,
    "45": 14248.065470152866,
    "46": 9444.181603835004,
    "47": 7658.707082865609,
    "48": 5658.35578354679,
    "49": 10446.497726539934,
    "50": 6127.858808537889,
    "51": 12955.730175007246,
    "52": 8901.74571875336,
    "53": 10534.874391237592,
    "54": 8136.521161264226,
    "55": 3638.130816442406,
    "56": 14842.532954363263,
    "57": 8308.443029240063,
    "58": 7593.634588387725,
    "59": 4991.1481434330135,
    "60": 7386.07319180734,
    "61": 12649.59498353337,
    "62": 6630.808902371095,
    "63": 2227.280017311803,
    "64": 5190.164169039844,
    "65": 11497.17767160208,
    "66": 10047.517755777826,
    "67": 5019.937694258204,
    "68": 12783.252694910689,
    "69": 10788.98265049837,
    "70": 8793.698193112095,
    "71": 4496.281867484754,
    "72": 4000.805601836754,
    "73": 6586.768202718729,
    "74": 12479.528458911316,
    "75": 9078.77321881928,
    "76": 2952.2261758498125,
    "77": 9804.512103059225,
    "78": 7217.974159459912,
    "79": 10441.431288989445,
    "80": 5360.405356780652,
    "81": 7299.947983127613,
    "82": 5737.790449122519,
    "83": 6610.907403786739,
    "84": 15165.473482926243,
    "85": 2534.655034571581,
    "86": 5057.9208813391915,
    "87": 6950.389551118512,
    "88": 1533.3205302813471,
    "89": 11131.258011208034,
    "90": 1737.2881640628223,
    "91": 18303.35173113711,
    "92": 2930.88881747455,
    "93": 825.8920346057419,
    "94": 9100.226309807606,
    "95": 9373.551717447319,
    "96": 8340.878476786342,
    "97": 6554.580138177105,
    "98": 10100.753140578228,
    "99": 11136.954077802633,
    "100": 2785.0840320551797,
    "101": 5946.04053992445,
    "102": 10442.958490436009,
    "103": 6864.313362928835,
    "104": 14661.654897969773,
    "105": 10196.147096299199,
    "106": 11615.408361128433,
    "107": 19482.676816799314,
    "108": 13232.401514325942,
    "109": 6501.746067097626,
    "110": 10012.87511958098,
    "111": 14652.69955238253,
    "112": 14732.490436394033,
    "113": 2824.4378537125067,
    "114": 10750.683360163115,
    "115": 5647.821138185517,
    "116": 7994.4875506491935,
    "117": 1450.918551282208,
    "118": 4083.1123690145905,
    "119": 4992.27461413754,
    "120": 5924.248521579971,
    "121": 6456.90874590711,
    "122": 5397.325140542831,
    "123": 9983.695793454059,
    "124": 4062.5355387239447,
    "125": 6431.480624416904,
    "126": 9922.44929958251,
    "127": 10149.444989669037,
    "128": 8661.380803750135,
    "129": 4468.536026496849,
    "130": 6999.997081999715,
    "131": 10731.11032936783,
    "132": 9416.749268285083,
    "133": 5630.1384325111585,
    "134": 4781.267329142798,
    "135": 6260.237591190699,
    "136": 8650.381153564056,
    "137": 5163.671045692611,
    "138": 14464.026140564116,
    "139": 2215.7732897937126,
    "140": 8867.226423543885,
    "141": 10669.962340728242,
    "142": 14514.218876184206,
    "143": 3036.8663770998924,
    "144": 11549.247940087911,
    "145": 5300.287376198309,
    "146": 2470.421338614031,
    "147": 2010.3181952225411,
    "148": 2917.733512232174,
    "149": 3057.371323198964,
    "150": 9675.151597586415,
    "151": 10334.63566473283,
    "152": 21362.077206286944,
    "153": 7358.879593493258,
    "154": 6663.748008574786,
    "155": 3144.5176228511323,
    "156": 7711.651996591674,
    "157": 6280.450155743697,
    "158": 7785.704900020099,
    "159": 8712.48092715482,
    "160": 2663.465218958521,
    "161": 10616.695614752804,
    "162": 9349.899941317122,
    "163": 11507.413636108047,
    "164": 9424.338716350716,
    "165": 4604.1678701893625,
    "166": 8874.81822304198,
    "167": 10676.000108910333,
    "168": 11704.679337480744,
    "169": 2982.6611249024795,
    "170": 16871.223194885504,
    "171": 8880.998581516236,
    "172": 10033.267340005108,
    "173": 9876.140419211097,
    "174": 10929.750811337302,
    "175": 6174.389845156599,
    "176": 5003.7697198028,
    "177": 6868.148949301576,
    "178": 2895.090282535741,
    "179": 5091.738069239984,
    "180": 13344.871778318933,
    "181": 15781.017576433462,
    "182": 3416.2139409215006,
    "183": 16247.851672172066,
    "184": 15066.689650179764,
    "185": 8130.802038468783,
    "186": 9330.972849345913,
    "187": 4518.108890535627,
    "188": 4080.0483814569207,
    "189": 1065.5143922571197,
    "190": 7233.545694530202
}