{
    "1": 377398.8853767774,
    "2": 196907.80731394188,
    "3": 374778.24356158107,
    "4": 411003.8994729594,
    "5": 462011.32846328727,
    "6": 562624.7354211014,
    "7": 395184.7440445962,
    "8": 369425.0204381544,
    "9": 736197.5645562537,
    "10": 967371.071194829,
    "11": 860184.6442508522,
    "12": 298645.672784559,
    "13": 647361.9776855753,
    "14": 319441.5370094372,
    "15": 266840.49506828847,
    "16": 252258.59201876327,
    "17": 289501.05101287685,
    "18": 677714.5391520297,
    "19": 419053.71968816576,
    "20": 653765.6541467857,
    "21": 94418.88630978343,
    "22": 577385.0567571202,
    "23": 401002.03366613627,
    "24": 380902.7795243035,
    "25": 455462.20011894946,
    "26": 522323.6362587051,
    "27": 815047.8153968732,
    "28": 331152.4716925016,
    "29": 489796.31431089225,
    "30": 386302.3468263491,
    "31": 403521.9604712628,
    "32": 708039.2951452159,
    "33": 506986.3352481643,
    "34": 381254.2529199246,
    "35": 357476.9472193306,
    "36": 331589.2074984103,
    "37": 167399.05333228063,
    "38": 847197.7077983847,
    "39": 392058.63286685076,
    "40": 598124.8663580368,
    "41": 341219.1343521825,
    "42": 381570.79633797123,
    "43": 578888.1106103412,
    "44": 222227.0486992568,
    "45": 211408.42912583964,
    "46": 1096812.3470537458,
    "47": 189625.2486407645,
    "48": 136102.49016938245,
    "49": 312984.415557216,
    "50": 471684.0733456279,
    "51": 413906.96416048915,
    "52": 305884.4851204337,
    "53": 381112.0297887394,
    "54": 510480.7750835475,
    "55": 597414.7734336334,
    "56": 389560.98567097716,
    "57": 623343.7883641141,
    "58": 150288.0436320354,
    "59": 606223.6991890472,
    "60": 681879.6887423914,
    "61": 518542.282457975,
    "62": 583950.5532998649,
    "63": 337423.68634506786,
    "64": 506343.01429687644,
    "65": 342705.8293220405,
    "66": 583712.5442657778,
    "67": 654335.9483429417,
    "68": 932679.9421744758,
    "69": 227294.806483914,
    "70": 522813.2615062582,
    "71": 593356.2112353616,
    "72": 267996.86388159066,
    "73": 813851.0628484637,
    "74": 389112.47569100704,
    "75": 246616.316912683,
    "76": 683030.0487547185,
    "77": 405442.7614895436,
    "78": 455292.93004471966,
    "79": 300441.687663799,
    "80": 752293.1045743839,
    "81": 279156.4288188398,
    "82": 763288.2240997568,
    "83": 312131.80137140077,
    "84": 685599.3678152765,
    "85": 955537.153294998,
    "86": 836161.2906153264,
    "87": 562512.1096754863,
    "88": 605983.2596296899,
    "89": 453351.5016643498,
    "90": 502394.4750914879,
    "91": 258905.10108072273,
    "92": 571445.6990763886,
    "93": 414567.4269130213,
    "94": 255873.6669536497,
    "95": 606897.0232135595,
    "96": 1178526.1196304313,
    "97": 782449.8757306661,
    "98": 244218.44611766704,
    "99": 774522.426788378,
    "100": 189362.02604598313,
    "101": 187934.5666227266,
    "102": 765749.6533089594,
    "103": 733414.006674106,
    "104": 480440.0876669464,
    "105": 75132.82744697423,
    "106": 151303.2560848624,
    "107": 1013821.7920512117,
    "108": 140147.07450918257,
    "109": 1150092.3917511865,
    "110": 1152017.746747326,
    "111": 137703.5085545966,
    "112": 379820.55776931794,
    "113": 1003273.8990090376,
    "114": 257297.94104847714,
    "115": 578813.4788432282,
    "116": 402964.8092773776,
    "117": 419770.6221870941,
    "118": 492666.52903882996,
    "119": 794353.8831221615,
    "120": 717921.9639318449,
    "121": 192383.68461259105,
    "122": 850222.0402662111,
    "123": 770817.6834164397,
    "124": 685915.320791249,
    "125": 595645.1558986887,
    "126": 241638.29117937226,
    "127": 767121.2712361561,
    "128": 434771.9989953061,
    "129": 412684.01291886077,
    "130": 413536.69298945373,
    "131": 409588.9774491533,
    "132": 145895.28214090274,
    "133": 442250.0927314433,
    "134": 1156222.1250609849,
    "135": 689233.8466148871,
    "136": 300551.0743032581,
    "137": 370606.5910821843,
    "138": 369277.6221816938,
    "139": 580444.1986731975,
    "140": 854011.3037264748,
    "141": 356693.6267801953,
    "142": 358595.99581339455,
    "143": 274931.4519836919,
    "144": 645104.5405599689,
    "145": 212628.04941800493,
    "146": 225754.98999296865,
    "147": 449098.40636072855,
    "148": 1113656.186755538,
    "149": 353358.52486954594,
    "150": 828886.3702442191,
    "151": 280605.30553828843,
    "152": 141611.4209896755,
    "153": 572236.4708017647,
    "154": 550175.5943554583,
    "155": 553072.260284634,
    "156": 366193.13270804315,
    "157": 812974.7963168494,
    "158": 984278.0312583103,
    "159": 986137.5064058661,
    "160": 400144.906339343,
    "161": 767211.826583124,
    "162": 598729.5491679363,
    "163": 457117.4143452234,
    "164": 300767.5675636969,
    "165": 589383.528023504,
    "166": 532738.3493511416,
    "167": 642095.1785175375,
    "168": 461234.606089552,
    "169": 373334.59192525217,
    "170": 314242.43582060933,
    "171": 90402.11663633674,
    "172": 88972.00607468402,
    "173": 505377.7667695989,
    "174": 131376.37487109564,
    "175": 359080.23554652155,
    "176": 675449.8643757609,
    "177": 110122.95259390766,
    "178": 294441.6937516437,
    "179": 633607.5542830208,
    "180": 428777.38365005783,
    "181": 307115.3096702582,
    "182": 247263.06465902494,
    "183": 832366.3272391882,
    "184": 302935.5547491697,
    "185": 570383.551810748,
    "186": 541719.8530164696,
    "187": 360627.05852371326,
    "188": 1027820.1663328854,
    "189": 437667.46067621146,
    "190": 620284.2682595961,
    "191": 287501.28179269255,
    "192": 642788.2727770341,
    "193": 879980.7759953192,
    "194": 378572.21892681613,
    "195": 446224.15937928704,
    "196": 652380.341276512,
    "197": 378886.2316548754,
    "198": 591910.7833323826,
    "199": 600003.0108672007,
    "200": 581499.1132174052,
    "201": 609921.3112544209,
    "202": 704047.8245919856,
    "203": 606133.619455607,
    "204": 571636.0579596653,
    "205": 791932.4557723675,
    "206": 553623.6221153034,
    "207": 100551.37873925874,
    "208": 438160.16722085234,
    "209": 168893.18397095395,
    "210": 932948.8841799975,
    "211": 528989.6265825195,
    "212": 312496.552508152,
    "213": 229315.35254244416,
    "214": 440007.5061389069,
    "215": 265886.22460464813,
    "216": 318613.9818213768,
    "217": 608912.8081914355,
    "218": 538949.9287065271,
    "219": 83514.76030133259,
    "220": 667091.3491181888,
    "221": 288303.4676560451,
    "222": 496097.36009023804,
    "223": 419998.52649116283,
    "224": 227477.1274275116,
    "225": 515979.1329784547,
    "226": 486515.3274516441,
    "227": 334780.1169273242,
    "228": 71710.68448366296,
    "229": 1259003.0383031466,
    "230": 343488.88374395156,
    "231": 627355.1906137117,
    "232": 288257.178275513,
    "233": 623944.0826361647,
    "234": 1165887.7651418112,
    "235": 275476.4757509162,
    "236": 563740.9452153987,
    "237": 528132.5176948198,
    "238": 393108.39712464396,
    "239": 287691.1556390972,
    "240": 243185.92706625556,
    "241": 276723.3339234236,
    "242": 327853.54705209256,
    "243": 412058.6159205106,
    "244": 762921.7538871281,
    "245": 481047.7315686781,
    "246": 329382.67840431473,
    "247": 993926.3380737605,
    "248": 644354.555033119,
    "249": 164255.07959040045,
    "250": 1016758.0834736943,
    "251": 642770.4758502768,
    "252": 528346.9209361065,
    "253": 719774.5766025273,
    "254": 630554.9214180906,
    "255": 547203.105669729,
    "256": 310660.4533026088,
    "257": 303979.9329019594,
    "258": 382429.14890593133,
    "259": 440046.7877294168,
    "260": 770202.0453643955,
    "261": 888243.9467505406,
    "262": 354609.55642313726,
    "263": 598659.235776153,
    "264": 505644.9879356459,
    "265": 304878.217743377,
    "266": 677955.5835577649,
    "267": 439575.333050615,
    "268": 320874.70100445376,