{
    "1": 1990.5323076807156,
    "2": 5748.898841906354,
    "3": 8864.646745341004,
    "4": 2195.770969832432,
    "5": 7107.83879872048,
    "6": 4124.555284755069,
    "7": 7166.2072827513275,
    "8": 11640.38212966575,
    "9": 7481.4044618845155,
    "10": 2750.7985437253315,
    "11": 1544.9688205643602,
    "12": 3362.0337020312577,
    "13": 6495.623830113194,
    "14": 7161.810050971821,
    "15": 1741.5486037830674,
    "16": 1985.517166497993,
    "17": 2501.7637650559845,
    "18": 13891.772757461224,
    "19": 3245.1378065021195,
    "20": 4696.160178202924,
    "21": 4574.833394313076,
    "22": 11509.17092321716,
    "23": 1541.4361164708143,
    "24": 11132.012654602644,
    "25": 6928.940029748976,
    "26": 5252.44882583249,
    "27": 985.2176750142827,
    "28": 3991.340450523617,
    "29": 5015.745804512096,
    "30": 3475.092088028385,
    "31": 3830.77481457516,
    "32": 4014.3967146819364,
    "33": 9302.693261097416,
    "34": 5339.287657783487,
    "35": 6102.552207478126,
    "36": 2157.555581611744,
    "37": 6890.98479096896,
    "38": 4049.06058362469,
    "39": 1321.3346069869044,
    "40": 5448.610907084382,
    "41": 3542.4797894281005,
    "42": 3601.5848983412698,
    "43": 9519.152481396577,
    "44": 2613.3903731306473,
    "45": 1372.6338177791363,
    "46": 3281.8623332399693,
    "47": 3702.2666655635935,
    "48": 7179.081493325846,
    "49": 3641.1102380595285,
    "50": 4276.466845850467,
    "51": 7385.204368226911,
    "52": 6453.188630197124,
    "53": 2945.7501818064466,
    "54": 11108.060122403456,
    "55": 7051.757177631106,
    "56": 2651.5369233753,
    "57": 7455.792595758314,
    "58": 6961.144950864828,
    "59": 8375.556337929285,
    "60": 8431.078610370794,
    "61": 2765.1955370373885,
    "62": 5061.115018523614,
    "63": 9328.6408216024,
    "64": 8279.54513729814,
    "65": 4113.005982627909,
    "66": 7423.101515439793,
    "67": 2317.849578286371,
    "68": 1252.5546991323786,
    "69": 3514.302870170824,
    "70": 3636.331072216038,
    "71": 13571.090438878355,
    "72": 5786.0076850571795,
    "73": 5359.752499320295,
    "74": 16824.799939103155,
    "75": 3389.1302596837377,
    "76": 3951.7256388181036,
    "77": 5566.341107108844,
    "78": 1693.3087993165489,
    "79": 4424.6422159046,
    "80": 4261.435753441203,
    "81": 3566.715629065747,
    "82": 9409.603731896641,
    "83": 6071.564826023184,
    "84": 1853.3667225248741,
    "85": 2479.038007397387,
    "86": 1348.1738426732843,
    "87": 4990.99867934198,
    "88": 1527.2388407908086,
    "89": 3416.556149457335,
    "90": 9373.103511007346,
    "91": 6384.440504489619,
    "92": 9079.16556964783,
    "93": 11662.836849223471,
    "94": 3525.5599952776374,
    "95": 3051.936367315135,
    "96": 2874.1664992191636,
    "97": 3135.96747835207,
    "98": 18880.348897536624,
    "99": 2082.1805526010926,
    "100": 783.7889907652165,
    "101": 5678.227065256217,
    "102": 1628.4527571736594,
    "103": 7457.080065331164,
    "104": 7348.289003043173,
    "105": 3733.9873849561454,
    "106": 4130.494805054433,
    "107": 5905.1657689188105,
    "108": 4151.12173623769,
    "109": 10114.328183140313,
    "110": 11854.406357186337,
    "111": 4925.685873495235,
    "112": 1548.4846240291477,
    "113": 8099.8908178113625,
    "114": 4656.2526708993555,
    "115": 3202.8445434502423,
    "116": 11681.78462445005,
    "117": 8752.894370707994,
    "118": 1891.8029613245994,
    "119": 4966.324744806516,
    "120": 6871.602401954614,
    "121": 3356.1470712271293,
    "122": 12667.81212240016,
    "123": 3361.9679995946894,
    "124": 7070.958671091011,
    "125": 13523.849029674948,
    "126": 6755.9958526934315,
    "127": 2652.8302452904545,
    "128": 14317.323771156536,
    "129": 9159.333057806705,
    "130": 4289.494225381786,
    "131": 4499.449749395923,
    "132": 2506.1484853410307,
    "133": 9250.743983389997,
    "134": 3964.0628922179744,
    "135": 14998.610627017813,
    "136": 6589.756158533297,
    "137": 5244.753806165885,
    "138": 2435.8535876040783,
    "139": 3274.345264624588,
    "140": 5709.4585621990855,
    "141": 11591.995378801963,
    "142": 8034.95672960954,
    "143": 4323.023223944852,
    "144": 2696.8473160039043,
    "145": 8571.871975406195,
    "146": 2989.7276044336795,
    "147": 2287.5690839312147,
    "148": 7899.477073417053,
    "149": 7778.761026543112,
    "150": 784.5577399114461,
    "151": 9143.627314107873,
    "152": 1391.969308975002,
    "153": 2989.317214417191,
    "154": 4774.205942941378,
    "155": 2716.5508942978754,
    "156": 6657.898247832803,
    "157": 5604.882022827345,
    "158": 9970.176292146798,
    "159": 3465.3467293787426,
    "160": 4993.51568361335,
    "161": 5773.32757550235,
    "162": 2943.0269267936123,
    "163": 6590.082450733039,
    "164": 5986.227326474654,
    "165": 5293.388668707022,
    "166": 1624.0489325849733,
    "167": 12234.75691558459,
    "168": 9650.61225842459,
    "169": 3920.5917296998073,
    "170": 3998.1553735621064,
    "171": 8893.619190680276,
    "172": 4607.499950931484,
    "173": 10867.931736854745,
    "174": 12448.580672787686,
    "175": 1363.0931226287898,
    "176": 2806.638536664046,
    "177": 5001.524057482291,
    "178": 3845.616889718779,
    "179": 5486.138573131717,
    "180": 10035.98233846762,
    "181": 8205.98724439312,
    "182": 4681.963244762815,
    "183": 1365.5449455687697,
    "184": 2082.765902528876,
    "185": 10882.07517224142,
    "186": 4465.631831038994,
    "187": 13430.535682178233,
    "188": 4182.606296999541,
    "189": 4039.325459659359,
    "190": 3900.8075843646566,
    "191": 8594.7957419381,
    "192": 1810.0829287006222,
    "193": 7376.841781382622,
    "194": 9027.848706593546,
    "195": 6354.546776148709,
    "196": 7288.7260782734365,
    "197": 2027.1645711454921,
    "198": 3782.474601560093,
    "199": 5013.47654097519,
    "200": 2154.6326422299794,
    "201": 4949.839331377374,
    "202": 10447.36055506701,
    "203": 2698.751227744408,
    "204": 5893.596356671295,
    "205": 3169.3299954757745,
    "206": 9448.51067466333,
    "207": 1685.8382201579072,
    "208": 7074.378836726858,
    "209": 11270.991551831243,
    "210": 8498.398885957162,
    "211": 3880.5819313249976,
    "212": 3962.2906923652085,
    "213": 8155.93323389211,
    "214": 1182.4485564810386,
    "215": 4837.943101235938,
    "216": 4256.275223644721,
    "217": 8466.372672249565,
    "218": 3207.5621694730808,
    "219": 17169.231825604587,
    "220": 5560.503041209407,
    "221": 5361.287923525472,
    "222": 10093.930474017945,
    "223": 4954.976934683094,
    "224": 1933.9216605451393,
    "225": 2571.7751174477294,
    "226": 8897.585176341612,
    "227": 5069.536393060114,
    "228": 4582.688699061873,
    "229": 2384.739594079645,
    "230": 4757.343512759811,
    "231": 8282.387500111983,
    "232": 3813.645707100605,
    "233": 5349.998630266926,
    "234": 8922.762654034685,
    "235": 8837.761709038756,
    "236": 3429.2465436614066,
    "237": 865.6099402857519,
    "238": 3909.129771861464,
    "239": 2482.9992632030917,
    "240": 11512.577760769125,
    "241": 2741.2012270935106,
    "242": 4329.495475338281,
    "243": 856.8170597674549,
    "244": 3470.482745883544,
    "245": 3522.726059700132,
    "246": 3352.835219315587,
    "247": 1995.9593431723254,
    "248": 7190.807872323636,
    "249": 2926.0611976575624,
    "250": 4150.412919184752,
    "251": 3717.825290259072,
    "252": 5134.277163978527,
    "253": 2667.8003157793232,
    "254": 6928.4643684580315,
    "255": 4459.221857231388,
    "256": 4013.7921937805136,
    "257": 6167.3682785381925,
    "258": 3606.598605008231,
    "259": 4298.966378667833,
    "260": 6193.916783542061,
    "261": 10875.598673501137,
    "262": 12755.247858130884,
    "263": 3170.6958935915845,
    "264": 4965.378244463521,
    "265": 12870.071958968814,
    "266": 5589.419780457047,
    "267": 3797.587777352264,