{
    "1": 8912.000996638608,
    "2": 3102.7968769376535,
    "3": 9252.889890812421,
    "4": 1592.0389968601478,
    "5": 1934.1195076297854,
    "6": 517.6598240653683,
    "7": 6835.249023066022,
    "8": 4580.510792872281,
    "9": 5830.103198162012,
    "10": 4776.893003317472,
    "11": 5577.834398169951,
    "12": 1162.8382297360738,
    "13": 4960.01069918591,
    "14": 2591.1031151204097,
    "15": 4378.305808480346,
    "16": 5432.175377863458,
    "17": 1949.8506097668333,
    "18": 6745.655796551416,
    "19": 10683.609987089734,
    "20": 9113.172567718453,
    "21": 10332.421662453227,
    "22": 3163.7025555192504,
    "23": 1974.6655590547628,
    "24": 3889.1445386118294,
    "25": 4756.327814716044,
    "26": 2197.477340756582,
    "27": 3477.2267225010496,
    "28": 3144.3323492348586,
    "29": 6706.837977008942,
    "30": 4784.927090455264,
    "31": 879.5940819927479,
    "32": 7345.565565330419,
    "33": 5358.185780694654,
    "34": 3564.3316628966536,
    "35": 12521.123780745847,
    "36": 7072.759549553775,
    "37": 6829.84608235534,
    "38": 3903.805062567484,
    "39": 6898.598527909626,
    "40": 3304.314715672527,
    "41": 1242.9504904138512,
    "42": 2330.94756268006,
    "43": 4310.346984757876,
    "44": 4422.452261628462,
    "45": 6906.259684743468,
    "46": 13969.580268334004,
    "47": 1842.3870780263705,
    "48": 3477.181322178022,
    "49": 12984.311329667893,
    "50": 5698.959606425864,
    "51": 4926.086227885879,
    "52": 6578.163925786108,
    "53": 3336.0709013300266,
    "54": 5099.140598097038,
    "55": 11014.732703224628,
    "56": 2176.6417520852706,
    "57": 7367.699920526053,
    "58": 8159.143159516747,
    "59": 4752.979733273325,
    "60": 2526.8227794392965,
    "61": 5073.73916137742,
    "62": 11462.45975154711,
    "63": 3836.3989221816682,
    "64": 1554.4704497186274,
    "65": 3487.007009473955,
    "66": 6187.601344054813,
    "67": 2972.0849538191387,
    "68": 3752.7590060945176,
    "69": 6368.04222706553,
    "70": 5724.437484297047,
    "71": 8976.65634096745,
    "72": 5392.699260430588,
    "73": 4591.45810177165,
    "74": 1023.8938387224076,
    "75": 4110.306660243313,
    "76": 14077.874841588922,
    "77": 4194.8846139489715,
    "78": 1909.5842119593162,
    "79": 5645.744030552247,
    "80": 7461.533044186991,
    "81": 8507.070085531597,
    "82": 4916.288084036995,
    "83": 4776.657929658862,
    "84": 14420.30601970992,
    "85": 6331.928669323183,
    "86": 10097.941601968869,
    "87": 10490.413915767018,
    "88": 2766.2601573096936,
    "89": 10105.683729748143,
    "90": 3581.163780303396,
    "91": 8939.105639151112,
    "92": 4574.0054630467075,
    "93": 12450.664783891394,
    "94": 1700.270080606925,
    "95": 9839.584275082663,
    "96": 7101.731840285948,
    "97": 2611.87890143096,
    "98": 3938.1232748363554,
    "99": 2414.514662752541,
    "100": 3144.4399084253823,
    "101": 1767.1373647635053,
    "102": 9046.383047316287,
    "103": 2449.2671514646145,
    "104": 3126.1388790034703,
    "105": 3485.015357630769,
    "106": 3921.9504898120026,
    "107": 7146.027147381399,
    "108": 5057.364489627069,
    "109": 3260.2757218581855,
    "110": 6529.1978209661875,
    "111": 2238.0626256921128,
    "112": 8765.289054213696,
    "113": 2849.139629113562,
    "114": 10609.224794921232,
    "115": 6116.36762046649,
    "116": 6419.769847343414,
    "117": 4565.168469419822,
    "118": 7805.33459485537,
    "119": 5587.728297662107,
    "120": 5909.457308645774,
    "121": 18317.987506083486,
    "122": 12962.56627159677,
    "123": 11745.486455348704,
    "124": 5062.378483011373,
    "125": 5322.519414698155,
    "126": 4887.511507766187,
    "127": 3678.6969415435087,
    "128": 1832.1982950138806,
    "129": 5097.236083541362,
    "130": 7183.4963980780385,
    "131": 4372.318487468719,
    "132": 6798.146630514728,
    "133": 19399.88391577875,
    "134": 1859.330872439376,
    "135": 11247.276885926665,
    "136": 10056.185936002123,
    "137": 8111.080815461886,
    "138": 2392.244630806268,
    "139": 5818.2671097990005,
    "140": 3364.9641071615188,
    "141": 4444.039889532852,
    "142": 11248.334123206305,
    "143": 13541.361716230262,
    "144": 9148.957654248938,
    "145": 2386.6879683457823,
    "146": 5303.447889801607,
    "147": 9227.228666607483,
    "148": 5007.881551818963,
    "149": 9809.053437997993,
    "150": 8342.641748266587,
    "151": 4227.024564592955,
    "152": 6116.691383656098,
    "153": 3153.9801968815573,
    "154": 1935.8325460714423,
    "155": 3757.24107016632,
    "156": 1987.8745984690463,
    "157": 3329.869324695823,
    "158": 3223.0052673926057,
    "159": 5659.205372536534,
    "160": 7084.795854442455,
    "161": 4434.3805550351535,
    "162": 5373.867454335818,
    "163": 10322.778176106336,
    "164": 5148.960534885461,
    "165": 6982.5834878022715,
    "166": 2319.184576288111,
    "167": 17088.129962000086,
    "168": 3819.888891616734,
    "169": 8916.746397502042,
    "170": 10265.667332571855,
    "171": 7432.137702889855,
    "172": 7533.052635275337,
    "173": 4949.190411736155,
    "174": 5102.450175712014,
    "175": 17833.86290282514,
    "176": 11192.240118307394,
    "177": 7377.3714638722495,
    "178": 3518.3341751411212,
    "179": 3221.8354251746564,
    "180": 2852.7409332293487,
    "181": 11286.358262984219,
    "182": 3578.2055865008624,
    "183": 10887.893972514383,
    "184": 1928.9620020763855,
    "185": 3436.1718540094444,
    "186": 2275.5312499552338,
    "187": 2535.24799435822,
    "188": 1341.5721700818601,
    "189": 5540.668280775204,
    "190": 2257.83287661714,
    "191": 3235.463804156583,
    "192": 7260.52804435987,
    "193": 4693.4234712766865,
    "194": 2001.2777782722558,
    "195": 8550.196664732539,
    "196": 8595.938086640635,
    "197": 2103.5588873906613,
    "198": 2245.493561454617,
    "199": 10291.0398402459,
    "200": 3664.5245591178095,
    "201": 7838.836836962284,
    "202": 3265.0671146677987,
    "203": 1030.7192569099284,
    "204": 8441.351988504228,
    "205": 1419.1498880543809,
    "206": 3197.075025821198,
    "207": 7455.055826192902,
    "208": 4448.449471882745,
    "209": 3658.922967380003,
    "210": 1134.3699606932073,
    "211": 840.4746496511149,
    "212": 3835.55134410848,
    "213": 10159.001878605532,
    "214": 1589.8457327169308,
    "215": 5544.739036894222,
    "216": 8094.949569029553,
    "217": 5047.328338320446,
    "218": 3242.072772661749,
    "219": 7337.050996445472,
    "220": 5495.253855569994,
    "221": 7784.433649105246,
    "222": 8158.580962644329,
    "223": 7381.331996897758,
    "224": 2284.7692271399974,
    "225": 5565.757105235693,
    "226": 558.6697240190915,
    "227": 1714.8934013832,
    "228": 477.1061970217384,
    "229": 8016.238645003926,
    "230": 6232.120088575361,
    "231": 4670.422257836986,
    "232": 3822.6827820579783,
    "233": 5599.371295661412,
    "234": 1566.7143001602865,
    "235": 2789.997247682805,
    "236": 3566.1060019224287,
    "237": 5500.9979699745345,
    "238": 4362.723575811168,
    "239": 10429.852367906982,
    "240": 5165.641351398319,
    "241": 5586.634896411,
    "242": 3369.012806660809,
    "243": 7993.444833174109,
    "244": 4522.066785454259,
    "245": 6232.589443057247,
    "246": 7794.974183773782,
    "247": 8688.206336790465,
    "248": 4003.801516638797,
    "249": 2248.046829022708,
    "250": 2494.857954453908,
    "251": 14570.149004437206,
    "252": 2630.563472716682,
    "253": 14506.83701099895,
    "254": 6992.835149880894,
    "255": 9312.211888389495,
    "256": 2463.642366954479,
    "257": 6261.269182720253,
    "258": 5826.6898042336115,
    "259": 6260.488028953893,
    "260": 3717.646694735534,
    "261": 2384.2911011928286,
    "262": 2499.7264175344085,
    "263": 5881.608392315451,
    "264": 12921.742623862237,
    "265": 4399.015599172506,
    "266": 12057.760677051032,
    "267": 2998.0513743582487,