{
    "1": 961026.2452535022,
    "2": 329890.4959622609,
    "3": 467041.01121197146,
    "4": 326413.485539744,
    "5": 876472.1850436637,
    "6": 425004.1696531814,
    "7": 326587.9824777344,
    "8": 531285.1481982658,
    "9": 369430.64136878104,
    "10": 745626.9878731719,
    "11": 235109.39976027765,
    "12": 111611.18410866098,
    "13": 482737.7414860385,
    "14": 1002376.3738664696,
    "15": 316857.4308109638,
    "16": 269640.1538956652,
    "17": 368670.2236599108,
    "18": 458025.971640365,
    "19": 743615.9003197298,
    "20": 225470.77390820294,
    "21": 692510.5713268141,
    "22": 602608.8376892926,
    "23": 223555.93034123591,
    "24": 221829.389801959,
    "25": 1899748.7149992918,
    "26": 278753.09441919444,
    "27": 579694.7740571026,
    "28": 248417.20860797845,
    "29": 447511.72638567514,
    "30": 253960.42853984906,
    "31": 1183011.8127997445,
    "32": 708016.6981694876,
    "33": 698428.7039570675,
    "34": 845033.0125241061,
    "35": 576524.1711417981,
    "36": 565567.3960096997,
    "37": 286802.56498249667,
    "38": 411640.82218870363,
    "39": 1204015.284525842,
    "40": 310389.19039123,
    "41": 292617.88305818517,
    "42": 563520.1771508732,
    "43": 753988.567250248,
    "44": 622330.4711962199,
    "45": 308893.5166199115,
    "46": 300233.96502520813,
    "47": 202900.18604516555,
    "48": 1196537.2346713888,
    "49": 125633.47644869966,
    "50": 394855.3822952823,
    "51": 923856.9946447051,
    "52": 941602.6778887839,
    "53": 590947.8349897081,
    "54": 79284.49072287855,
    "55": 321517.9590182542,
    "56": 215999.65728316194,
    "57": 319118.06713258824,
    "58": 119448.89818905102,
    "59": 433644.43501490814,
    "60": 788535.2815296066,
    "61": 404398.63492507424,
    "62": 729370.4810574395,
    "63": 249112.2780875617,
    "64": 404015.4258389697,
    "65": 284310.5077056417,
    "66": 697354.1499820101,
    "67": 79450.02376777411,
    "68": 513453.0148903674,
    "69": 505274.4796875783,
    "70": 443360.46384400065,
    "71": 239772.96658243274,
    "72": 951336.7279068243,
    "73": 484354.33943074394,
    "74": 410983.05882305565,
    "75": 637996.0754576265,
    "76": 251159.02894382732,
    "77": 225970.3755334784,
    "78": 261324.09504805165,
    "79": 597480.3898739422,
    "80": 95540.9985491426,
    "81": 393807.88639022835,
    "82": 295905.8580939781,
    "83": 293190.52278898563,
    "84": 231214.40401055635,
    "85": 1029014.0742080115,
    "86": 247239.2870927988,
    "87": 577030.1405263355,
    "88": 235616.38913574017,
    "89": 849303.3276434774,
    "90": 891907.3448637194,
    "91": 685551.562809936,
    "92": 384066.86657430383,
    "93": 948803.2392703895,
    "94": 847939.210169693,
    "95": 555118.5349932857,
    "96": 184820.1523680705,
    "97": 644847.1706411312,
    "98": 1188974.0602582516,
    "99": 165751.90120599265,
    "100": 275634.5800607456,
    "101": 647495.108275474,
    "102": 387156.9394177716,
    "103": 568397.5701965727,
    "104": 304260.40218253003,
    "105": 128031.12354299569,
    "106": 208502.72543882494,
    "107": 304735.2019107456,
    "108": 122657.24670133508,
    "109": 406618.58659569983,
    "110": 548201.1390498821,
    "111": 198594.9943111099,
    "112": 212554.48814770996,
    "113": 559647.6829248,
    "114": 589484.0467895711,
    "115": 561749.4308791265,
    "116": 95632.9456577691,
    "117": 624262.2980960646,
    "118": 724982.2895097471,
    "119": 415544.56963971147,
    "120": 329630.8406944526,
    "121": 277963.4623279661,
    "122": 1195441.786708658,
    "123": 717187.9931670636,
    "124": 553288.8255481124,
    "125": 1056294.9536640975,
    "126": 162204.17372009068,
    "127": 656370.6297271946,
    "128": 170843.11156280668,
    "129": 684668.1598220223,
    "130": 297026.7610975996,
    "131": 479001.3407462819,
    "132": 191299.50413859152,
    "133": 155937.4271076581,
    "134": 426529.6683286149,
    "135": 631063.8386393855,
    "136": 1163089.2597508912,
    "137": 457629.59060916415,
    "138": 340547.21299810125,
    "139": 407343.8133586267,
    "140": 1036361.8580158217,
    "141": 217745.61662446606,
    "142": 168313.87460890348,
    "143": 584309.0675566612,
    "144": 642007.7686631865,
    "145": 459381.29381304566,
    "146": 535862.5524662238,
    "147": 406549.81944466796,
    "148": 437995.7713951545,
    "149": 200025.30300153088,
    "150": 789561.9330983742,
    "151": 144526.89984927824,
    "152": 375032.7037587564,
    "153": 382886.0528414737,
    "154": 591688.2264760074,
    "155": 819303.2823090102,
    "156": 528471.8143005384,
    "157": 494869.19421551964,
    "158": 438054.59474682796,
    "159": 401607.85900377325,
    "160": 332094.87614624336,
    "161": 744913.6080445349,
    "162": 325616.4916175224,
    "163": 608940.1781368512,
    "164": 325981.7807467663,
    "165": 462291.28423299635,
    "166": 452777.96312858735,
    "167": 294894.322478202,
    "168": 303670.8071412347,
    "169": 828641.0999925805,
    "170": 313141.94396152196,
    "171": 501704.3817765484,
    "172": 166343.29616443237,
    "173": 875043.1257624489,
    "174": 444864.4592557377,
    "175": 372354.7255910872,
    "176": 318832.47888749826,
    "177": 339038.6290190816,
    "178": 519103.49518474005,
    "179": 157316.94608061496,
    "180": 833807.8580265974,
    "181": 443874.49165156117,
    "182": 427054.98893998965,
    "183": 593379.8481865521,
    "184": 913464.8977155196,
    "185": 372491.72785475233,
    "186": 582143.427856581,
    "187": 607599.45491632,
    "188": 331075.23313645564,
    "189": 379413.216627486,
    "190": 354057.8048607321,
    "191": 224324.4785466884,
    "192": 432278.0136185625,
    "193": 728976.7385450643,
    "194": 681230.139790626,
    "195": 156407.87483513315,
    "196": 334620.73150105955,
    "197": 639746.740644598,
    "198": 494459.9934406685,
    "199": 700909.1691769151,
    "200": 577412.6132542522,
    "201": 551626.8968977861,
    "202": 594445.2155176623,
    "203": 893758.7365121907,
    "204": 491618.7958197701,
    "205": 856716.801517478,
    "206": 598822.0507611546,
    "207": 536627.9816455435,
    "208": 377704.32755362394,
    "209": 400826.9547752509,
    "210": 235113.50788776405,
    "211": 371566.68354967295,
    "212": 622124.7291265378,
    "213": 613653.0231382267,
    "214": 998419.7657717708,
    "215": 662766.0756839996,
    "216": 527392.9393982675,
    "217": 378291.0937562427,
    "218": 381046.40156049444,
    "219": 590395.9277281441,
    "220": 188257.63415473312,
    "221": 728726.2853718975,
    "222": 288255.0421224054,
    "223": 203295.0854671832,
    "224": 561229.1032861023,
    "225": 400511.85070494673,
    "226": 311562.18142896245,
    "227": 580390.4574444223,
    "228": 609447.458919046,
    "229": 337605.217927275,
    "230": 570694.9466866334,
    "231": 274806.06895676034,
    "232": 128741.88776791732,
    "233": 387329.5370043077,
    "234": 432906.10682135547,
    "235": 611981.0726834101,
    "236": 1394077.3513286877,
    "237": 528908.9422961425,
    "238": 597417.658711118,
    "239": 709413.352366644,
    "240": 6235.230461632506,
    "241": 176437.74990043236,
    "242": 744703.4744287562,
    "243": 887141.0712215486,
    "244": 323275.7175647682,
    "245": 260190.53177403426,
    "246": 470495.65947115415,
    "247": 330646.2767768456,
    "248": 598433.1002699536,
    "249": 469081.9942420559,
    "250": 422342.0282534934,
    "251": 109670.95854236708,
    "252": 265434.36373249604,
    "253": 198806.1193969533,
    "254": 575448.3722528779,
    "255": 166924.9830306174,
    "256": 412334.9753840325,
    "257": 1087531.9560240284,
    "258": 492718.5688506723,
    "259": 503106.534344058,
    "260": 230440.15831627793,
    "261": 506245.07442132116,
    "262": 159019.0895382229,
    "263": 1077358.9038082594,
    "264": 464092.61051591573,
    "265": 260749.88127378555,
    "266": 981757.701038306,
    "267": 314935.3132885344,