time,obj
0.15481450000000052,123081.94318223087
0.15758120000000098,164260.50997712702
0.15650670000000133,142971.741105631
0.1545936999999995,178252.09737152513
0.1607839999999996,160738.41711961557
