obj,time,mip_gap
277036.33142122603,0.0014536999999998912,
