obj,time,mip_gap
288346.1638374305,0.001831000000000138,
