obj,time,mip_gap
331724.84583549347,0.0014879000000003195,
