obj,time,mip_gap
462451.3558324122,0.0010775000000000645,
