obj,time,mip_gap
386336.56330320484,0.0009357999999997091,
