obj,time,mip_gap
414417.5945487698,1.000664999999998,0.007469957402652365
