obj,time,mip_gap
360885.60586509574,0.9973565000000093,0.0
