obj,time,mip_gap
385040.08952041535,0.9965220999999929,0.003849508966704887
