obj,time,mip_gap
340321.0936110885,0.9931411999999966,0.004510697212029698
