obj,time,mip_gap
301346.77415164805,0.8499400999999978,0.0
