obj,time,mip_gap
321597.0761721832,0.8896242000000001,0.0
