obj,time,mip_gap
297343.6762407779,0.926344400000005,0.034438032970499105
