obj,time,mip_gap
346852.91463595675,0.9174895000000021,0.0
