obj,time,mip_gap
389096.93616833276,0.9836720999999926,0.0
