obj,time,mip_gap
367531.00259869045,0.9892313999999942,0.04290273400186055
