obj,time,mip_gap
344101.5687092426,449.0506250000035,0.04987232944695019
