obj,time,mip_gap
386383.82142478955,10832.741527000006,0.16311590696409395
