obj,time,mip_gap
385296.3743491176,3857.7053514,0.04991934658676095
