,cap_rev,cap_rev,cap_rev,cap_rev,cap_rev,cap_rev
time,1,2,3,4,5,6
room,,,,,,
1,14.0,13.999999999999995,11.0,11.000000000000004,11.0,13.0
2,4.0,4.0,3.0,3.0,3.0,4.0
