obj,time,mip_gap
414772.3793820442,10836.843940100007,0.12949070172681634
