obj,time,mip_gap
455151.3098211347,602.1255901999975,0.04944611899686986
