obj,time,mip_gap
385122.41478802025,7477.662997000007,0.04996441053857447
