obj,time,mip_gap
300179.00963236694,3838.183793999997,0.049666694878691096
