,cap_rev,cap_rev,cap_rev,cap_rev,cap_rev,cap_rev
time,1,2,3,4,5,6
room,,,,,,
1,0.0,0.0,0.0,0.0,0.0,20.0
2,3.0,3.0,2.9999999999999996,2.9999999999999907,2.999999999999997,5.0
