obj,time,mip_gap
442343.3943161492,10815.960211900005,0.12521828368340443
