obj,time,mip_gap
452473.5838863107,3802.635621600013,0.04991636434446782
