obj,time,mip_gap
437956.23479176697,4382.5665131999995,0.04991086842248229
