time,obj
7.220260299999609,437783.5624378528
1508.6213091999998,443532.37147157517
1935.9287595000005,364584.52403782867
900.8071734999994,445737.8284594305
3309.5652745999996,396033.9937267119
