obj,time,mip_gap
258520.9425180487,0.0014969999999998596,
