obj,time,mip_gap
266164.380388797,0.0018875999999998783,
