obj,time,mip_gap
338372.2362575552,0.0015340999999999827,
