obj,time,mip_gap
520409.58861218777,0.0015567000000000775,
