obj,time,mip_gap
407486.4116482694,0.0011879000000001305,
