{
    "1": 8204.322758024091,
    "2": 3525.373932682719,
    "3": 4473.800404894408,
    "4": 2789.695119408241,
    "5": 2205.3368883111852,
    "6": 668.7060600046938,
    "7": 5513.449261017937,
    "8": 6099.483565482692,
    "9": 4952.927348236309,
    "10": 3520.517170914648,
    "11": 3463.1671920018402,
    "12": 2893.26854930661,
    "13": 520.1652697193634,
    "14": 774.1396294197966,
    "15": 2346.045023855361,
    "16": 1388.3834267499733,
    "17": 2546.925980285661,
    "18": 2117.8960231231054,
    "19": 2701.8053390621653,
    "20": 2586.886399770033,
    "21": 4477.746903319405,
    "22": 340.877275010164,
    "23": 7001.930379766762,
    "24": 1381.1985660466257,
    "25": 1472.1796037400375,
    "26": 1577.2400502575356,
    "27": 2709.4515493904605,
    "28": 1396.5223608829363,
    "29": 1651.165854387046,
    "30": 4534.611327596642,
    "31": 2555.4966621257336,
    "32": 1895.7719322407388,
    "33": 2603.424717202512,
    "34": 3016.2008922756368,
    "35": 3342.3351622949663,
    "36": 277.8204958481866,
    "37": 1252.5868839771172,
    "38": 2189.1780597301886,
    "39": 530.9732710393293,
    "40": 6897.7013467204515,
    "41": 2974.308813884846,
    "42": 2580.1587473515096,
    "43": 10952.581116984124,
    "44": 267.71190816677637,
    "45": 1877.6700032503736,
    "46": 2001.7868354914033,
    "47": 1331.623351991378,
    "48": 321.05601291657837,
    "49": 8116.637305866102,
    "50": 4403.1839733051675,
    "51": 2670.5294405784634,
    "52": 2570.500845606016,
    "53": 8026.699624389126,
    "54": 1927.3400475854523,
    "55": 2470.6914356856187,
    "56": 5009.622471012127,
    "57": 2224.1392085688176,
    "58": 2509.90298631979,
    "59": 1832.6449277228799,
    "60": 1632.6728360402772,
    "61": 6043.284403258937,
    "62": 1377.5428599037166,
    "63": 1368.479639300019,
    "64": 929.297589937148,
    "65": 4346.727167152233,
    "66": 2577.4140448415155,
    "67": 1354.4344125332084,
    "68": 382.908870068021,
    "69": 371.56004071972006,
    "70": 1778.1629090150448,
    "71": 1417.017870293729,
    "72": 2401.769965849957,
    "73": 6317.566158722095,
    "74": 1830.5586801513532,
    "75": 4572.056900688488,
    "76": 1955.8487916021786,
    "77": 3629.2492496153554,
    "78": 4354.468375442194,
    "79": 5193.26771571441,
    "80": 2586.874933031571,
    "81": 4865.222349479901,
    "82": 1914.4543184783367,
    "83": 2458.015607353411,
    "84": 335.88660621509405,
    "85": 1554.2006582593324,
    "86": 2693.607775263805,
    "87": 2609.4929752161443,
    "88": 4035.203231836645,
    "89": 2025.8718289501614,
    "90": 1272.994233112466,
    "91": 688.631845662391,
    "92": 2423.311566961061,
    "93": 2405.4590254487753,
    "94": 3828.176744782786,
    "95": 5188.857485851521,
    "96": 4958.253537881608,
    "97": 5175.593214404218,
    "98": 7515.474254191281,
    "99": 5518.402035732661,
    "100": 3029.210852050847,
    "101": 2549.0900491102734,
    "102": 1459.9091913783564,
    "103": 2458.4371866457755,
    "104": 2834.444323438788,
    "105": 3523.5453348827396,
    "106": 577.0047385057928,
    "107": 1876.3061648593816,
    "108": 2682.8729856264786,
    "109": 1532.2086728358975,
    "110": 468.41214720726356,
    "111": 1537.1248431789945,
    "112": 2707.0132038104875,
    "113": 1738.9128179248805,
    "114": 554.6543778962881,
    "115": 1895.8265229622316,
    "116": 3114.9517330785416,
    "117": 4465.303344403348,
    "118": 756.8963172087028,
    "119": 293.3127974580853,
    "120": 1790.5023312583628,
    "121": 3277.028000642739,
    "122": 1257.185636475631,
    "123": 869.981651265037,
    "124": 3911.18737745133,
    "125": 1422.7503978339792,
    "126": 3002.0187254336183,
    "127": 6666.720672874181,
    "128": 677.3726355934283,
    "129": 2969.6811488911067,
    "130": 977.2910343600657,
    "131": 6428.357313033178,
    "132": 4225.634116775747,
    "133": 1870.1104744305185,
    "134": 1416.1813201876291,
    "135": 522.5535317602165,
    "136": 3058.254686907547,
    "137": 1499.7388056573336,
    "138": 4925.99877090738,
    "139": 3263.6641338851196,
    "140": 2223.4799255822754,
    "141": 2078.8677025063207,
    "142": 11160.961210540492,
    "143": 6608.991125169468,
    "144": 1383.1940516621657,
    "145": 932.084233933618,
    "146": 2406.1368882775014,
    "147": 2318.9665412969985,
    "148": 3194.845022042423,
    "149": 2162.780988184553,
    "150": 1389.8643481791953,
    "151": 2276.054603426685,
    "152": 4940.903377280697,
    "153": 2527.655673089057,
    "154": 2085.4850278602275,
    "155": 4691.443587889262,
    "156": 671.0071595313286,
    "157": 3595.9636546232864,
    "158": 4485.9457881596545,
    "159": 1348.1086929291578,
    "160": 4616.63409518807,
    "161": 2370.507296968064,
    "162": 1046.7334553615035,
    "163": 2838.7484507907666,
    "164": 424.4770574341783,
    "165": 310.08362794131483,
    "166": 2969.212307675137,
    "167": 3696.180884337388,
    "168": 1293.3288205577637,
    "169": 5635.250575534708,
    "170": 1272.8517209271788,
    "171": 2783.7891911805395,
    "172": 313.7244628820165,
    "173": 3467.1412996111935,
    "174": 765.497419564317,
    "175": 1251.3743176272008,
    "176": 1002.159139681208,
    "177": 4023.937961680138,
    "178": 2285.404366978723,
    "179": 2635.1217089400757,
    "180": 5279.823703159365,
    "181": 1472.9755803479813,
    "182": 3479.663286779044,
    "183": 5256.457725901071,
    "184": 3889.4789936685015,
    "185": 9579.150612532105,
    "186": 3267.613727777292,
    "187": 3390.832992548242,
    "188": 5977.128272705341,
    "189": 1224.5287668425945,
    "190": 2629.1613789032654,
    "191": 4917.427256520074,
    "192": 1308.363974477778,
    "193": 2752.1582708392375,
    "194": 2817.9498445181903,
    "195": 2961.02181864619,
    "196": 1761.5193162459473,
    "197": 1270.5127593336217,
    "198": 2046.7943173395997,
    "199": 6866.517146566224,
    "200": 3369.5130275953707,
    "201": 2551.745433908748,
    "202": 865.4681677792435,
    "203": 2213.3705332052427,
    "204": 3096.7145987380823,
    "205": 6107.330403554008,
    "206": 764.0083817328892,
    "207": 3773.8536506788764,
    "208": 3336.220274986371,
    "209": 4294.572357727602,
    "210": 2607.560468875891,
    "211": 1946.6026192732436,
    "212": 1658.753042332569,
    "213": 3126.9592459943083,
    "214": 375.75532628355154,
    "215": 2774.2466145200833,
    "216": 1103.2576910475555,
    "217": 2709.257731147044,
    "218": 6845.765349328701,
    "219": 1596.2000165501092,
    "220": 6911.87238522693,
    "221": 3350.7421483322305,
    "222": 2938.9848739265167,
    "223": 2846.899075738827,
    "224": 4962.544129162315,
    "225": 1988.736067237683,
    "226": 1591.6832588793511,
    "227": 1750.5333779735067,
    "228": 667.6246069317955,
    "229": 444.7272572633075,
    "230": 1131.2679864922106,
    "231": 758.780156363955,
    "232": 4218.08045791837,
    "233": 1760.4083792376368,
    "234": 1196.3245467514173,
    "235": 1025.1392401505252,
    "236": 2968.6141362615504,
    "237": 1049.9601401036448,
    "238": 8207.596285461646,
    "239": 1792.4740777455952,
    "240": 4287.871894369183,
    "241": 5273.509875008794,
    "242": 728.4252956607074,
    "243": 963.9635876887901,
    "244": 1338.7038632774784,
    "245": 2458.413364287082,
    "246": 277.76035767464197,
    "247": 1225.2874073662656,
    "248": 2156.7469046940014,
    "249": 3069.1805442779178,
    "250": 3571.7007818550956,
    "251": 3972.845815604676,
    "252": 2894.2565985888305,
    "253": 2813.258545942993,
    "254": 2899.1818901986508,
    "255": 2258.100571133545,
    "256": 4067.065290220855,
    "257": 3163.957063420622,
    "258": 376.0080360972822,
    "259": 4216.439675623557,
    "260": 1450.719293044585,
    "261": 743.5716272258508,
    "262": 2934.489037965167,
    "263": 4696.792234042494,
    "264": 1688.0906045978957,
    "265": 2258.9423875844823,
    "266": 2988.2885546689436,