{
    "1": 2818.6220838247373,
    "2": 1583.8989324448412,
    "3": 5625.690436414991,
    "4": 4488.912817271357,
    "5": 859.4568804840081,
    "6": 1674.3880971384613,
    "7": 2532.235920976847,
    "8": 2117.5344928726504,
    "9": 5258.9351537378425,
    "10": 1895.858103581211,
    "11": 3386.7159023321165,
    "12": 404.8186653976634,
    "13": 6516.954283660101,
    "14": 2725.8307939848746,
    "15": 1541.6481776417118,
    "16": 2464.9090172679203,
    "17": 5820.034370142915,
    "18": 3405.70155913616,
    "19": 10211.04456996827,
    "20": 742.5936853599866,
    "21": 3363.6229345275897,
    "22": 1979.283188194289,
    "23": 11148.372737278742,
    "24": 1580.0678530756563,
    "25": 4841.4370013241605,
    "26": 2667.862557265855,
    "27": 1369.544080351155,
    "28": 1567.0671739756017,
    "29": 1627.071562563298,
    "30": 878.5488143694274,
    "31": 3158.077226629241,
    "32": 853.2152640187921,
    "33": 2294.192545084371,
    "34": 4283.228747776981,
    "35": 2100.1914057702047,
    "36": 3749.762854544566,
    "37": 2506.236415690034,
    "38": 3056.8019154831386,
    "39": 3269.3584346453595,
    "40": 2360.134404962349,
    "41": 1779.825955567986,
    "42": 7935.560567336521,
    "43": 6408.223892082052,
    "44": 2027.242893143706,
    "45": 3472.8189152266527,
    "46": 3219.408794812287,
    "47": 2356.789626466837,
    "48": 1737.1023317137,
    "49": 1214.7176363615972,
    "50": 1093.5787723308808,
    "51": 355.95610343741225,
    "52": 2128.8615310741616,
    "53": 2788.768677535798,
    "54": 7933.762821523794,
    "55": 8279.00871071398,
    "56": 5476.7030438557385,
    "57": 4432.682193682052,
    "58": 3407.150046911897,
    "59": 2665.573575653982,
    "60": 1266.8961122176797,
    "61": 1183.4511570929678,
    "62": 1202.906888351688,
    "63": 2763.6911032740127,
    "64": 492.86328053334313,
    "65": 3206.4040727245288,
    "66": 1620.5287872204792,
    "67": 2079.8836288938974,
    "68": 2318.5090265131494,
    "69": 2770.210498444215,
    "70": 1892.4709367139544,
    "71": 5405.081520115538,
    "72": 3436.4601443614165,
    "73": 839.4274884453362,
    "74": 4877.314970111506,
    "75": 929.5126882297949,
    "76": 2297.600939494957,
    "77": 4939.408195309747,
    "78": 3424.94080084481,
    "79": 967.0567414329777,
    "80": 1628.2201984943515,
    "81": 3217.8178355588375,
    "82": 5584.865238567853,
    "83": 413.75944763994113,
    "84": 1856.821585658769,
    "85": 169.79317398174567,
    "86": 283.65303486577153,
    "87": 3513.618256296312,
    "88": 2700.318015472583,
    "89": 3666.0200516898003,
    "90": 3230.14547332452,
    "91": 2392.5065856377855,
    "92": 2458.765354051118,
    "93": 1574.8280601820068,
    "94": 2741.340265112219,
    "95": 1560.9622057939157,
    "96": 631.0581967079927,
    "97": 2406.5845367016814,
    "98": 2274.2296724630332,
    "99": 3460.236993714829,
    "100": 1227.6829078640083,
    "101": 2594.8508508466507,
    "102": 3986.9750184841055,
    "103": 2078.1628880935186,
    "104": 2792.1517496714528,
    "105": 1520.6125006153143,
    "106": 5693.129909901851,
    "107": 5487.905843105961,
    "108": 4002.5802541943312,
    "109": 1403.6160263225559,
    "110": 128.82592257781923,
    "111": 3863.606686494104,
    "112": 2500.40519617217,
    "113": 4367.928520509849,
    "114": 2752.4288940149995,
    "115": 4167.499805281087,
    "116": 1353.7218507574378,
    "117": 1608.1271095813415,
    "118": 5978.945056049679,
    "119": 1310.0684581345313,
    "120": 2616.4098311021303,
    "121": 8282.868997168413,
    "122": 4810.9985493888225,
    "123": 2691.742133184943,
    "124": 1872.0764359050204,
    "125": 6137.106364490158,
    "126": 1681.0222790670077,
    "127": 4010.4399982028867,
    "128": 3544.020183718407,
    "129": 2253.141832652269,
    "130": 2375.9743468846295,
    "131": 267.19872154586915,
    "132": 1972.0183042075362,
    "133": 633.8677470580527,
    "134": 431.6171839466922,
    "135": 1956.4470121023237,
    "136": 684.8949730378243,
    "137": 5696.117360349219,
    "138": 1367.778974598378,
    "139": 1080.2265312404556,
    "140": 3104.0139668009365,
    "141": 1733.9113026401128,
    "142": 3601.3781280714593,
    "143": 1395.5772344157451,
    "144": 2127.58312483349,
    "145": 2744.119771887026,
    "146": 3769.7948503181883,
    "147": 964.8276517622559,
    "148": 2364.6521945396626,
    "149": 4357.922928899439,
    "150": 2915.4694043378922,
    "151": 2899.074674722157,
    "152": 3865.0038237914187,
    "153": 1156.1073976052826,
    "154": 1331.0570293619114,
    "155": 3932.7376926765346,
    "156": 5332.378018465436,
    "157": 3674.699757128348,
    "158": 767.1652907329136,
    "159": 1486.1290164926268,
    "160": 2118.025270619532,
    "161": 4091.664402595458,
    "162": 4934.134541965614,
    "163": 4906.7632397342195,
    "164": 4165.294717336685,
    "165": 1530.0307957732246,
    "166": 1888.4800888341763,
    "167": 5261.436934518008,
    "168": 2397.6312090762453,
    "169": 2678.9257567999857,
    "170": 1727.981735559385,
    "171": 8384.89483806846,
    "172": 1136.8073790357641,
    "173": 2281.54190820614,
    "174": 5536.666592010253,
    "175": 4188.740609014054,
    "176": 2519.759866485297,
    "177": 3117.461359916335,
    "178": 4576.876182101797,
    "179": 1924.2118385732472,
    "180": 10453.308278412724,
    "181": 7775.503507164835,
    "182": 1398.0272464124214,
    "183": 447.9096660661663,
    "184": 588.1372139823782,
    "185": 1898.3006756984714,
    "186": 5793.818270826071,
    "187": 1492.061283694459,
    "188": 1890.586522904315,
    "189": 2577.7741658834516,
    "190": 2743.549532103951,
    "191": 238.54346448691638,
    "192": 2598.7122160583517,
    "193": 3724.5352913234055,
    "194": 1164.71154266387,
    "195": 4129.602852284953,
    "196": 5263.696192661862,
    "197": 5116.404800498736,
    "198": 739.3003249401044,
    "199": 4342.420373223807,
    "200": 4364.042284150644,
    "201": 2518.3215575305226,
    "202": 938.5156691336982,
    "203": 4730.753545893197,
    "204": 2462.7787849159185,
    "205": 2934.807073244517,
    "206": 4006.0395328619306,
    "207": 734.4355146533107,
    "208": 6664.094937234983,
    "209": 340.32738534174865,
    "210": 1570.574592965189,
    "211": 2131.8624335842487,
    "212": 261.8514001067468,
    "213": 1111.5721765701744,
    "214": 2162.4251312871597,
    "215": 1712.3561459292623,
    "216": 1252.863524784237,
    "217": 2480.416432396232,
    "218": 3818.488831928084,
    "219": 499.70395572046885,
    "220": 1977.907112411832,
    "221": 1546.4285155370465,
    "222": 378.8121779987604,
    "223": 1870.2660469130842,
    "224": 3935.5807334184033,
    "225": 5786.468668151385,
    "226": 1280.7731889703962,
    "227": 739.9933129958191,
    "228": 4155.742210219959,
    "229": 258.15551340881404,
    "230": 290.8731432571871,
    "231": 2036.8706365837131,
    "232": 736.2173459790463,
    "233": 1984.585283745107,
    "234": 1465.5803571333183,
    "235": 3494.6482412618575,
    "236": 2137.006875039006,
    "237": 4244.427808830608,
    "238": 597.5494206628177,
    "239": 2855.441060832942,
    "240": 1913.2389672408601,
    "241": 2599.4476441185047,
    "242": 172.34071005996947,
    "243": 2136.155079470668,
    "244": 1862.0304541498904,
    "245": 1567.428145658795,
    "246": 372.98139073931554,
    "247": 5805.941881642894,
    "248": 4377.934585984717,
    "249": 4298.929723728979,
    "250": 1271.0417534936628,
    "251": 3490.547337744882,
    "252": 1349.998825690222,
    "253": 5214.598757805652,
    "254": 176.75773438674884,
    "255": 1603.4585042074539,
    "256": 1245.7840964860147,
    "257": 368.5106000535444,
    "258": 3863.4029768003647,
    "259": 2057.253331394342,
    "260": 3569.0016083057676,
    "261": 1380.59623478863,
    "262": 1232.735073580563,
    "263": 730.4440285243448,
    "264": 2624.2410209864984,
    "265": 2639.9129689829256,
    "266": 3165.1898765913443,