{
    "1": 1937.595489482807,
    "2": 1206.086419738059,
    "3": 3894.657192969277,
    "4": 2628.7300593067043,
    "5": 4931.0758352295,
    "6": 4263.253513878361,
    "7": 1827.8891194955684,
    "8": 2488.8257515720456,
    "9": 1626.237798033714,
    "10": 4638.560167913418,
    "11": 4786.366919306186,
    "12": 3553.3721241728495,
    "13": 613.6346969824488,
    "14": 2637.620114908994,
    "15": 5447.731891934052,
    "16": 5119.393115505139,
    "17": 7256.157785432495,
    "18": 3223.4281624629084,
    "19": 2044.6123288531714,
    "20": 2271.171355049329,
    "21": 2920.5379061138724,
    "22": 2312.5426579973623,
    "23": 179.51195195678795,
    "24": 1926.5780890867952,
    "25": 129.17559433354006,
    "26": 1513.3198815360724,
    "27": 765.3422699353728,
    "28": 3944.125684346628,
    "29": 7449.804939652256,
    "30": 1145.9848289983142,
    "31": 5403.185238326023,
    "32": 5272.143998568824,
    "33": 1792.5896579954988,
    "34": 2294.346448471872,
    "35": 3843.869798505013,
    "36": 2706.140081996059,
    "37": 1684.1918913328595,
    "38": 2276.963438832981,
    "39": 3060.1603476949513,
    "40": 1464.6752790989715,
    "41": 6597.075119382316,
    "42": 3640.139287422723,
    "43": 3908.6547039525385,
    "44": 12664.293545454731,
    "45": 3591.306081967849,
    "46": 2110.367068722858,
    "47": 2121.716315309336,
    "48": 1240.8157691690874,
    "49": 5886.986614574988,
    "50": 1240.8751030725132,
    "51": 1098.7876124953077,
    "52": 3418.206228528981,
    "53": 1965.2858428194324,
    "54": 765.6437348005986,
    "55": 2153.6874032516266,
    "56": 3837.4075899135723,
    "57": 1604.5422941185338,
    "58": 3345.6049136818333,
    "59": 6687.292234091616,
    "60": 5037.261232125935,
    "61": 2942.5020549741544,
    "62": 3550.1830496599346,
    "63": 1538.29605889341,
    "64": 1935.9832271644352,
    "65": 932.051955138156,
    "66": 822.302637233637,
    "67": 1333.5056256974783,
    "68": 3755.1424371071926,
    "69": 3082.247578151484,
    "70": 576.1907604364472,
    "71": 1749.1387329160032,
    "72": 1356.7211788453894,
    "73": 1235.4638978825053,
    "74": 1850.221398145805,
    "75": 8036.047416787083,
    "76": 2687.3321263248718,
    "77": 6627.635519170259,
    "78": 1183.6378672013275,
    "79": 1861.4681543617503,
    "80": 3855.2972600540684,
    "81": 3067.1573840356486,
    "82": 4739.354525704238,
    "83": 8083.093171725516,
    "84": 3198.070914697197,
    "85": 3627.8862892003744,
    "86": 1623.548204930129,
    "87": 4858.1373111910825,
    "88": 1484.1736669415868,
    "89": 1496.1714752399942,
    "90": 1681.1507531222542,
    "91": 4926.301932512294,
    "92": 3144.8414970987387,
    "93": 4988.245566150089,
    "94": 4274.965059667722,
    "95": 3122.6931431464777,
    "96": 1040.5022124889201,
    "97": 1659.1967717253679,
    "98": 1948.0429283159485,
    "99": 669.8823536601843,
    "100": 4970.950363645058,
    "101": 3272.634214958163,
    "102": 3509.8251737575183,
    "103": 884.9236385763193,
    "104": 4964.119153454722,
    "105": 2227.7438908598365,
    "106": 2495.8106555922313,
    "107": 2210.386082488413,
    "108": 4175.191907358013,
    "109": 1922.5124269525904,
    "110": 372.42152508896174,
    "111": 2649.475770782588,
    "112": 720.0570743511697,
    "113": 4487.6559544969,
    "114": 4929.12526421172,
    "115": 3753.662356828205,
    "116": 687.0176000260851,
    "117": 1221.6439206325451,
    "118": 1036.3966588517787,
    "119": 5084.803863392242,
    "120": 2075.110952123759,
    "121": 4144.598320618008,
    "122": 1036.8430678053287,
    "123": 1406.0459284952938,
    "124": 1382.0150258049039,
    "125": 1075.3788412484541,
    "126": 1944.0202544722124,
    "127": 2118.9814183752706,
    "128": 2759.762283068103,
    "129": 10597.701439357588,
    "130": 1024.379952567116,
    "131": 1508.7209495766645,
    "132": 781.9989129484946,
    "133": 1390.8975871638738,
    "134": 1039.537965578558,
    "135": 1257.6707156854513,
    "136": 1256.7915085918235,
    "137": 2025.124254377176,
    "138": 1733.7421965896187,
    "139": 3412.49955456456,
    "140": 824.7092032680462,
    "141": 3562.8070777477024,
    "142": 1744.3965820858114,
    "143": 3919.5944328977344,
    "144": 2455.087361935335,
    "145": 1910.6597425847287,
    "146": 2012.152413144797,
    "147": 2395.0617002926956,
    "148": 7540.449751130378,
    "149": 1176.6045116130601,
    "150": 309.02352375287387,
    "151": 1844.1225911320298,
    "152": 334.86517113485854,
    "153": 5525.996597195925,
    "154": 1700.373336881626,
    "155": 5025.882057337341,
    "156": 3456.929455405998,
    "157": 1739.1242816417682,
    "158": 3476.995625125821,
    "159": 1329.3444557357586,
    "160": 3825.722920879104,
    "161": 1852.0215688451271,
    "162": 3144.6607461987664,
    "163": 7414.398544508343,
    "164": 296.48921614674856,
    "165": 2568.1097088954316,
    "166": 8399.929010763017,
    "167": 4761.20943741895,
    "168": 4862.359856293648,
    "169": 284.91883669969326,
    "170": 3315.9702292792417,
    "171": 2427.4053137855644,
    "172": 365.13721449594925,
    "173": 1571.324875988511,
    "174": 4359.131888530823,
    "175": 4479.5031736326255,
    "176": 9610.77047840299,
    "177": 358.57751480937293,
    "178": 993.1753131794399,
    "179": 2814.855317500437,
    "180": 2704.479676757818,
    "181": 2841.7854413667756,
    "182": 989.7601591522797,
    "183": 4306.541825746827,
    "184": 2029.6581439252516,
    "185": 1400.1113952736807,
    "186": 4753.840393119284,
    "187": 1238.5875718036104,
    "188": 1205.4490493859878,
    "189": 2516.3227730266008,
    "190": 2107.0447661902,
    "191": 917.9278754443544,
    "192": 647.5443429832534,
    "193": 6477.828314849696,
    "194": 1315.0782664307033,
    "195": 1510.118375619284,
    "196": 1748.7377765103533,
    "197": 2657.366554664543,
    "198": 3942.940611171814,
    "199": 5931.878384343604,
    "200": 1443.1799743524705,
    "201": 870.1506772564816,
    "202": 2850.5645987329,
    "203": 4530.759158495038,
    "204": 2284.4264359711583,
    "205": 2755.683468176225,
    "206": 944.176671301904,
    "207": 3966.061159495713,
    "208": 5792.996510200242,
    "209": 5841.9067054341085,
    "210": 10717.41851467244,
    "211": 1524.0515648161845,
    "212": 1597.4666609176484,
    "213": 4641.128073081082,
    "214": 2124.6503380966537,
    "215": 1363.2711802133167,
    "216": 4119.091520273946,
    "217": 1291.7587751912943,
    "218": 468.26567650070245,
    "219": 4817.1543904966065,
    "220": 6603.690791707669,
    "221": 1057.104565403984,
    "222": 3051.3967074061966,
    "223": 2370.902503966984,
    "224": 1437.3975819869465,
    "225": 4869.324552806742,
    "226": 2621.6554456080053,
    "227": 2593.690896154112,
    "228": 2380.4305207177067,
    "229": 3173.5999491868647,
    "230": 4303.705349188926,
    "231": 1754.3145142881729,
    "232": 2270.931166955106,
    "233": 637.148353611059,
    "234": 1972.6764877185094,
    "235": 131.48104055208657,
    "236": 2812.963286920176,
    "237": 874.3820598300882,
    "238": 1704.8827891031467,
    "239": 2753.606582159972,
    "240": 587.3439017273064,
    "241": 3406.473962210951,
    "242": 6524.960616836574,
    "243": 1694.1734921236048,
    "244": 1301.4382593312378,
    "245": 4741.6519548424,
    "246": 826.7670739227393,
    "247": 2105.188885662823,
    "248": 4062.0327875985754,
    "249": 1973.123024773237,
    "250": 1600.576745799219,
    "251": 3189.439786007892,
    "252": 366.3630864224405,
    "253": 4499.15288905313,
    "254": 2412.9790525814765,
    "255": 2048.147549813466,
    "256": 2490.768958605082,
    "257": 1589.7698364134521,
    "258": 320.314040051158,
    "259": 1944.2184624863426,
    "260": 2276.855898472916,
    "261": 2579.859621142947,
    "262": 905.7310685477404,
    "263": 4518.19002174172,
    "264": 2649.713833713328,
    "265": 3807.0249257963874,
    "266": 979.5656448631889,