{
    "1": 1548.3761172668585,
    "2": 2073.8492081631784,
    "3": 2643.6424189326985,
    "4": 5390.73289505672,
    "5": 2397.87626067436,
    "6": 2816.359865956267,
    "7": 305.6495308957843,
    "8": 5958.026384263152,
    "9": 2879.0480057068307,
    "10": 2856.296653433619,
    "11": 3141.083996693466,
    "12": 1679.0968748455691,
    "13": 5798.80276615345,
    "14": 3683.158018906125,
    "15": 761.9803614642127,
    "16": 290.93856517744155,
    "17": 2850.014412801606,
    "18": 2804.8468876246675,
    "19": 5397.780095952228,
    "20": 1257.280732964151,
    "21": 2901.560001064284,
    "22": 2685.4411935936473,
    "23": 1532.8573211257803,
    "24": 1942.0163982749266,
    "25": 2445.1472645658755,
    "26": 5546.702297365053,
    "27": 4930.598121270061,
    "28": 4143.063660821249,
    "29": 2849.004785473107,
    "30": 5138.000915088662,
    "31": 3474.002158010845,
    "32": 1590.9701983712635,
    "33": 7440.45351433557,
    "34": 718.6219257851632,
    "35": 2867.399278958302,
    "36": 4787.887393992592,
    "37": 2364.846335758613,
    "38": 1047.3225247131986,
    "39": 2931.298199808242,
    "40": 4775.757691387751,
    "41": 2539.129813172907,
    "42": 1172.5886385222984,
    "43": 4240.534522925973,
    "44": 2043.56132782348,
    "45": 3249.4911289248626,
    "46": 3999.5805638314055,
    "47": 4163.960631670697,
    "48": 1988.0379831837204,
    "49": 8464.588648582978,
    "50": 180.36271321241406,
    "51": 3639.409409333569,
    "52": 3823.6286325573556,
    "53": 850.6540254543781,
    "54": 4305.33250149843,
    "55": 1173.3592738822156,
    "56": 1586.5220824886433,
    "57": 1114.0720130570073,
    "58": 1892.8028938971734,
    "59": 2136.1286968017534,
    "60": 2790.1912372414426,
    "61": 1692.5512164220502,
    "62": 2582.305769766434,
    "63": 858.8586785432291,
    "64": 1039.6160654141452,
    "65": 5739.783682153812,
    "66": 764.1937925162739,
    "67": 1306.0077370162567,
    "68": 1582.9091460978173,
    "69": 2354.6863740884655,
    "70": 2567.1089000277334,
    "71": 2267.4369967119424,
    "72": 619.0286120816567,
    "73": 2062.0370915646618,
    "74": 2109.22873083575,
    "75": 5650.33929846087,
    "76": 3472.88778904163,
    "77": 2425.402134106085,
    "78": 1968.27029634114,
    "79": 612.6348344825482,
    "80": 959.2136928719102,
    "81": 1941.5677702912824,
    "82": 3344.077307170015,
    "83": 3258.240239205419,
    "84": 3047.4909601595364,
    "85": 7944.93759935354,
    "86": 831.3612137476767,
    "87": 4321.317207177021,
    "88": 3403.967289351469,
    "89": 2819.4915251253956,
    "90": 2713.6067609427464,
    "91": 2457.371560650936,
    "92": 3649.988253785371,
    "93": 1930.6829341644554,
    "94": 2468.597952500096,
    "95": 4112.647532952238,
    "96": 5991.18562193411,
    "97": 4503.97487813863,
    "98": 1259.3180989923947,
    "99": 2669.6376641282027,
    "100": 754.3587168581407,
    "101": 1820.8565974342298,
    "102": 469.9896867728507,
    "103": 2975.4295277047904,
    "104": 1521.471790088226,
    "105": 2890.292155126433,
    "106": 1206.0400914901206,
    "107": 147.85328049979447,
    "108": 901.9681259632139,
    "109": 6602.551795766513,
    "110": 5954.885225411454,
    "111": 1642.0298819206855,
    "112": 283.3703001295622,
    "113": 3227.961874750336,
    "114": 5364.039299257758,
    "115": 7215.498098096247,
    "116": 2019.3274738785938,
    "117": 1194.235991044031,
    "118": 1794.0045146657837,
    "119": 3396.2487240288897,
    "120": 2684.7742359562017,
    "121": 5535.019147765004,
    "122": 3526.8599477423795,
    "123": 3919.579237381097,
    "124": 3663.11739857384,
    "125": 2109.5675453475646,
    "126": 2545.154321221158,
    "127": 3248.363832792317,
    "128": 2594.4848669212033,
    "129": 3691.9256437838885,
    "130": 3229.2537492452448,
    "131": 3121.4001783963104,
    "132": 2912.077320373842,
    "133": 2737.6801065978952,
    "134": 4394.641151388008,
    "135": 3491.7307218294477,
    "136": 2156.5519071824842,
    "137": 2096.976963297389,
    "138": 1226.1963910548734,
    "139": 1524.1238647524724,
    "140": 492.7141481545027,
    "141": 1830.112182970881,
    "142": 1099.9759801776866,
    "143": 1166.8471343635551,
    "144": 3211.2108217648206,
    "145": 1368.753213988621,
    "146": 1652.2450012172037,
    "147": 3591.555080490686,
    "148": 1200.589878898311,
    "149": 1490.6907562225367,
    "150": 3317.1700303543507,
    "151": 1949.3267187430727,
    "152": 714.728328380175,
    "153": 3650.7091037365612,
    "154": 2828.462642647905,
    "155": 4057.9851521949086,
    "156": 3294.7984768777465,
    "157": 3774.657182424659,
    "158": 4694.595955115419,
    "159": 4647.4601152580235,
    "160": 916.3051976869365,
    "161": 2517.1487867032984,
    "162": 3454.4239972294154,
    "163": 1496.0629479274783,
    "164": 466.2990529680225,
    "165": 2123.345763034636,
    "166": 3862.742506101751,
    "167": 1283.7575365968803,
    "168": 4972.834501721958,
    "169": 7401.696591626789,
    "170": 3999.916144955656,
    "171": 2225.8051250778176,
    "172": 2639.285220792817,
    "173": 6012.21594177673,
    "174": 7008.991075773015,
    "175": 2130.7159861438918,
    "176": 3791.480707709832,
    "177": 2155.157365617166,
    "178": 1011.3750829049466,
    "179": 5323.650671610685,
    "180": 2863.646772519264,
    "181": 1148.513277791917,
    "182": 2535.7685070853595,
    "183": 1334.5371624322086,
    "184": 609.6465780487692,
    "185": 4496.1558632234655,
    "186": 325.96673133178865,
    "187": 1597.4397347755332,
    "188": 2443.5698077236807,
    "189": 3286.813562880702,
    "190": 7016.29495507161,
    "191": 4588.954622838177,
    "192": 1787.1885471991845,
    "193": 927.4345133922367,
    "194": 1173.3260742270986,
    "195": 2119.0044210985598,
    "196": 1291.8809737241077,
    "197": 187.360307865556,
    "198": 782.653316559817,
    "199": 7890.723728764207,
    "200": 1393.0909423329815,
    "201": 4668.53710225003,
    "202": 1688.1689615179241,
    "203": 1961.9019973908848,
    "204": 3470.3926908937287,
    "205": 4328.730325914076,
    "206": 1695.6200394528287,
    "207": 1441.1947918529493,
    "208": 2566.3090272713766,
    "209": 2698.370656578631,
    "210": 909.378747469268,
    "211": 6414.607991279551,
    "212": 2241.1445692206403,
    "213": 8066.651559830182,
    "214": 1646.4820712761689,
    "215": 2038.6684465395801,
    "216": 2373.841325544384,
    "217": 3431.6464481516305,
    "218": 4309.35204636857,
    "219": 2156.1022431855104,
    "220": 280.232914509743,
    "221": 3643.7160058067284,
    "222": 2426.949952290123,
    "223": 2918.988427050188,
    "224": 366.7784872572945,
    "225": 1965.1503472477946,
    "226": 602.2528272466177,
    "227": 2460.2992669229902,
    "228": 6249.895833904631,
    "229": 265.38697354915416,
    "230": 1492.0663038318182,
    "231": 2254.9239586967665,
    "232": 1894.471076837371,
    "233": 2985.027776176903,
    "234": 1198.3494359562442,
    "235": 1802.0615894763673,
    "236": 1810.7280523884504,
    "237": 2335.0603228668506,
    "238": 2692.7805948738296,
    "239": 2817.1567337509027,
    "240": 720.1727476783274,
    "241": 1533.2331367910663,
    "242": 3307.049914630598,
    "243": 3350.7670962077395,
    "244": 2854.9554474497345,
    "245": 3485.6767897555646,
    "246": 2264.2827171242784,
    "247": 5629.584755754746,
    "248": 599.2567096194474,
    "249": 8970.658521550184,
    "250": 6208.690093496358,
    "251": 2673.0604668373453,
    "252": 387.9272704835025,
    "253": 2198.70631387073,
    "254": 2812.635446169896,
    "255": 1159.7431386751239,
    "256": 178.45962452101415,
    "257": 4472.4095317118545,
    "258": 644.046776882773,
    "259": 4652.96513943063,
    "260": 3274.078955027008,
    "261": 3030.519798871905,
    "262": 3013.574054279983,
    "263": 3724.0935699492597,
    "264": 5112.27249231119,
    "265": 4705.928193523667,
    "266": 2811.4268269912054,
    "267": 6334.260991160135,