{
    "1": 2061.9994319402786,
    "2": 4226.01399303933,
    "3": 1515.5420544264314,
    "4": 376.2609937549906,
    "5": 3391.881574731961,
    "6": 2984.985446187216,
    "7": 1521.0270898219017,
    "8": 8284.710032943367,
    "9": 171.93427744172155,
    "10": 2989.1385742220677,
    "11": 1869.1405805876582,
    "12": 2268.1837980336345,
    "13": 3651.699658379875,
    "14": 2272.4876107260534,
    "15": 870.427267186989,
    "16": 7751.407557151619,
    "17": 2655.1761683726454,
    "18": 1881.6182926868485,
    "19": 1942.733766628738,
    "20": 1031.4630896844299,
    "21": 1090.2603346123963,
    "22": 491.32705842757997,
    "23": 4381.394830510636,
    "24": 5249.2478665855715,
    "25": 2073.215511376633,
    "26": 158.94959600975952,
    "27": 6489.852519533225,
    "28": 1834.3937278063588,
    "29": 1015.0820571540929,
    "30": 1976.8557328925162,
    "31": 1987.8144169709888,
    "32": 1973.8016175022665,
    "33": 2943.1906455891335,
    "34": 1995.0934797605753,
    "35": 1784.653767215065,
    "36": 2843.543582682193,
    "37": 1295.6309059393047,
    "38": 1444.9846369253414,
    "39": 6265.311366156212,
    "40": 1807.9570693840817,
    "41": 2395.999299492132,
    "42": 1505.51734170878,
    "43": 1844.49585129717,
    "44": 2425.4397445515683,
    "45": 1187.5598972213766,
    "46": 1281.1645298276985,
    "47": 2349.2029352774675,
    "48": 3118.452546408971,
    "49": 3976.4849852611383,
    "50": 137.46192761983295,
    "51": 481.4806253742089,
    "52": 1278.8300426128635,
    "53": 3993.0797942085737,
    "54": 4488.322112156994,
    "55": 1085.2438813326178,
    "56": 1374.7282982750555,
    "57": 1522.3260044431265,
    "58": 4173.729449570703,
    "59": 708.9476503076257,
    "60": 488.8990887784758,
    "61": 3048.0384582483043,
    "62": 6110.683128535321,
    "63": 1317.4142464292227,
    "64": 949.3266513410114,
    "65": 5211.580726076237,
    "66": 7084.544334360168,
    "67": 1875.4850490260114,
    "68": 3166.9710582043062,
    "69": 709.9950763621242,
    "70": 2196.510400032026,
    "71": 3434.8502560907473,
    "72": 5383.147416833994,
    "73": 3450.03052033582,
    "74": 3525.0793265671164,
    "75": 2060.561644282246,
    "76": 2181.300657288705,
    "77": 4342.520403672193,
    "78": 2741.6578095337222,
    "79": 2814.62227254902,
    "80": 1497.3112494983654,
    "81": 148.41589092936522,
    "82": 2252.502534072811,
    "83": 1859.169915223106,
    "84": 2806.7583396568803,
    "85": 1878.9944053681509,
    "86": 2523.7614626164145,
    "87": 1064.7984970132277,
    "88": 962.9832531892624,
    "89": 3754.4646738972256,
    "90": 672.8210808654292,
    "91": 449.6101650766037,
    "92": 1145.3549120968219,
    "93": 2386.0814938678313,
    "94": 5396.120002707085,
    "95": 1409.1521998340393,
    "96": 3226.08966906743,
    "97": 2426.532694193704,
    "98": 3463.7368017372764,
    "99": 931.5666451374404,
    "100": 726.5599428454557,
    "101": 2445.2031078149407,
    "102": 1135.088924817029,
    "103": 2357.173318417059,
    "104": 958.3222596439321,
    "105": 2177.938541348802,
    "106": 2547.575685303705,
    "107": 6456.466715314578,
    "108": 3244.363708912016,
    "109": 8690.638205642572,
    "110": 2973.365829819603,
    "111": 873.9313961522814,
    "112": 660.0150330703028,
    "113": 4786.4178245839175,
    "114": 1787.4382208772795,
    "115": 517.3360755522004,
    "116": 1878.8228214223418,
    "117": 2178.563959277908,
    "118": 1436.8548402726,
    "119": 1894.7996849584142,
    "120": 2359.7884749818713,
    "121": 5829.804688254262,
    "122": 1605.7750577374718,
    "123": 1021.5869277866915,
    "124": 1003.3271721357588,
    "125": 265.34244081105203,
    "126": 1055.8527148995495,
    "127": 2074.965546891509,
    "128": 3173.3027263341787,
    "129": 1240.4359128351625,
    "130": 151.9554940918588,
    "131": 1103.2192533149594,
    "132": 2114.34225325255,
    "133": 5001.199754348242,
    "134": 1688.5774798462269,
    "135": 2309.658997952184,
    "136": 1702.5967339517404,
    "137": 4321.400155564598,
    "138": 1638.058288985441,
    "139": 1716.6804534608461,
    "140": 4994.069805914833,
    "141": 1034.9327362329545,
    "142": 511.85526254447916,
    "143": 2875.3843958290217,
    "144": 2840.0468784957,
    "145": 1169.8741228802917,
    "146": 1468.8194344063818,
    "147": 3658.169684017274,
    "148": 1818.697632886872,
    "149": 4349.465166702402,
    "150": 1590.8067925231248,
    "151": 1626.4859759536419,
    "152": 327.9765004109139,
    "153": 2394.82459791838,
    "154": 1333.22928436205,
    "155": 3917.820091720735,
    "156": 5276.631167637913,
    "157": 1546.2501001436267,
    "158": 1817.8838117116322,
    "159": 1707.5466548340132,
    "160": 3354.1360761405017,
    "161": 4195.4180420545035,
    "162": 1777.9986238135373,
    "163": 6431.06981866576,
    "164": 3387.65910371618,
    "165": 4376.518351187519,
    "166": 9302.27092465661,
    "167": 2832.9307061761956,
    "168": 1497.0349638456316,
    "169": 7060.773790777362,
    "170": 5333.552846988488,
    "171": 1130.1154591316656,
    "172": 4391.101397601214,
    "173": 1935.2385941488808,
    "174": 5493.351535248764,
    "175": 2684.5064224882435,
    "176": 516.9478750079977,
    "177": 1354.279342501496,
    "178": 3095.103148439903,
    "179": 2027.3638819716543,
    "180": 924.6294583540499,
    "181": 312.3606754996133,
    "182": 641.5033624287876,
    "183": 2733.97025583275,
    "184": 2850.8900326321123,
    "185": 3993.095573857442,
    "186": 4586.23669451786,
    "187": 5372.918776442388,
    "188": 1592.0089007239287,
    "189": 343.9305405042576,
    "190": 3875.121699368559,
    "191": 1939.1096625865173,
    "192": 1886.011987562018,
    "193": 1967.6133334328208,
    "194": 4237.367338377351,
    "195": 7138.906948581734,
    "196": 654.479654507479,
    "197": 2728.3181506496067,
    "198": 3314.41010981703,
    "199": 2380.4729748368172,
    "200": 4716.929605640122,
    "201": 6800.286259121171,
    "202": 6166.366957297477,
    "203": 814.6725338299933,
    "204": 2611.180869740368,
    "205": 1478.9357044023286,
    "206": 2000.4136675677544,
    "207": 502.0852168577677,
    "208": 298.9240172151244,
    "209": 1768.2574760368109,
    "210": 2126.365630970422,
    "211": 5426.324943719791,
    "212": 1748.5572608977675,
    "213": 1013.9963213056614,
    "214": 1504.63778998697,
    "215": 2581.2854463081317,
    "216": 3850.5660707497545,
    "217": 4123.6888311238745,
    "218": 5273.93253339008,
    "219": 634.2992340851675,
    "220": 1691.93040537647,
    "221": 2857.753485941477,
    "222": 2983.488496787113,
    "223": 4136.565615112264,
    "224": 2367.687808600095,
    "225": 655.5504166074561,
    "226": 8945.691956710569,
    "227": 3284.066982730377,
    "228": 8618.321055813685,
    "229": 4205.846473977422,
    "230": 1430.9237626792844,
    "231": 1588.2060275774093,
    "232": 1574.9384918361827,
    "233": 359.9386614025475,
    "234": 501.63827074880294,
    "235": 4132.362170640666,
    "236": 3965.5442553849007,
    "237": 1848.9710300556603,
    "238": 1760.1569474209996,
    "239": 1528.364362714346,
    "240": 9401.610677201097,
    "241": 3118.790773306823,
    "242": 4198.689653446376,
    "243": 733.6635628912654,
    "244": 2400.318876791374,
    "245": 1756.992695761311,
    "246": 1425.7756373221976,
    "247": 1154.7470996554007,
    "248": 1659.9580824596676,
    "249": 7542.365516350694,
    "250": 4837.830900064469,
    "251": 1184.8785008772766,
    "252": 3160.1594237979693,
    "253": 3712.908963981179,
    "254": 4033.9374719152856,
    "255": 1249.111133119137,
    "256": 652.2661106313057,
    "257": 5360.113310808215,
    "258": 3476.1368771273724,
    "259": 2901.5147051006593,
    "260": 1617.1840982779033,
    "261": 1906.8668682492987,
    "262": 3219.5910903298677,
    "263": 186.10222031788618,
    "264": 2434.317771708575,
    "265": 1292.652806219602,
    "266": 3709.60671593162,