{
    "1": 839.645410840201,
    "2": 4473.965212643054,
    "3": 1839.1134387725206,
    "4": 912.4221344890624,
    "5": 476.6292197420171,
    "6": 3515.4625172109477,
    "7": 1058.9311839046027,
    "8": 2468.928603804852,
    "9": 905.6361264973223,
    "10": 8106.76475694442,
    "11": 2003.1662151373844,
    "12": 311.691508437502,
    "13": 3874.1396194374684,
    "14": 4919.961564934491,
    "15": 1933.8584955635104,
    "16": 2848.0834871147313,
    "17": 2319.302580786812,
    "18": 3531.622360301431,
    "19": 3287.25417410824,
    "20": 4212.455988414169,
    "21": 4633.537345473996,
    "22": 7011.747323289533,
    "23": 4390.349805494635,
    "24": 1355.6082854584868,
    "25": 1635.6343803025968,
    "26": 2361.3523368291303,
    "27": 478.5846889108413,
    "28": 2770.9758183023932,
    "29": 1734.8554005098936,
    "30": 857.3641853036135,
    "31": 1722.1702660143635,
    "32": 4321.28800015369,
    "33": 3466.6593140122163,
    "34": 1684.8404352706357,
    "35": 344.2276240819527,
    "36": 567.8804445853578,
    "37": 3710.834819011631,
    "38": 5667.0902821587415,
    "39": 4217.434587474561,
    "40": 1243.399776936824,
    "41": 2877.39999513092,
    "42": 4246.1914640632285,
    "43": 6187.615386320007,
    "44": 3777.8940009725075,
    "45": 7537.8958928559905,
    "46": 1688.2516016725149,
    "47": 1896.0534998356013,
    "48": 7840.715670381054,
    "49": 2712.8665075730537,
    "50": 5551.260287774694,
    "51": 1169.6343982913502,
    "52": 1678.9448635688682,
    "53": 4803.507960642632,
    "54": 2288.4323926526076,
    "55": 161.7881288680026,
    "56": 1361.9175235477496,
    "57": 1735.7152833193766,
    "58": 4825.020044573879,
    "59": 868.9925879614718,
    "60": 2699.5689409491615,
    "61": 4338.999380529232,
    "62": 2767.7278960378217,
    "63": 707.3461429416025,
    "64": 2831.084254844128,
    "65": 1442.3973764828725,
    "66": 787.7672138793303,
    "67": 4567.594307581194,
    "68": 1980.6827445135143,
    "69": 8253.667541512374,
    "70": 3879.85559271392,
    "71": 2142.669580479626,
    "72": 841.0203253251906,
    "73": 654.1881198400624,
    "74": 3097.4415016467783,
    "75": 3500.29718057839,
    "76": 1908.532393371728,
    "77": 856.4331991318651,
    "78": 2311.199310108229,
    "79": 5976.9365783763915,
    "80": 765.9008387490406,
    "81": 3691.8674040100705,
    "82": 367.4819995903339,
    "83": 8678.855449355007,
    "84": 3245.459915728796,
    "85": 5779.95373248669,
    "86": 381.3113900079681,
    "87": 1682.62098852542,
    "88": 3771.2445568941394,
    "89": 1179.979383667135,
    "90": 2843.4391800441103,
    "91": 1791.5634006834773,
    "92": 2023.3467934011794,
    "93": 2204.026313369977,
    "94": 1635.2165110236888,
    "95": 4819.159462968395,
    "96": 2095.8037903344252,
    "97": 1724.0257882008443,
    "98": 2912.406303577814,
    "99": 7148.188560318256,
    "100": 1700.8625797261645,
    "101": 655.5950432722739,
    "102": 636.5491529007759,
    "103": 1107.193685724986,
    "104": 2042.7852653551972,
    "105": 6625.460740506612,
    "106": 2856.9161617817667,
    "107": 424.97938673335756,
    "108": 2152.9038680019603,
    "109": 2128.2432961969416,
    "110": 1482.6886159313076,
    "111": 754.5230539623141,
    "112": 134.22773949882477,
    "113": 1110.416339130821,
    "114": 2437.032363042023,
    "115": 2204.0592778002306,
    "116": 2303.40239105884,
    "117": 7110.960179630991,
    "118": 5172.136418784851,
    "119": 8302.614746215324,
    "120": 4963.617155852461,
    "121": 1216.2144493932587,
    "122": 3476.7226542076796,
    "123": 634.7882812267253,
    "124": 1290.7387124650904,
    "125": 6188.004112545912,
    "126": 1764.8412226891785,
    "127": 4359.964629954597,
    "128": 3368.253060015872,
    "129": 1203.1966719094507,
    "130": 1640.338342273455,
    "131": 1133.9975513757418,
    "132": 1610.9330309724924,
    "133": 6862.635294918872,
    "134": 3651.988307814247,
    "135": 7440.6384174119175,
    "136": 1474.7996719375092,
    "137": 4555.920237174114,
    "138": 2945.6517701735493,
    "139": 2014.6542948384717,
    "140": 3534.196324246436,
    "141": 1210.261953998552,
    "142": 4115.932324446972,
    "143": 262.8341029442243,
    "144": 323.0045470142708,
    "145": 2160.882767438453,
    "146": 4055.7293627482504,
    "147": 1622.4361704814482,
    "148": 2120.4261663567977,
    "149": 3898.750799015213,
    "150": 1848.1711552160411,
    "151": 3702.0697245213078,
    "152": 3426.7787362481563,
    "153": 1676.805658804693,
    "154": 1716.0407546406084,
    "155": 4167.395262033893,
    "156": 4020.295752146473,
    "157": 1853.3408748985435,
    "158": 6224.428341428661,
    "159": 2538.8510973675925,
    "160": 2260.1665110317613,
    "161": 2023.936787414969,
    "162": 2428.5427407533266,
    "163": 9056.396063436256,
    "164": 3797.357447530619,
    "165": 1925.2368884607229,
    "166": 2394.5180151678755,
    "167": 1771.3605036726058,
    "168": 2178.8462539806746,
    "169": 3369.9382842910136,
    "170": 701.5056639873385,
    "171": 160.72020178242235,
    "172": 1380.7967619318083,
    "173": 4817.101565148843,
    "174": 1018.8256960810638,
    "175": 7649.548625359079,
    "176": 4801.241790379586,
    "177": 295.15110051661725,
    "178": 5573.9588497604245,
    "179": 2137.7788803331205,
    "180": 4189.318014024715,
    "181": 1041.337814234838,
    "182": 2161.7434333804354,
    "183": 1673.4374242384683,
    "184": 3167.980735832228,
    "185": 2006.3363390704167,
    "186": 2139.269976010917,
    "187": 5098.596072416129,
    "188": 1190.137621718261,
    "189": 1475.019207040831,
    "190": 5730.47637844876,
    "191": 1772.5017828430075,
    "192": 1873.6307902267804,
    "193": 2452.5011865832075,
    "194": 2241.0350269499377,
    "195": 2432.6749101046526,
    "196": 743.7326376761023,
    "197": 972.3260036957851,
    "198": 2467.239679429959,
    "199": 5277.042213660209,
    "200": 1879.5017341782402,
    "201": 6425.90693789849,
    "202": 606.7746386540731,
    "203": 4974.480978691514,
    "204": 3256.339943356865,
    "205": 3673.4292207932076,
    "206": 612.370703438892,
    "207": 3744.717040454164,
    "208": 1778.5958502962608,
    "209": 1385.136547415962,
    "210": 1035.289887979613,
    "211": 3793.6978677348766,
    "212": 1028.3760738894928,
    "213": 777.1552756301223,
    "214": 1616.0667183400233,
    "215": 699.0873847697618,
    "216": 355.78868779126424,
    "217": 706.5423549653469,
    "218": 1712.6791073427082,
    "219": 2539.81244386084,
    "220": 603.2863309938517,
    "221": 2719.1875498960303,
    "222": 1538.747065042183,
    "223": 2729.4075151130337,
    "224": 7320.175715460296,
    "225": 1195.7207191431523,
    "226": 3739.3687172689615,
    "227": 188.84827960500758,
    "228": 2086.7407980387957,
    "229": 1242.3325696747697,
    "230": 943.6474392262486,
    "231": 1860.3212763057875,
    "232": 4415.31071897502,
    "233": 651.9388099359095,
    "234": 731.9496939509661,
    "235": 1757.0445708962263,
    "236": 1170.6630894159568,
    "237": 2295.4117258002743,
    "238": 8038.2643396574,
    "239": 2342.44031873244,
    "240": 2559.1079725876884,
    "241": 3659.7084342829153,
    "242": 3600.1948031330985,
    "243": 679.3420227202583,
    "244": 1469.6322967466747,
    "245": 1516.234822677096,
    "246": 1333.9916094567434,
    "247": 4399.113431588366,
    "248": 282.41099877912177,
    "249": 550.6404211390519,
    "250": 1922.3426088911629,
    "251": 747.4753051203495,
    "252": 2372.601580714245,
    "253": 4664.647094524219,
    "254": 1760.1290974377503,
    "255": 5224.08331387722,
    "256": 1693.324981504451,
    "257": 1264.851255762982,
    "258": 3194.563907969402,
    "259": 1240.967294825289,
    "260": 802.1686912648407,
    "261": 285.8947564250217,
    "262": 5334.901085918711,
    "263": 289.3935307772904,
    "264": 1660.322226803973,
    "265": 1114.5902410392503,
    "266": 1229.653820907271,