{
    "1": 261.01128054287176,
    "2": 3477.9871085713667,
    "3": 3079.4260632557234,
    "4": 7512.367080110494,
    "5": 4750.859386963189,
    "6": 6544.859050847579,
    "7": 4624.747366757359,
    "8": 2495.934734784898,
    "9": 2120.695160825504,
    "10": 4610.670401189068,
    "11": 4148.709544308043,
    "12": 1301.7330319685639,
    "13": 361.71265823571315,
    "14": 3731.0242191002912,
    "15": 1181.2242066229228,
    "16": 2371.2527570772827,
    "17": 6668.2413702647,
    "18": 2281.7282275125353,
    "19": 2879.440875807254,
    "20": 4136.8258227286005,
    "21": 6306.4149497720655,
    "22": 2463.928446938899,
    "23": 3165.476390025565,
    "24": 3286.7205970534146,
    "25": 4942.348345635759,
    "26": 1202.4369302112243,
    "27": 433.8287839800946,
    "28": 5079.327874202163,
    "29": 1275.312145274265,
    "30": 1793.4590519414144,
    "31": 1195.1302353428398,
    "32": 538.3909310299456,
    "33": 2955.5694186491187,
    "34": 3003.0406572884026,
    "35": 1071.8145122789392,
    "36": 1453.3170462426212,
    "37": 3509.225726033343,
    "38": 2346.6437459773024,
    "39": 3716.685784822721,
    "40": 4984.523181769968,
    "41": 911.4532035697883,
    "42": 1292.3801331267648,
    "43": 3101.6277686082153,
    "44": 1959.191870492508,
    "45": 2793.477490684572,
    "46": 2237.880449563483,
    "47": 320.7303640988034,
    "48": 5170.283558790151,
    "49": 5811.911376167714,
    "50": 1271.5845540169278,
    "51": 1599.4753041143842,
    "52": 983.580018081002,
    "53": 2126.853095526925,
    "54": 4581.7929026642305,
    "55": 1762.2110358216273,
    "56": 3275.092661216763,
    "57": 1854.0603958101115,
    "58": 5293.473606379447,
    "59": 4655.328028928794,
    "60": 3404.7241369541816,
    "61": 4438.010677489071,
    "62": 1245.1895305672667,
    "63": 2173.7346590750362,
    "64": 1815.8010773082563,
    "65": 7694.27779678011,
    "66": 562.2655142595436,
    "67": 1195.7167101319649,
    "68": 3094.30317630055,
    "69": 662.3112411491489,
    "70": 2736.695355839005,
    "71": 2151.31354481828,
    "72": 7599.2788107914175,
    "73": 6686.244164626306,
    "74": 3401.651184734866,
    "75": 794.4340781792151,
    "76": 8348.429856525485,
    "77": 2930.987874193809,
    "78": 661.5278163230039,
    "79": 1467.553908365926,
    "80": 272.8807434524866,
    "81": 1347.4660341681474,
    "82": 184.63016607909628,
    "83": 1810.1290235143865,
    "84": 5383.563675422565,
    "85": 1974.4647511955757,
    "86": 476.74196285861433,
    "87": 1667.9947475597853,
    "88": 2605.4681028926634,
    "89": 502.9498836396565,
    "90": 3133.600744894198,
    "91": 569.1276347204418,
    "92": 3071.669896087211,
    "93": 3085.078920609882,
    "94": 3354.0994983455944,
    "95": 362.30175732064083,
    "96": 2872.0726181932678,
    "97": 2467.1348756002435,
    "98": 5493.714444006544,
    "99": 1969.9706811937058,
    "100": 3141.3140053833085,
    "101": 324.8201994010656,
    "102": 3880.9869031120475,
    "103": 1712.459309168958,
    "104": 1862.610109250481,
    "105": 640.4600108442952,
    "106": 1153.1445006539975,
    "107": 4874.922786659797,
    "108": 4142.203825280109,
    "109": 3460.1932012049997,
    "110": 2115.0604102420834,
    "111": 360.101143387526,
    "112": 1497.5796275502005,
    "113": 4411.9631199727655,
    "114": 2754.130824491899,
    "115": 1886.9735951736002,
    "116": 6003.91170035374,
    "117": 2978.9447887614533,
    "118": 2865.4135638133903,
    "119": 6249.7997661936515,
    "120": 2641.601207161603,
    "121": 2674.3009938724454,
    "122": 3887.9272631285817,
    "123": 1274.8377790300121,
    "124": 6937.663696521681,
    "125": 851.4666026691359,
    "126": 1571.380476094955,
    "127": 4609.74157274972,
    "128": 1173.3849085690426,
    "129": 5530.88712756725,
    "130": 1551.4619132957826,
    "131": 2203.7410619666225,
    "132": 1481.2771456671264,
    "133": 2176.3879378825422,
    "134": 1424.256197397585,
    "135": 1206.1792987638019,
    "136": 3011.220361309692,
    "137": 6278.97625587676,
    "138": 2841.107722822443,
    "139": 304.5698049805149,
    "140": 5861.991205577221,
    "141": 2584.0964409887233,
    "142": 618.5988400137933,
    "143": 2998.9564175400865,
    "144": 6754.888005647288,
    "145": 4197.442998013597,
    "146": 812.9414223165446,
    "147": 308.71890243838374,
    "148": 2565.062424213854,
    "149": 6399.615712927484,
    "150": 1205.193684510631,
    "151": 1984.9653549394582,
    "152": 170.6445965865388,
    "153": 5029.7175886714485,
    "154": 337.1664361017534,
    "155": 6969.285936516364,
    "156": 1293.147302976631,
    "157": 4213.702397089441,
    "158": 3190.619281553376,
    "159": 3662.701305336229,
    "160": 2574.3721836722784,
    "161": 1296.6562168296825,
    "162": 2390.627450091768,
    "163": 3176.8529573930286,
    "164": 2562.9051288241394,
    "165": 2886.1693813013553,
    "166": 2653.3027825793097,
    "167": 3411.606045586154,
    "168": 1558.43480369681,
    "169": 1224.8281590740594,
    "170": 8746.317927334823,
    "171": 2440.514726305919,
    "172": 4342.0501674793895,
    "173": 1890.1966559754694,
    "174": 1185.3990495090488,
    "175": 517.9888455408598,
    "176": 3768.635504039215,
    "177": 329.7273064295836,
    "178": 2586.3174941394554,
    "179": 1931.8294968605069,
    "180": 3804.447972682474,
    "181": 267.2050222596159,
    "182": 1075.1298618004637,
    "183": 475.7740914424816,
    "184": 925.8872453287247,
    "185": 3066.0438590069957,
    "186": 1528.5962053002538,
    "187": 1598.5623817273354,
    "188": 4825.227209935129,
    "189": 2133.5134458231373,
    "190": 863.314362529873,
    "191": 1868.6957363745817,
    "192": 4189.444787395174,
    "193": 4308.321752662674,
    "194": 5956.000875379243,
    "195": 4912.220728684072,
    "196": 5244.597627254829,
    "197": 2141.0606414305576,
    "198": 1314.5873632293901,
    "199": 720.7097629110556,
    "200": 3991.955738185438,
    "201": 6435.005989818129,
    "202": 1997.6418341362469,
    "203": 1605.4612057297334,
    "204": 1725.1817533156254,
    "205": 4098.661572149957,
    "206": 2210.0072258889245,
    "207": 4121.108828499056,
    "208": 1408.6471121851132,
    "209": 1674.3080504385935,
    "210": 7015.251357829908,
    "211": 3762.0857157699247,
    "212": 1956.79464168149,
    "213": 2974.4262475720234,
    "214": 1473.0210860594082,
    "215": 3744.219472627283,
    "216": 3161.3434333121672,
    "217": 1759.7573182388928,
    "218": 1025.5507648130845,
    "219": 1550.9704391331163,
    "220": 8075.50492181203,
    "221": 519.3766263226516,
    "222": 4913.073274866012,
    "223": 344.27934683933523,
    "224": 2693.3097721919667,
    "225": 3635.78390071694,
    "226": 698.2840137955806,
    "227": 741.0397237715182,
    "228": 7615.294349294869,
    "229": 4030.4079545361064,
    "230": 4873.1956638708225,
    "231": 857.6635318585031,
    "232": 2534.765639650326,
    "233": 5180.52864342558,
    "234": 327.38344033313194,
    "235": 1096.0855409656924,
    "236": 4914.696688267206,
    "237": 4401.166699556048,
    "238": 368.40823948693964,
    "239": 5774.712811744857,
    "240": 1388.2267349685062,
    "241": 8425.32917749364,
    "242": 1240.551385988001,
    "243": 3774.37661112582,
    "244": 618.6996633760419,
    "245": 611.3157755131153,
    "246": 2487.102406000661,
    "247": 1955.4139244044875,
    "248": 2191.6467363377383,
    "249": 2061.570119700397,
    "250": 1710.9795628049453,
    "251": 2233.893475670403,
    "252": 3478.232943270685,
    "253": 1411.358763048865,
    "254": 7430.841486362941,
    "255": 763.8567186163366,
    "256": 1094.1746246005514,
    "257": 1334.2412859290168,
    "258": 912.8099540448682,
    "259": 5236.668365162738,
    "260": 6328.184272464683,
    "261": 387.9219543110165,
    "262": 2226.9945476758658,
    "263": 3148.220573726382,
    "264": 1289.9685090406638,
    "265": 1476.1146591176785,
    "266": 8160.872043905749,