{
    "1": 6180.592088085333,
    "2": 4811.010343257737,
    "3": 147.81954426543484,
    "4": 2927.3859386278577,
    "5": 5360.130757505535,
    "6": 2986.0198030931156,
    "7": 3625.9894091884935,
    "8": 1080.5234602609414,
    "9": 605.4606758508025,
    "10": 1550.5485428206414,
    "11": 5454.919058820629,
    "12": 2165.4584932020402,
    "13": 1501.6779554792176,
    "14": 5535.4872484144325,
    "15": 2411.8453466226806,
    "16": 3480.0379897566513,
    "17": 1458.5513327634758,
    "18": 2463.428842059693,
    "19": 3805.7226046106225,
    "20": 1743.4344136374125,
    "21": 2499.435610112074,
    "22": 1690.6141909424584,
    "23": 303.3733349777135,
    "24": 3476.938830680873,
    "25": 4209.933830841354,
    "26": 3754.5831026190144,
    "27": 2679.475700254411,
    "28": 3266.7030800145526,
    "29": 543.6624494439965,
    "30": 2756.4201574291315,
    "31": 4824.895435063561,
    "32": 2071.1611093982056,
    "33": 2002.19744480179,
    "34": 4382.883918718384,
    "35": 725.0829269743462,
    "36": 5343.748002192163,
    "37": 6588.562230881378,
    "38": 3538.82746644486,
    "39": 2002.1307113729047,
    "40": 855.4090333216752,
    "41": 5606.572176876312,
    "42": 2372.354632366767,
    "43": 2771.8535937095257,
    "44": 5909.519451516174,
    "45": 2931.793152536111,
    "46": 4345.913767831792,
    "47": 1812.9259922625024,
    "48": 1611.5128269287106,
    "49": 5011.513993441258,
    "50": 1987.9987142375028,
    "51": 3357.7617796126738,
    "52": 651.0456496048296,
    "53": 2760.3340347862354,
    "54": 3825.905125347029,
    "55": 4163.293977404514,
    "56": 7276.292072229223,
    "57": 1998.5027299215976,
    "58": 513.8179254399734,
    "59": 2437.3258618970863,
    "60": 7929.544818988903,
    "61": 4361.886213933854,
    "62": 831.4312098315723,
    "63": 1112.3306754160676,
    "64": 2731.1043067314085,
    "65": 1711.2518148192462,
    "66": 4143.428922168751,
    "67": 2921.9927486530405,
    "68": 3415.467437459068,
    "69": 317.4157409011077,
    "70": 2528.93598147756,
    "71": 1448.8853042032615,
    "72": 3567.7651991740877,
    "73": 3051.03949084159,
    "74": 4005.513486284517,
    "75": 2407.2961516479745,
    "76": 9638.071168641824,
    "77": 356.17042024482413,
    "78": 2494.3645180981816,
    "79": 3503.9292693421353,
    "80": 3228.6114262586293,
    "81": 956.1950842082376,
    "82": 4601.952327173851,
    "83": 3746.0520431289206,
    "84": 2794.248430668755,
    "85": 3901.984520216146,
    "86": 2250.505162413884,
    "87": 1923.6345109914323,
    "88": 1874.7743318015932,
    "89": 2327.5073139650863,
    "90": 3159.5285018406926,
    "91": 936.1079563815733,
    "92": 765.2665421646337,
    "93": 3584.6957475307754,
    "94": 6096.659646762668,
    "95": 1175.5671192189598,
    "96": 1314.3917974183705,
    "97": 2043.6742453925865,
    "98": 3915.5025985603806,
    "99": 2036.1137006200754,
    "100": 703.8879142660064,
    "101": 6706.287986209163,
    "102": 1929.6914735907033,
    "103": 4538.706264867788,
    "104": 3614.9606863798626,
    "105": 1677.3215270645278,
    "106": 1131.5507212724908,
    "107": 4405.613970336912,
    "108": 1023.6207065895763,
    "109": 3773.8282294304668,
    "110": 1545.0590642837335,
    "111": 1536.9707549331724,
    "112": 1796.0327646737612,
    "113": 1956.1643466390854,
    "114": 4517.338348041039,
    "115": 9780.079533842376,
    "116": 5012.981355185597,
    "117": 128.66956031058677,
    "118": 2364.515224844943,
    "119": 1414.5911707627986,
    "120": 6201.687574751999,
    "121": 4655.984394077085,
    "122": 2436.6753647420983,
    "123": 1072.0127742353397,
    "124": 6021.575129432166,
    "125": 1885.269796235999,
    "126": 4294.641956313698,
    "127": 4111.504951637621,
    "128": 880.0001441740679,
    "129": 1432.763007931458,
    "130": 643.153716524841,
    "131": 2539.5142332577925,
    "132": 2040.2599736326965,
    "133": 2246.77870919107,
    "134": 1445.934606245071,
    "135": 128.2937133057621,
    "136": 854.2638263343127,
    "137": 1923.5113281819529,
    "138": 3059.866435185343,
    "139": 4001.1606457451185,
    "140": 4914.85800780639,
    "141": 2477.711124223331,
    "142": 2897.7557273600614,
    "143": 3314.027470132829,
    "144": 2783.647810821727,
    "145": 4020.243839066438,
    "146": 5168.111174224329,
    "147": 2618.0181061952285,
    "148": 849.6033248713763,
    "149": 3082.7546904502665,
    "150": 3727.8862170467273,
    "151": 1168.0340206124129,
    "152": 4192.490120024715,
    "153": 1514.8069562560045,
    "154": 2468.710183335604,
    "155": 1561.6899662343048,
    "156": 4956.744718407815,
    "157": 1343.055915897369,
    "158": 896.8307498706132,
    "159": 1442.2168402400844,
    "160": 1884.9670107783068,
    "161": 3439.93024874914,
    "162": 718.0953422644293,
    "163": 2195.2208854603377,
    "164": 5461.80148703856,
    "165": 5139.472619593854,
    "166": 1561.0105208589603,
    "167": 3263.862851530892,
    "168": 1480.8027777680638,
    "169": 5904.53430876981,
    "170": 3313.266551485527,
    "171": 2046.5977896123763,
    "172": 1065.8811993405832,
    "173": 659.3900109380197,
    "174": 4763.428424513507,
    "175": 3847.003503044394,
    "176": 1001.0860172339418,
    "177": 3601.512069953742,
    "178": 1707.527705136023,
    "179": 2137.1195166627126,
    "180": 2715.661350820082,
    "181": 1817.8751194589229,
    "182": 3839.9605039196945,
    "183": 5060.204148843091,
    "184": 1736.0631602079532,
    "185": 2902.8496099605504,
    "186": 1510.7637339487837,
    "187": 3439.1283678059053,
    "188": 4555.370131599289,
    "189": 599.7403096434923,
    "190": 1038.978162286655,
    "191": 1132.5677980357402,
    "192": 2168.213312709978,
    "193": 5963.226344200123,
    "194": 1542.9269654876766,
    "195": 2957.942757451366,
    "196": 4049.452594900062,
    "197": 4205.242618878121,
    "198": 7985.568599085753,
    "199": 7371.793465857455,
    "200": 3193.742630001247,
    "201": 2305.4795108575913,
    "202": 1575.1546071531209,
    "203": 1192.4143888400401,
    "204": 3207.2559281394133,
    "205": 853.2252699646459,
    "206": 2152.339293963528,
    "207": 6289.259867679737,
    "208": 360.03930578101927,
    "209": 5427.44100055188,
    "210": 4861.7197115456365,
    "211": 4166.897691746234,
    "212": 1110.9416560564637,
    "213": 4438.154836028095,
    "214": 3210.248835697341,
    "215": 3656.1573822336823,
    "216": 1002.7926223393615,
    "217": 5297.38700465652,
    "218": 529.423253094785,
    "219": 4596.199321544706,
    "220": 1766.1770355874753,
    "221": 3075.849506768865,
    "222": 2344.254877881119,
    "223": 3517.990257936487,
    "224": 961.2995137796738,
    "225": 2253.0635064346043,
    "226": 2438.9809622531575,
    "227": 1449.4148871503783,
    "228": 2734.6936954716757,
    "229": 1416.363732512544,
    "230": 1409.499429747437,
    "231": 5483.2348092668035,
    "232": 2364.5230097158815,
    "233": 1861.2743838498989,
    "234": 1923.722236291239,
    "235": 129.57076814624318,
    "236": 492.82037447025886,
    "237": 2669.761739669438,
    "238": 2618.1619112778694,
    "239": 4829.531286617165,
    "240": 4168.844096922324,
    "241": 1079.6937192948974,
    "242": 2411.7881270255625,
    "243": 2461.936202157136,
    "244": 3874.401121020186,
    "245": 1634.341540715476,
    "246": 4870.504788144531,
    "247": 620.2692754735235,
    "248": 1663.3294152203737,
    "249": 1651.2438462261434,
    "250": 4076.760069299167,
    "251": 322.52109495663575,
    "252": 1318.3192090851132,
    "253": 365.3260035428598,
    "254": 4634.208477355994,
    "255": 3777.112097589409,
    "256": 1447.105398607668,
    "257": 1816.7325931622022,
    "258": 1232.8903993779313,
    "259": 3065.673847445957,
    "260": 159.77252923563213,
    "261": 971.8881824794375,
    "262": 3003.554867047081,
    "263": 3351.8478366750196,
    "264": 3326.706799976737,
    "265": 2969.834344390109,
    "266": 3757.9487890729615,