{
    "1": 1802.5642358037455,
    "2": 256.81026399775857,
    "3": 3527.529342782127,
    "4": 2363.483380677353,
    "5": 4435.470858554773,
    "6": 1497.9616719282496,
    "7": 5091.975765494389,
    "8": 1222.732510290152,
    "9": 1265.074217523836,
    "10": 2453.434103879115,
    "11": 3242.3503149925587,
    "12": 1822.0915786921894,
    "13": 2037.715312158738,
    "14": 5730.820354974206,
    "15": 1681.1894715111616,
    "16": 8690.61135865799,
    "17": 4594.608554455066,
    "18": 3927.8063274128112,
    "19": 1798.8765697645563,
    "20": 2405.066886295245,
    "21": 512.2256277516268,
    "22": 2385.8563227361474,
    "23": 2111.0353179541717,
    "24": 4264.94393386008,
    "25": 3518.7865407124236,
    "26": 877.8854794492506,
    "27": 5366.560207265834,
    "28": 4012.5312004129,
    "29": 1768.4659987260793,
    "30": 2087.575286944431,
    "31": 2652.0639003644933,
    "32": 593.4526209909353,
    "33": 3913.5766835873483,
    "34": 303.05217770031027,
    "35": 326.9722199480787,
    "36": 2724.5341490519727,
    "37": 1885.8081132257935,
    "38": 340.3583806050901,
    "39": 1170.269261110011,
    "40": 1459.2418666513777,
    "41": 658.9505676717387,
    "42": 2300.750962494016,
    "43": 3200.0849632876957,
    "44": 1493.9976952789723,
    "45": 1474.0739740523543,
    "46": 465.9619734593009,
    "47": 3842.152486808937,
    "48": 1546.4029994225323,
    "49": 5162.52397801225,
    "50": 3297.3797940445966,
    "51": 1548.2855553107363,
    "52": 3891.9047936669585,
    "53": 1460.640982479841,
    "54": 5910.376431813806,
    "55": 5062.856182286655,
    "56": 2486.4118948189107,
    "57": 1378.467515264726,
    "58": 1436.1828966517887,
    "59": 2069.700117234653,
    "60": 1921.6494612426302,
    "61": 3095.898713045786,
    "62": 190.66052764296856,
    "63": 4155.0928088212695,
    "64": 503.63454823732127,
    "65": 807.8918314447485,
    "66": 6087.547925047821,
    "67": 3283.6913547149234,
    "68": 3680.5028082416275,
    "69": 2521.0979581694883,
    "70": 5379.333092302619,
    "71": 1272.1007729654523,
    "72": 1300.8212209339285,
    "73": 7586.738812057419,
    "74": 3130.539896278616,
    "75": 2388.752087016501,
    "76": 1636.4393865273871,
    "77": 1669.505206432088,
    "78": 1370.1305918473538,
    "79": 4796.603296669779,
    "80": 2780.237475054297,
    "81": 1927.74679629694,
    "82": 4201.057116351499,
    "83": 7587.255639492452,
    "84": 4738.879347436239,
    "85": 881.0479256872338,
    "86": 4169.156638644027,
    "87": 1806.7487078513257,
    "88": 663.2796035845608,
    "89": 2362.9372424010994,
    "90": 1250.0326160565696,
    "91": 1982.467006625119,
    "92": 2217.5323565151116,
    "93": 3359.7781984494636,
    "94": 3511.4441912297025,
    "95": 1605.3081102695523,
    "96": 2349.6077696499638,
    "97": 1475.7348288050762,
    "98": 2944.4183995218414,
    "99": 5736.151687696955,
    "100": 2130.1772011736853,
    "101": 3470.805128726449,
    "102": 3885.4722635124876,
    "103": 1788.247721087066,
    "104": 2644.9916966511364,
    "105": 377.55940528433564,
    "106": 1617.1051701830365,
    "107": 5054.04790858461,
    "108": 2731.69926257018,
    "109": 3615.103806084446,
    "110": 743.4348112271147,
    "111": 2682.27631185296,
    "112": 3248.7127235411185,
    "113": 2044.0545198773957,
    "114": 755.7700057576718,
    "115": 4441.762228702921,
    "116": 3057.7129752910887,
    "117": 4943.631901911546,
    "118": 6011.720122176265,
    "119": 4588.399354260287,
    "120": 2691.2315926816204,
    "121": 7170.447470135418,
    "122": 2324.1280452784454,
    "123": 1262.83878416279,
    "124": 3358.4382495876084,
    "125": 2131.3025474001765,
    "126": 8788.704439841591,
    "127": 2891.7566194581136,
    "128": 4284.17113207162,
    "129": 3888.8641910796314,
    "130": 2367.587836024719,
    "131": 4840.995971108504,
    "132": 1183.4198814331392,
    "133": 321.1004434768029,
    "134": 1549.891839719737,
    "135": 1315.8574878503616,
    "136": 1471.4314957338597,
    "137": 271.85583571289897,
    "138": 2270.2023647541732,
    "139": 1899.288007829457,
    "140": 2032.8624388779174,
    "141": 2184.6029233758486,
    "142": 1761.373513028818,
    "143": 1593.8932576639634,
    "144": 7379.716383448509,
    "145": 3166.533754184483,
    "146": 2037.8178159976412,
    "147": 2748.7642055921397,
    "148": 2006.317980614462,
    "149": 2816.2321735384508,
    "150": 2966.1865332906973,
    "151": 4809.71495680425,
    "152": 2497.590598851944,
    "153": 7174.2614781472075,
    "154": 3763.130013146843,
    "155": 4433.713557849767,
    "156": 1366.3713901832432,
    "157": 2450.920727322485,
    "158": 1887.8406692949304,
    "159": 2163.963269928883,
    "160": 2309.936461649289,
    "161": 510.66418207537515,
    "162": 8254.415010878829,
    "163": 1168.0385929041731,
    "164": 2194.9482983478424,
    "165": 1327.282313903722,
    "166": 2192.150235215276,
    "167": 6356.852964858804,
    "168": 6970.1467872840885,
    "169": 2883.988986972612,
    "170": 1647.1773256539313,
    "171": 1979.9302394810309,
    "172": 3285.832107181621,
    "173": 4131.762635345688,
    "174": 7765.291155497925,
    "175": 2362.31741156711,
    "176": 3197.64346220311,
    "177": 6484.384136105735,
    "178": 5804.005084553112,
    "179": 7810.455449157694,
    "180": 1540.95241102397,
    "181": 1184.7800487952945,
    "182": 1382.3896531503474,
    "183": 3450.583688777566,
    "184": 1942.0470482696774,
    "185": 1897.5286322824484,
    "186": 2558.443559525219,
    "187": 910.8348188158408,
    "188": 1940.366168658029,
    "189": 1799.3572174875678,
    "190": 3351.5522290971116,
    "191": 1167.5716619079467,
    "192": 5603.072947338889,
    "193": 482.7634899401131,
    "194": 5705.768849271736,
    "195": 3009.4231137684055,
    "196": 3354.2468705213405,
    "197": 1789.425400365828,
    "198": 2646.6367432480415,
    "199": 4419.76991471707,
    "200": 3205.2274728050284,
    "201": 1747.0825531750445,
    "202": 1226.4622075241737,
    "203": 2053.3486526269357,
    "204": 2258.4729307839943,
    "205": 5786.237124268306,
    "206": 2235.335608559151,
    "207": 3589.2030908619017,
    "208": 851.2367051600518,
    "209": 3221.2620485783914,
    "210": 502.37233524236586,
    "211": 1844.4009900633393,
    "212": 1477.2513526611513,
    "213": 1842.2757019346236,
    "214": 4681.376293163617,
    "215": 5412.956085400037,
    "216": 1986.8380014893196,
    "217": 808.830294195543,
    "218": 12506.598311301459,
    "219": 2864.4972080672105,
    "220": 2095.209424833565,
    "221": 8921.811384956387,
    "222": 2539.083218032677,
    "223": 2919.5875336876065,
    "224": 3772.67509359857,
    "225": 1798.1731535711629,
    "226": 3339.9788730314876,
    "227": 2008.1985432095873,
    "228": 2762.494913219067,
    "229": 1931.5372223528896,
    "230": 5857.776213501863,
    "231": 1309.088479954638,
    "232": 314.3875190292232,
    "233": 3919.4790763569695,
    "234": 3205.982140417558,
    "235": 3877.999716724481,
    "236": 1553.134622556909,
    "237": 4831.412091823095,
    "238": 2161.66268463037,
    "239": 4591.6316066028285,
    "240": 2468.3330130776812,
    "241": 2895.831135724132,
    "242": 2467.7603935704497,
    "243": 3339.4223135804136,
    "244": 2599.89772368247,
    "245": 271.74564292441937,
    "246": 139.02737531341842,
    "247": 2630.3991097300172,
    "248": 1660.5399327705704,
    "249": 2159.5428440862374,
    "250": 352.5506218345032,
    "251": 3721.9751428410827,
    "252": 1199.586660404872,
    "253": 8513.890103541555,
    "254": 3289.922744082335,
    "255": 801.275083935362,
    "256": 3284.0956859339913,
    "257": 2277.387647711903,
    "258": 812.468806546664,
    "259": 5590.726666999947,
    "260": 3975.700983858946,
    "261": 2788.4861829833185,
    "262": 855.3841627996937,
    "263": 831.1093985265474,
    "264": 5279.930900104894,
    "265": 2220.5413560500892,
    "266": 628.7390297632084,