obj,time,mip_gap
395125.7124315094,0.0017814999999998804,
