obj,time,mip_gap
360618.08810736117,0.0015170000000006567,
