obj,time,mip_gap
337067.38351009076,0.0014818000000005327,
