obj,time,mip_gap
412400.38319679553,0.0017632000000000758,
