obj,time,mip_gap
319843.03627791966,0.0014101000000001918,
