{
    "1": 0.24191456699790753,
    "2": 0.1577656887564155,
    "3": 0.19234360296527564,
    "4": 0.17475820816946494,
    "5": 0.25320521893030734,
    "6": 0.1499414812626238,
    "7": 0.1676330345512929,
    "8": 0.1898675521992944,
    "9": 0.25780622690101457,
    "10": 0.21242677531050164,
    "11": 0.17903820131958742,
    "12": 0.2598095981305531,
    "13": 0.21168179608050022
}