{
    "1": 0.2187267860786669,
    "2": 0.2528723542415288,
    "3": 0.17502840411866172,
    "4": 0.17472179873044077,
    "5": 0.14509539666502191,
    "6": 0.20263033576015244,
    "7": 0.22848475618374542,
    "8": 0.15709205809412327,
    "9": 0.2025619369007201,
    "10": 0.17796766382450457
}