{
    "1": 0.20318968999222986,
    "2": 0.2403099980885589,
    "3": 0.25795836286409246,
    "4": 0.20317021771621663,
    "5": 0.15624696445983585,
    "6": 0.20609765288813614,
    "7": 0.24996930901128722,
    "8": 0.146715957956715,
    "9": 0.16776818648382963,
    "10": 0.2490444128572383,
    "11": 0.17441652168361169,
    "12": 0.18147206352633488,
    "13": 0.24414129815849234,
    "14": 0.2462445602039166,
    "15": 0.15391843980619033,
    "16": 0.1845115703400348
}