{
    "1": 0.226392286628329,
    "2": 0.22826981188550832,
    "3": 0.15458277095120151,
    "4": 0.17934057765968978,
    "5": 0.16385402933379592,
    "6": 0.16785044633333215,
    "7": 0.21528677385460018,
    "8": 0.14736738955325718,
    "9": 0.16482458569134972,
    "10": 0.21858703394663573,
    "11": 0.14135009654821068,
    "12": 0.2579030885166818,
    "13": 0.25565640083841523
}