{
    "1": 0.15212829669702121,
    "2": 0.19556808103736265,
    "3": 0.1907415023847209,
    "4": 0.17977952716754336,
    "5": 0.2364894740156776,
    "6": 0.21807140341299616,
    "7": 0.23824168053879902,
    "8": 0.14353496111084485,
    "9": 0.21398523347795811,
    "10": 0.236809664867367,
    "11": 0.22784287278690712,
    "12": 0.20681523768084656
}