{
    "1": 0.16961420380406417,
    "2": 0.17934376935023227,
    "3": 0.14249036141816163,
    "4": 0.18554660341718887,
    "5": 0.20624389492432096,
    "6": 0.1986578309355316,
    "7": 0.16995062223819593,
    "8": 0.18283244923038888,
    "9": 0.2296847378504881,
    "10": 0.2575297183737512,
    "11": 0.2519514986629908,
    "12": 0.2465186910025896,
    "13": 0.18632200535824403,
    "14": 0.2022246162284848,
    "15": 0.1752162163568431,
    "16": 0.18395118655435297,
    "17": 0.17826198701517953,
    "18": 0.25056873942955665
}