{
    "1": 0.1429753029203645,
    "2": 0.21646000364611162,
    "3": 0.14662569376208123,
    "4": 0.17251697917804446,
    "5": 0.2147141446908578,
    "6": 0.1606779999924334,
    "7": 0.19178743314290717,
    "8": 0.21915268086421913,
    "9": 0.17451164628052593,
    "10": 0.1787047086025148,
    "11": 0.2345787580210264,
    "12": 0.16332254701902799,
    "13": 0.17913989114301854,
    "14": 0.22205031799239744,
    "15": 0.1976470306904538
}