obj,time,mip_gap
3116747.7884981986,0.005398399999990033,
