obj,time,mip_gap
3336044.2620230056,0.0040295000000014625,
