obj,time,mip_gap
3364596.995669609,0.005288700000050994,
