obj,time,mip_gap
3017764.6014209455,0.014698600000087936,
