obj,time,mip_gap
3301396.8651815457,0.009299599999962993,
