obj,time,mip_gap
2430594.7321353103,624.6256065,0.027028430295064472
