obj,time,mip_gap
2760701.634187149,100.94673639999996,0.02588199117201428
