obj,time,mip_gap
2656286.101567991,19.05629859999999,0.03877795192485889
