obj,time,mip_gap
2549492.170686989,155.58693359999995,0.04535374492602666
