obj,time,mip_gap
2909210.9437790783,133.9613083999999,0.0023627101851550415
