{
    "1": 0.21707432839297724,
    "2": 0.2152711292726197,
    "3": 0.21547159877596533,
    "4": 0.19022132742002273,
    "5": 0.18445728722995214
}