{
    "1": 0.23095508271584325,
    "2": 0.17118138061907645,
    "3": 0.2027535973359823,
    "4": 0.1654111163720041,
    "5": 0.2228594533873412,
    "6": 0.16647694728260287,
    "7": 0.21465870017713506
}