{
    "1": 0.1854553042108957,
    "2": 0.19205411364914832,
    "3": 0.21038147435266147,
    "4": 0.21084623733924557,
    "5": 0.21270054100775473,
    "6": 0.16418693371847515,
    "7": 0.21482356508440006
}