{
    "1": 0.20597052431249613,
    "2": 0.21126883527963422,
    "3": 0.21495615104185403
}