{
    "1": 0.21298850893300686,
    "2": 0.19283108385579048,
    "3": 0.15215855379328766,
    "4": 0.20240364462343424,
    "5": 0.23873559819077386
}