{
    "1": 0.2167791757671369,
    "2": 0.16450092247651515,
    "3": 0.17512105268063619,
    "4": 0.2399247536395711
}