{
    "1": 0.2214347667386466,
    "2": 0.18606451490139275,
    "3": 0.21982081843519036,
    "4": 0.23624761957215812,
    "5": 0.18257923518515803
}