{
    "1": 0.20209169961754073,
    "2": 0.17829116976702333,
    "3": 0.1655320032525869,
    "4": 0.16540815465479797,
    "5": 0.21107371815482712,
    "6": 0.17165099486816487,
    "7": 0.2098771118563078
}