{
    "1": 0.1538154535173332,
    "2": 0.18556288879128385,
    "3": 0.213825097302899,
    "4": 0.16986656031735117
}