obj,time,mip_gap
2551511.299792159,0.006634799999999608,
