obj,time,mip_gap
2771665.6029698863,0.0023143000000018787,
