obj,time,mip_gap
2764501.561078766,0.003611200000001702,
