obj,time,mip_gap
2368466.8353331657,0.005907999999998026,
