obj,time,mip_gap
2707661.388744172,0.005767599999956019,
