obj,time,mip_gap
2449735.4360386278,0.01842100000000002,
