obj,time,mip_gap
2451269.388895062,0.01810620000000185,
