obj,time,mip_gap
2463329.8393212697,0.020181799999999583,
