obj,time,mip_gap
2335147.671085595,0.015898399999997537,
