obj,time,mip_gap
2438999.875485635,0.023430000000000284,
