obj,time,mip_gap
2329648.786619178,0.01489090000000104,
