obj,time,mip_gap
2606933.1495874617,0.00997610000000293,
