obj,time,mip_gap
2598251.390911619,0.011460599999999488,
