obj,time,mip_gap
2606494.3818064593,0.01031770000000165,
