obj,time,mip_gap
2526910.5284419293,0.011879600000000323,
