obj,time,mip_gap
2531313.9209076045,0.009965000000001112,
