obj,time,mip_gap
2540297.943315659,0.0094307000000029,
