obj,time,mip_gap
2676670.633205865,0.010856399999999766,
