obj,time,mip_gap
2459038.681966708,0.01226700000000136,
