obj,time,mip_gap
2457907.1781860706,0.013755599999999646,
