obj,time,mip_gap
2461673.2987885294,0.015030100000000601,
