obj,time,mip_gap
2309420.7495443486,0.013059899999998237,
