obj,time,mip_gap
2305076.954828495,0.013763100000002026,
