obj,time,mip_gap
2152747.401072738,0.014481599999999872,
