obj,time,mip_gap
2152687.5624618027,0.015306500000001222,
