obj,time,mip_gap
2255255.874727071,0.014446999999999655,
