obj,time,mip_gap
2821502.865403477,0.018305699999999092,
