obj,time,mip_gap
2824816.183703257,0.017397300000002502,
