obj,time,mip_gap
2630495.3556894874,0.02233649999999976,
