obj,time,mip_gap
2742112.166714738,0.0163215000000001,
