obj,time,mip_gap
2742112.166714738,0.014608400000000188,
