obj,time,mip_gap
2738502.8278990323,0.01421269999999808,
