obj,time,mip_gap
2664503.552562959,0.009500500000001466,
