obj,time,mip_gap
2662582.0262668137,0.01111620000000002,
