obj,time,mip_gap
2610750.271810593,0.010226099999997018,
