obj,time,mip_gap
2616617.7923231893,0.010727899999999124,
