obj,time,mip_gap
2686710.6777726864,0.01397970000000015,
