obj,time,mip_gap
2566329.366869278,0.014456100000000305,
