obj,time,mip_gap
2569927.8809608384,0.013857200000000347,
