obj,time,mip_gap
2537711.0459211157,0.012592299999999668,
