obj,time,mip_gap
2598558.5318412622,0.01323460000000054,
