obj,time,mip_gap
2574997.900390337,0.014673799999999737,
