obj,time,mip_gap
2579838.7372216866,0.012844899999997494,
