obj,time,mip_gap
2486839.1404192154,0.012111300000000824,
