obj,time,mip_gap
2490370.1544041075,0.008985199999997917,
