obj,time,mip_gap
2503814.1551341894,0.011207699999999932,
