obj,time,mip_gap
2340797.834960646,0.014122900000000271,
