obj,time,mip_gap
2378958.99579772,0.017159299999999433,
