obj,time,mip_gap
2339580.571335034,0.013962899999999223,
