obj,time,mip_gap
2520900.246467822,0.014884599999998471,
