obj,time,mip_gap
2594069.1255866643,0.013179000000000052,
