obj,time,mip_gap
2523111.110042406,0.014699700000001314,
