obj,time,mip_gap
3118140.585359652,0.009924800000000289,
