obj,time,mip_gap
2933390.6161363805,0.010462300000000369,
