obj,time,mip_gap
2943192.7134540617,0.010566200000003079,
