obj,time,mip_gap
2515775.365750069,0.022184499999998053,
