obj,time,mip_gap
2497886.4704334037,0.016681000000000168,
