obj,time,mip_gap
2512461.020328325,0.021896800000000383,
