obj,time,mip_gap
2666214.257334376,0.013334800000002645,
