obj,time,mip_gap
2666173.4592387606,0.013081599999999582,
