obj,time,mip_gap
2578303.646617839,0.016218399999999633,
