obj,time,mip_gap
2590170.1680302005,0.013941100000000262,
