obj,time,mip_gap
2331697.779665821,0.01195459999999926,
