obj,time,mip_gap
2327638.864172316,0.011947100000000432,
