obj,time,mip_gap
2588414.559877934,0.013684000000001362,
