obj,time,mip_gap
2589686.2393327225,0.014416700000001725,
