obj,time,mip_gap
2660414.761633949,0.013739899999999139,
