obj,time,mip_gap
2526188.4738383023,0.021393400000000895,
