obj,time,mip_gap
2630868.6064262823,0.020180800000000332,
