obj,time,mip_gap
2527471.7224222836,0.021581999999998658,
