obj,time,mip_gap
2535498.8413991565,0.01626890000000003,
