obj,time,mip_gap
2536890.742947272,0.016437799999998504,
