obj,time,mip_gap
2663106.1756608747,0.01943439999999974,
