obj,time,mip_gap
2830243.186666729,0.02019950000000037,
