obj,time,mip_gap
2658444.289746133,0.022577299999998246,
