obj,time,mip_gap
2643389.986039121,0.021111799999999903,
