obj,time,mip_gap
2904728.9759974834,0.01360159999999766,
