obj,time,mip_gap
2949542.494026613,0.015282899999999877,
