obj,time,mip_gap
2908080.065983408,0.012558899999998374,
