obj,time,mip_gap
2548473.024323254,0.012687900000003083,
