obj,time,mip_gap
2549937.2370969355,0.011952299999997251,
