obj,time,mip_gap
2423766.9801458158,0.014284200000000524,
