obj,time,mip_gap
2608621.0182918482,0.026063100000001782,
