obj,time,mip_gap
2611466.556926742,0.024306500000001563,
