obj,time,mip_gap
2787391.9738010755,0.012790899999999716,
