obj,time,mip_gap
2267057.6865170524,0.015530099999999436,
