obj,time,mip_gap
2255080.8871319117,0.025962199999998603,
