obj,time,mip_gap
2262839.459207654,0.022066800000000164,
