obj,time,mip_gap
1959200.6965367654,0.015836799999998874,
