obj,time,mip_gap
2055647.5123227132,0.022440300000000413,
