obj,time,mip_gap
1960328.26623599,0.014027899999998539,
