obj,time,mip_gap
2605995.9550725613,0.011880599999997798,
