obj,time,mip_gap
2758084.8612374477,0.012085400000000135,
