obj,time,mip_gap
2612731.0348170036,0.013347900000002966,
