{
    "1": 140416.26274492903,
    "2": 112940.97795764098,
    "3": 122588.14982827668,
    "4": 64057.65929662107,
    "5": 227968.44181575702
}