{
    "1": 127671.26379862709,
    "2": 29724.64505813529,
    "3": 118961.09387910017,
    "4": 44611.164746715374,
    "5": 32683.118986272384,
    "6": 67574.1037803727,
    "7": 93473.92774691668
}