{
    "1": 33219.203886179326,
    "2": 110938.07010868414,
    "3": 31929.02699798466,
    "4": 245583.15056138043,
    "5": 96108.53859899056,
    "6": 24495.514370622524,
    "7": 32935.30473646056
}