{
    "1": 178944.2026947071,
    "2": 302540.62938747404,
    "3": 150038.45807474115
}