{
    "1": 194503.84246713348,
    "2": 30014.22654347328,
    "3": 130393.30379922054,
    "4": 113862.61935072213,
    "5": 161237.16194547
}