{
    "1": 41691.04499223552,
    "2": 182543.67670581912,
    "3": 124606.80693210174,
    "4": 143465.04830130312,
    "5": 80650.92044113076
}