{
    "1": 118709.17396680548,
    "2": 83439.71767276437,
    "3": 164718.60117179173,
    "4": 353198.76067029295
}