{
    "1": 128312.51796283686,
    "2": 27763.46656533085,
    "3": 170723.19364817886,
    "4": 119415.04161336824,
    "5": 114515.14691029716
}