{
    "1": 69438.09149832984,
    "2": 47420.41982539998,
    "3": 64277.46766734313,
    "4": 92063.0983505922,
    "5": 200344.2954001201,
    "6": 74215.42369781368,
    "7": 122493.326836061
}