{
    "1": 128666.61431438937,
    "2": 93699.29049573833,
    "3": 216043.75472075253,
    "4": 298189.53532534844
}