{
    "1": 64558.81313256912,
    "2": 119573.12385495593,
    "3": 336723.2239453531,
    "4": 189091.62996473294,
    "5": 68531.85673116666,
    "6": 751930.4801967917,
    "7": 76151.98885436423,
    "8": 81116.02036399468,
    "9": 223889.1918852748,
    "10": 219092.43911793246,
    "11": 433163.64432552067,
    "12": 167875.5376307312,
    "13": 396718.1995921786,
    "14": 155544.51609371166,
    "15": 288505.3193378143,
    "16": 359934.69471444713,
    "17": 328151.1137941992,
    "18": 234542.09665015995,
    "19": 267462.03062151745,
    "20": 853255.0248664307,
    "21": 719449.7233256976,
    "22": 295139.19424852903,
    "23": 9952.46173045697,
    "24": 1166893.497983798,
    "25": 116094.77837219881,
    "26": 418308.0203520933,
    "27": 388591.8364341106,
    "28": 25850.622851307024,
    "29": 360609.4410031495,
    "30": 267018.78713231924,
    "31": 214785.13739013017,
    "32": 127255.83784317205,
    "33": 467097.4695616756,
    "34": 287796.52860516333,
    "35": 56026.52872251565,
    "36": 167341.7907854757,
    "37": 365882.04569562897,
    "38": 96013.09944884197,
    "39": 469042.19044964464,
    "40": 251327.5728081198,
    "41": 206358.56863227877,
    "42": 528178.7503263813,
    "43": 63584.17005757388,
    "44": 367561.42298745713,
    "45": 360708.28739570186,
    "46": 72653.85664928275,
    "47": 70013.58270065597,
    "48": 387698.6384184087,
    "49": 148821.88363084817,
    "50": 60472.84962161915,
    "51": 69339.30812539226,
    "52": 246805.7230800863,
    "53": 94314.1874299063,
    "54": 180938.89584854996,
    "55": 60078.683354370056,
    "56": 73577.81238537822,
    "57": 368619.9300071373,
    "58": 461789.06641294423,
    "59": 171653.75236108323,
    "60": 143050.55726922164,
    "61": 994886.8293455081,
    "62": 387458.77153865993,
    "63": 26887.93229123621,
    "64": 617073.1239561413,
    "65": 415683.602153013,
    "66": 135372.18480530547,
    "67": 75072.11193017935,
    "68": 84082.5355054116,
    "69": 101728.80524406808,
    "70": 131895.2558545235,
    "71": 93169.13203223507,
    "72": 370834.7707881875,
    "73": 274355.60290340177,
    "74": 330136.18420733954,
    "75": 394157.32446664484,
    "76": 350492.7131422087,
    "77": 377774.55472550454,
    "78": 171789.028530305,
    "79": 518741.7947790243,
    "80": 159135.60621496633,
    "81": 702421.2157802496,
    "82": 74592.1352325907,
    "83": 338299.0987399907,
    "84": 323246.1113115328,
    "85": 44007.87617482414,
    "86": 184277.19689076405,
    "87": 268909.1475003825,
    "88": 186336.421009337,
    "89": 35888.98706582342,
    "90": 50864.43043172575,
    "91": 203828.45897587138,
    "92": 290419.8905278832,
    "93": 174268.77391049336,
    "94": 583873.3495430961,
    "95": 112248.50707008604,
    "96": 127392.08023003659,
    "97": 149544.44791174438,
    "98": 364182.98279175686,
    "99": 287777.1266675482,
    "100": 135572.90118800502,
    "101": 335584.30007702997,
    "102": 303394.74499804014,
    "103": 707806.8444420922,
    "104": 162573.67134444122,
    "105": 160980.36019616414,
    "106": 270955.81318842684,
    "107": 221139.89587121265,
    "108": 217109.9920101855,
    "109": 100251.25103765211,
    "110": 185211.95561681726,
    "111": 315901.75315942045,
    "112": 392253.5087275571,
    "113": 456749.4994737042,
    "114": 141523.5322896295,
    "115": 191203.56399480172,
    "116": 78190.0923955978,
    "117": 577347.4020084538,
    "118": 460935.73355622136,
    "119": 251284.3652458029,
    "120": 261136.67184711245,
    "121": 23167.947623090153,
    "122": 403128.5803476323,
    "123": 304623.6219214153,
    "124": 1460742.9220633702,
    "125": 154414.61226789898,
    "126": 457688.28820649826,
    "127": 237603.3560135259,
    "128": 120156.63035862795,
    "129": 260012.3737180007,
    "130": 237910.55724679245,
    "131": 277352.27781638637,
    "132": 327163.8231894099,
    "133": 82393.05721875657,
    "134": 160088.1327121012,
    "135": 153577.01049235882,
    "136": 196640.12399419383,
    "137": 123709.26535772628,
    "138": 549634.0859630053,
    "139": 348231.4536507346,
    "140": 397096.2675333839,
    "141": 129194.99047622165,
    "142": 452543.4637033743,
    "143": 574642.4057738193,
    "144": 183281.30253883524,
    "145": 240865.07005347367,
    "146": 66419.6891706506,
    "147": 325850.957481593,
    "148": 381545.7674905469,
    "149": 254600.28642620196,
    "150": 121821.0707448309,
    "151": 122370.7197977916,
    "152": 284765.9883934622,
    "153": 109237.38762078015,
    "154": 116514.22125588793,
    "155": 196076.38684265225,
    "156": 161235.46620064837,
    "157": 93060.456142738,
    "158": 234592.93683455468,
    "159": 143212.6186926054,
    "160": 168927.11512212534,
    "161": 244109.16352788647,
    "162": 407363.8805939842,
    "163": 270938.8912038556,
    "164": 259123.89280207563,
    "165": 698987.3076223524,
    "166": 116650.46326661677,
    "167": 231699.54990586976,
    "168": 418647.47944520356,
    "169": 246875.5579887258,
    "170": 314850.5282550084,
    "171": 48222.36527289862,
    "172": 172975.12883589842,
    "173": 258267.82586340752,
    "174": 285308.9568625217,
    "175": 199653.0940214568,
    "176": 476545.7437264053,
    "177": 186877.8669006222,
    "178": 432767.4773396336,
    "179": 229534.88416979465,
    "180": 305557.6356325063,
    "181": 178577.03974163692,
    "182": 262638.44350396964,
    "183": 498438.72254894144,
    "184": 395338.13983530743,
    "185": 437513.7675984344,
    "186": 330266.1205183791,
    "187": 361732.9325471288,
    "188": 176371.5999649978,
    "189": 468150.00130636786,
    "190": 136211.80210863682,
    "191": 268012.06143367995,
    "192": 279295.80899267085,
    "193": 489781.4870925745,
    "194": 161754.92152149952,
    "195": 247801.70087503648,
    "196": 953816.5299230589,
    "197": 252347.68356142123,
    "198": 345539.3310095627,
    "199": 308953.3143373435,
    "200": 187703.88735607621,
    "201": 115374.85030035298,
    "202": 163735.04056597163,
    "203": 169066.5680039394,
    "204": 381153.24114291475,
    "205": 341974.68146333017,
    "206": 364624.14568807196,
    "207": 280270.05644140113,
    "208": 378697.74634012586,
    "209": 81987.16162823912,
    "210": 222881.55086961863,
    "211": 293958.66579581413,
    "212": 31807.41115300253,
    "213": 139344.95717721147,
    "214": 87746.57344859451,
    "215": 584870.1214665791,
    "216": 262492.1364364483,
    "217": 88320.56627098154,
    "218": 39450.07978736071,
    "219": 119635.46131830552,
    "220": 42463.4743999334,
    "221": 145367.2151987139,
    "222": 1136175.4233868287,
    "223": 617535.0864341328,
    "224": 8815.638026298822,
    "225": 61197.83699629919,
    "226": 549776.6535839676,
    "227": 130116.79253583326,
    "228": 375545.5908433921,
    "229": 549751.5899257615,
    "230": 219323.75539121815,
    "231": 110851.63885851123,
    "232": 363297.7871701603,
    "233": 316536.58078618493,
    "234": 302248.1828610977,
    "235": 270413.9513653763,
    "236": 249936.2789602096,
    "237": 283173.3874179508,
    "238": 99329.50594579583,
    "239": 245880.0446271012,
    "240": 178885.98077274938,
    "241": 306306.9149106783,
    "242": 257013.79697375983,
    "243": 222934.0525715564,
    "244": 151653.33710568576,
    "245": 381522.47122304875,
    "246": 295139.94875140174,
    "247": 477215.4196552025,
    "248": 359531.3361859017,
    "249": 47458.69630595156,
    "250": 326708.54041124246,
    "251": 90170.9910995365,
    "252": 77953.36282796288,
    "253": 389015.7620400536,
    "254": 507575.291263399,
    "255": 25980.659579995758,
    "256": 176456.8517594254,
    "257": 307032.06875280297,
    "258": 243792.072748455,
    "259": 95214.32990455414,
    "260": 287948.3296348034,
    "261": 331955.0589232032,
    "262": 245422.08583849063,
    "263": 70368.05117423912,
    "264": 230452.6021604734,
    "265": 692683.3825393697,
    "266": 359035.6409836133,