{
    "1": 165831.6521906178,
    "2": 249498.1040675407,
    "3": 53408.75175162349,
    "4": 178775.40452268484,
    "5": 556661.068629552,
    "6": 159437.95468106156,
    "7": 391533.7573713031,
    "8": 304343.96012960694,
    "9": 943520.0576983201,
    "10": 74734.94601247253,
    "11": 328774.3528322899,
    "12": 637822.2911650382,
    "13": 251506.51096516743,
    "14": 179186.81382110997,
    "15": 264496.85827932827,
    "16": 95796.32020640803,
    "17": 914169.9693180334,
    "18": 285870.0548269033,
    "19": 75969.2900887589,
    "20": 157973.43575024593,
    "21": 86364.31622144785,
    "22": 27950.38857685223,
    "23": 381863.009702629,
    "24": 300202.443790717,
    "25": 162634.98581175826,
    "26": 612614.8979383245,
    "27": 186070.71713679028,
    "28": 134146.18614677998,
    "29": 82130.94155530282,
    "30": 347184.7597554888,
    "31": 147839.72367573754,
    "32": 718494.4919481082,
    "33": 129807.6408668101,
    "34": 145844.96052936735,
    "35": 260989.74686421885,
    "36": 264753.88374930737,
    "37": 284153.2564435562,
    "38": 205236.25489735662,
    "39": 343984.5420645984,
    "40": 77316.38886892858,
    "41": 137718.26758549432,
    "42": 397297.10908483353,
    "43": 293143.3931916655,
    "44": 173690.85457795527,
    "45": 47152.15216292338,
    "46": 554122.6057113843,
    "47": 370072.88154202333,
    "48": 185075.15527721937,
    "49": 181037.6168158955,
    "50": 225913.51589455042,
    "51": 214812.68048469062,
    "52": 97671.93379886485,
    "53": 237067.32537981955,
    "54": 57663.429470155075,
    "55": 210919.4257154271,
    "56": 407474.4008572982,
    "57": 208987.87826244623,
    "58": 378900.25866011064,
    "59": 106791.24778719674,
    "60": 418872.44525921484,
    "61": 275809.6702277279,
    "62": 105059.57284483522,
    "63": 52417.14683872685,
    "64": 424852.1175299228,
    "65": 432384.23436608986,
    "66": 401297.6776975174,
    "67": 266921.1108437708,
    "68": 44347.24034307639,
    "69": 441137.38105236087,
    "70": 504958.5063627394,
    "71": 259043.6125179549,
    "72": 556728.6519095915,
    "73": 207496.3775716877,
    "74": 535264.1884389577,
    "75": 347355.562286083,
    "76": 677783.4010220958,
    "77": 185063.76179709888,
    "78": 577181.9249324234,
    "79": 293696.76686984405,
    "80": 242035.49600462633,
    "81": 616279.0832029573,
    "82": 195120.27179736854,
    "83": 196356.78982581466,
    "84": 292202.9137824458,
    "85": 488124.71135706734,
    "86": 290919.6840943241,
    "87": 45147.378261102735,
    "88": 589363.4070019444,
    "89": 445180.5735295713,
    "90": 676257.81273426,
    "91": 358744.69622276735,
    "92": 347607.57944641454,
    "93": 118056.38039052274,
    "94": 101614.99313809289,
    "95": 244682.8366743169,
    "96": 436775.61968808516,
    "97": 197390.82790998233,
    "98": 83260.90134598297,
    "99": 194765.4587935504,
    "100": 105677.13532368546,
    "101": 288246.3870927657,
    "102": 276196.02307378285,
    "103": 17260.735698721892,
    "104": 68443.4154219319,
    "105": 93992.14297793615,
    "106": 206884.84283785423,
    "107": 297178.7119256085,
    "108": 210894.8856413674,
    "109": 435375.8444179375,
    "110": 223172.58718196617,
    "111": 52938.324269601646,
    "112": 658556.9045714161,
    "113": 281112.50045392255,
    "114": 363898.3377663964,
    "115": 287651.1911822464,
    "116": 385376.9894014197,
    "117": 188493.77413501815,
    "118": 391204.18943348655,
    "119": 409340.0584205655,
    "120": 415820.7564775117,
    "121": 108112.76135942568,
    "122": 607009.74465236,
    "123": 69623.06340961155,
    "124": 148963.22578213632,
    "125": 623325.416560572,
    "126": 53308.069937032036,
    "127": 84837.26303954347,
    "128": 111713.45651224922,
    "129": 315168.82678853796,
    "130": 442362.61330091266,
    "131": 347160.81549122825,
    "132": 656270.4196965714,
    "133": 264470.8683214266,
    "134": 479558.65908426145,
    "135": 160081.60732078887,
    "136": 178221.7799835807,
    "137": 236054.71620305654,
    "138": 435968.417260503,
    "139": 278586.6839579034,
    "140": 482982.26665611536,
    "141": 42329.928202755815,
    "142": 169525.1997265397,
    "143": 199371.8350362177,
    "144": 322740.9125630864,
    "145": 279865.40868095844,
    "146": 67768.8767492761,
    "147": 304029.64807868813,
    "148": 85524.65061952945,
    "149": 402232.19533546857,
    "150": 634128.3678011632,
    "151": 90961.57197449538,
    "152": 483937.2684078234,
    "153": 276654.78342981084,
    "154": 356191.8508989816,
    "155": 59348.48845087796,
    "156": 584082.0994143878,
    "157": 291981.28647316236,
    "158": 1011375.3317901827,
    "159": 422720.13644885016,
    "160": 368606.4673672756,
    "161": 472363.78224449337,
    "162": 511201.6984119234,
    "163": 423178.3388709157,
    "164": 241991.1874879547,
    "165": 379700.0898009209,
    "166": 180145.5699820224,
    "167": 151911.00036984598,
    "168": 314689.4337190466,
    "169": 377196.7650531242,
    "170": 280703.0129226444,
    "171": 119840.68602334775,
    "172": 134996.33424472154,
    "173": 180749.61043473604,
    "174": 69185.53062109149,
    "175": 375520.26635221374,
    "176": 218209.07739104488,
    "177": 109764.81781937921,
    "178": 125664.35230550525,
    "179": 515065.4007510393,
    "180": 361269.7249071014,
    "181": 78330.80280968333,
    "182": 200716.4739715474,
    "183": 155821.09054130744,
    "184": 580346.2042942888,
    "185": 262796.915209321,
    "186": 103387.2727201673,
    "187": 154141.2877469968,
    "188": 460584.1334285491,
    "189": 79554.83004444065,
    "190": 193373.25438654431,
    "191": 264439.92215016356,
    "192": 97299.12835794975,
    "193": 116856.88238044686,
    "194": 541820.2171087367,
    "195": 179938.48666902585,
    "196": 196909.67013842642,
    "197": 60237.329291337686,
    "198": 511544.201445631,
    "199": 253037.61020675566,
    "200": 779425.541496421,
    "201": 543068.0901446324,
    "202": 523794.6645948322,
    "203": 44008.57001909745,
    "204": 246984.30468185566,
    "205": 264077.7361813883,
    "206": 815618.0464677304,
    "207": 27988.320232363396,
    "208": 116808.16044346038,
    "209": 128232.82218125384,
    "210": 141865.5939832887,
    "211": 877995.1730443732,
    "212": 41644.21576604131,
    "213": 428082.95669818606,
    "214": 254199.0993504426,
    "215": 122385.87225757613,
    "216": 242194.13095197958,
    "217": 143200.73385141406,
    "218": 511107.3939069779,
    "219": 143756.93290279518,
    "220": 99854.15336337195,
    "221": 285256.5466212363,
    "222": 238978.92807490434,
    "223": 151406.13723695424,
    "224": 96898.24985233345,
    "225": 357341.5226733636,
    "226": 163666.26772884512,
    "227": 463835.549534597,
    "228": 205401.3344675193,
    "229": 197228.12960496245,
    "230": 166688.6798430298,
    "231": 845480.2134294828,
    "232": 327617.10994721786,
    "233": 152623.44961557284,
    "234": 63151.7169074037,
    "235": 20044.83271940796,
    "236": 224148.07936433272,
    "237": 158043.97958234648,
    "238": 132363.473480043,
    "239": 800031.0230963669,
    "240": 305117.0851823012,
    "241": 216227.7648703362,
    "242": 289882.9911696299,
    "243": 664943.9746942043,
    "244": 286628.14809486934,
    "245": 270410.00132295955,
    "246": 542922.4616251622,
    "247": 290388.4000959588,
    "248": 166832.46552935764,
    "249": 132430.57735241004,
    "250": 106458.36551152432,
    "251": 167644.53852712602,
    "252": 280001.0008621789,
    "253": 321795.78742425394,
    "254": 258209.68304602584,
    "255": 102035.24782661693,
    "256": 100195.50304720657,
    "257": 431041.630907698,
    "258": 237853.414639401,
    "259": 44795.65969346856,
    "260": 342879.58423737704,
    "261": 382127.03908476775,
    "262": 296306.7487141526,
    "263": 7975.624048708494,
    "264": 331471.229760492,
    "265": 481567.82761886925,
    "266": 17915.570049460686,