{
    "1": 219783.85660535045,
    "2": 856512.9385908096,
    "3": 411332.84346372896,
    "4": 364248.7030316268,
    "5": 179893.42424205752,
    "6": 201167.41136387168,
    "7": 47795.64029570601,
    "8": 314352.6199018085,
    "9": 35373.36528562824,
    "10": 571025.4134815517,
    "11": 235675.06155676258,
    "12": 240217.38945815084,
    "13": 538143.3615858245,
    "14": 379720.3637482098,
    "15": 295156.99950675905,
    "16": 292768.26154417056,
    "17": 137237.37778413578,
    "18": 295698.2562572784,
    "19": 247966.54482054978,
    "20": 201576.4163186235,
    "21": 180006.4686544568,
    "22": 62040.96249023296,
    "23": 120988.5624263339,
    "24": 33614.47722034377,
    "25": 741771.8048689029,
    "26": 348354.8411288154,
    "27": 94921.11798160893,
    "28": 179098.9128672504,
    "29": 556026.0642039853,
    "30": 162449.77992627135,
    "31": 425722.48640806077,
    "32": 257770.29962310102,
    "33": 668260.0432230502,
    "34": 316561.21112477215,
    "35": 219322.1430027572,
    "36": 314173.6886675264,
    "37": 44504.27487851221,
    "38": 95351.0014207529,
    "39": 240844.09757435392,
    "40": 536451.1590033406,
    "41": 173438.60328672655,
    "42": 323111.04676487105,
    "43": 152271.37985354342,
    "44": 66086.71983967745,
    "45": 39471.868806906794,
    "46": 313813.89611875295,
    "47": 170158.0597032927,
    "48": 281579.03534661594,
    "49": 281185.47905656707,
    "50": 373709.8338847346,
    "51": 408346.236065663,
    "52": 280161.8826213928,
    "53": 181882.74000082654,
    "54": 115816.55738399788,
    "55": 367626.9756107831,
    "56": 192900.54619401862,
    "57": 252154.52351364447,
    "58": 172648.41637279355,
    "59": 270409.2579278426,
    "60": 143938.00793220245,
    "61": 253283.27455105752,
    "62": 361876.08274613897,
    "63": 885454.6225732303,
    "64": 786435.1342148432,
    "65": 145647.59881942,
    "66": 194819.66242791945,
    "67": 839405.2729609903,
    "68": 102785.22471784089,
    "69": 42110.96402261669,
    "70": 54139.168926707396,
    "71": 103613.07674835734,
    "72": 179878.44648175247,
    "73": 84131.61808519185,
    "74": 58719.43839183295,
    "75": 288733.42771566135,
    "76": 95124.68498676294,
    "77": 77660.6672652535,
    "78": 25131.854328414636,
    "79": 182061.95104351573,
    "80": 7351.630880753646,
    "81": 379522.0008249391,
    "82": 164544.36582691967,
    "83": 123486.06597179572,
    "84": 142918.9348086425,
    "85": 456939.3934560329,
    "86": 316965.16708894906,
    "87": 114867.53417104755,
    "88": 306679.11548558506,
    "89": 72447.59863024057,
    "90": 252789.43261749804,
    "91": 285102.89988891134,
    "92": 120496.29597192231,
    "93": 473616.6349831463,
    "94": 197688.78450889644,
    "95": 97012.25802965005,
    "96": 167171.75131862244,
    "97": 74568.05787875062,
    "98": 227232.04902936667,
    "99": 233211.29308243294,
    "100": 300909.0373946774,
    "101": 274506.1695591614,
    "102": 326274.31683842937,
    "103": 382165.69936711056,
    "104": 216088.4994135331,
    "105": 426342.03037852765,
    "106": 799171.0142504553,
    "107": 313207.23257014365,
    "108": 472808.1973165415,
    "109": 345643.16287328553,
    "110": 137571.47482125295,
    "111": 63488.81497019165,
    "112": 438517.8276737616,
    "113": 332793.73324671417,
    "114": 284609.68571243994,
    "115": 174001.17164805607,
    "116": 168588.28937861155,
    "117": 132759.3727399315,
    "118": 264739.1029736927,
    "119": 325889.00137048826,
    "120": 290604.6439577025,
    "121": 290152.3745922986,
    "122": 139837.99926052385,
    "123": 281293.03558052995,
    "124": 34036.44936484648,
    "125": 233259.40726866652,
    "126": 547671.0592301445,
    "127": 216139.87776485394,
    "128": 58060.72987473362,
    "129": 158359.30053052833,
    "130": 345936.6184497179,
    "131": 198328.49318992134,
    "132": 235984.39622199448,
    "133": 155307.82957702773,
    "134": 192043.12150678303,
    "135": 434851.42544804333,
    "136": 167821.54479197392,
    "137": 282462.16410910763,
    "138": 399161.04943866655,
    "139": 106671.08641679751,
    "140": 130313.77960350357,
    "141": 625349.3007482894,
    "142": 742224.470871974,
    "143": 154021.73912724666,
    "144": 617214.6029036125,
    "145": 382220.76980415906,
    "146": 29133.14979601475,
    "147": 922794.9768348985,
    "148": 1054297.0230230563,
    "149": 298362.3147881536,
    "150": 388799.181901007,
    "151": 81906.84472242632,
    "152": 262060.7060686952,
    "153": 141990.5029343329,
    "154": 256351.27622416377,
    "155": 241151.31871585254,
    "156": 362619.73611784755,
    "157": 106230.81098580538,
    "158": 37168.2171445724,
    "159": 571905.190036878,
    "160": 217774.839474716,
    "161": 402595.59195909626,
    "162": 65955.32132725834,
    "163": 252594.50767654274,
    "164": 459546.33770103584,
    "165": 55284.74145500966,
    "166": 81197.22445820259,
    "167": 500165.6903026977,
    "168": 225008.97042875004,
    "169": 217855.7478360356,
    "170": 80346.00274491926,
    "171": 223680.5707152974,
    "172": 167877.2348405299,
    "173": 318658.30979585013,
    "174": 73294.34897034167,
    "175": 236695.0167464111,
    "176": 224997.1057659928,
    "177": 311234.59096844867,
    "178": 589016.7289715771,
    "179": 227738.73051961217,
    "180": 221451.02384118218,
    "181": 315758.00298706914,
    "182": 91878.45053102398,
    "183": 195415.3574022101,
    "184": 707721.7584742019,
    "185": 30983.38562565774,
    "186": 292124.1139213775,
    "187": 410883.9929696672,
    "188": 243431.54521138506,
    "189": 411234.1669541036,
    "190": 74954.79295530295,
    "191": 483938.8576768721,
    "192": 311938.63564293744,
    "193": 649545.2486609648,
    "194": 264087.97031274915,
    "195": 616662.817721223,
    "196": 256050.17286720354,
    "197": 596287.0067326829,
    "198": 32215.739355259608,
    "199": 91058.90548748912,
    "200": 130594.12132875757,
    "201": 744328.7516515192,
    "202": 574470.1575068398,
    "203": 146348.9896922217,
    "204": 189949.5946972335,
    "205": 246826.09410308808,
    "206": 43356.35012064634,
    "207": 118703.07726487212,
    "208": 550928.754841839,
    "209": 669422.2500366354,
    "210": 135233.71754656997,
    "211": 87946.2393793691,
    "212": 114139.58885228467,
    "213": 288752.6841437229,
    "214": 170574.6868183461,
    "215": 573728.3923738574,
    "216": 180629.49383055244,
    "217": 156157.34381301614,
    "218": 323113.87223800697,
    "219": 293474.2566798951,
    "220": 263342.9466747271,
    "221": 189710.689994922,
    "222": 291163.5497036323,
    "223": 67136.05343212224,
    "224": 469880.9072966357,
    "225": 103111.88348234445,
    "226": 108384.21699132597,
    "227": 24471.270124573894,
    "228": 243457.87415282216,
    "229": 95595.74865094217,
    "230": 387263.0276284619,
    "231": 170813.85395030773,
    "232": 114199.9773936139,
    "233": 208380.8766288667,
    "234": 122198.23820511851,
    "235": 550571.6595026281,
    "236": 268130.6441278617,
    "237": 48504.95959878044,
    "238": 77710.505962588,
    "239": 568885.949508952,
    "240": 785630.3596741561,
    "241": 76721.3752252972,
    "242": 379731.1559300375,
    "243": 172358.56401912175,
    "244": 203794.40719974355,
    "245": 169207.7876977815,
    "246": 359607.4360490758,
    "247": 227334.10513466853,
    "248": 94547.17357854155,
    "249": 47407.58820318378,
    "250": 484818.11194049247,
    "251": 406522.42332956014,
    "252": 195462.9535463224,
    "253": 922499.840787677,
    "254": 40538.09672191981,
    "255": 313885.31712687586,
    "256": 269468.47765179764,
    "257": 144590.82283344388,
    "258": 93736.4448643763,
    "259": 79290.46777914434,
    "260": 31967.100840537958,
    "261": 130479.08910398775,
    "262": 179215.85760558542,
    "263": 614910.313481779,
    "264": 557679.9904686549,
    "265": 204156.49747252263,
    "266": 1119632.7966979207,