{
    "1": 191919.03125241748,
    "2": 407776.01015553426,
    "3": 101431.1981327586,
    "4": 241781.5875611785,
    "5": 400590.9976688667,
    "6": 313565.5292855862,
    "7": 21801.076393475792,
    "8": 459847.6433418939,
    "9": 210802.61194676268,
    "10": 300461.8389102205,
    "11": 594896.4674276954,
    "12": 206144.06371093172,
    "13": 458929.17744330503,
    "14": 202143.60038297638,
    "15": 97410.05487411865,
    "16": 87854.13685584582,
    "17": 420040.756458947,
    "18": 54648.928451745036,
    "19": 389281.9924919266,
    "20": 118048.46857060265,
    "21": 370143.2258305417,
    "22": 16173.921074529326,
    "23": 26364.291135730175,
    "24": 133705.5971457899,
    "25": 493061.14358960104,
    "26": 450004.9277559798,
    "27": 101756.47352212553,
    "28": 313104.77370280743,
    "29": 202035.60164939845,
    "30": 207016.33123078762,
    "31": 123280.98296186255,
    "32": 117070.49510673418,
    "33": 231121.28689843824,
    "34": 44726.89874832344,
    "35": 200013.9035613645,
    "36": 249774.1285612672,
    "37": 216539.81366240018,
    "38": 205225.8154686004,
    "39": 324114.3524203535,
    "40": 472399.73219332163,
    "41": 237228.58166081592,
    "42": 345950.61011108867,
    "43": 154672.76015405048,
    "44": 172699.42673783773,
    "45": 77555.289259921,
    "46": 167168.15354449113,
    "47": 226311.9261443487,
    "48": 467229.13381912577,
    "49": 200646.16786487054,
    "50": 164305.70428624013,
    "51": 99867.13855197,
    "52": 112569.7095606303,
    "53": 310889.19850894745,
    "54": 65349.43741876032,
    "55": 206882.51822107378,
    "56": 246525.37829260866,
    "57": 51785.167198937845,
    "58": 496758.32115691336,
    "59": 325318.4891844488,
    "60": 194997.35786913076,
    "61": 258317.12768696202,
    "62": 376579.77115094813,
    "63": 686367.5587969796,
    "64": 193039.8423709279,
    "65": 198414.53624891804,
    "66": 262063.18200083045,
    "67": 848091.0007439351,
    "68": 110790.64499376235,
    "69": 146722.25247395807,
    "70": 716092.9549561867,
    "71": 181094.0412343003,
    "72": 156655.7925830347,
    "73": 290669.0084755839,
    "74": 155492.559283082,
    "75": 157919.0656785019,
    "76": 234949.99821355703,
    "77": 125006.81236088245,
    "78": 165366.77571139205,
    "79": 154127.560099821,
    "80": 206011.8720443787,
    "81": 277814.790893204,
    "82": 810238.9979501227,
    "83": 75803.00647657536,
    "84": 127621.34998975343,
    "85": 259137.40606452024,
    "86": 114738.82856244038,
    "87": 320626.79229617654,
    "88": 315137.69935221615,
    "89": 126715.69935520556,
    "90": 119809.99123864796,
    "91": 82570.011033018,
    "92": 538719.3811075066,
    "93": 91476.53980168552,
    "94": 556505.838773585,
    "95": 280638.3760223117,
    "96": 853097.4802798147,
    "97": 269451.7462231503,
    "98": 243208.39362339792,
    "99": 313963.88571948424,
    "100": 482956.3726767667,
    "101": 702909.8965827664,
    "102": 576482.3331096441,
    "103": 8659.166575102767,
    "104": 229055.85776974278,
    "105": 282528.3782411473,
    "106": 395647.6531420396,
    "107": 477911.3986824403,
    "108": 626779.0318223936,
    "109": 81708.02945817416,
    "110": 97484.97254921906,
    "111": 268024.68032611517,
    "112": 82183.8066355639,
    "113": 58888.83092112016,
    "114": 156002.35493985505,
    "115": 770037.4186940454,
    "116": 260144.76683041092,
    "117": 185141.90769196488,
    "118": 552159.2357680337,
    "119": 278983.4327481919,
    "120": 145336.00938485478,
    "121": 110782.97068242324,
    "122": 508975.0965984044,
    "123": 137828.45463431103,
    "124": 103920.09311421558,
    "125": 46643.29633435819,
    "126": 673218.2914202918,
    "127": 409214.3012380218,
    "128": 518517.6392664384,
    "129": 170441.95097067038,
    "130": 394746.26889497496,
    "131": 316325.4921124076,
    "132": 281380.57789538725,
    "133": 477615.68552052946,
    "134": 261132.78821605002,
    "135": 420906.3178151636,
    "136": 42503.7896371281,
    "137": 212763.77238773627,
    "138": 374038.08346418623,
    "139": 632319.690993401,
    "140": 297952.6943870305,
    "141": 364715.19329731335,
    "142": 164338.24379183442,
    "143": 374522.31288749614,
    "144": 63441.291384329736,
    "145": 292899.0421384792,
    "146": 243382.89783513048,
    "147": 107277.93613755082,
    "148": 721117.6599184639,
    "149": 286808.3991540916,
    "150": 65036.01569953507,
    "151": 134294.8240853977,
    "152": 884119.4574022824,
    "153": 226968.0532625021,
    "154": 244496.92709344352,
    "155": 469539.06811918924,
    "156": 202523.5425363549,
    "157": 450701.75256947643,
    "158": 264251.7366015668,
    "159": 325501.1676926531,
    "160": 52829.76283490974,
    "161": 611844.4177907591,
    "162": 457897.3227962265,
    "163": 491240.94903502346,
    "164": 233560.14766784583,
    "165": 351130.44253727136,
    "166": 285345.5202665948,
    "167": 362737.8415455458,
    "168": 403009.8154721266,
    "169": 104192.6323542658,
    "170": 155087.43669753868,
    "171": 485797.7609485352,
    "172": 61384.16400111144,
    "173": 134919.62339769644,
    "174": 138902.24864516367,
    "175": 273585.764789518,
    "176": 163452.7637097051,
    "177": 108650.27755588603,
    "178": 84987.20895380148,
    "179": 330197.0536699841,
    "180": 362386.6002689594,
    "181": 351777.0305649369,
    "182": 97112.74703149061,
    "183": 191906.55009872298,
    "184": 143270.7524507318,
    "185": 317039.1847210844,
    "186": 824334.8691962447,
    "187": 48784.969325362654,
    "188": 670413.5655263106,
    "189": 270644.28393609513,
    "190": 191549.74219714777,
    "191": 803343.0941777215,
    "192": 258452.33828728533,
    "193": 521649.2472780596,
    "194": 269001.198359496,
    "195": 194840.52842266345,
    "196": 207351.8612489616,
    "197": 43629.235200519,
    "198": 172600.9733250347,
    "199": 219196.76691573593,
    "200": 288351.633222719,
    "201": 79407.36022284483,
    "202": 267709.2536487762,
    "203": 170502.83860859703,
    "204": 320469.85518294864,
    "205": 773700.544266238,
    "206": 618667.3479476003,
    "207": 152301.32434969407,
    "208": 254759.91029146122,
    "209": 122063.9147856279,
    "210": 143849.34080844276,
    "211": 297330.3329773976,
    "212": 392274.21087307483,
    "213": 296324.89774965885,
    "214": 22330.029515550807,
    "215": 523690.18264902703,
    "216": 159600.47914270582,
    "217": 73511.54444517395,
    "218": 944732.7067552415,
    "219": 244105.03512407068,
    "220": 126718.00171119369,
    "221": 36207.37793555998,
    "222": 774185.9891807081,
    "223": 190017.53515183993,
    "224": 446347.4346270254,
    "225": 250601.20891209255,
    "226": 411468.05828420346,
    "227": 431182.74929639464,
    "228": 295268.0602176854,
    "229": 117878.75856195933,
    "230": 221302.9699703577,
    "231": 129305.28734175967,
    "232": 621511.462472722,
    "233": 261659.85351377184,
    "234": 640873.7235197837,
    "235": 330412.00894860766,
    "236": 573466.7525240731,
    "237": 335131.0398490772,
    "238": 166386.87431245678,
    "239": 180222.74566349562,
    "240": 458633.3004420943,
    "241": 599328.509496578,
    "242": 149904.96095018066,
    "243": 405690.79817425687,
    "244": 158922.1182610393,
    "245": 108072.23304322545,
    "246": 210226.69963869086,
    "247": 239836.14723514643,
    "248": 348854.7864823613,
    "249": 97865.59065348192,
    "250": 192027.5592443059,
    "251": 61494.95772003123,
    "252": 127010.41839042937,
    "253": 176510.43104581468,
    "254": 291448.8772646641,
    "255": 132215.58679687505,
    "256": 186758.81355344824,
    "257": 28802.189781322377,
    "258": 324171.6207415428,
    "259": 129377.78363748157,
    "260": 708347.439741362,
    "261": 169404.23230683978,
    "262": 49898.4553090833,
    "263": 405868.5625509496,
    "264": 363654.5924141918,
    "265": 224829.883658478,
    "266": 898204.4094704547,