{
    "1": 201073.0372395829,
    "2": 448468.64737599157,
    "3": 71966.72502776205,
    "4": 270364.70029041555,
    "5": 450541.3264001847,
    "6": 123671.72954264902,
    "7": 276086.73777522804,
    "8": 53899.760495111244,
    "9": 81798.50490159763,
    "10": 329313.8424862103,
    "11": 124948.64876239997,
    "12": 141114.30142401395,
    "13": 768250.5104987203,
    "14": 211638.93783849722,
    "15": 171220.67439072413,
    "16": 158015.99443776614,
    "17": 19884.47026965931,
    "18": 199314.30201169162,
    "19": 693446.0055719176,
    "20": 488573.7407217221,
    "21": 53940.38537988716,
    "22": 408134.27831559326,
    "23": 120726.42310726475,
    "24": 624603.0222547837,
    "25": 293035.8735795558,
    "26": 308473.87034051126,
    "27": 282671.1859538852,
    "28": 221353.14824365842,
    "29": 234662.60165193098,
    "30": 141765.3229181179,
    "31": 220038.1240526325,
    "32": 346900.4260674277,
    "33": 165062.87659218142,
    "34": 75965.15524995547,
    "35": 491682.91423061205,
    "36": 120886.40525584992,
    "37": 78884.93559756732,
    "38": 321868.02938867564,
    "39": 497450.5208940763,
    "40": 566391.0989515767,
    "41": 327386.06586639653,
    "42": 269774.3063977383,
    "43": 655789.0132388723,
    "44": 284539.2588325283,
    "45": 205970.34633954483,
    "46": 436200.8096294888,
    "47": 87538.0201574384,
    "48": 224129.15770653985,
    "49": 191694.1570497831,
    "50": 39397.06416821,
    "51": 127768.95034988073,
    "52": 469706.0727790647,
    "53": 325651.6683177491,
    "54": 358785.0443641346,
    "55": 283494.4325021824,
    "56": 217968.58543817743,
    "57": 129600.55858671667,
    "58": 249788.67759637232,
    "59": 337074.3175642439,
    "60": 109926.9166286561,
    "61": 277928.0052647795,
    "62": 25640.919567245634,
    "63": 423761.18363780295,
    "64": 319965.38631009735,
    "65": 215337.04789788916,
    "66": 80552.69274075513,
    "67": 535223.9902127148,
    "68": 956407.7471252693,
    "69": 148081.7229395623,
    "70": 481525.3067414831,
    "71": 282521.68144442455,
    "72": 191910.18942000298,
    "73": 76106.69429392664,
    "74": 191219.99613162875,
    "75": 129976.79936139396,
    "76": 305437.8855782977,
    "77": 126106.98967447765,
    "78": 167214.82002664026,
    "79": 253486.90263617184,
    "80": 291200.4587204963,
    "81": 434027.6968424602,
    "82": 141075.186678471,
    "83": 151039.33697453258,
    "84": 73023.07213936369,
    "85": 297415.2953515356,
    "86": 208034.24542160967,
    "87": 179043.35302717338,
    "88": 486200.19769721956,
    "89": 308523.79789509886,
    "90": 186850.39743503105,
    "91": 114330.69592919225,
    "92": 451645.70358499134,
    "93": 217481.37240933615,
    "94": 272717.1809351729,
    "95": 624056.7816732107,
    "96": 191937.75632705135,
    "97": 212226.6324566664,
    "98": 397139.3287791264,
    "99": 47248.9759693538,
    "100": 412915.1873239402,
    "101": 120619.41393951733,
    "102": 195520.6670279904,
    "103": 73341.35272149286,
    "104": 602745.1824219276,
    "105": 188998.71671540898,
    "106": 467483.15985553333,
    "107": 150187.5142157506,
    "108": 133147.31559205262,
    "109": 255221.12707187887,
    "110": 313287.8448576678,
    "111": 73157.70642778151,
    "112": 149699.0658275675,
    "113": 56354.00745595349,
    "114": 45097.74061349354,
    "115": 561703.5821837772,
    "116": 303657.6507746957,
    "117": 123362.07554827974,
    "118": 273166.0170714651,
    "119": 159194.3161798424,
    "120": 277248.4737286508,
    "121": 348513.3250725124,
    "122": 266034.8126289064,
    "123": 370242.01750246424,
    "124": 345411.80707869504,
    "125": 250069.0591626078,
    "126": 335171.8579271383,
    "127": 230043.83345419486,
    "128": 38198.55622602225,
    "129": 212833.74831825736,
    "130": 184061.96563901895,
    "131": 180030.7828163517,
    "132": 220469.94353062136,
    "133": 129316.92053414178,
    "134": 175512.24883253532,
    "135": 400242.7846444275,
    "136": 113583.66030421828,
    "137": 172057.15494469175,
    "138": 72268.2053104266,
    "139": 416034.2521655433,
    "140": 436060.7179303984,
    "141": 73370.27306399567,
    "142": 162132.90252236792,
    "143": 248236.62940442396,
    "144": 58299.56491270956,
    "145": 145434.81324521036,
    "146": 433571.100121108,
    "147": 278665.91283945553,
    "148": 424018.3217587404,
    "149": 564579.6056070076,
    "150": 270252.03948230186,
    "151": 667741.1336649065,
    "152": 350201.9896666031,
    "153": 14553.214336620316,
    "154": 869688.8929622788,
    "155": 349820.52002083533,
    "156": 139412.15695956914,
    "157": 706069.8903692004,
    "158": 670744.4725929452,
    "159": 355354.90680592833,
    "160": 167226.32364176578,
    "161": 396136.86768209626,
    "162": 91813.4314983501,
    "163": 275664.364535546,
    "164": 87040.51069006113,
    "165": 90378.60858356523,
    "166": 113538.44904783994,
    "167": 145436.2661072235,
    "168": 44350.312031479276,
    "169": 423747.8073901946,
    "170": 148881.20033831507,
    "171": 522232.85016881675,
    "172": 138872.07612505343,
    "173": 186635.3786607192,
    "174": 331113.5995418323,
    "175": 351057.966650716,
    "176": 434926.0766758597,
    "177": 78830.33631202388,
    "178": 169400.57961695432,
    "179": 31248.612244475917,
    "180": 544851.5688888647,
    "181": 178223.27923882642,
    "182": 73240.84818827789,
    "183": 87304.10543294807,
    "184": 151968.5264677433,
    "185": 158592.0549309142,
    "186": 109283.32531549432,
    "187": 211886.87167865,
    "188": 300070.49654120253,
    "189": 121500.9163364662,
    "190": 254509.7570884111,
    "191": 172362.36854710628,
    "192": 77664.12657462721,
    "193": 146970.43119043417,
    "194": 107503.94905050071,
    "195": 273575.0740929015,
    "196": 24482.641440391762,
    "197": 151360.54812026751,
    "198": 116046.29655522079,
    "199": 61003.17359887759,
    "200": 361758.24249010556,
    "201": 643300.2481342434,
    "202": 90903.7575177039,
    "203": 111522.09248028755,
    "204": 287625.62378187565,
    "205": 193730.22098545788,
    "206": 147879.41269946296,
    "207": 488932.0915398215,
    "208": 75333.23374370529,
    "209": 289548.98234805773,
    "210": 291425.312308089,
    "211": 652329.9193449632,
    "212": 267550.8871132877,
    "213": 45461.27023311424,
    "214": 633620.2565562447,
    "215": 151096.2632563426,
    "216": 262699.1243196468,
    "217": 131605.03165257745,
    "218": 285828.87151492905,
    "219": 168925.43797665625,
    "220": 306161.2950848719,
    "221": 303024.2491827835,
    "222": 225988.55547740878,
    "223": 109207.81860181873,
    "224": 846563.9095932883,
    "225": 219124.7816700391,
    "226": 253359.5566279483,
    "227": 412436.47592913057,
    "228": 628690.4691332845,
    "229": 182582.47856597498,
    "230": 849279.9195243294,
    "231": 129650.37454715263,
    "232": 360701.7788290502,
    "233": 166811.058929879,
    "234": 125317.0057844471,
    "235": 236946.75130274135,
    "236": 190435.48060107953,
    "237": 484637.56375916256,
    "238": 148080.6600387594,
    "239": 119512.06913864607,
    "240": 206128.12801254922,
    "241": 600382.7926309478,
    "242": 109993.20217264954,
    "243": 469854.9578382521,
    "244": 415036.8395529458,
    "245": 770755.46394888,
    "246": 334331.5762296368,
    "247": 166964.57803798537,
    "248": 210969.11535743767,
    "249": 78564.4977526232,
    "250": 290869.00847705256,
    "251": 684086.4201627258,
    "252": 296156.09565601975,
    "253": 208226.95357945227,
    "254": 264462.8757948847,
    "255": 79079.36565149289,
    "256": 96085.40629254923,
    "257": 39397.094176286264,
    "258": 340686.22272263584,
    "259": 107322.17214964838,
    "260": 126517.15484483607,
    "261": 188136.3208450311,
    "262": 198401.5180491653,
    "263": 110219.4087573029,
    "264": 271378.5160107354,
    "265": 197228.29816904565,
    "266": 250938.18144369367,