{
    "1": 522077.11173575255,
    "2": 159128.35663129788,
    "3": 405675.9266977825,
    "4": 132784.55199141052,
    "5": 222973.90736394055,
    "6": 220746.82360768068,
    "7": 121752.1107863433,
    "8": 92449.22919137843,
    "9": 48306.353732263,
    "10": 471004.0145193593,
    "11": 11169.020483129001,
    "12": 67921.78499041173,
    "13": 577563.8086773981,
    "14": 251354.54496858243,
    "15": 292996.09082483366,
    "16": 79180.65624382066,
    "17": 338701.34354189143,
    "18": 256767.78215205634,
    "19": 179248.34646242295,
    "20": 222459.17113978506,
    "21": 472047.48967344454,
    "22": 227720.06465529584,
    "23": 690092.074212159,
    "24": 130740.71141754111,
    "25": 374011.8781197887,
    "26": 116545.2996869772,
    "27": 349822.04087511054,
    "28": 377731.7418698948,
    "29": 847129.9018176086,
    "30": 32746.01531671073,
    "31": 718061.2069116521,
    "32": 247818.98931843936,
    "33": 276376.94076938194,
    "34": 52100.69799573375,
    "35": 201676.80335306132,
    "36": 501698.9245011469,
    "37": 213248.5858068781,
    "38": 688152.5613103315,
    "39": 566513.109063883,
    "40": 219258.49073321882,
    "41": 115714.17824756131,
    "42": 371104.3148854497,
    "43": 448830.0009009742,
    "44": 152757.80206650414,
    "45": 396126.58347438514,
    "46": 315020.5157439957,
    "47": 134503.07591717987,
    "48": 81568.08442933178,
    "49": 83756.28304723228,
    "50": 202910.70888891883,
    "51": 47593.88298665046,
    "52": 82934.40308938404,
    "53": 456028.84923906636,
    "54": 652033.3288679454,
    "55": 229088.78286758464,
    "56": 164889.7301670578,
    "57": 417457.29951923824,
    "58": 137054.1045346855,
    "59": 111126.34815592982,
    "60": 79802.2677020963,
    "61": 197332.44316494436,
    "62": 169686.43033691408,
    "63": 167230.93974603558,
    "64": 167021.90808099584,
    "65": 516349.99897405296,
    "66": 55265.26282856505,
    "67": 336553.7252671016,
    "68": 429482.2208765799,
    "69": 110888.19093509892,
    "70": 126310.0164932155,
    "71": 265721.3808032896,
    "72": 300134.7668994607,
    "73": 377850.5636401624,
    "74": 159039.01467983413,
    "75": 141970.24250492232,
    "76": 103351.3910770113,
    "77": 53915.095599136504,
    "78": 379268.0185512389,
    "79": 249788.3926708454,
    "80": 78965.99373577812,
    "81": 527204.2043155613,
    "82": 362756.6342147848,
    "83": 28644.651226926133,
    "84": 385829.0266486375,
    "85": 532781.1037409874,
    "86": 461127.6183445036,
    "87": 69759.77238905706,
    "88": 55922.5251573661,
    "89": 104897.25430545016,
    "90": 70909.33550878319,
    "91": 285870.2361385478,
    "92": 630876.4116617884,
    "93": 38037.335615216,
    "94": 440322.4144517499,
    "95": 121004.64162466356,
    "96": 134000.10061455914,
    "97": 420081.0230228388,
    "98": 96929.4432479872,
    "99": 66846.65594786938,
    "100": 181196.8022499315,
    "101": 183113.17006950587,
    "102": 519291.4511508474,
    "103": 21723.064775780116,
    "104": 452262.1967059709,
    "105": 95553.31756563256,
    "106": 289822.1629432258,
    "107": 71836.09096722976,
    "108": 343413.8192079701,
    "109": 601984.6760214716,
    "110": 545734.1390442321,
    "111": 64431.07468375445,
    "112": 467148.42084857007,
    "113": 79988.79483597954,
    "114": 224395.05817807678,
    "115": 207448.2832828034,
    "116": 439127.2463672046,
    "117": 334665.2506418602,
    "118": 230744.1204642481,
    "119": 248181.94685539906,
    "120": 413073.2606287225,
    "121": 197393.23941951056,
    "122": 97943.96924180852,
    "123": 416039.99983966484,
    "124": 271745.4163916968,
    "125": 172862.48439815216,
    "126": 205155.85053227918,
    "127": 456395.6908008882,
    "128": 308467.1204285801,
    "129": 151209.1800001472,
    "130": 166791.84231380816,
    "131": 314720.1930233991,
    "132": 140266.6677152015,
    "133": 162729.68939473527,
    "134": 211791.19331158622,
    "135": 79952.31411822587,
    "136": 260511.15360946287,
    "137": 137526.24818347732,
    "138": 382601.8656330922,
    "139": 298089.5618093623,
    "140": 206432.38812600763,
    "141": 281816.0925079058,
    "142": 70821.0468659145,
    "143": 259181.76499366545,
    "144": 176018.5964393158,
    "145": 222396.11565276727,
    "146": 515584.76878533635,
    "147": 347646.65684292134,
    "148": 350421.4391120729,
    "149": 357808.17966166866,
    "150": 118721.06598921434,
    "151": 117538.68171095623,
    "152": 633766.2875910695,
    "153": 204518.90866929188,
    "154": 23011.207608842356,
    "155": 329246.434562195,
    "156": 86423.11404388028,
    "157": 31357.669232371034,
    "158": 569646.9268715472,
    "159": 240491.76941119618,
    "160": 148852.02828239658,
    "161": 390238.96982149384,
    "162": 365227.0758287996,
    "163": 297262.10180515214,
    "164": 13659.898054472584,
    "165": 108010.90382569084,
    "166": 215700.18508271256,
    "167": 40178.81478739226,
    "168": 735694.2725537227,
    "169": 381863.37223206734,
    "170": 57620.32376527101,
    "171": 125898.88290838401,
    "172": 85253.32146080476,
    "173": 367062.6014316718,
    "174": 311845.6723032062,
    "175": 114549.05237289575,
    "176": 93053.31400950275,
    "177": 208504.28938454745,
    "178": 226057.64742875524,
    "179": 234715.28449807054,
    "180": 206821.8716074397,
    "181": 277366.3415404575,
    "182": 265159.5449541217,
    "183": 259196.50601924275,
    "184": 114693.11707384906,
    "185": 52882.01880876026,
    "186": 586143.8564718963,
    "187": 66821.94079670274,
    "188": 269947.2092311264,
    "189": 220027.78188221325,
    "190": 260226.10463286377,
    "191": 494405.6337576171,
    "192": 944276.8255152656,
    "193": 671133.5618630353,
    "194": 168960.4611011357,
    "195": 152970.4326790171,
    "196": 470111.22395874513,
    "197": 584641.880907692,
    "198": 371916.12141556735,
    "199": 320433.73495580035,
    "200": 75778.43012362577,
    "201": 378126.4854830143,
    "202": 484017.02408745576,
    "203": 225735.2427303996,
    "204": 669570.8129676152,
    "205": 1098890.1594447151,
    "206": 376278.85045500536,
    "207": 261648.24519972203,
    "208": 373796.22917937866,
    "209": 221495.84473378726,
    "210": 139345.73101749917,
    "211": 236404.34965657795,
    "212": 76325.91047797227,
    "213": 251443.5069467613,
    "214": 218175.21616305178,
    "215": 152080.1298606396,
    "216": 299087.13543664565,
    "217": 688342.1591783657,
    "218": 551927.1991597303,
    "219": 209961.59853067322,
    "220": 95805.6385558784,
    "221": 89359.18072742829,
    "222": 681159.5405631596,
    "223": 636858.4100033846,
    "224": 589118.1187578308,
    "225": 503584.2607462972,
    "226": 170204.671937962,
    "227": 395342.2923523064,
    "228": 54834.751764452296,
    "229": 192349.18347681646,
    "230": 60275.38442690045,
    "231": 334793.321836437,
    "232": 366264.1154155092,
    "233": 163997.9431470568,
    "234": 364008.0026920704,
    "235": 424344.1229451529,
    "236": 306576.6324304018,
    "237": 165062.94034393018,
    "238": 218724.92427524435,
    "239": 299482.940234874,
    "240": 48410.22403352209,
    "241": 510582.7722455423,
    "242": 195149.0273267889,
    "243": 296615.54281336605,
    "244": 263933.21373229026,
    "245": 460405.2184829159,
    "246": 47348.81647237502,
    "247": 316832.47897559695,
    "248": 191091.0466942741,
    "249": 168942.61375279306,
    "250": 175029.3194824076,
    "251": 160763.50894552344,
    "252": 87916.98613468878,
    "253": 276349.196842561,
    "254": 714317.2528619649,
    "255": 184360.64050576297,
    "256": 44510.70952482487,
    "257": 93642.20224865907,
    "258": 401955.8378430367,
    "259": 219377.8658592941,
    "260": 301056.2306695002,
    "261": 764014.3287615082,
    "262": 226240.85368360038,
    "263": 249224.3807245476,
    "264": 518428.66307624173,
    "265": 108375.81072553151,
    "266": 30898.065381329037,
    "267": 411753.11697972333,