{
    "1": 198482.89021213466,
    "2": 78376.73014361098,
    "3": 322754.38677204464,
    "4": 371251.66003395425,
    "5": 199201.0992581679,
    "6": 78927.13241238592,
    "7": 476515.6778042781,
    "8": 205033.68172351646,
    "9": 545815.5004169771,
    "10": 382408.8621697435,
    "11": 259894.06910525865,
    "12": 205983.45852951377,
    "13": 120597.82826883506,
    "14": 254411.12606664703,
    "15": 362179.2461473244,
    "16": 321914.940960997,
    "17": 496431.9117857171,
    "18": 81405.3762526211,
    "19": 431309.9187872336,
    "20": 108862.4644454113,
    "21": 219977.9191624249,
    "22": 34568.49935143552,
    "23": 238513.0908080647,
    "24": 671526.3802887098,
    "25": 574832.4088196176,
    "26": 280512.1154271271,
    "27": 349773.9382044805,
    "28": 157309.69768403587,
    "29": 114553.23993330509,
    "30": 205870.6717512981,
    "31": 235065.8933678533,
    "32": 165423.36630781734,
    "33": 251925.94186147235,
    "34": 475946.6372527413,
    "35": 81714.57095312224,
    "36": 390694.0612745629,
    "37": 161323.1495143499,
    "38": 411360.28550075775,
    "39": 124018.93282891448,
    "40": 97366.17718919444,
    "41": 219107.67897915666,
    "42": 383893.8798864376,
    "43": 261052.32555780787,
    "44": 448302.13282650895,
    "45": 118453.23803607588,
    "46": 424773.9858408013,
    "47": 265742.8024615701,
    "48": 144101.2828644346,
    "49": 409223.8034857904,
    "50": 194671.79417309523,
    "51": 453248.83255090436,
    "52": 61764.12193208334,
    "53": 293350.5665958558,
    "54": 54024.36244551198,
    "55": 126339.50072864303,
    "56": 830294.9337588915,
    "57": 152679.71913601313,
    "58": 139523.05879351907,
    "59": 268027.8510874945,
    "60": 126480.11895872459,
    "61": 146912.2269511467,
    "62": 277055.0696584104,
    "63": 579430.1627470835,
    "64": 444875.1870237008,
    "65": 184259.76568968644,
    "66": 225747.6751746474,
    "67": 522117.32064880076,
    "68": 808899.4787416697,
    "69": 161811.98077241488,
    "70": 139660.75725679714,
    "71": 342797.5191193628,
    "72": 297617.2729834989,
    "73": 312992.31003821857,
    "74": 18275.613916275808,
    "75": 21826.943670117562,
    "76": 522680.88916403183,
    "77": 75047.2965433283,
    "78": 473871.6751988361,
    "79": 131549.40091135673,
    "80": 429117.0076465433,
    "81": 126467.16004131685,
    "82": 288743.7498389328,
    "83": 18149.963374701776,
    "84": 225726.92301485452,
    "85": 478006.74716298777,
    "86": 707315.5525796164,
    "87": 38707.73768795579,
    "88": 653029.3426199158,
    "89": 191428.14585846616,
    "90": 288343.71287825477,
    "91": 95225.61917243327,
    "92": 708593.9894213701,
    "93": 498152.06553445663,
    "94": 692581.3098549177,
    "95": 143729.5871441946,
    "96": 28908.875997691037,
    "97": 279145.6909289639,
    "98": 150301.60101825785,
    "99": 195949.3491135408,
    "100": 182672.97600594073,
    "101": 196620.97049947904,
    "102": 152050.29684119133,
    "103": 168844.97831907225,
    "104": 360387.5520945002,
    "105": 171019.2087902977,
    "106": 400204.52413307317,
    "107": 67725.3786970653,
    "108": 450325.05128909496,
    "109": 475586.5717436093,
    "110": 376179.84279701294,
    "111": 46440.848867607616,
    "112": 140777.8413755961,
    "113": 53295.2367373201,
    "114": 156404.93071644456,
    "115": 82553.03844218429,
    "116": 388360.5169330974,
    "117": 510911.3204001363,
    "118": 402761.29325204925,
    "119": 362523.3184867388,
    "120": 222502.69314439542,
    "121": 268730.1018496055,
    "122": 75199.0714051685,
    "123": 64431.45164595444,
    "124": 34481.16845159113,
    "125": 182630.99162877083,
    "126": 82099.12930891958,
    "127": 147849.77018178243,
    "128": 270319.3554956696,
    "129": 218373.5940903122,
    "130": 343832.12460306333,
    "131": 473538.66091646504,
    "132": 78402.10261734515,
    "133": 593750.6623902029,
    "134": 145693.8061581268,
    "135": 598430.5889581663,
    "136": 11465.438838367752,
    "137": 86141.09059092515,
    "138": 285426.88145674573,
    "139": 248461.19893194918,
    "140": 457452.2084335505,
    "141": 539857.1137601038,
    "142": 112205.10730163303,
    "143": 242839.57921521494,
    "144": 686723.706739629,
    "145": 341762.43694934767,
    "146": 101412.89600533627,
    "147": 439394.76968763565,
    "148": 217265.5264754092,
    "149": 230960.0221265697,
    "150": 67529.5738352033,
    "151": 20471.806483684562,
    "152": 70289.58851492987,
    "153": 61329.594674610344,
    "154": 41359.67927664685,
    "155": 91498.60780299304,
    "156": 212744.60329454427,
    "157": 988292.4495021916,
    "158": 53083.625379543824,
    "159": 89590.57844302627,
    "160": 134728.28985310064,
    "161": 135511.1939624004,
    "162": 38012.68754088468,
    "163": 307444.3343417903,
    "164": 100291.70937989632,
    "165": 239797.21076384076,
    "166": 281734.1254956487,
    "167": 375890.51240861043,
    "168": 211492.80536440937,
    "169": 170483.9909567672,
    "170": 204453.19192962837,
    "171": 282723.6880850029,
    "172": 95050.97436985995,
    "173": 315814.5913968069,
    "174": 335701.1833142846,
    "175": 157448.39951895157,
    "176": 515825.93173073576,
    "177": 228695.0641418156,
    "178": 249041.7995181404,
    "179": 418581.2479073442,
    "180": 84783.90366418149,
    "181": 341881.3921878932,
    "182": 102020.34488046217,
    "183": 457294.9016665085,
    "184": 268769.9913576298,
    "185": 316277.8869930682,
    "186": 394666.2692668713,
    "187": 573497.1639660504,
    "188": 975507.1974324082,
    "189": 173268.72355134596,
    "190": 705648.7030008486,
    "191": 410508.6355805014,
    "192": 146980.68202747268,
    "193": 471702.0535224709,
    "194": 261212.50582184424,
    "195": 500958.66435109166,
    "196": 626640.5998375211,
    "197": 28583.901725674656,
    "198": 185831.49204573556,
    "199": 298032.5369747986,
    "200": 366109.34312843584,
    "201": 314610.4897287383,
    "202": 329875.9824195442,
    "203": 105002.95051642657,
    "204": 88461.38280757962,
    "205": 271473.3539098031,
    "206": 315195.2557231549,
    "207": 503082.74937681534,
    "208": 643328.0898730243,
    "209": 710662.623359417,
    "210": 616509.9921288828,
    "211": 460056.75257367716,
    "212": 286829.40568029555,
    "213": 196961.5362849477,
    "214": 47653.46475362236,
    "215": 532263.5618769613,
    "216": 78749.03256231007,
    "217": 194178.0608134976,
    "218": 109479.9528142476,
    "219": 130333.19682108233,
    "220": 308252.0591320467,
    "221": 411156.1048269785,
    "222": 50675.21237686184,
    "223": 72819.55332237443,
    "224": 160925.73482356218,
    "225": 167642.6586239936,
    "226": 108248.62249922751,
    "227": 188188.44609527057,
    "228": 499447.6246937517,
    "229": 234132.92179916397,
    "230": 518311.9202287672,
    "231": 138753.20292853544,
    "232": 89931.05839161237,
    "233": 268114.14815243386,
    "234": 131412.89363848028,
    "235": 121411.75364521379,
    "236": 282142.0903891022,
    "237": 580822.1623704323,
    "238": 255664.31944253555,
    "239": 53677.11848419905,
    "240": 256263.09936442418,
    "241": 319729.6029112267,
    "242": 38222.25128707146,
    "243": 258687.54146710786,
    "244": 99419.21091425182,
    "245": 199170.26128432204,
    "246": 177921.45746341656,
    "247": 105390.46017620318,
    "248": 115909.57013852002,
    "249": 143045.86989045126,
    "250": 347426.9933525158,
    "251": 272006.4126943409,
    "252": 165628.59085932275,
    "253": 939283.0569176892,
    "254": 225678.2547543995,
    "255": 453609.8836692461,
    "256": 179244.11628187582,
    "257": 377289.83837121754,
    "258": 636184.2213556287,
    "259": 406339.27587383037,
    "260": 61665.45066930507,
    "261": 484599.3198058709,
    "262": 86375.22577092957,
    "263": 301149.8859092294,
    "264": 245900.2862080388,
    "265": 373993.4838027688,
    "266": 83700.8808923797,