{
    "1": 144197.55174377447,
    "2": 234462.37943036066,
    "3": 535620.825121649,
    "4": 981078.8587613082,
    "5": 296943.60530608107,
    "6": 536253.8877539,
    "7": 455350.5422719571,
    "8": 444735.3756089962,
    "9": 335239.6229750965,
    "10": 669290.5601516243,
    "11": 527400.969603527,
    "12": 66820.26906289699,
    "13": 116805.7967868439,
    "14": 238382.04122322422,
    "15": 271962.69245372195,
    "16": 180667.5063821954,
    "17": 208952.99656629885,
    "18": 375311.75530982047,
    "19": 223105.96063483699,
    "20": 181134.95379921724,
    "21": 151199.83175264118,
    "22": 315355.5869953805,
    "23": 107926.45373975516,
    "24": 438018.3106471799,
    "25": 348452.73018918815,
    "26": 81399.3198835542,
    "27": 109468.5593288013,
    "28": 258590.2017823368,
    "29": 430357.21258929634,
    "30": 593109.1773328679,
    "31": 547890.601176905,
    "32": 454257.06395261467,
    "33": 163209.75323122295,
    "34": 205019.39732608374,
    "35": 225050.70661199102,
    "36": 259831.5716951425,
    "37": 180413.02245510055,
    "38": 72451.49685096578,
    "39": 635160.320565544,
    "40": 309757.5255575641,
    "41": 131824.1873704973,
    "42": 131107.44990141448,
    "43": 178952.6699441777,
    "44": 164542.14448319937,
    "45": 149081.6170273025,
    "46": 217213.58140375128,
    "47": 394290.2349369218,
    "48": 217992.9058253003,
    "49": 104794.25328803381,
    "50": 72835.93018818871,
    "51": 472301.0179837969,
    "52": 251156.67555673735,
    "53": 227850.95765510862,
    "54": 88689.60895772243,
    "55": 818587.887238391,
    "56": 271667.9447178809,
    "57": 52423.1211196289,
    "58": 497104.250514433,
    "59": 199169.52682072253,
    "60": 167668.53815388406,
    "61": 244724.92219118477,
    "62": 73545.91716597568,
    "63": 544614.122183925,
    "64": 353808.0747981484,
    "65": 236121.59494179292,
    "66": 63749.30155397718,
    "67": 338502.59238862636,
    "68": 351984.8264649169,
    "69": 451297.55070855794,
    "70": 444629.2763257398,
    "71": 65950.82107162623,
    "72": 375903.9800952243,
    "73": 123363.28523482966,
    "74": 115030.89834118723,
    "75": 231594.63147198825,
    "76": 200477.7830350588,
    "77": 904305.185200193,
    "78": 181776.21652212617,
    "79": 5949.709411448506,
    "80": 402963.5335150218,
    "81": 440266.56584656466,
    "82": 67438.19023372978,
    "83": 196715.20967772874,
    "84": 272109.98670503945,
    "85": 86600.25438642898,
    "86": 236653.1276660084,
    "87": 629074.4743288998,
    "88": 277723.2427414262,
    "89": 167910.71601501614,
    "90": 158161.71156936037,
    "91": 770146.4550265557,
    "92": 63093.04298587246,
    "93": 182968.1865003843,
    "94": 172893.93049768865,
    "95": 65463.65942588356,
    "96": 374539.26343013573,
    "97": 290373.5034061286,
    "98": 191341.1891844932,
    "99": 525555.601295375,
    "100": 280469.4707442966,
    "101": 259720.57620383793,
    "102": 383749.57962713414,
    "103": 67760.68085591764,
    "104": 152000.96658015865,
    "105": 976350.7857640642,
    "106": 427466.4191960025,
    "107": 118019.74772421124,
    "108": 294336.2369213604,
    "109": 140304.83804408167,
    "110": 213408.692386838,
    "111": 277521.8791401093,
    "112": 356711.7604176131,
    "113": 579945.2954747153,
    "114": 98339.2094159414,
    "115": 371189.36024598684,
    "116": 296617.7389240537,
    "117": 306754.3573378371,
    "118": 147487.09046470016,
    "119": 537205.9563526525,
    "120": 265819.35112679156,
    "121": 307443.05430313677,
    "122": 296982.5121074341,
    "123": 365415.16393312,
    "124": 268258.4698456078,
    "125": 58005.625750201754,
    "126": 72308.7978230465,
    "127": 84851.45352051638,
    "128": 82544.40496236061,
    "129": 127088.90417554016,
    "130": 85880.39834710768,
    "131": 49125.39080679609,
    "132": 233904.7446574064,
    "133": 340500.1555796575,
    "134": 428125.48323388764,
    "135": 420032.6561864185,
    "136": 803512.2637851007,
    "137": 180408.51845794712,
    "138": 178087.635730553,
    "139": 96184.56950951366,
    "140": 844116.718384868,
    "141": 121258.23728329914,
    "142": 119540.16856547198,
    "143": 702695.540843947,
    "144": 108486.96991702606,
    "145": 133401.44244879554,
    "146": 104435.19169279656,
    "147": 414143.7043042483,
    "148": 869330.7836423366,
    "149": 335786.31862903584,
    "150": 287579.0238939072,
    "151": 55788.04842606348,
    "152": 226927.0097900632,
    "153": 434965.20347008226,
    "154": 199629.03779540455,
    "155": 349001.41896157037,
    "156": 265089.23077977845,
    "157": 165365.935109456,
    "158": 68478.97341533987,
    "159": 221510.31783853483,
    "160": 94320.30448154277,
    "161": 325490.90889236267,
    "162": 136298.86948712476,
    "163": 573439.6682150655,
    "164": 356166.27327057277,
    "165": 44434.61798944063,
    "166": 420932.53412677423,
    "167": 225637.2962591745,
    "168": 396731.3472791504,
    "169": 409028.0893303501,
    "170": 122829.68486716007,
    "171": 9864.17430362187,
    "172": 340595.9390754938,
    "173": 249370.07047261798,
    "174": 41388.61699315582,
    "175": 207152.62450486794,
    "176": 189180.66519325593,
    "177": 324865.6665598916,
    "178": 850652.2511764092,
    "179": 278300.9665934064,
    "180": 335106.4827739621,
    "181": 71634.82977684826,
    "182": 279082.87313526054,
    "183": 101584.35132806827,
    "184": 202761.2740839699,
    "185": 257271.30195724915,
    "186": 183161.64219420566,
    "187": 159563.38828339856,
    "188": 516192.41518941097,
    "189": 114186.29395046298,
    "190": 134242.80806080412,
    "191": 231513.18552304446,
    "192": 314775.32212617376,
    "193": 552516.7540063611,
    "194": 115385.96088282819,
    "195": 739678.8312292661,
    "196": 272686.7640543563,
    "197": 314195.00396770745,
    "198": 263102.35312355414,
    "199": 67022.3170552186,
    "200": 141207.66659766727,
    "201": 411710.4625834516,
    "202": 173293.02661482355,
    "203": 244572.870026263,
    "204": 61323.02046610807,
    "205": 134811.52743490716,
    "206": 62844.513972426656,
    "207": 127309.26821984717,
    "208": 498887.8567784612,
    "209": 116428.12324011375,
    "210": 413085.3696235645,
    "211": 110734.57579869851,
    "212": 201586.75635386244,
    "213": 318049.13317559776,
    "214": 235192.84771856753,
    "215": 721627.5406740186,
    "216": 298536.94634185743,
    "217": 218011.36254487987,
    "218": 150982.74786875347,
    "219": 578536.6637934492,
    "220": 496194.6154275688,
    "221": 404960.871354852,
    "222": 49606.15127528968,
    "223": 819014.0171168807,
    "224": 143508.08557467075,
    "225": 400420.7394202073,
    "226": 192122.92836965865,
    "227": 139445.98751414727,
    "228": 43882.06987939897,
    "229": 710424.0749582398,
    "230": 356008.891113881,
    "231": 301949.5345474651,
    "232": 111069.92509245538,
    "233": 159956.20101754635,
    "234": 469450.8002472188,
    "235": 151946.74011059958,
    "236": 333873.03133997816,
    "237": 327329.24737718765,
    "238": 374983.426384681,
    "239": 261951.2164550183,
    "240": 179830.86956474726,
    "241": 109608.30548016027,
    "242": 94793.51410409818,
    "243": 301825.5292835409,
    "244": 344401.7748350356,
    "245": 777022.7112217147,
    "246": 271625.5052629885,
    "247": 543350.9641041739,
    "248": 67172.02636576063,
    "249": 206645.57816695908,
    "250": 175764.95857210373,
    "251": 76898.84940257616,
    "252": 143560.32984735072,
    "253": 91670.37126195806,
    "254": 183669.8506060252,
    "255": 202724.07195139403,
    "256": 312236.7207871746,
    "257": 221456.58370999637,
    "258": 64966.1032738401,
    "259": 410713.45579793304,
    "260": 30392.627327064343,
    "261": 157754.83371658105,
    "262": 178695.7722518247,
    "263": 290102.2421491571,
    "264": 494258.5450036807,
    "265": 400752.1052760744,
    "266": 166618.2757199259,
    "267": 294791.3513871133,