obj,time,mip_gap
2997811.5039747534,0.016978899999999797,
