obj,time,mip_gap
2999985.6210384862,0.0130340000000011,
