obj,time,mip_gap
2999238.4773177924,0.012467199999999679,
