obj,time,mip_gap
2759908.01574866,0.010364800000001395,
