obj,time,mip_gap
2783934.809599192,0.010186700000000215,
