obj,time,mip_gap
2747657.7171169324,0.010985999999999052,
