obj,time,mip_gap
2978653.357550685,0.003414499999999876,
