obj,time,mip_gap
2978653.357550685,0.005464899999999773,
