obj,time,mip_gap
2987604.269233742,0.0033351999999986504,
