obj,time,mip_gap
2923085.899613276,0.0112729999999992,
