obj,time,mip_gap
2893471.954343586,0.015459800000000357,
