obj,time,mip_gap
2919932.830846651,0.011685399999997514,
