obj,time,mip_gap
2972086.865576017,0.01321139999999943,
