obj,time,mip_gap
2874638.404749275,0.019179099999998783,
