obj,time,mip_gap
2885774.326404823,0.021484799999999638,
