obj,time,mip_gap
2768709.172173198,0.013034700000000399,
