obj,time,mip_gap
2760855.587201925,0.013588800000000845,
