obj,time,mip_gap
2782498.0433576666,0.014197899999999208,
