obj,time,mip_gap
2612465.5882670945,0.010571300000002282,
