obj,time,mip_gap
2665725.678785474,0.014375400000000482,
