obj,time,mip_gap
2607399.0858215387,0.01138400000000317,
