obj,time,mip_gap
3145467.7045949777,0.024368199999999618,
