obj,time,mip_gap
3117361.1502412716,0.02272609999999986,
