obj,time,mip_gap
3114192.0020676386,0.023687899999998763,
