obj,time,mip_gap
3101808.556094261,0.016262800000003352,
