obj,time,mip_gap
3043562.9188309554,0.018240399999999823,
