obj,time,mip_gap
3130486.9236930916,0.014967299999998573,
