obj,time,mip_gap
2851723.9741846207,0.013110799999999756,
