obj,time,mip_gap
2850699.544310651,0.01245270000000076,
