obj,time,mip_gap
2964867.8034683717,0.010557799999999062,
