obj,time,mip_gap
2996356.12824673,0.013552100000000067,
