obj,time,mip_gap
2975326.22425511,0.012889299999997661,
