obj,time,mip_gap
2970280.775549471,0.01290260000000032,
