obj,time,mip_gap
2873095.001180229,0.011323099999998476,
