obj,time,mip_gap
2874824.0915927305,0.010961899999998082,
