obj,time,mip_gap
2946097.6449576714,0.02218580000000081,
