obj,time,mip_gap
2968388.5289297006,0.014586300000001273,
