obj,time,mip_gap
2753038.7642353335,0.03188770000000041,
