obj,time,mip_gap
2960934.0688089,0.014888299999999077,
