obj,time,mip_gap
2910926.024248224,0.006533899999997317,
