obj,time,mip_gap
2908006.566365706,0.006761599999997259,
