obj,time,mip_gap
2903501.459846562,0.010389299999999935,
