obj,time,mip_gap
2793563.591824818,0.01644600000000196,
