obj,time,mip_gap
2800647.3683296735,0.01880539999999975,
