obj,time,mip_gap
2791112.3782830527,0.01623249999999743,
