obj,time,mip_gap
2878425.0312632443,0.01920300000000097,
