obj,time,mip_gap
2918469.8531384454,0.021033800000001435,
