obj,time,mip_gap
2881314.570768245,0.019609599999999006,
