obj,time,mip_gap
3223660.0733594894,0.009902700000001374,
