obj,time,mip_gap
3226302.0932093356,0.013929900000000828,
