obj,time,mip_gap
3224274.34414016,0.00992079999999973,
