obj,time,mip_gap
2758047.7376710717,0.024682800000000782,
