obj,time,mip_gap
2760930.4352269415,0.023953800000001024,
