obj,time,mip_gap
2929278.723533403,0.018969699999999534,
