obj,time,mip_gap
2976629.1787175043,0.013586600000000004,
