obj,time,mip_gap
2976443.6528125657,0.013489999999997337,
