obj,time,mip_gap
2964481.3695918173,0.014418500000001444,
