obj,time,mip_gap
2826349.285903439,0.010539900000001268,
