obj,time,mip_gap
2832856.3700497686,0.010338499999999584,
