obj,time,mip_gap
2843957.3445873973,0.013597700000000046,
