obj,time,mip_gap
3013737.1181262145,0.011267099999997754,
