obj,time,mip_gap
3019096.6923379526,0.011119700000001842,
