obj,time,mip_gap
3031387.5738383764,0.012024100000001425,
