obj,time,mip_gap
3052607.7821729826,0.01688090000000031,
