obj,time,mip_gap
3062504.192819237,0.01757950000000008,
