obj,time,mip_gap
2984607.438207674,0.017421800000001042,
