obj,time,mip_gap
3149635.5545004345,0.009211100000001693,
