obj,time,mip_gap
3149146.350893943,0.00984719999999939,
