obj,time,mip_gap
3128701.464733441,0.018220900000001095,
