obj,time,mip_gap
3144604.5197986113,0.015891200000002215,
