obj,time,mip_gap
3061926.5327446647,0.010868600000000228,
