obj,time,mip_gap
3154579.0617709146,0.017199900000001378,
