obj,time,mip_gap
3125717.30257692,0.015341899999999242,
