obj,time,mip_gap
3146630.5787842916,0.014248999999999512,
