obj,time,mip_gap
3182774.97392652,0.012732600000001426,
