obj,time,mip_gap
2704205.859496193,0.015087800000003426,
