obj,time,mip_gap
2703736.4950763453,0.016185899999999975,
