obj,time,mip_gap
2692825.06614375,0.015303100000000569,
