obj,time,mip_gap
3039832.2619381025,0.009349300000000227,
