obj,time,mip_gap
3018639.17672576,0.012520500000000823,
