obj,time,mip_gap
3013319.6094335783,0.01268879999999939,
