obj,time,mip_gap
2689360.401122614,0.01482209999999995,
