obj,time,mip_gap
2674448.102461744,0.01705700000000121,
