obj,time,mip_gap
2677495.987014149,0.01891170000000031,
