obj,time,mip_gap
2483490.4607034265,0.017237800000000192,
