obj,time,mip_gap
2484583.876548077,0.016373999999999,
