obj,time,mip_gap
2516846.207315707,0.01801429999999904,
