obj,time,mip_gap
2850647.207075295,0.01067989999999952,
