obj,time,mip_gap
2843312.2733689835,0.011196699999999282,
