obj,time,mip_gap
2976992.451802644,0.011030200000000434,
