obj,time,mip_gap
381065.0530110506,554.3181354999979,0.04764414423701133
