,cap_rev,cap_rev,cap_rev,cap_rev,cap_rev,cap_rev
time,1,2,3,4,5,6
room,,,,,,
1,20.0,20.0,6.999999999999966,6.999999999999979,3.0000000000000515,5.0
2,10.0,0.0,1.3433698597964394e-14,2.5757174171303632e-14,0.0,3.0
