obj,time,mip_gap
349306.7230152364,630.2571260000041,0.04797150584731657
