,cap_rev,cap_rev,cap_rev,cap_rev,cap_rev,cap_rev
time,1,2,3,4,5,6
room,,,,,,
1,10.0,10.0,10.0,7.0,12.0,12.0
2,10.0,2.9999999999999964,2.9999999999999964,3.0,2.0,2.9999999999999964
