obj,time,mip_gap
357604.26616058324,229.2628024000005,0.04861207931539599
