obj,time,mip_gap
324451.2917844472,84.9068707999977,0.04951653246290214
