,cap_rev,cap_rev,cap_rev,cap_rev,cap_rev,cap_rev
time,1,2,3,4,5,6
room,,,,,,
1,19.0,1.999999999999993,2.0000000000000075,2.0,2.0,2.0
2,10.0,0.0,0.0,0.0,-0.0,0.0
