obj,time,mip_gap
276396.6761931412,125.96044039999833,0.03175289398252634
