obj,time,mip_gap
316008.6103004958,193.73007669999788,0.04008038884570463
