obj,time,mip_gap
295300.8070538272,226.8785973999984,0.04011781329457025
