,cap_rev,cap_rev,cap_rev,cap_rev,cap_rev,cap_rev
time,1,2,3,4,5,6
room,,,,,,
1,19.0,10.000000000000009,10.0,10.0,10.0,20.0
2,10.0,2.9999999999999964,3.0,3.0,2.0,5.0
