obj,time,mip_gap
308339.4475200289,308.99988320000557,0.04179971460292471
