,cap_rev,cap_rev,cap_rev,cap_rev,cap_rev,cap_rev
time,1,2,3,4,5,6
room,,,,,,
1,20.0,19.0,20.0,10.999999999999995,11.0,7.999999999999993
2,3.0,3.0,3.0,1.0,1.0,1.0
