obj,time,mip_gap
342990.45984512684,170.22538670000358,0.03527155258518807
