obj,time,mip_gap
376296.76361250796,598.0077000000019,0.04978268092588433
