obj,time,mip_gap
341194.2505451469,0.9130392999999941,0.0
