obj,time,mip_gap
364373.02714967815,0.9487900999999965,0.039325802470705766
