obj,time,mip_gap
381020.41708259,0.9820018000000061,0.002353385666405965
