obj,time,mip_gap
395900.24380762037,0.9435542999999882,0.04183473167097281
