obj,time,mip_gap
447495.1988210474,0.9243724999999898,2.6014876167082433e-16
