obj,time,mip_gap
360808.67449533485,1.080338999999995,0.0
