obj,time,mip_gap
297540.0553318555,0.8346177999999895,0.0
