obj,time,mip_gap
440951.4181069629,0.9780293999999969,2.640094056771932e-16
