obj,time,mip_gap
446791.3187203666,0.9384452000000039,0.0
