obj,time,mip_gap
364037.07430329896,1.026921999999999,0.04048812139250655
