{
    "1": 59144.57609173527,
    "2": 21312.381915124974,
    "3": 62022.73097498242,
    "4": 34749.969667059675,
    "5": 153184.48360237878
}