{
    "1": 39164.96325117474,
    "2": 26093.608077382527,
    "3": 23915.16791807628,
    "4": 65877.64534091298,
    "5": 46560.49503842439,
    "6": 31469.501354954165,
    "7": 24558.84428258588,
    "8": 52824.883601446345,
    "9": 53473.5102361856,
    "10": 44447.35172351295,
    "11": 46437.27828773218,
    "12": 71180.97693728266
}