{
    "1": 16630.119476022723,
    "2": 84817.033341803,
    "3": 75722.43893005197,
    "4": 46942.78639572507,
    "5": 26662.91364236122,
    "6": 16331.317619357475,
    "7": 88938.5510282058,
    "8": 23087.441159145703,
    "9": 67682.03041258332
}