{
    "1": 43345.18750451656,
    "2": 46859.9628413002,
    "3": 58050.59039525706,
    "4": 41421.78780328235,
    "5": 21573.305560508375,
    "6": 58694.17048974481,
    "7": 45473.102851781696,
    "8": 32319.73465042338,
    "9": 62875.61316547314,
    "10": 28780.956216417613,
    "11": 23900.511470769703
}