{
    "1": 75843.64474165464,
    "2": 95231.79182152897,
    "3": 48258.94464621827,
    "4": 38059.07585007368,
    "5": 47840.723017010496,
    "6": 26338.42375894162,
    "7": 51735.59838545334
}