{
    "1": 89664.36444520502,
    "2": 102961.93977970349,
    "3": 112786.0306298702,
    "4": 18179.637299665417,
    "5": 28207.48582579071,
    "6": 20736.400552465493,
    "7": 16502.472414795044,
    "8": 37653.99358140583,
    "9": 35542.4853986748
}