{
    "1": 63563.47273048142,
    "2": 21669.289694786512,
    "3": 21164.823110746693,
    "4": 128205.88563190961,
    "5": 28017.811021219273,
    "6": 77587.63518039676,
    "7": 21784.076159523844,
    "8": 63994.942298806396,
    "9": 27646.99342059352,
    "10": 93998.07724160953
}