{
    "1": 34199.619821770066,
    "2": 91687.2666434035,
    "3": 95038.95774949768,
    "4": 42519.91872314751,
    "5": 51354.61501420481,
    "6": 29017.55306077857,
    "7": 26703.175844068202,
    "8": 88739.08694349762
}