{
    "1": 24136.520947194338,
    "2": 43312.28133431247,
    "3": 51109.32571196132,
    "4": 108761.27914571551,
    "5": 33651.16525334263,
    "6": 34045.105013644505,
    "7": 27017.596327283452,
    "8": 55048.44361482754,
    "9": 30296.912746270944
}