time,obj
0.3196173999999985,173242.20029730405
0.2435481000000017,174118.5490971698
0.2321774000000012,193919.08804738044
0.2220784000000009,200935.09810520004
0.19314699999999974,162060.3599301911
