obj,time,mip_gap
371892.9079504991,0.0018459999999997923,
