obj,time,mip_gap
409526.2013241581,0.0015473999999999766,
