obj,time,mip_gap
397851.2511634908,0.0018321999999999505,
