obj,time,mip_gap
287366.61725117377,0.0030689999999999884,
