obj,time,mip_gap
489114.8556376958,0.001730199999999904,
