obj,time,mip_gap
371954.17509171984,0.002001900000000001,
