obj,time,mip_gap
311604.79741128866,0.0018717000000001427,
