obj,time,mip_gap
537675.4198303737,0.0008318000000000492,
