obj,time,mip_gap
451998.3116744935,0.0013513999999998916,
