obj,time,mip_gap
397823.44179386477,0.001385399999999981,
