obj,time,mip_gap
422437.59448589466,1160.9724906000047,0.04988280366586415
