obj,time,mip_gap
378399.4986702922,3794.6005993,0.04972759141608887
