obj,time,mip_gap
399749.1602871134,483.5848301000078,0.04923503169024814
