obj,time,mip_gap
356922.7710051867,672.7685882000078,0.049900320320400496
