obj,time,mip_gap
302709.74689874164,414.25662680000823,0.04884689119003317
