obj,time,mip_gap
362557.34988555184,263.42256479999924,0.04277920248819801
