obj,time,mip_gap
329655.8912313744,505.2787553000089,0.047144600635886345
