obj,time,mip_gap
366810.3174748311,870.917008999997,0.04534546442694137
