obj,time,mip_gap
393187.1494223204,194.27181259999634,0.04937889818689144
