obj,time,mip_gap
398951.6252842655,10866.718328000003,0.08636208149075893
