obj,time,mip_gap
334036.32931741874,0.0018482999999998029,
