obj,time,mip_gap
408680.4558823497,0.0014053000000000537,
