obj,time,mip_gap
372038.4523448192,0.0014884000000003894,
