obj,time,mip_gap
446557.8128592343,0.0014108000000003784,
