obj,time,mip_gap
467977.807136858,0.0018861000000001127,
