obj,time,mip_gap
339758.0426223885,0.001745600000000458,
