obj,time,mip_gap
239564.1223935928,0.0013158999999998144,
