obj,time,mip_gap
514215.79113603604,0.0011137000000003283,
