obj,time,mip_gap
469809.52825933596,0.0015140000000002374,
