obj,time,mip_gap
391282.0861753909,0.0018421000000001797,
