{
    "1": 0.11408499179248094,
    "2": 0.08863834082687519,
    "3": 0.0943688382376349,
    "4": 0.08210915518130035,
    "5": 0.08537316143061419,
    "6": 0.08840307318531188,
    "7": 0.10350565397284343,
    "8": 0.09928185055515498
}