{
    "1": 0.11083439973162458,
    "2": 0.1102751052586409,
    "3": 0.11100045055766562,
    "4": 0.09646716954403509,
    "5": 0.10424937642050866,
    "6": 0.09754984940983205,
    "7": 0.10249613949877832
}