{
    "1": 0.08535240613948736,
    "2": 0.09225972380118659,
    "3": 0.08393021920944407,
    "4": 0.08672360915101764,
    "5": 0.10608912410430711,
    "6": 0.10301115173293224,
    "7": 0.09997087194592326
}