{
    "1": 0.08581960301323946,
    "2": 0.10473861876177565,
    "3": 0.1102310855525568,
    "4": 0.10291710895079499,
    "5": 0.1083744642643013,
    "6": 0.08038783288220509,
    "7": 0.08967903394627806
}