{
    "1": 0.11021363330502291,
    "2": 0.10230752612398154,
    "3": 0.11254226140202572,
    "4": 0.08821991150010178,
    "5": 0.08369202519293187
}