{
    "1": 0.11005993768781014,
    "2": 0.11202489507425863,
    "3": 0.1183467202644359,
    "4": 0.11964519780015583,
    "5": 0.1066402538168253,
    "6": 0.09524021384242906,
    "7": 0.11562430963069295,
    "8": 0.0849968981456608,
    "9": 0.11500414202249767
}