{
    "1": 0.11496111418778693,
    "2": 0.09409555272524797,
    "3": 0.10560090525152141,
    "4": 0.10250808920987342,
    "5": 0.08412117880039725,
    "6": 0.11778890086965137
}