{
    "1": 0.11909042013741693,
    "2": 0.08582365990530423,
    "3": 0.09723585989794804,
    "4": 0.11866472030038375,
    "5": 0.0930844223708222,
    "6": 0.10608501617620694,
    "7": 0.1141098407076111,
    "8": 0.11577933464265955
}