{
    "1": 0.09386382259350355,
    "2": 0.10346787118203415,
    "3": 0.10184629303646675,
    "4": 0.08373386429488341,
    "5": 0.1055659872239933
}