{
    "1": 0.10094011963895831,
    "2": 0.11284488410233261,
    "3": 0.08341243823743612,
    "4": 0.08949530791560512,
    "5": 0.08582715918476413
}