time,obj
0.15884569999999876,161369.17053905976
0.15569589999999955,96375.51171678083
0.15314280000000124,110551.19776325171
0.15225039999999979,132608.79758586115
0.18567640000000019,75237.75772723227
