time,obj
0.24167570000000005,207280.31861841335
0.24061080000000068,65622.55643358706
0.23853480000000005,79832.01018253432
0.2725768999999989,123117.29146499097
0.24400639999999996,42679.63661809327
