obj,time,mip_gap
1906091.3291640696,0.01515889999999942,
