obj,time,mip_gap
2032201.0052148402,0.019545800000000058,
