obj,time,mip_gap
1904938.9911947148,0.01467010000000002,
