obj,time,mip_gap
1861018.6436530687,0.014452500000000867,
