obj,time,mip_gap
2031055.1850408355,0.022107600000000005,
