obj,time,mip_gap
1861727.039964269,0.013195099999999016,
