obj,time,mip_gap
2067859.014299355,0.010887699999997835,
