obj,time,mip_gap
2067129.7384426729,0.010151999999999717,
