obj,time,mip_gap
2121206.157255402,0.011169100000000043,
