obj,time,mip_gap
2054696.3805861499,0.012279500000001775,
