obj,time,mip_gap
2054277.243290131,0.011167399999999716,
