obj,time,mip_gap
2085196.3964440818,0.011789499999999897,
