obj,time,mip_gap
1954672.7139550536,0.012350800000000106,
