obj,time,mip_gap
1953766.6830513976,0.011133000000000948,
