obj,time,mip_gap
2292822.133384669,0.015359599999999585,
