obj,time,mip_gap
1985114.544653982,0.016858299999999993,
