obj,time,mip_gap
1936332.0228425236,0.013247100000000955,
