obj,time,mip_gap
1943483.8968179317,0.013544500000001847,
