obj,time,mip_gap
1613446.1403344646,0.016178200000002363,
