obj,time,mip_gap
1615657.609405866,0.015439399999998216,
