obj,time,mip_gap
1610810.302807882,0.016747399999999857,
