obj,time,mip_gap
2381459.8662121827,0.015723000000001264,
