obj,time,mip_gap
2381836.4997991803,0.01694119999999799,
