obj,time,mip_gap
2367883.0238913335,0.02836280000000002,
