obj,time,mip_gap
2345969.777982584,0.014018100000001255,
