obj,time,mip_gap
2351793.2105808095,0.014401299999999395,
