obj,time,mip_gap
2202585.6987332194,0.008528399999999436,
