obj,time,mip_gap
2351659.8921805187,0.009846800000000044,
