obj,time,mip_gap
2195035.5348068974,0.008002600000001081,
