obj,time,mip_gap
2135847.50590509,0.009768000000001109,
