obj,time,mip_gap
2179700.8983325926,0.014588899999999683,
