obj,time,mip_gap
2136729.1169876996,0.010276999999998537,
