obj,time,mip_gap
2170682.8754202216,0.02027050000000008,
