obj,time,mip_gap
1989479.7229894614,0.011404699999999934,
