obj,time,mip_gap
1990960.5243022982,0.012385500000000604,
