obj,time,mip_gap
2067434.9065254102,0.01295769999999985,
