obj,time,mip_gap
2155377.947031161,0.013715799999999945,
