obj,time,mip_gap
2147480.0251423516,0.013026299999999935,
