obj,time,mip_gap
1990893.9235030082,0.00912089999999921,
