obj,time,mip_gap
1993392.3653141197,0.008972800000002223,
