obj,time,mip_gap
2013227.0389498826,0.010833700000000057,
