obj,time,mip_gap
1830774.8598580025,0.012422000000000821,
