obj,time,mip_gap
1825365.0292566535,0.01585660000000022,
