obj,time,mip_gap
1831114.5882108966,0.01351980000000097,
