obj,time,mip_gap
2262905.423062349,0.022334400000000088,
