obj,time,mip_gap
2111257.391138167,0.013560699999999315,
