obj,time,mip_gap
2113384.630278123,0.014584899999999124,
