obj,time,mip_gap
2614866.0341422004,0.009248600000002938,
