obj,time,mip_gap
2821708.7032570723,0.009117400000000053,
