obj,time,mip_gap
2616871.232331936,0.008493699999998938,
