obj,time,mip_gap
1806916.7111366577,0.025604599999997646,
