obj,time,mip_gap
1806528.8940121785,0.02715299999999843,
