obj,time,mip_gap
2143042.4036420668,0.017670199999999525,
