obj,time,mip_gap
2283857.873244152,0.01120000000000232,
