obj,time,mip_gap
2283780.732189946,0.016035900000000325,
