obj,time,mip_gap
2283780.732189946,0.011769900000000888,
