obj,time,mip_gap
2290329.6940808254,0.015153399999999984,
