obj,time,mip_gap
2038079.121513715,0.010512799999997213,
