obj,time,mip_gap
2041772.9104071886,0.01105619999999874,
