obj,time,mip_gap
2172113.5654166127,0.013808499999999668,
