obj,time,mip_gap
2172042.289318357,0.011870399999999393,
