obj,time,mip_gap
2172113.5654166127,0.01531530000000103,
