obj,time,mip_gap
2227119.818894069,0.02471950000000067,
