obj,time,mip_gap
1890388.9054034208,0.019193500000000085,
