obj,time,mip_gap
1890363.8456247486,0.025075900000000928,
