obj,time,mip_gap
2322976.306375836,0.013605099999999481,
