obj,time,mip_gap
2323027.6858516685,0.015716000000001173,
