obj,time,mip_gap
2568249.6586473803,0.014528199999999991,
