obj,time,mip_gap
2491951.3941093846,0.015479299999999085,
