obj,time,mip_gap
2490296.334192745,0.014868400000001003,
