obj,time,mip_gap
2506290.441667677,0.017707999999999835,
