obj,time,mip_gap
2472006.529906997,0.020783600000000124,
