obj,time,mip_gap
2439836.4683246943,0.01743619999999879,
