obj,time,mip_gap
2441959.756131218,0.019821200000002648,
