obj,time,mip_gap
2048236.9096093713,0.02504140000000099,
