obj,time,mip_gap
2048642.4139917623,0.02756559999999908,
