obj,time,mip_gap
2092205.3247944056,0.025599499999999997,
