obj,time,mip_gap
2164393.150856118,0.0327688999999971,
