obj,time,mip_gap
2182737.1839625244,0.033137399999999984,
