obj,time,mip_gap
2161529.4616098525,0.025980800000001025,
