obj,time,mip_gap
1691655.0479757574,0.022403699999999915,
