obj,time,mip_gap
1627298.8871182934,0.030319899999998512,
