obj,time,mip_gap
1627967.6089926776,0.03169099999999858,
