obj,time,mip_gap
1574542.5868186129,0.013047599999999937,
