obj,time,mip_gap
1535109.1742710476,0.015143800000000596,
