obj,time,mip_gap
1534901.5816148967,0.0154330999999992,
