obj,time,mip_gap
2156614.5033135526,0.016770600000000968,
