obj,time,mip_gap
2150858.1754955887,0.016057199999998772,
