obj,time,mip_gap
2242315.90170661,0.01596239999999982,
