time,obj
0.14065489999999992,180622.759949154
0.14476109999999998,154386.5787859713
0.14172499999999988,107867.02332435394
0.13045229999999997,164991.82752539596
0.15058459999999974,164356.95637154553
