time,obj
0.15229280000000012,109707.29055095385
0.16171549999999968,166735.18216333812
0.15368020000000016,137080.36965279677
0.15479850000000006,173578.130517928
0.1510092000000003,153429.00508315442
