time,obj
0.5374628000000001,144019.5148235968
0.33780009999999905,195611.78180240927
0.3322320000000012,171991.19787573352
0.5632069999999985,216050.9826334077
0.3357783999999988,194733.14562923578
