obj,time,mip_gap
2879230.085354252,0.013217199999999707,
