obj,time,mip_gap
3243790.2382955574,0.011218799999999973,
