obj,time,mip_gap
3131213.7398670334,0.007256599999999835,
