obj,time,mip_gap
2848884.1157480236,0.023693100000000022,
