obj,time,mip_gap
3117845.2969864816,0.022726800000000047,
