time,obj
0.9317469999999979,195350.51157809215
0.3469611999999991,72362.63198865774
0.3386767000000006,86331.21638053903
0.5582557000000001,123639.42926886608
0.33991359999999915,51606.94245304068
