{
    "1": {
        "1": {
            "1": {
                "quantity": 0,
                "prob": 0.02824752489999998
            },
            "2": {
                "quantity": 1,
                "prob": 0.12106082099999989
            },
            "3": {
                "quantity": 2,
                "prob": 0.2334744405000001
            },
            "4": {
                "quantity": 3,
                "prob": 0.26682793199999977
            },
            "5": {
                "quantity": 4,
                "prob": 0.2001209489999999
            },
            "6": {
                "quantity": 5,
                "prob": 0.10291934519999989
            },
            "7": {
                "quantity": 6,
                "prob": 0.036756908999999956
            },
            "8": {
                "quantity": 7,
                "prob": 0.009001691999999992
            },
            "9": {
                "quantity": 8,
                "prob": 0.0014467004999999982
            },
            "10": {
                "quantity": 9,
                "prob": 0.00013778099999999988
            },
            "11": {
                "quantity": 10,
                "prob": 5.9048999999999975e-06
            }
        },
        "2": {
            "1": {
                "quantity": 0,
                "prob": 0.02824752489999998
            },
            "2": {
                "quantity": 1,
                "prob": 0.12106082099999989
            },
            "3": {
                "quantity": 2,
                "prob": 0.2334744405000001
            },
            "4": {
                "quantity": 3,
                "prob": 0.26682793199999977
            },
            "5": {
                "quantity": 4,
                "prob": 0.2001209489999999
            },
            "6": {
                "quantity": 5,
                "prob": 0.10291934519999989
            },
            "7": {
                "quantity": 6,
                "prob": 0.036756908999999956
            },
            "8": {
                "quantity": 7,
                "prob": 0.009001691999999992
            },
            "9": {
                "quantity": 8,
                "prob": 0.0014467004999999982
            },
            "10": {
                "quantity": 9,
                "prob": 0.00013778099999999988
            },
            "11": {
                "quantity": 10,
                "prob": 5.9048999999999975e-06
            }
        },
        "3": {
            "1": {
                "quantity": 0,
                "prob": 0.02824752489999998
            },
            "2": {
                "quantity": 1,
                "prob": 0.12106082099999989
            },
            "3": {
                "quantity": 2,
                "prob": 0.2334744405000001
            },
            "4": {
                "quantity": 3,
                "prob": 0.26682793199999977
            },
            "5": {
                "quantity": 4,
                "prob": 0.2001209489999999
            },
            "6": {
                "quantity": 5,
                "prob": 0.10291934519999989
            },
            "7": {
                "quantity": 6,
                "prob": 0.036756908999999956
            },
            "8": {
                "quantity": 7,
                "prob": 0.009001691999999992
            },
            "9": {
                "quantity": 8,
                "prob": 0.0014467004999999982
            },
            "10": {
                "quantity": 9,
                "prob": 0.00013778099999999988
            },
            "11": {
                "quantity": 10,
                "prob": 5.9048999999999975e-06
            }
        },
        "4": {
            "1": {
                "quantity": 0,
                "prob": 0.02824752489999998
            },
            "2": {
                "quantity": 1,
                "prob": 0.12106082099999989
            },
            "3": {
                "quantity": 2,
                "prob": 0.2334744405000001
            },
            "4": {
                "quantity": 3,
                "prob": 0.26682793199999977
            },
            "5": {
                "quantity": 4,
                "prob": 0.2001209489999999
            },
            "6": {
                "quantity": 5,
                "prob": 0.10291934519999989
            },
            "7": {
                "quantity": 6,
                "prob": 0.036756908999999956
            },
            "8": {
                "quantity": 7,
                "prob": 0.009001691999999992
            },
            "9": {
                "quantity": 8,
                "prob": 0.0014467004999999982
            },
            "10": {
                "quantity": 9,
                "prob": 0.00013778099999999988
            },
            "11": {
                "quantity": 10,
                "prob": 5.9048999999999975e-06
            }
        }
    },
    "2": {
        "1": {
            "1": {
                "quantity": 0,
                "prob": 0.44370531249999995
            },
            "2": {
                "quantity": 1,
                "prob": 0.39150468749999984
            },
            "3": {
                "quantity": 2,
                "prob": 0.13817812499999996
            },
            "4": {
                "quantity": 3,
                "prob": 0.024384374999999972
            },
            "5": {
                "quantity": 4,
                "prob": 0.0021515624999999994
            },
            "6": {
                "quantity": 5,
                "prob": 7.593749999999998e-05
            },
            "7": {
                "quantity": 6,
                "prob": 0.0
            },
            "8": {
                "quantity": 7,
                "prob": 0.0
            },
            "9": {
                "quantity": 8,
                "prob": 0.0
            },
            "10": {
                "quantity": 9,
                "prob": 0.0
            },
            "11": {
                "quantity": 10,
                "prob": 0.0
            }
        },
        "2": {
            "1": {
                "quantity": 0,
                "prob": 0.44370531249999995
            },
            "2": {
                "quantity": 1,
                "prob": 0.39150468749999984
            },
            "3": {
                "quantity": 2,
                "prob": 0.13817812499999996
            },
            "4": {
                "quantity": 3,
                "prob": 0.024384374999999972
            },
            "5": {
                "quantity": 4,
                "prob": 0.0021515624999999994
            },
            "6": {
                "quantity": 5,
                "prob": 7.593749999999998e-05
            },
            "7": {
                "quantity": 6,
                "prob": 0.0
            },
            "8": {
                "quantity": 7,
                "prob": 0.0
            },
            "9": {
                "quantity": 8,
                "prob": 0.0
            },
            "10": {
                "quantity": 9,
                "prob": 0.0
            },
            "11": {
                "quantity": 10,
                "prob": 0.0
            }
        },
        "3": {
            "1": {
                "quantity": 0,
                "prob": 0.44370531249999995
            },
            "2": {
                "quantity": 1,
                "prob": 0.39150468749999984
            },
            "3": {
                "quantity": 2,
                "prob": 0.13817812499999996
            },
            "4": {
                "quantity": 3,
                "prob": 0.024384374999999972
            },
            "5": {
                "quantity": 4,
                "prob": 0.0021515624999999994
            },
            "6": {
                "quantity": 5,
                "prob": 7.593749999999998e-05
            },
            "7": {
                "quantity": 6,