{
    "1": {
        "1": {
            "1": {
                "quantity": 0,
                "prob": 0.1968744043407226
            },
            "2": {
                "quantity": 1,
                "prob": 0.3474254194248045
            },
            "3": {
                "quantity": 2,
                "prob": 0.2758966566020505
            },
            "4": {
                "quantity": 3,
                "prob": 0.1298337207539061
            },
            "5": {
                "quantity": 4,
                "prob": 0.04009570787988276
            },
            "6": {
                "quantity": 5,
                "prob": 0.008490855786328114
            },
            "7": {
                "quantity": 6,
                "prob": 0.0012486552626953104
            },
            "8": {
                "quantity": 7,
                "prob": 0.0001259148164062498
            },
            "9": {
                "quantity": 8,
                "prob": 8.332598144531238e-06
            },
            "10": {
                "quantity": 9,
                "prob": 3.2676855468749964e-07
            },
            "11": {
                "quantity": 10,
                "prob": 5.7665039062499975e-09
            }
        },
        "2": {
            "1": {
                "quantity": 0,
                "prob": 0.1968744043407226
            },
            "2": {
                "quantity": 1,
                "prob": 0.3474254194248045
            },
            "3": {
                "quantity": 2,
                "prob": 0.2758966566020505
            },
            "4": {
                "quantity": 3,
                "prob": 0.1298337207539061
            },
            "5": {
                "quantity": 4,
                "prob": 0.04009570787988276
            },
            "6": {
                "quantity": 5,
                "prob": 0.008490855786328114
            },
            "7": {
                "quantity": 6,
                "prob": 0.0012486552626953104
            },
            "8": {
                "quantity": 7,
                "prob": 0.0001259148164062498
            },
            "9": {
                "quantity": 8,
                "prob": 8.332598144531238e-06
            },
            "10": {
                "quantity": 9,
                "prob": 3.2676855468749964e-07
            },
            "11": {
                "quantity": 10,
                "prob": 5.7665039062499975e-09
            }
        },
        "3": {
            "1": {
                "quantity": 0,
                "prob": 0.1968744043407226
            },
            "2": {
                "quantity": 1,
                "prob": 0.3474254194248045
            },
            "3": {
                "quantity": 2,
                "prob": 0.2758966566020505
            },
            "4": {
                "quantity": 3,
                "prob": 0.1298337207539061
            },
            "5": {
                "quantity": 4,
                "prob": 0.04009570787988276
            },
            "6": {
                "quantity": 5,
                "prob": 0.008490855786328114
            },
            "7": {
                "quantity": 6,
                "prob": 0.0012486552626953104
            },
            "8": {
                "quantity": 7,
                "prob": 0.0001259148164062498
            },
            "9": {
                "quantity": 8,
                "prob": 8.332598144531238e-06
            },
            "10": {
                "quantity": 9,
                "prob": 3.2676855468749964e-07
            },
            "11": {
                "quantity": 10,
                "prob": 5.7665039062499975e-09
            }
        },
        "4": {
            "1": {
                "quantity": 0,
                "prob": 0.1968744043407226
            },
            "2": {
                "quantity": 1,
                "prob": 0.3474254194248045
            },
            "3": {
                "quantity": 2,
                "prob": 0.2758966566020505
            },
            "4": {
                "quantity": 3,
                "prob": 0.1298337207539061
            },
            "5": {
                "quantity": 4,
                "prob": 0.04009570787988276
            },
            "6": {
                "quantity": 5,
                "prob": 0.008490855786328114
            },
            "7": {
                "quantity": 6,
                "prob": 0.0012486552626953104
            },
            "8": {
                "quantity": 7,
                "prob": 0.0001259148164062498
            },
            "9": {
                "quantity": 8,
                "prob": 8.332598144531238e-06
            },
            "10": {
                "quantity": 9,
                "prob": 3.2676855468749964e-07
            },
            "11": {
                "quantity": 10,
                "prob": 5.7665039062499975e-09
            }
        }
    },
    "2": {
        "1": {
            "1": {
                "quantity": 0,
                "prob": 0.6771870800781251
            },
            "2": {
                "quantity": 1,
                "prob": 0.2745353027343749
            },
            "3": {
                "quantity": 2,
                "prob": 0.044519238281249984
            },
            "4": {
                "quantity": 3,
                "prob": 0.0036096679687499973
            },
            "5": {
                "quantity": 4,
                "prob": 0.00014633789062499996
            },
            "6": {
                "quantity": 5,
                "prob": 2.3730468749999994e-06
            },
            "7": {
                "quantity": 6,
                "prob": 0.0
            },
            "8": {
                "quantity": 7,
                "prob": 0.0
            },
            "9": {
                "quantity": 8,
                "prob": 0.0
            },
            "10": {
                "quantity": 9,
                "prob": 0.0
            },
            "11": {
                "quantity": 10,
                "prob": 0.0
            }
        },
        "2": {
            "1": {
                "quantity": 0,
                "prob": 0.6771870800781251
            },
            "2": {
                "quantity": 1,
                "prob": 0.2745353027343749
            },
            "3": {
                "quantity": 2,
                "prob": 0.044519238281249984
            },
            "4": {
                "quantity": 3,
                "prob": 0.0036096679687499973
            },
            "5": {
                "quantity": 4,
                "prob": 0.00014633789062499996
            },
            "6": {
                "quantity": 5,
                "prob": 2.3730468749999994e-06
            },
            "7": {
                "quantity": 6,
                "prob": 0.0
            },
            "8": {
                "quantity": 7,
                "prob": 0.0
            },
            "9": {
                "quantity": 8,
                "prob": 0.0
            },
            "10": {
                "quantity": 9,
                "prob": 0.0
            },
            "11": {
                "quantity": 10,
                "prob": 0.0
            }
        },
        "3": {
            "1": {
                "quantity": 0,
                "prob": 0.6771870800781251
            },
            "2": {
                "quantity": 1,
                "prob": 0.2745353027343749
            },
            "3": {
                "quantity": 2,
                "prob": 0.044519238281249984
            },
            "4": {
                "quantity": 3,
                "prob": 0.0036096679687499973
            },
            "5": {
                "quantity": 4,
                "prob": 0.00014633789062499996
            },
            "6": {
                "quantity": 5,
                "prob": 2.3730468749999994e-06
            },