{
    "1": {
        "1": {
            "1": {
                "quantity": 0,
                "prob": 0.00010485760000000006
            },
            "2": {
                "quantity": 1,
                "prob": 0.001572863999999999
            },
            "3": {
                "quantity": 2,
                "prob": 0.010616832000000003
            },
            "4": {
                "quantity": 3,
                "prob": 0.042467327999999964
            },
            "5": {
                "quantity": 4,
                "prob": 0.11147673600000009
            },
            "6": {
                "quantity": 5,
                "prob": 0.20065812479999992
            },
            "7": {
                "quantity": 6,
                "prob": 0.2508226559999998
            },
            "8": {
                "quantity": 7,
                "prob": 0.21499084799999976
            },
            "9": {
                "quantity": 8,
                "prob": 0.12093235199999987
            },
            "10": {
                "quantity": 9,
                "prob": 0.04031078399999997
            },
            "11": {
                "quantity": 10,
                "prob": 0.006046617599999997
            }
        },
        "2": {
            "1": {
                "quantity": 0,
                "prob": 0.00010485760000000006
            },
            "2": {
                "quantity": 1,
                "prob": 0.001572863999999999
            },
            "3": {
                "quantity": 2,
                "prob": 0.010616832000000003
            },
            "4": {
                "quantity": 3,
                "prob": 0.042467327999999964
            },
            "5": {
                "quantity": 4,
                "prob": 0.11147673600000009
            },
            "6": {
                "quantity": 5,
                "prob": 0.20065812479999992
            },
            "7": {
                "quantity": 6,
                "prob": 0.2508226559999998
            },
            "8": {
                "quantity": 7,
                "prob": 0.21499084799999976
            },
            "9": {
                "quantity": 8,
                "prob": 0.12093235199999987
            },
            "10": {
                "quantity": 9,
                "prob": 0.04031078399999997
            },
            "11": {
                "quantity": 10,
                "prob": 0.006046617599999997
            }
        },
        "3": {
            "1": {
                "quantity": 0,
                "prob": 0.00010485760000000006
            },
            "2": {
                "quantity": 1,
                "prob": 0.001572863999999999
            },
            "3": {
                "quantity": 2,
                "prob": 0.010616832000000003
            },
            "4": {
                "quantity": 3,
                "prob": 0.042467327999999964
            },
            "5": {
                "quantity": 4,
                "prob": 0.11147673600000009
            },
            "6": {
                "quantity": 5,
                "prob": 0.20065812479999992
            },
            "7": {
                "quantity": 6,
                "prob": 0.2508226559999998
            },
            "8": {
                "quantity": 7,
                "prob": 0.21499084799999976
            },
            "9": {
                "quantity": 8,
                "prob": 0.12093235199999987
            },
            "10": {
                "quantity": 9,
                "prob": 0.04031078399999997
            },
            "11": {
                "quantity": 10,
                "prob": 0.006046617599999997
            }
        },
        "4": {
            "1": {
                "quantity": 0,
                "prob": 0.00010485760000000006
            },
            "2": {
                "quantity": 1,
                "prob": 0.001572863999999999
            },
            "3": {
                "quantity": 2,
                "prob": 0.010616832000000003
            },
            "4": {
                "quantity": 3,
                "prob": 0.042467327999999964
            },
            "5": {
                "quantity": 4,
                "prob": 0.11147673600000009
            },
            "6": {
                "quantity": 5,
                "prob": 0.20065812479999992
            },
            "7": {
                "quantity": 6,
                "prob": 0.2508226559999998
            },
            "8": {
                "quantity": 7,
                "prob": 0.21499084799999976
            },
            "9": {
                "quantity": 8,
                "prob": 0.12093235199999987
            },
            "10": {
                "quantity": 9,
                "prob": 0.04031078399999997
            },
            "11": {
                "quantity": 10,
                "prob": 0.006046617599999997
            }
        }
    },
    "2": {
        "1": {
            "1": {
                "quantity": 0,
                "prob": 0.16806999999999994
            },
            "2": {
                "quantity": 1,
                "prob": 0.3601499999999999
            },
            "3": {
                "quantity": 2,
                "prob": 0.3086999999999998
            },
            "4": {
                "quantity": 3,
                "prob": 0.1322999999999999
            },
            "5": {
                "quantity": 4,
                "prob": 0.028349999999999986
            },
            "6": {
                "quantity": 5,
                "prob": 0.0024299999999999994
            },
            "7": {
                "quantity": 6,
                "prob": 0.0
            },
            "8": {
                "quantity": 7,
                "prob": 0.0
            },
            "9": {
                "quantity": 8,
                "prob": 0.0
            },
            "10": {
                "quantity": 9,
                "prob": 0.0
            },
            "11": {
                "quantity": 10,
                "prob": 0.0
            }
        },
        "2": {
            "1": {
                "quantity": 0,
                "prob": 0.16806999999999994
            },
            "2": {
                "quantity": 1,
                "prob": 0.3601499999999999
            },
            "3": {
                "quantity": 2,
                "prob": 0.3086999999999998
            },
            "4": {
                "quantity": 3,
                "prob": 0.1322999999999999
            },
            "5": {
                "quantity": 4,
                "prob": 0.028349999999999986
            },
            "6": {
                "quantity": 5,
                "prob": 0.0024299999999999994
            },
            "7": {
                "quantity": 6,
                "prob": 0.0
            },
            "8": {
                "quantity": 7,
                "prob": 0.0
            },
            "9": {
                "quantity": 8,
                "prob": 0.0
            },
            "10": {
                "quantity": 9,
                "prob": 0.0
            },
            "11": {
                "quantity": 10,
                "prob": 0.0
            }
        },
        "3": {
            "1": {
                "quantity": 0,
                "prob": 0.16806999999999994
            },
            "2": {
                "quantity": 1,
                "prob": 0.3601499999999999
            },
            "3": {
                "quantity": 2,
                "prob": 0.3086999999999998
            },
            "4": {
                "quantity": 3,
                "prob": 0.1322999999999999
            },
            "5": {
                "quantity": 4,
                "prob": 0.028349999999999986
            },
            "6": {
                "quantity": 5,
                "prob": 0.0024299999999999994
            },
            "7": {
                "quantity": 6,