{
    "1": {
        "1": 3500.0,
        "2": 3500.0,
        "3": 3500.0,
        "4": 3500.0,
        "5": 3500.0,
        "6": 3500.0
    },
    "2": {
        "1": 7699.999999999999,
        "2": 7699.999999999999,
        "3": 7699.999999999999,
        "4": 7699.999999999999,
        "5": 7699.999999999999,
        "6": 7699.999999999999
    }
}