obj,time,mip_gap
436803.57387849985,0.0016688000000000258,
