obj,time,mip_gap
390424.97630401124,0.0014414999999998734,
