obj,time,mip_gap
389594.9571379231,0.0014270999999999034,
