obj,time,mip_gap
503344.20429249376,0.001231500000000274,
