obj,time,mip_gap
338100.05028709443,0.0018132999999997956,
