obj,time,mip_gap
302849.67115736584,175.027102,0.047482616863168944
