obj,time,mip_gap
367069.2508016961,2000.3257694000058,0.04937607096395537
