obj,time,mip_gap
344911.78260515607,449.91467790000024,0.04928589702688064
