obj,time,mip_gap
385600.6137797687,1259.588747899994,0.049536926131886615
