obj,time,mip_gap
431449.29007406725,222.77533550000226,0.04846937438671284
