obj,time,mip_gap
349746.1713253794,543.466957100005,0.04987089377188325
