obj,time,mip_gap
255122.70537159216,917.328503699995,0.044363738932078615
