obj,time,mip_gap
423724.4709577846,621.294856499997,0.04987339466582402
