obj,time,mip_gap
432034.8438641692,820.5148039000051,0.04926278950969983
