obj,time,mip_gap
392183.02112922154,769.8652681000021,0.04983139656777264
