obj,time,mip_gap
425796.2478337657,0.0016850000000001586,
