obj,time,mip_gap
404121.4303279328,0.00212540000000061,
