obj,time,mip_gap
394985.7424828289,0.0015723999999996963,
