obj,time,mip_gap
362674.4983583485,0.001480299999999879,
