obj,time,mip_gap
331462.07456512906,0.0010294999999995724,
