obj,time,mip_gap
308008.1579891441,0.0015787999999998803,
