obj,time,mip_gap
338307.35706083087,0.0013079999999998648,
