obj,time,mip_gap
343746.86453484866,0.001968299999999701,
