obj,time,mip_gap
341045.00462026795,0.001580599999999599,
