obj,time,mip_gap
409961.952953749,0.0015289999999996695,
