{
    "1": 353969.78833402426,
    "2": 122407.72542770562,
    "3": 287660.18959919334,
    "4": 204825.97374856487,
    "5": 130430.04728292995,
    "6": 258196.01226992227,
    "7": 132624.3325788457,
    "8": 72660.73617614941,
    "9": 109484.7819830652,
    "10": 75025.20077271739,
    "11": 426619.7723453183,
    "12": 105596.10200705055,
    "13": 735637.9391819065,
    "14": 200816.6549187086,
    "15": 221162.7926904367,
    "16": 352698.2577772283,
    "17": 317312.24342669017,
    "18": 532566.8408151262,
    "19": 249467.10527429215,
    "20": 18656.3311167711,
    "21": 93802.72722154608,
    "22": 230265.95051037805,
    "23": 117067.62702963829,
    "24": 15970.792778534633,
    "25": 174935.0226547626,
    "26": 56697.87683868386,
    "27": 325987.6615901525,
    "28": 72941.54248513847,
    "29": 493822.1791619779,
    "30": 102452.04131396371,
    "31": 141576.7261546045,
    "32": 304242.540799459,
    "33": 219024.0486976891,
    "34": 401864.3563154236,
    "35": 403685.6578860224,
    "36": 424093.9463137896,
    "37": 167912.99315506135,
    "38": 212787.49263130955,
    "39": 36313.15913211494,
    "40": 89858.97126476718,
    "41": 35041.49514509858,
    "42": 156597.61303220986,
    "43": 491065.73169974005,
    "44": 705716.8169039976,
    "45": 158567.99100007853,
    "46": 52681.09799128903,
    "47": 307199.57475987874,
    "48": 184047.12941028023,
    "49": 496448.5913467293,
    "50": 95156.41252142865,
    "51": 156435.0322670385,
    "52": 288531.58420182794,
    "53": 195940.59440767873,
    "54": 393437.00716321997,
    "55": 29980.06160034712,
    "56": 108655.16927720926,
    "57": 19318.08418881109,
    "58": 476493.5698054784,
    "59": 48408.84389928418,
    "60": 199756.41664685565,
    "61": 154338.17797329547,
    "62": 539681.6826174,
    "63": 534714.7939074481,
    "64": 33799.07496334699,
    "65": 144731.59721414038,
    "66": 35572.81218895003,
    "67": 292231.1952967665,
    "68": 49797.310604866805,
    "69": 135507.90979289875,
    "70": 298274.496978878,
    "71": 96380.5443811166,
    "72": 165700.4441561877,
    "73": 145475.1406802573,
    "74": 222793.37647370456,
    "75": 98123.65615205988,
    "76": 43924.036315438614,
    "77": 316183.4325868769,
    "78": 171915.18484264848,
    "79": 254953.11892776153,
    "80": 492210.9494756516,
    "81": 111775.53823846277,
    "82": 157547.00584980802,
    "83": 362271.8178799415,
    "84": 83593.75053685179,
    "85": 254699.03859599613,
    "86": 275883.6170879376,
    "87": 379361.8726571607,
    "88": 50481.50381606414,
    "89": 88735.41678626054,
    "90": 261193.96232684882,
    "91": 308429.52558599086,
    "92": 100773.16912631257,
    "93": 213847.05052219972,
    "94": 109607.8506496683,
    "95": 127694.4631809276,
    "96": 243043.2171655432,
    "97": 348564.07788247505,
    "98": 83435.3514576754,
    "99": 129741.51945368886,
    "100": 164871.35921139782,
    "101": 105917.58738659434,
    "102": 170781.36704293796,
    "103": 82451.88295443312,
    "104": 204500.23839212218,
    "105": 205407.23292880802,
    "106": 38844.88993121431,
    "107": 86395.68400448942,
    "108": 456044.8369705525,
    "109": 263980.9197091364,
    "110": 84426.49675623733,
    "111": 254016.80296472402,
    "112": 860083.3544571712,
    "113": 127249.12719874957,
    "114": 139272.2531311249,
    "115": 216778.94764224402,
    "116": 62133.49126456161,
    "117": 170501.43241069958,
    "118": 75495.49104301218,
    "119": 118737.71147996397,
    "120": 251973.54322367694,
    "121": 49183.64211781347,
    "122": 367424.0781039604,
    "123": 325603.2228525076,
    "124": 228243.8317741444,
    "125": 176821.46367638718,
    "126": 193138.66649306082,
    "127": 16864.70893720028,
    "128": 14850.740206432703,
    "129": 83689.10695131423,
    "130": 470874.0437272067,
    "131": 156393.2277134618,
    "132": 399945.178281166,
    "133": 537315.4408511828,
    "134": 120249.4933023991,
    "135": 475019.39943165233,
    "136": 198849.00133057788,
    "137": 13479.401563904952,
    "138": 612940.8724979984,
    "139": 40254.904212711364,
    "140": 124914.09332572135,
    "141": 387222.1448384768,
    "142": 61421.79116263037,
    "143": 184950.52909464232,
    "144": 109341.95471896685,
    "145": 206082.3845974467,
    "146": 472728.3827834786,
    "147": 30519.65026622543,
    "148": 250144.68658867863,
    "149": 135522.74436788342,
    "150": 66654.00185305096,
    "151": 101188.95068888443,
    "152": 97262.03979527269,
    "153": 49958.193738091104,
    "154": 633791.4695046962,
    "155": 82999.91400490489,
    "156": 542875.3571720228,
    "157": 113352.84492368327,
    "158": 432810.872479599,
    "159": 196515.20015056277,
    "160": 245870.5933724724,
    "161": 209381.75022254928,
    "162": 481433.4826216972,
    "163": 123988.33318467729,
    "164": 95280.06282914607,
    "165": 78481.1742612855,
    "166": 658287.8532861018,
    "167": 138876.63294440164,
    "168": 77317.82452075233,
    "169": 201012.00333112403,
    "170": 379342.8848407754,
    "171": 251302.10215255446,
    "172": 276769.59923359053,
    "173": 81625.96437681414,
    "174": 429176.47051694855,
    "175": 95967.78177421995,
    "176": 166698.37866984901,
    "177": 129053.91476593881,
    "178": 77978.89729277241,
    "179": 251056.11998028582,
    "180": 80945.15055414788,
    "181": 217829.75928715937,
    "182": 86451.83712873924,
    "183": 95048.023540597,
    "184": 32624.441335695807,
    "185": 363543.5882033833,
    "186": 160061.52487524625,
    "187": 172568.67950472914,
    "188": 150773.33685562306,
    "189": 224707.75640042356,
    "190": 193209.83173566166,
    "191": 25696.97344211964,
    "192": 436953.23922172806,
    "193": 556545.8289980921,
    "194": 92704.69706800829,
    "195": 48041.96175715317,
    "196": 101339.81869262163,
    "197": 249382.24087254662,
    "198": 358002.7102490118,
    "199": 238796.43556854405,
    "200": 37672.09264260694,
    "201": 69456.45503286041,
    "202": 216470.42583104008,
    "203": 367949.4546229934,
    "204": 448072.3528192653,
    "205": 357454.90858335356,
    "206": 136137.7606205195,
    "207": 521695.14061104757,
    "208": 265647.13014035934,
    "209": 104873.1155917679,
    "210": 179185.21827514065,
    "211": 901320.4103878425,
    "212": 161851.78826509512,
    "213": 356554.5503931683,
    "214": 271686.8828809336,
    "215": 423371.7828405679,
    "216": 124695.79396832958,
    "217": 58575.93179616517,
    "218": 286598.4843802625,
    "219": 546323.4876964622,
    "220": 226102.72233084045,
    "221": 149999.53226394224,
    "222": 132414.78733187137,
    "223": 350908.3025936572,
    "224": 214023.5981668259,
    "225": 163755.99634239523,
    "226": 110184.15871939588,
    "227": 85312.58148914188,
    "228": 86486.08587910507,
    "229": 201768.39584856824,
    "230": 151390.70184384912,
    "231": 159902.2634650208,
    "232": 330636.6340884147,
    "233": 377948.17098716303,
    "234": 179286.1437438476,
    "235": 80741.88778124597,
    "236": 384663.0455726027,
    "237": 367320.1954201696,
    "238": 148157.04393654232,
    "239": 401697.8803854323,
    "240": 81084.48724336356,
    "241": 74475.37953733063,
    "242": 106853.62855456896,
    "243": 626540.3243706622,
    "244": 192328.76812011554,
    "245": 125521.8103354977,
    "246": 145782.5211466748,
    "247": 308516.761636667,
    "248": 180205.56630788124,
    "249": 310082.8889262247,
    "250": 152612.94613247493,
    "251": 572647.9479193857,
    "252": 169759.30385863854,
    "253": 18297.343229977352,
    "254": 92838.65532074228,
    "255": 513799.5278243203,
    "256": 80236.82155847274,
    "257": 34031.543313755246,
    "258": 67312.30820152789,
    "259": 172755.48453491478,
    "260": 210792.00171405706,
    "261": 703564.6306610955,
    "262": 181346.57558474067,
    "263": 708892.0170251251,
    "264": 50966.06987866982,
    "265": 328251.52053335053,
    "266": 273521.86184077145,