{
    "1": 521859.19665888743,
    "2": 110253.67262247823,
    "3": 343515.10091923,
    "4": 414154.6338653746,
    "5": 170407.47075572945,
    "6": 216449.27382522525,
    "7": 447102.9402543347,
    "8": 192850.24306672468,
    "9": 275555.7235079582,
    "10": 322778.9830264604,
    "11": 39219.906666070114,
    "12": 236629.40425758192,
    "13": 434199.44545783073,
    "14": 110439.99405438999,
    "15": 81643.92904055519,
    "16": 169383.49102504482,
    "17": 51974.34503159602,
    "18": 61096.28308048963,
    "19": 542408.6833372426,
    "20": 93911.51331120952,
    "21": 264661.49310347287,
    "22": 111090.40277935407,
    "23": 238791.58356939902,
    "24": 143528.28960615385,
    "25": 248572.59414620203,
    "26": 174873.72993907006,
    "27": 121826.48126867,
    "28": 285772.6402641347,
    "29": 107006.64701706698,
    "30": 664648.3615370924,
    "31": 870736.9303200672,
    "32": 155997.82062301328,
    "33": 39160.97519481394,
    "34": 426365.70376368857,
    "35": 406445.4813243147,
    "36": 462099.05938363756,
    "37": 465690.15046128136,
    "38": 297108.19695479324,
    "39": 48524.39254335312,
    "40": 117438.78343909018,
    "41": 218009.49711292106,
    "42": 350803.6701646625,
    "43": 269411.6104128318,
    "44": 301845.73475773947,
    "45": 236877.00064383037,
    "46": 147431.96289936337,
    "47": 345525.67673509085,
    "48": 148575.1361465797,
    "49": 115090.49751441783,
    "50": 164112.5814428405,
    "51": 238248.0734346893,
    "52": 169651.97790451226,
    "53": 57515.14553429216,
    "54": 353762.21598475333,
    "55": 25570.027859343154,
    "56": 76285.35734090966,
    "57": 160969.8452617969,
    "58": 226669.49583060696,
    "59": 15400.101731359171,
    "60": 29445.40009845367,
    "61": 112636.23040995143,
    "62": 145769.56793978356,
    "63": 160169.3918057863,
    "64": 175021.21543127252,
    "65": 127053.06353014188,
    "66": 192902.23917738695,
    "67": 71499.43287376009,
    "68": 33001.84453108055,
    "69": 31849.566682305118,
    "70": 241511.6905232485,
    "71": 63929.91873387772,
    "72": 174441.77100167895,
    "73": 103443.95150940021,
    "74": 71216.4724842132,
    "75": 481335.8691969638,
    "76": 506892.31183830503,
    "77": 188000.61119587638,
    "78": 90605.72155994027,
    "79": 210250.32253393426,
    "80": 212242.97744105945,
    "81": 159445.5524571379,
    "82": 255550.65673070034,
    "83": 326568.3455328137,
    "84": 392451.6707521365,
    "85": 186112.6472182872,
    "86": 236256.54739118216,
    "87": 128033.22650897996,
    "88": 133454.71414025663,
    "89": 46158.906472174785,
    "90": 302845.5319322678,
    "91": 213386.31114738935,
    "92": 834705.9717585598,
    "93": 150442.57565082624,
    "94": 309400.47585989634,
    "95": 187611.44885083768,
    "96": 527329.2971332892,
    "97": 58958.50024388565,
    "98": 46066.140575131416,
    "99": 245423.64620904526,
    "100": 536345.9573455801,
    "101": 131506.04404523977,
    "102": 35875.88559950586,
    "103": 113871.77326154526,
    "104": 186439.07202298762,
    "105": 12288.869002220948,
    "106": 132219.11849041798,
    "107": 117130.07062277339,
    "108": 143119.56329067753,
    "109": 126545.7208579487,
    "110": 221183.76227727704,
    "111": 178618.9894230325,
    "112": 546925.6569327154,
    "113": 492434.22303255677,
    "114": 338482.9129947189,
    "115": 100338.13788437714,
    "116": 97820.63078182017,
    "117": 94869.63975326355,
    "118": 82839.22431281429,
    "119": 389053.21262001374,
    "120": 233838.93007540196,
    "121": 470008.58567140123,
    "122": 289892.2854173437,
    "123": 482358.25581768045,
    "124": 168026.9349897244,
    "125": 118574.738306235,
    "126": 121473.64379558495,
    "127": 223358.30251954787,
    "128": 116148.03463833441,
    "129": 312539.43250931625,
    "130": 137015.32704100708,
    "131": 210691.4376268955,
    "132": 122118.95365131747,
    "133": 14534.261654335285,
    "134": 29984.287389316523,
    "135": 264220.7181202106,
    "136": 221125.66568594726,
    "137": 223463.88708741334,
    "138": 221689.28225515233,
    "139": 271477.5880163188,
    "140": 66906.74493792,
    "141": 146644.88295485117,
    "142": 159650.00096687983,
    "143": 124535.46995940332,
    "144": 42391.8564236903,
    "145": 74056.23346999224,
    "146": 220298.65857944632,
    "147": 320734.64370673615,
    "148": 306468.1404517024,
    "149": 27864.602639389963,
    "150": 136204.49369173116,
    "151": 183461.68653183954,
    "152": 243179.87988989847,
    "153": 67915.82468979481,
    "154": 150736.25187780723,
    "155": 115704.90370141718,
    "156": 239571.11579658766,
    "157": 180650.1903781515,
    "158": 145025.17958297313,
    "159": 381592.57204415725,
    "160": 198376.43110379516,
    "161": 29489.758782666144,
    "162": 188158.28521880117,
    "163": 108508.75902811367,
    "164": 140098.0080159826,
    "165": 57474.866500998636,
    "166": 466336.08737471036,
    "167": 98257.5442268402,
    "168": 103547.52560788862,
    "169": 740990.6171973502,
    "170": 334501.70745020127,
    "171": 531204.6419451146,
    "172": 227074.15427544387,
    "173": 657226.7407042932,
    "174": 826528.7700301145,
    "175": 102525.86132121306,
    "176": 91706.11264741266,
    "177": 195959.9883540181,
    "178": 92557.995404166,
    "179": 43068.370890254344,
    "180": 262675.7218845583,
    "181": 235628.81008328113,
    "182": 120453.49831158393,
    "183": 94148.63803737597,
    "184": 489921.7737660664,
    "185": 224900.30429512786,
    "186": 22070.811914597693,
    "187": 468038.7396807973,
    "188": 252872.62460462048,
    "189": 255448.98025391315,
    "190": 248452.74991430095,
    "191": 280883.4665128125,
    "192": 58584.95425959929,
    "193": 269734.9250079321,
    "194": 195628.9336388271,
    "195": 550809.2965395988,
    "196": 238234.30489451712,
    "197": 249210.60150505154,
    "198": 192048.963484237,
    "199": 365635.0858169791,
    "200": 292928.9896387617,
    "201": 89363.18644813861,
    "202": 429223.00873769674,
    "203": 111984.78976699777,
    "204": 70995.80516574233,
    "205": 490617.67497528694,
    "206": 182116.16733509325,
    "207": 108672.85255858755,
    "208": 109991.23406273068,
    "209": 103095.5812399154,
    "210": 342825.253623037,
    "211": 126220.4756214614,
    "212": 92899.05539271321,
    "213": 134330.99863813727,
    "214": 320480.2076184451,
    "215": 43729.564174424624,
    "216": 253072.33229948394,
    "217": 154554.18317255744,
    "218": 12751.873073871537,
    "219": 73104.9540982571,
    "220": 112838.7117244792,
    "221": 108895.86721082513,
    "222": 439096.9297600874,
    "223": 304362.5324729489,
    "224": 155716.1224418919,
    "225": 194665.27324813264,
    "226": 703507.6027267897,
    "227": 156393.24170375,
    "228": 12815.918708541729,
    "229": 211574.9089548535,
    "230": 79961.56271870513,
    "231": 303957.1591282324,
    "232": 374005.93428776355,
    "233": 386256.129929179,
    "234": 194232.7373998452,
    "235": 247811.95485211653,
    "236": 56431.4891522183,
    "237": 114660.53835638554,
    "238": 39584.115175224135,
    "239": 610056.1539479455,
    "240": 406379.8290243675,
    "241": 459660.81849068665,
    "242": 169716.75567586208,
    "243": 186368.44869569174,
    "244": 391870.64013174793,
    "245": 72038.54912310414,
    "246": 488251.1419226724,
    "247": 23781.38856887187,
    "248": 487479.53182039736,
    "249": 117527.79177572008,
    "250": 184061.10922355478,
    "251": 240285.18969163462,
    "252": 15998.391547704412,
    "253": 182067.9157082001,
    "254": 292872.69312393246,
    "255": 2101.023426352594,
    "256": 111510.2911767028,
    "257": 350964.7735468755,
    "258": 184179.963982388,
    "259": 108587.8622443357,
    "260": 250504.53967890746,
    "261": 564273.2493059987,
    "262": 792694.2764922663,
    "263": 573261.3172511607,
    "264": 340289.16524678766,
    "265": 346093.4931954655,
    "266": 215031.383013161,