{
    "1": 120805.19179100245,
    "2": 123087.90729965814,
    "3": 43776.59147162053,
    "4": 328290.4227908143,
    "5": 674608.2710712153,
    "6": 230253.67949221298,
    "7": 104873.35506991278,
    "8": 485816.21151848795,
    "9": 206277.37575333795,
    "10": 274389.0603361831,
    "11": 208525.1663751946,
    "12": 121438.69450808893,
    "13": 334831.5313243883,
    "14": 114323.36637520445,
    "15": 62168.16134297324,
    "16": 83014.18506965903,
    "17": 264658.43593162106,
    "18": 531274.6289584647,
    "19": 92750.57256609213,
    "20": 437894.29376292595,
    "21": 107621.97644703896,
    "22": 181245.97365173366,
    "23": 44058.27731590968,
    "24": 81323.59500985101,
    "25": 343914.0449656727,
    "26": 27264.691387276664,
    "27": 100353.12871932569,
    "28": 474187.79222181655,
    "29": 278771.4713523055,
    "30": 728625.7922795372,
    "31": 208240.32077288756,
    "32": 41883.946114703685,
    "33": 63733.286232436214,
    "34": 252618.25022873792,
    "35": 193520.16396570462,
    "36": 133451.481659253,
    "37": 155883.04173772142,
    "38": 86344.33701285294,
    "39": 100803.85241294914,
    "40": 280768.5206175323,
    "41": 142694.75747503512,
    "42": 184780.6080535384,
    "43": 26097.4496450646,
    "44": 116844.1511131283,
    "45": 29670.29283603211,
    "46": 38631.196840721124,
    "47": 74016.04553240378,
    "48": 310808.7447052105,
    "49": 90935.51051791821,
    "50": 150146.58937194687,
    "51": 71842.23000300725,
    "52": 454759.5157946156,
    "53": 18301.001556910054,
    "54": 375735.1303860212,
    "55": 1011698.0252653653,
    "56": 446070.6839893577,
    "57": 317107.6162149556,
    "58": 127992.31591441731,
    "59": 593253.470474567,
    "60": 182845.58695240607,
    "61": 559537.148315047,
    "62": 224679.09155352387,
    "63": 279099.8527977809,
    "64": 689979.810648212,
    "65": 74634.07119070401,
    "66": 260854.6902690722,
    "67": 337598.0847176261,
    "68": 311452.60387406,
    "69": 144430.12413111684,
    "70": 197758.9875986849,
    "71": 141832.72296768648,
    "72": 52536.0553088202,
    "73": 35904.77724854338,
    "74": 116982.30528757737,
    "75": 129950.1935839575,
    "76": 73448.73335437862,
    "77": 79511.946090237,
    "78": 134465.75849828043,
    "79": 217792.3982766912,
    "80": 79546.38591314164,
    "81": 126460.2611273674,
    "82": 354864.5470221548,
    "83": 85581.87952440264,
    "84": 466444.9632679743,
    "85": 194498.59693628002,
    "86": 359970.36598753114,
    "87": 435456.1600188621,
    "88": 329344.94860198395,
    "89": 455237.5429155236,
    "90": 141368.14351716122,
    "91": 121799.62920968195,
    "92": 337936.4232899507,
    "93": 245471.87469833958,
    "94": 497754.9828404248,
    "95": 235167.4096280949,
    "96": 162475.0333730931,
    "97": 110931.64756819303,
    "98": 216747.281627778,
    "99": 45397.23648759672,
    "100": 165359.00114050158,
    "101": 106422.40077870035,
    "102": 663781.5767529175,
    "103": 101891.12845443959,
    "104": 75405.54281791326,
    "105": 133471.02144653673,
    "106": 266438.25576945354,
    "107": 509131.6812306317,
    "108": 532814.3335758904,
    "109": 44549.25245711079,
    "110": 206858.47738348148,
    "111": 127671.35566886667,
    "112": 26778.42736476715,
    "113": 428980.8206618534,
    "114": 78174.99794701736,
    "115": 226964.53803760812,
    "116": 238638.66430845176,
    "117": 54560.54816907831,
    "118": 330935.11749496823,
    "119": 728665.5061460066,
    "120": 484652.1485858064,
    "121": 68012.40983948384,
    "122": 181720.43389759908,
    "123": 349779.0743878298,
    "124": 437024.50749532535,
    "125": 106368.06024573633,
    "126": 122080.97832512944,
    "127": 185367.7480089281,
    "128": 410051.3456555096,
    "129": 364921.29253297887,
    "130": 132808.57963455466,
    "131": 108323.27148623428,
    "132": 177754.36977060325,
    "133": 129959.35477537343,
    "134": 46635.76793952931,
    "135": 54439.22339749817,
    "136": 187593.05221729664,
    "137": 76497.01689537615,
    "138": 234117.70195516598,
    "139": 371647.1483880793,
    "140": 18591.785296973234,
    "141": 229018.86768596666,
    "142": 256083.1592124533,
    "143": 213531.8087498487,
    "144": 211708.1085470538,
    "145": 100119.73654992232,
    "146": 153125.01218775383,
    "147": 94182.38381455302,
    "148": 519778.14841215475,
    "149": 222200.24600727123,
    "150": 122525.17222031952,
    "151": 685456.9955823572,
    "152": 392984.95642025507,
    "153": 153479.44373522417,
    "154": 283869.12374753767,
    "155": 249612.3828968096,
    "156": 520698.0277287226,
    "157": 59581.26521589022,
    "158": 248093.9151885186,
    "159": 157547.79900765905,
    "160": 136570.6611125997,
    "161": 232779.9377357926,
    "162": 118974.60258846896,
    "163": 158042.4703850508,
    "164": 96238.07808468076,
    "165": 372132.2837707531,
    "166": 860923.2278632558,
    "167": 30175.5500753749,
    "168": 14039.603511061054,
    "169": 178505.53340000234,
    "170": 48419.38693414787,
    "171": 17174.699198569997,
    "172": 37778.37690481216,
    "173": 311271.4476875852,
    "174": 338461.4807469005,
    "175": 85773.09045925278,
    "176": 385829.0458559215,
    "177": 298182.6446104793,
    "178": 220852.53730642807,
    "179": 8668.23963579883,
    "180": 437143.52752024936,
    "181": 183767.4557931723,
    "182": 64758.892804325864,
    "183": 688842.2765144532,
    "184": 201335.09489685675,
    "185": 95571.26268241664,
    "186": 525701.9925931856,
    "187": 579887.5231191707,
    "188": 54738.97948807085,
    "189": 312352.1773756029,
    "190": 75590.42383851048,
    "191": 148224.9574499557,
    "192": 417154.11779204756,
    "193": 126455.18631464259,
    "194": 29392.507807436177,
    "195": 213169.41963445535,
    "196": 320517.0817285463,
    "197": 31309.910460630414,
    "198": 152354.60611416446,
    "199": 265026.8726616592,
    "200": 238565.17462709988,
    "201": 186773.77594323255,
    "202": 28484.340561432055,
    "203": 205292.26305280937,
    "204": 59869.17919215173,
    "205": 126885.31288724291,
    "206": 123653.43941862648,
    "207": 156041.16714568826,
    "208": 69897.05987019472,
    "209": 150925.108872922,
    "210": 328137.2202201459,
    "211": 308354.5881784545,
    "212": 210487.68675014045,
    "213": 90300.19882002276,
    "214": 342288.7969313833,
    "215": 167947.0748437121,
    "216": 76142.41591578977,
    "217": 281139.60429244966,
    "218": 195388.34415253805,
    "219": 305275.2987485421,
    "220": 266230.715297283,
    "221": 444811.2213509192,
    "222": 87021.62256930134,
    "223": 204867.1530840432,
    "224": 123442.94502447284,
    "225": 81705.86369250352,
    "226": 98556.32038614384,
    "227": 302914.6437145058,
    "228": 241763.21177127818,
    "229": 145564.39045175357,
    "230": 342042.52069719264,
    "231": 248083.54758698313,
    "232": 319428.9197412061,
    "233": 71626.20272143403,
    "234": 290040.5521208336,
    "235": 427137.0568672703,
    "236": 123235.14939850713,
    "237": 29217.210886945304,
    "238": 208579.68502667284,
    "239": 76680.8471881063,
    "240": 217245.92361011112,
    "241": 240132.92133546693,
    "242": 162377.48288790896,
    "243": 79263.19291663777,
    "244": 82230.47344957893,
    "245": 386487.57749832654,
    "246": 30149.665450726767,
    "247": 230915.01843685238,
    "248": 29134.591941987128,
    "249": 233553.10602536733,
    "250": 838190.5046395132,
    "251": 133080.7204816074,
    "252": 269206.19944444986,
    "253": 16148.073991949828,
    "254": 83676.29805800736,
    "255": 150726.64806407996,
    "256": 214866.3244743231,
    "257": 683942.7649358956,
    "258": 42930.36491958862,
    "259": 184412.77250644084,
    "260": 191050.9409267393,
    "261": 175970.40487267642,
    "262": 506754.2824304851,
    "263": 261064.81481821951,
    "264": 130603.9438802059,
    "265": 94560.51362084411,
    "266": 128276.63644344713,