{
    "1": 68100.08838880851,
    "2": 111034.8567558935,
    "3": 259667.13831620244,
    "4": 103443.05078501452,
    "5": 75290.06744335753,
    "6": 234196.91435240433,
    "7": 638841.244203451,
    "8": 175007.86880216273,
    "9": 53545.045679720555,
    "10": 66769.72936973044,
    "11": 273625.1991651058,
    "12": 534273.6047214352,
    "13": 30477.424302674084,
    "14": 172668.9412449319,
    "15": 73629.19142522801,
    "16": 315350.92638606374,
    "17": 439021.7634879797,
    "18": 268637.80395933957,
    "19": 111299.68108862836,
    "20": 401783.24896243756,
    "21": 259126.57154495025,
    "22": 259154.60233949876,
    "23": 213292.60778852494,
    "24": 404436.7944236996,
    "25": 234408.9744412571,
    "26": 535750.7017822902,
    "27": 186888.06982103866,
    "28": 40685.79328420214,
    "29": 118202.47715890838,
    "30": 208445.46449342454,
    "31": 143700.5195670468,
    "32": 154891.09562073197,
    "33": 178823.11709133154,
    "34": 171066.65843749183,
    "35": 268652.68815700995,
    "36": 64537.688607495504,
    "37": 130634.69490322596,
    "38": 276259.45857364597,
    "39": 123194.49691029968,
    "40": 91954.4690091505,
    "41": 94141.57683315812,
    "42": 417286.205985626,
    "43": 160235.96004271123,
    "44": 71690.29095749224,
    "45": 128273.52755578108,
    "46": 265987.43415458006,
    "47": 137303.1925108989,
    "48": 227758.2817073746,
    "49": 211948.90653196373,
    "50": 244466.8878971039,
    "51": 201744.648854788,
    "52": 275384.20299329143,
    "53": 251389.85055764098,
    "54": 318587.85055073857,
    "55": 90531.35132426054,
    "56": 91477.92677853894,
    "57": 301425.11886139953,
    "58": 248379.94528802755,
    "59": 272487.98647415236,
    "60": 104242.49491285105,
    "61": 91725.60959595244,
    "62": 154459.1716956129,
    "63": 311919.399025387,
    "64": 281550.23830573965,
    "65": 152614.9499999234,
    "66": 106975.03924399578,
    "67": 112627.09449998147,
    "68": 242328.3695266375,
    "69": 66101.4193261941,
    "70": 97093.13625836444,
    "71": 78857.51579100563,
    "72": 112605.28079138692,
    "73": 120941.16100879278,
    "74": 28408.165354657198,
    "75": 180864.1222825328,
    "76": 10544.189755573152,
    "77": 216687.97640471347,
    "78": 297888.5478955835,
    "79": 157765.13354418194,
    "80": 531894.9250167519,
    "81": 215927.2915453692,
    "82": 222174.1404830072,
    "83": 324314.88157633255,
    "84": 128239.0312252872,
    "85": 301858.6972791668,
    "86": 351242.2482077807,
    "87": 315502.88609857083,
    "88": 49735.125786865276,
    "89": 305668.0685978255,
    "90": 215257.97354832123,
    "91": 78944.29939013862,
    "92": 180390.81671560826,
    "93": 136693.20092727488,
    "94": 126907.3800618402,
    "95": 370048.38973926567,
    "96": 54806.89885441241,
    "97": 229064.49836524436,
    "98": 75741.28832652679,
    "99": 217162.35673315127,
    "100": 27897.346093941913,
    "101": 120551.69484912766,
    "102": 20182.7117970322,
    "103": 313690.83909275633,
    "104": 304584.80787709454,
    "105": 150172.77764947695,
    "106": 205069.53273705934,
    "107": 167904.52707784777,
    "108": 364976.5550717061,
    "109": 1008144.7455090872,
    "110": 198565.13043057488,
    "111": 317852.1120454085,
    "112": 56051.64692713303,
    "113": 357891.1811446712,
    "114": 71049.2289487372,
    "115": 359483.6022153897,
    "116": 437142.92820333515,
    "117": 302235.1672980233,
    "118": 198857.49758570216,
    "119": 39257.277506155115,
    "120": 577248.3759456519,
    "121": 270341.04397092696,
    "122": 25139.088132836518,
    "123": 65833.04096584249,
    "124": 33408.44528435588,
    "125": 543553.5032485431,
    "126": 95353.40998998858,
    "127": 144513.97036671493,
    "128": 347010.10386109765,
    "129": 41915.50068998895,
    "130": 114359.59492693249,
    "131": 8059.770110111536,
    "132": 77553.83042724078,
    "133": 186399.33589311226,
    "134": 169475.93640057478,
    "135": 78215.00049074492,
    "136": 933476.6499607771,
    "137": 213058.00128065355,
    "138": 98580.12050814636,
    "139": 366802.8320894031,
    "140": 334406.0410248262,
    "141": 129032.91287115491,
    "142": 247563.60231433157,
    "143": 317382.33785495005,
    "144": 300306.935119523,
    "145": 330427.84867927345,
    "146": 389775.24604273506,
    "147": 553910.6702539987,
    "148": 105249.65148565841,
    "149": 142047.8328712969,
    "150": 47617.93693507102,
    "151": 397842.6462004904,
    "152": 194136.0750120064,
    "153": 94917.2259042967,
    "154": 146805.02412239317,
    "155": 515558.56407425355,
    "156": 189930.50792027413,
    "157": 266321.7490288008,
    "158": 339652.5371229571,
    "159": 231908.1467191183,
    "160": 227440.06048461754,
    "161": 301332.2968570505,
    "162": 116186.68966918225,
    "163": 212733.78912804034,
    "164": 188366.09058264334,
    "165": 212079.2888564038,
    "166": 123517.35321792559,
    "167": 156836.77216080637,
    "168": 102313.90958550703,
    "169": 127798.12206813738,
    "170": 13114.933736885754,
    "171": 117619.34610743207,
    "172": 332314.4990749269,
    "173": 206736.44741867197,
    "174": 337167.51096866344,
    "175": 186906.8772875736,
    "176": 17258.155003422657,
    "177": 19155.137439908784,
    "178": 709151.7071021869,
    "179": 51085.35165017561,
    "180": 201972.81191321762,
    "181": 128034.13250647161,
    "182": 200572.25454149555,
    "183": 119507.558962422,
    "184": 178978.42330058868,
    "185": 98945.23362510846,
    "186": 48875.118900421076,
    "187": 345245.10000721377,
    "188": 224786.71973035016,
    "189": 133264.9605406632,
    "190": 202691.95557399766,
    "191": 345296.02488614345,
    "192": 127495.41566228228,
    "193": 133363.79938503695,
    "194": 348627.06414871,
    "195": 137782.47309832578,
    "196": 87069.95806736033,
    "197": 200743.918545423,
    "198": 367833.9073302774,
    "199": 55745.891763011896,
    "200": 395983.2519757078,
    "201": 361440.2936232093,
    "202": 137233.19074548886,
    "203": 390955.9740865901,
    "204": 66487.9955909911,
    "205": 121302.67443393474,
    "206": 10301.933746659848,
    "207": 208317.327014015,
    "208": 615810.212909602,
    "209": 36856.98094973333,
    "210": 33959.44555349153,
    "211": 332204.2629820942,
    "212": 381802.59619100584,
    "213": 84827.08825077073,
    "214": 31511.315411972148,
    "215": 78898.01471715784,
    "216": 214567.83876934487,
    "217": 70870.54583700474,
    "218": 208791.8379894168,
    "219": 260032.06584400797,
    "220": 44107.698536155025,
    "221": 58656.574116335556,
    "222": 340104.6874334677,
    "223": 297403.57883655175,
    "224": 84635.05281764547,
    "225": 25322.904723678697,
    "226": 53240.71418436336,
    "227": 52833.53194159085,
    "228": 181666.7524557602,
    "229": 113228.57719153904,
    "230": 100372.48999473645,
    "231": 149261.3836216125,
    "232": 203838.24276885256,
    "233": 269875.0580090049,
    "234": 73445.5251862449,
    "235": 616248.5564952833,
    "236": 67196.83810890811,
    "237": 332178.4674119798,
    "238": 231924.4102956201,
    "239": 30499.439826170285,
    "240": 133891.86787485302,
    "241": 322552.518469172,
    "242": 40889.68419981272,
    "243": 158043.78906160712,
    "244": 341263.6686706813,
    "245": 246982.01941548768,
    "246": 17672.998666874562,
    "247": 358273.8118563952,
    "248": 423504.927838272,
    "249": 199294.18973068811,
    "250": 486161.78899227333,
    "251": 480891.3956424743,
    "252": 132650.02657861795,
    "253": 249914.37109496395,
    "254": 188187.50429478835,
    "255": 148005.00192681173,
    "256": 214339.99658200348,
    "257": 220325.65286948343,
    "258": 150446.90485621986,
    "259": 28953.40298453284,
    "260": 111855.36197822972,
    "261": 232638.4020878689,
    "262": 167066.34564861626,
    "263": 112908.65624101095,
    "264": 103325.4317739728,
    "265": 100935.73480150348,
    "266": 193988.8039141453,