{
    "1": 240668.0228106987,
    "2": 117122.28622340657,
    "3": 361490.2096055473,
    "4": 226070.14313757076,
    "5": 53470.59671604201,
    "6": 203719.41663663724,
    "7": 222543.9237571329,
    "8": 164121.1563852396,
    "9": 212301.22747085485,
    "10": 661133.1237053408,
    "11": 502232.4635704338,
    "12": 88139.58734633101,
    "13": 172929.70297411463,
    "14": 74141.16870735568,
    "15": 141185.60731459575,
    "16": 37948.83944651488,
    "17": 118497.97748230108,
    "18": 126560.81523199017,
    "19": 145568.66665613136,
    "20": 256025.8058967255,
    "21": 71294.83010880384,
    "22": 183307.63240145383,
    "23": 110856.23031004821,
    "24": 65382.78909264212,
    "25": 97566.82169086926,
    "26": 105046.4099648887,
    "27": 182646.85212994964,
    "28": 113021.78726762706,
    "29": 106676.64932806315,
    "30": 79495.88755734265,
    "31": 64761.035518323995,
    "32": 64130.43143419678,
    "33": 142086.04594203847,
    "34": 202252.6604128195,
    "35": 168093.56270484574,
    "36": 256644.40672137594,
    "37": 511257.4615469164,
    "38": 417115.00462277397,
    "39": 329092.50957062794,
    "40": 109367.35875128781,
    "41": 109658.16329739818,
    "42": 408020.12685617694,
    "43": 43277.75958857225,
    "44": 557162.9123601064,
    "45": 162508.45145424854,
    "46": 153228.3581636441,
    "47": 159211.32318965488,
    "48": 143336.94995324904,
    "49": 18177.585237516294,
    "50": 321487.7386590637,
    "51": 99253.01732574715,
    "52": 398509.83873331815,
    "53": 234185.7837672918,
    "54": 10019.017894288281,
    "55": 236272.9319472595,
    "56": 328453.8876567025,
    "57": 85386.3892240381,
    "58": 376400.36992194346,
    "59": 53313.07671757481,
    "60": 737225.4433616318,
    "61": 40932.30784078091,
    "62": 368861.5268837078,
    "63": 103962.6695164573,
    "64": 33070.75804404918,
    "65": 414785.0210560982,
    "66": 99586.34085719801,
    "67": 591119.6347254666,
    "68": 231036.4423389739,
    "69": 692783.026265004,
    "70": 209374.954506016,
    "71": 75290.81955424816,
    "72": 415563.1905584022,
    "73": 414291.4939311168,
    "74": 227163.8339058336,
    "75": 183195.71930034182,
    "76": 181740.32884665992,
    "77": 72152.72596483564,
    "78": 97516.57533678836,
    "79": 50145.74845315394,
    "80": 256604.6031708822,
    "81": 266475.5880906069,
    "82": 183818.61772727562,
    "83": 158941.95576657652,
    "84": 175010.51564335183,
    "85": 86642.48187175012,
    "86": 141677.4954539414,
    "87": 171379.69253856374,
    "88": 480795.849307254,
    "89": 127456.09592591079,
    "90": 171691.0287210089,
    "91": 449549.99695224,
    "92": 75224.19944759023,
    "93": 264506.85714862903,
    "94": 58225.837854045734,
    "95": 372038.0405972868,
    "96": 106121.73309391874,
    "97": 61768.627220595365,
    "98": 46968.954390465195,
    "99": 236462.55517594796,
    "100": 348846.7356430407,
    "101": 394196.5266804678,
    "102": 259389.89714944406,
    "103": 114693.6854958069,
    "104": 694901.574364998,
    "105": 417841.45561023057,
    "106": 359807.05964222347,
    "107": 41592.492170670055,
    "108": 28874.060602542686,
    "109": 362421.72501428844,
    "110": 53118.031041296315,
    "111": 165833.30945257956,
    "112": 91367.14238949021,
    "113": 339433.67675416934,
    "114": 53765.13541300443,
    "115": 193319.8222462837,
    "116": 203554.2661942735,
    "117": 150801.1140062936,
    "118": 138891.86876142753,
    "119": 238394.28721436195,
    "120": 316912.2968539007,
    "121": 26385.581044713777,
    "122": 36144.9963625238,
    "123": 12985.933744356284,
    "124": 169001.6490222272,
    "125": 164518.73735326232,
    "126": 331165.126844808,
    "127": 140287.67884927688,
    "128": 136720.12217405075,
    "129": 440025.48555454426,
    "130": 310557.0828958183,
    "131": 128506.68572032498,
    "132": 59196.21199318773,
    "133": 78501.29666262872,
    "134": 30405.098593216146,
    "135": 20518.02856369042,
    "136": 201629.4358121097,
    "137": 88309.9455315624,
    "138": 316289.43830316793,
    "139": 16254.041114463998,
    "140": 57664.90766404368,
    "141": 500295.47256286786,
    "142": 106191.63824969993,
    "143": 259941.9276543161,
    "144": 138849.33853486652,
    "145": 213780.5981952271,
    "146": 569249.6656052313,
    "147": 24325.428737075297,
    "148": 52657.54217959936,
    "149": 381816.0709681449,
    "150": 321198.26631332265,
    "151": 59578.21531377365,
    "152": 300040.28549429687,
    "153": 122240.55620560948,
    "154": 180969.09272252698,
    "155": 38955.79862144648,
    "156": 282862.2542667279,
    "157": 50021.44147574021,
    "158": 52860.88068571711,
    "159": 195201.70836044208,
    "160": 110065.88329895664,
    "161": 157855.38217482032,
    "162": 81940.8332728843,
    "163": 179678.77168946512,
    "164": 123259.34405307271,
    "165": 88491.53333162126,
    "166": 118197.9391532726,
    "167": 443691.71478079073,
    "168": 217261.63895149057,
    "169": 35083.05054351402,
    "170": 235601.1306337804,
    "171": 151735.69955632507,
    "172": 135824.88913201913,
    "173": 222973.43893925587,
    "174": 306188.86559766094,
    "175": 435155.6513763654,
    "176": 96909.06410494106,
    "177": 81907.65825904977,
    "178": 281755.97397731117,
    "179": 24220.89542705491,
    "180": 109622.26693388243,
    "181": 204564.31289185304,
    "182": 14002.101137525162,
    "183": 213040.125810022,
    "184": 287658.51954569854,
    "185": 89601.9301066744,
    "186": 44895.82340721392,
    "187": 33651.16037501149,
    "188": 369994.1904465941,
    "189": 40591.08041891325,
    "190": 66812.04647558491,
    "191": 90421.6402016543,
    "192": 104880.13830610106,
    "193": 287021.5170706357,
    "194": 102412.17633610805,
    "195": 158185.3866719507,
    "196": 230362.7583316133,
    "197": 537901.9078409296,
    "198": 104394.90526249842,
    "199": 245036.52324351404,
    "200": 104117.46354928141,
    "201": 226614.5005010117,
    "202": 884003.95949228,
    "203": 356330.2934528718,
    "204": 78290.30366532996,
    "205": 246239.09009174557,
    "206": 295942.0114310639,
    "207": 50034.47572062701,
    "208": 87816.50700657214,
    "209": 122812.15351290855,
    "210": 92427.3296933162,
    "211": 320932.0099611584,
    "212": 284171.722760904,
    "213": 324978.17966760683,
    "214": 431914.82065850636,
    "215": 147437.78995187237,
    "216": 209800.37503950932,
    "217": 105917.90294302854,
    "218": 196032.6443997818,
    "219": 7376.596495218168,
    "220": 270206.04332269117,
    "221": 75631.55611768115,
    "222": 153755.82524675157,
    "223": 120869.43778506758,
    "224": 322486.97314459976,
    "225": 105384.24588626534,
    "226": 65713.2482215903,
    "227": 180643.35737632745,
    "228": 352947.63753748476,
    "229": 51366.6805518132,
    "230": 98038.00908245298,
    "231": 46292.04405351987,
    "232": 99529.98183648883,
    "233": 40008.122294220724,
    "234": 60182.46261314929,
    "235": 95714.56893008151,
    "236": 103054.4837870473,
    "237": 318999.8072625064,
    "238": 432191.2032447614,
    "239": 385135.9931581139,
    "240": 109151.88203495796,
    "241": 205828.2540501141,
    "242": 117156.88007243804,
    "243": 42562.532228618664,
    "244": 455088.9652687804,
    "245": 95347.35279399113,
    "246": 197091.96326278007,
    "247": 18747.593502705455,
    "248": 148946.66445266112,
    "249": 89537.88555909389,
    "250": 121169.78867696789,
    "251": 56079.213326322395,
    "252": 132478.7499324934,
    "253": 22661.092875208702,
    "254": 219015.43057476843,
    "255": 128399.86806629864,
    "256": 15943.7443853201,
    "257": 23663.763065508225,
    "258": 54246.2399107557,
    "259": 528667.2905050355,
    "260": 477734.1678988559,
    "261": 93519.63697073949,
    "262": 200619.6881739193,
    "263": 75939.7622071112,
    "264": 251519.80277565678,
    "265": 206601.2477405705,
    "266": 347931.22705391236,
    "267": 307670.5770452,