{
    "1": 62298.21340965532,
    "2": 251563.7477711514,
    "3": 133481.48976740253,
    "4": 235900.85419446017,
    "5": 161472.23524706697,
    "6": 387104.986152203,
    "7": 26410.854714625628,
    "8": 139570.30786951582,
    "9": 55092.19365863392,
    "10": 62513.03940481969,
    "11": 60747.509208762705,
    "12": 132864.5116185063,
    "13": 532826.5192880469,
    "14": 147238.8819574981,
    "15": 541491.9334288527,
    "16": 351257.6228220486,
    "17": 291923.03336953075,
    "18": 88582.32582350378,
    "19": 319196.84627472423,
    "20": 123485.63870643046,
    "21": 246945.12945230986,
    "22": 71718.94505528294,
    "23": 18806.436711893683,
    "24": 288146.74196356954,
    "25": 92656.5202280538,
    "26": 257186.21885165322,
    "27": 350047.0547459318,
    "28": 416740.00146289903,
    "29": 212167.00037911185,
    "30": 55578.53655719087,
    "31": 98619.37145487174,
    "32": 204131.7186210642,
    "33": 336126.5488522178,
    "34": 354419.1945834971,
    "35": 429303.7526932043,
    "36": 83617.29997888234,
    "37": 92913.6849419685,
    "38": 86517.38015590499,
    "39": 144894.55154972686,
    "40": 94097.92858880978,
    "41": 148190.5959593362,
    "42": 420786.92145767726,
    "43": 106951.9251501071,
    "44": 219742.98174145466,
    "45": 237648.59140573084,
    "46": 142906.4758708386,
    "47": 180246.77849006112,
    "48": 224393.93834606427,
    "49": 322090.48289356235,
    "50": 196896.82904633917,
    "51": 177477.44495127228,
    "52": 78771.7061574634,
    "53": 210500.01361434048,
    "54": 243956.2488497886,
    "55": 153269.87743812005,
    "56": 204311.14713614451,
    "57": 210488.50067847568,
    "58": 156223.76859694606,
    "59": 20655.636519472868,
    "60": 253908.88391680573,
    "61": 239613.82041715778,
    "62": 39691.67785708363,
    "63": 531883.9943501366,
    "64": 292006.00333197607,
    "65": 82499.21468282587,
    "66": 60348.24527352269,
    "67": 306492.9960678413,
    "68": 256258.4903492574,
    "69": 244472.83071115284,
    "70": 217805.63326133767,
    "71": 157988.8329652118,
    "72": 365807.2720262048,
    "73": 409241.538769856,
    "74": 221972.9539812582,
    "75": 153853.8763161768,
    "76": 196987.82201292337,
    "77": 73800.87063650455,
    "78": 97375.76673874301,
    "79": 616119.6160970855,
    "80": 219714.3134730621,
    "81": 109736.21772187111,
    "82": 132095.57835932556,
    "83": 151039.75380282963,
    "84": 112378.6827482327,
    "85": 135510.5942162499,
    "86": 42076.679320658295,
    "87": 215014.4234332241,
    "88": 154369.03590139715,
    "89": 146682.84158060508,
    "90": 215255.08698043827,
    "91": 461925.88983559405,
    "92": 322489.4780975602,
    "93": 42190.064568741,
    "94": 418869.75036076625,
    "95": 260986.82654363223,
    "96": 288335.48230081546,
    "97": 140237.7458310925,
    "98": 66931.1347151992,
    "99": 529992.1021921365,
    "100": 206948.475353708,
    "101": 193200.93316110133,
    "102": 351469.1063369963,
    "103": 285324.2568855662,
    "104": 99206.97705375761,
    "105": 81453.40961068228,
    "106": 380156.8957188191,
    "107": 286118.77366350684,
    "108": 433159.090636528,
    "109": 268611.6922861981,
    "110": 257421.02282355734,
    "111": 111874.1879771309,
    "112": 54545.943190951635,
    "113": 183995.8177772672,
    "114": 11572.35137793254,
    "115": 123266.20513588995,
    "116": 187420.7668037706,
    "117": 399408.073992797,
    "118": 174709.96772667943,
    "119": 40936.607409750846,
    "120": 139218.597236497,
    "121": 188272.28809832543,
    "122": 221412.88055627357,
    "123": 616215.9469312474,
    "124": 37305.527417044774,
    "125": 451959.88950412924,
    "126": 147634.02486136448,
    "127": 120657.69346678464,
    "128": 73713.25493779154,
    "129": 88305.48036117673,
    "130": 152805.8049162928,
    "131": 195897.2713348122,
    "132": 358850.0294004393,
    "133": 155245.52505035241,
    "134": 187230.15925196372,
    "135": 128209.69400488265,
    "136": 34762.83807640746,
    "137": 193972.21199807644,
    "138": 73245.59153867318,
    "139": 404983.54740285233,
    "140": 495300.8020104578,
    "141": 263305.6780722776,
    "142": 312560.15232627594,
    "143": 48417.398293293205,
    "144": 58441.99240084124,
    "145": 114872.63545112206,
    "146": 126458.88963703126,
    "147": 128159.33803491088,
    "148": 162754.80812952056,
    "149": 370170.221151157,
    "150": 382195.58894791745,
    "151": 411407.5704100146,
    "152": 674271.0177020037,
    "153": 113470.92158723371,
    "154": 181816.99833032495,
    "155": 132933.14350534673,
    "156": 336085.22289401706,
    "157": 340529.38793798763,
    "158": 67268.5397613533,
    "159": 313605.0136124706,
    "160": 134966.66320907176,
    "161": 68607.96268288865,
    "162": 180242.9266946492,
    "163": 130133.40211308842,
    "164": 323945.38148313394,
    "165": 268417.0514855962,
    "166": 370200.39480074594,
    "167": 190586.04350308992,
    "168": 110728.89134621937,
    "169": 168107.24946392913,
    "170": 293850.7155264518,
    "171": 157501.84774037031,
    "172": 104342.81945565037,
    "173": 133489.79168416708,
    "174": 166187.5616510465,
    "175": 182026.09833589228,
    "176": 96859.08241847507,
    "177": 144134.52216066374,
    "178": 86139.18093077278,
    "179": 348771.4281266795,
    "180": 140189.60716025592,
    "181": 71313.10887235649,
    "182": 168622.69875095598,
    "183": 225434.1690885385,
    "184": 88525.8065610959,
    "185": 26556.716549281497,
    "186": 146618.94956430214,
    "187": 13185.597143867766,
    "188": 155066.01369570725,
    "189": 298653.57243890036,
    "190": 374233.19832972693,
    "191": 605892.7439378408,
    "192": 66369.29543186101,
    "193": 55440.50097758157,
    "194": 258111.81724796977,
    "195": 99853.88604893835,
    "196": 77618.20539130061,
    "197": 151670.4521482724,
    "198": 381397.97405397706,
    "199": 413660.842978118,
    "200": 51666.18129297571,
    "201": 162615.027408218,
    "202": 242903.46410467647,
    "203": 103809.00607609583,
    "204": 310987.1973822616,
    "205": 211439.9393253131,
    "206": 125960.56549597257,
    "207": 177388.87109803272,
    "208": 47047.83024392919,
    "209": 164758.57567899118,
    "210": 175865.15730947297,
    "211": 62309.123124132915,
    "212": 241613.44038041748,
    "213": 437123.84162490757,
    "214": 174847.79489240295,
    "215": 78322.9339315548,
    "216": 336691.7647892235,
    "217": 216231.74150665657,
    "218": 193964.31272298237,
    "219": 84597.08793506614,
    "220": 111721.66155570644,
    "221": 165239.6568182289,
    "222": 4700.706922940775,
    "223": 178331.16116783704,
    "224": 255157.76985408406,
    "225": 776788.2970665211,
    "226": 345489.73045294924,
    "227": 78996.90307605441,
    "228": 196199.85488144885,
    "229": 224768.8729304548,
    "230": 241937.16805680303,
    "231": 139556.76976777273,
    "232": 159756.89897268597,
    "233": 16737.472108616807,
    "234": 637661.0539501734,
    "235": 21242.471186600094,
    "236": 97569.26684995063,
    "237": 190786.71850089935,
    "238": 177558.45609539706,
    "239": 180897.7809273709,
    "240": 481220.19548349065,
    "241": 477349.1854395838,
    "242": 84947.93364246152,
    "243": 233760.74904324545,
    "244": 45900.048308422454,
    "245": 147772.98594462668,
    "246": 284528.0469063465,
    "247": 98275.17936645364,
    "248": 230247.15020503837,
    "249": 258526.76030611285,
    "250": 31047.514717085898,
    "251": 156505.61743389445,
    "252": 158748.11212190666,
    "253": 385615.4691895159,
    "254": 181456.4961026815,
    "255": 279018.07346654776,
    "256": 138117.65417675226,
    "257": 458923.7046637318,
    "258": 219388.00861064432,
    "259": 437834.9885355435,
    "260": 223400.6446737931,
    "261": 203037.20632783382,
    "262": 170465.7332065633,
    "263": 19430.438249279145,
    "264": 109370.85828098781,
    "265": 111005.13240520057,
    "266": 97252.90566420309,