time,obj
7.39946880000025,450435.65239838423
3670.4356623000003,455481.1176581115
60036.1769573,373355.7292323669
1060.7295405999903,455698.0074876977
13820.702437900007,410224.7758695965
