obj,time,mip_gap
496230.17149577173,0.917488800000001,0.008530309926587869
