obj,time,mip_gap
463413.9367153771,0.8940799000000013,0.0038040406203019585
