obj,time,mip_gap
471855.7736664315,0.9529282000000023,0.0
