obj,time,mip_gap
428538.66096312035,0.9768556000000004,0.017376048340025214
