obj,time,mip_gap
393903.51021141285,0.8363217999999932,2.95542737774673e-16
