obj,time,mip_gap
408168.69295709726,0.8444393999999988,0.0
