obj,time,mip_gap
379900.9424203856,0.8623243000000045,0.04555410999390183
