obj,time,mip_gap
435281.39160562225,0.9285035999999991,0.0
