obj,time,mip_gap
481689.0074411887,0.9438075999999995,0.0
