obj,time,mip_gap
472108.8498964625,0.9685360000000003,0.0
