time,obj
0.1784074999999996,200606.42625837878
0.17902390000000068,177420.7967260719
0.17243099999999956,141011.6172348747
0.17214740000000006,189385.19449926776
0.1727646000000007,191914.44773412353
