time,obj
0.9722032000000027,187780.43181569374
0.34661539999999746,60224.9864651711
0.3443542999999991,74181.84277609657
0.5270484000000017,113001.86950281981
0.343714300000002,39536.47997237656
